-- --------------------------------------------------------
-- Host:                         localhost
-- Server version:               5.7.24 - MySQL Community Server (GPL)
-- Server OS:                    Win32
-- HeidiSQL Version:             10.2.0.5599
-- --------------------------------------------------------

/*!40101 SET @OLD_CHARACTER_SET_CLIENT=@@CHARACTER_SET_CLIENT */;
/*!40101 SET NAMES utf8 */;
/*!50503 SET NAMES utf8mb4 */;
/*!40014 SET @OLD_FOREIGN_KEY_CHECKS=@@FOREIGN_KEY_CHECKS, FOREIGN_KEY_CHECKS=0 */;
/*!40101 SET @OLD_SQL_MODE=@@SQL_MODE, SQL_MODE='NO_AUTO_VALUE_ON_ZERO' */;

-- Dumping structure for table webapp_ci_printing.account_kas
CREATE TABLE IF NOT EXISTS `account_kas` (
  `id_account_kas` varchar(50) NOT NULL,
  `idgol` int(11) NOT NULL,
  `kode` varchar(45) DEFAULT NULL,
  `nm_account` varchar(45) DEFAULT NULL,
  `ket` varchar(255) DEFAULT NULL,
  `st_fix` tinyint(1) DEFAULT '0' COMMENT '1 = tidak boleh dihapus\n0 = boleh dihapus',
  `created_on` datetime DEFAULT NULL,
  `created_by` int(11) DEFAULT NULL,
  `deleted` tinyint(1) DEFAULT '0',
  `deleted_by` int(11) DEFAULT NULL,
  PRIMARY KEY (`id_account_kas`),
  KEY `golongan_idx` (`idgol`)
) ENGINE=InnoDB DEFAULT CHARSET=utf8;

-- Dumping data for table webapp_ci_printing.account_kas: ~16 rows (approximately)
/*!40000 ALTER TABLE `account_kas` DISABLE KEYS */;
INSERT INTO `account_kas` (`id_account_kas`, `idgol`, `kode`, `nm_account`, `ket`, `st_fix`, `created_on`, `created_by`, `deleted`, `deleted_by`) VALUES
	('1', 1, '06', 'Saldo Kasir', '', 1, '2016-07-03 16:06:41', NULL, 0, NULL),
	('10', 1, '10', 'Saldo', 'Saldo semua', 1, NULL, NULL, 0, NULL),
	('11', 1, '11', 'Prive', 'Pengambilan Uang Kantor', 1, NULL, NULL, 0, NULL),
	('12', 2, '12', 'Pendapatan Lain - Lain', 'Pendapatan didapat dari sumber yang lain', 1, NULL, NULL, 0, NULL),
	('13', 3, '13', 'Biaya Lain - lain', 'Beban biaya lain - lain', 1, NULL, NULL, 0, NULL),
	('14', 1, '14', 'Kasbon Karyawan', 'Kasbon Karyawan ', 1, NULL, NULL, 0, NULL),
	('15', 3, '15', 'Selisih Pelunasan Pembelian', 'Selisih pelunasan yang dianggap lunas', 1, '2018-02-18 06:47:30', NULL, 0, NULL),
	('16', 3, '16', 'Selisih Pelunasan Penjualan', 'Selisih pelunasan yang dianggap lunas', 1, '2018-02-18 06:47:30', NULL, 0, NULL),
	('2', 2, '04', 'Penjualan', '', 1, '2016-07-03 16:05:14', NULL, 0, NULL),
	('3', 1, '07', 'Pembelian Bahan Baku', 'Kas keluar untuk pembelian bahan baku produksi', 1, '2016-07-03 16:07:27', NULL, 0, NULL),
	('4', 6, '02', 'Piutang Dagang', 'piutang', 1, '2016-07-03 12:52:31', NULL, 0, NULL),
	('5', 3, '08', 'Biaya Gaji Karyawan', 'Biaya gaji karyawan', 1, '2016-07-03 16:09:00', NULL, 0, NULL),
	('6', 7, '03', 'Hutang', '', 1, '2016-07-03 16:04:22', NULL, 0, NULL),
	('7', 1, '05', 'Kembalian', '', 1, '2016-07-03 16:06:17', NULL, 0, NULL),
	('8', 1, '01', 'Kas', 'Account Kas', 1, '2016-07-03 12:21:49', NULL, 0, NULL),
	('9', 2, '09', 'Pendapatan Registrasi', 'Pendapatan dari registrasi member', 1, NULL, NULL, 0, NULL);
/*!40000 ALTER TABLE `account_kas` ENABLE KEYS */;

-- Dumping structure for table webapp_ci_printing.alurkas
CREATE TABLE IF NOT EXISTS `alurkas` (
  `idalurkas` varchar(50) NOT NULL,
  `waktu` timestamp NULL DEFAULT NULL,
  `id_cabang` int(11) DEFAULT NULL,
  `id_account_kas` varchar(50) DEFAULT NULL,
  `status` int(11) DEFAULT '1' COMMENT '0 = keluar\n1 = masuk',
  `model_transaksi` tinyint(1) NOT NULL DEFAULT '0' COMMENT '0= tunai 1= via bank',
  `id_bank` tinyint(1) DEFAULT NULL,
  `ket` text,
  `total` double DEFAULT NULL,
  `created_on` datetime DEFAULT NULL,
  `created_by` bigint(20) DEFAULT NULL,
  `deleted` tinyint(1) DEFAULT '0',
  `deleted_by` bigint(20) DEFAULT NULL,
  PRIMARY KEY (`idalurkas`),
  KEY `account_idx` (`id_account_kas`)
) ENGINE=InnoDB DEFAULT CHARSET=utf8 COMMENT='Kurang field\nacuan delete ID, deleted, deleted_by';

-- Dumping data for table webapp_ci_printing.alurkas: ~2 rows (approximately)
/*!40000 ALTER TABLE `alurkas` DISABLE KEYS */;
INSERT INTO `alurkas` (`idalurkas`, `waktu`, `id_cabang`, `id_account_kas`, `status`, `model_transaksi`, `id_bank`, `ket`, `total`, `created_on`, `created_by`, `deleted`, `deleted_by`) VALUES
	('2019V0N7J0EX1095TJ60V883W5U', '2019-07-01 02:56:08', NULL, '1', 1, 0, NULL, 'Saldo Awal', 1000000, '2019-07-01 09:56:08', 1, 0, NULL),
	('YIK20IW19070M109B56E08M23I6', '2019-07-01 02:56:08', NULL, '2', 1, 0, NULL, 'Pelunasan transaksi revisi untuk transaksi : VLB/2019/07/01-00002', 0, '2019-07-01 09:56:08', 1, 0, NULL);
/*!40000 ALTER TABLE `alurkas` ENABLE KEYS */;

-- Dumping structure for table webapp_ci_printing.alur_stok
CREATE TABLE IF NOT EXISTS `alur_stok` (
  `id_alur_stok` varchar(50) NOT NULL,
  `id_gudang` int(11) DEFAULT NULL,
  `id_barang` varchar(50) DEFAULT NULL,
  `qty` float DEFAULT NULL,
  `hpp` float DEFAULT NULL,
  `st_alur` tinyint(1) DEFAULT NULL COMMENT '0 = Stok Keluar\n1 = Stok Masuk',
  `saldo` float DEFAULT '0',
  `ket` varchar(255) DEFAULT NULL,
  `tgl_tran` date DEFAULT NULL COMMENT 'Tanggal Transaksi',
  `order` int(11) DEFAULT '0',
  `created_on` datetime DEFAULT NULL,
  `created_by` bigint(20) DEFAULT NULL,
  `deleted` tinyint(1) DEFAULT '0',
  `deleted_by` bigint(20) DEFAULT NULL,
  PRIMARY KEY (`id_alur_stok`)
) ENGINE=InnoDB DEFAULT CHARSET=latin1;

-- Dumping data for table webapp_ci_printing.alur_stok: ~0 rows (approximately)
/*!40000 ALTER TABLE `alur_stok` DISABLE KEYS */;
INSERT INTO `alur_stok` (`id_alur_stok`, `id_gudang`, `id_barang`, `qty`, `hpp`, `st_alur`, `saldo`, `ket`, `tgl_tran`, `order`, `created_on`, `created_by`, `deleted`, `deleted_by`) VALUES
	('AS20M2Q1I011Z6215V929710', 1, 'BB20180730104901A482', 10, 0, 1, 10, 'Kedatangan Barang dari supplier "dekky" dengan kode faktur: 125478', '2021-01-17', 1, '2021-01-16 21:59:29', 1, 0, NULL);
/*!40000 ALTER TABLE `alur_stok` ENABLE KEYS */;

-- Dumping structure for table webapp_ci_printing.app_delete_order
CREATE TABLE IF NOT EXISTS `app_delete_order` (
  `id_app_delete_order` varchar(100) NOT NULL,
  `id_order` varchar(50) NOT NULL,
  `st_acc` tinyint(1) DEFAULT '0' COMMENT '0 = tidak boleh didelete\n1 = boleh didelete',
  `created_on` datetime DEFAULT NULL,
  `created_by` int(11) DEFAULT NULL,
  `modified_on` datetime DEFAULT NULL,
  `modified_by` int(11) DEFAULT NULL,
  `deleted` tinyint(4) DEFAULT '0',
  `deleted_by` int(11) DEFAULT NULL,
  PRIMARY KEY (`id_app_delete_order`)
) ENGINE=InnoDB DEFAULT CHARSET=latin1;

-- Dumping data for table webapp_ci_printing.app_delete_order: ~0 rows (approximately)
/*!40000 ALTER TABLE `app_delete_order` DISABLE KEYS */;
/*!40000 ALTER TABLE `app_delete_order` ENABLE KEYS */;

-- Dumping structure for table webapp_ci_printing.app_po_piutang
CREATE TABLE IF NOT EXISTS `app_po_piutang` (
  `id_app_po_piutang` varchar(100) NOT NULL,
  `id_order` varchar(50) NOT NULL,
  `st_acc` tinyint(1) DEFAULT '0' COMMENT '0 = tidak boleh piutang\n1 = boleh piutang',
  `created_on` datetime DEFAULT NULL,
  `created_by` int(11) DEFAULT NULL,
  `modified_on` datetime DEFAULT NULL,
  `modified_by` int(11) DEFAULT NULL,
  `deleted` tinyint(4) DEFAULT '0',
  `deleted_by` int(11) DEFAULT NULL,
  PRIMARY KEY (`id_app_po_piutang`)
) ENGINE=InnoDB DEFAULT CHARSET=latin1;

-- Dumping data for table webapp_ci_printing.app_po_piutang: ~0 rows (approximately)
/*!40000 ALTER TABLE `app_po_piutang` DISABLE KEYS */;
/*!40000 ALTER TABLE `app_po_piutang` ENABLE KEYS */;

-- Dumping structure for table webapp_ci_printing.app_revisi
CREATE TABLE IF NOT EXISTS `app_revisi` (
  `idapp_revisi` varchar(100) NOT NULL,
  `id_order` varchar(50) DEFAULT NULL,
  `st_acc` tinyint(1) DEFAULT '0' COMMENT '1 = boleh direvisi\n0 = tidak boleh direvisi',
  `tgl_valid` date DEFAULT NULL COMMENT 'tgl dimana Revisi Order Boleh dilakukan.',
  `ket` text,
  `created_on` datetime DEFAULT NULL,
  `created_by` int(11) DEFAULT NULL,
  `deleted` tinyint(4) DEFAULT '0',
  `deleted_by` int(11) DEFAULT NULL,
  PRIMARY KEY (`idapp_revisi`)
) ENGINE=InnoDB DEFAULT CHARSET=latin1;

-- Dumping data for table webapp_ci_printing.app_revisi: ~0 rows (approximately)
/*!40000 ALTER TABLE `app_revisi` DISABLE KEYS */;
INSERT INTO `app_revisi` (`idapp_revisi`, `id_order`, `st_acc`, `tgl_valid`, `ket`, `created_on`, `created_by`, `deleted`, `deleted_by`) VALUES
	('Y2YE0F19K070208542D3A7N26', '2019070A1092JI30X9826', 1, '2019-07-02', 'Diijinkan untuk membuka kembali', '2019-07-02 08:54:23', 1, 0, NULL);
/*!40000 ALTER TABLE `app_revisi` ENABLE KEYS */;

-- Dumping structure for table webapp_ci_printing.bank
CREATE TABLE IF NOT EXISTS `bank` (
  `id_bank` int(11) NOT NULL AUTO_INCREMENT,
  `nama_bank` varchar(100) NOT NULL,
  `nomer_rek` varchar(15) NOT NULL,
  `atas_nama` varchar(50) NOT NULL,
  `keterangan` varchar(225) NOT NULL,
  `st_default` tinyint(1) DEFAULT '0',
  `created_on` datetime NOT NULL,
  `deleted` tinyint(4) NOT NULL,
  PRIMARY KEY (`id_bank`)
) ENGINE=InnoDB AUTO_INCREMENT=3 DEFAULT CHARSET=latin1;

-- Dumping data for table webapp_ci_printing.bank: ~2 rows (approximately)
/*!40000 ALTER TABLE `bank` DISABLE KEYS */;
INSERT INTO `bank` (`id_bank`, `nama_bank`, `nomer_rek`, `atas_nama`, `keterangan`, `st_default`, `created_on`, `deleted`) VALUES
	(1, 'BCA', '0312250908', 'Yonatan susanto', '', 1, '2018-10-30 21:20:27', 0),
	(2, 'BCA', '0312417039', 'Lia wijaya', '', 0, '2018-10-30 21:21:09', 0);
/*!40000 ALTER TABLE `bank` ENABLE KEYS */;

-- Dumping structure for table webapp_ci_printing.barang
CREATE TABLE IF NOT EXISTS `barang` (
  `idbarang_bb` varchar(50) NOT NULL,
  `st_cetak_a3` tinyint(1) DEFAULT '0' COMMENT '1 = Data bahan baku ini merupakan bahan baku cetak / Click Carge.\n0 = Data bahan baku produk biasa.',
  `st_warna` tinyint(1) DEFAULT '0' COMMENT '0 = BW\n1 = CMYK\n\nhanya untuk cetak A3.',
  `st_fix` tinyint(1) DEFAULT '0' COMMENT '1 = tidak boleh dihapus\n0 = boleh dihapus',
  `id_mesin` varchar(100) DEFAULT NULL COMMENT 'mesin devault setting.\n\nKhusus, cetak A3 harus diisi\n',
  `st_pakai_stok` tinyint(1) DEFAULT '1' COMMENT '0 = tidak menggunakan stok\n1 = normal, stok berdasarkan pembelian ',
  `barcode` varchar(100) DEFAULT NULL,
  `idkategori` int(11) DEFAULT NULL,
  `idjenis_bb` bigint(20) DEFAULT NULL,
  `idmerk_bb` bigint(20) DEFAULT NULL,
  `nm_barang` varchar(255) DEFAULT NULL,
  `id_satuan_terkecil` int(11) NOT NULL COMMENT 'satuan terkecil untuk simpan data gudang',
  `ket_barang` text,
  `st_potong_meteran` tinyint(1) DEFAULT '0' COMMENT '0 = dipakai utuh\n1 = dipakai dengan dipotong2. spek harus diisi',
  `panjang_spek` float DEFAULT '0' COMMENT '0 = tidak diisi / bukan barang yang memiliki spek custom',
  `lebar_spek` float DEFAULT '0' COMMENT '0 = tidak diisi / bukan barang yang memiliki spek custom',
  `id_konversi` int(11) NOT NULL,
  `ket_spek` text,
  `st_hpp_manual` tinyint(1) DEFAULT '0' COMMENT '0 = hpp berdasarkan pembelian / barang masuk\n1 = hpp di setting manual',
  `hpp_manual` double DEFAULT NULL,
  `st_barang` tinyint(1) DEFAULT '0' COMMENT '0 = Barang\n1 = Jasa',
  `st_hitung_jasa` tinyint(1) DEFAULT '0' COMMENT '0 = Unit/kali\n1 = Waktu, default hitung menit',
  `created_on` datetime DEFAULT NULL,
  `created_by` bigint(20) DEFAULT NULL,
  `deleted` tinyint(1) DEFAULT '0',
  `deleted_by` bigint(20) DEFAULT NULL,
  PRIMARY KEY (`idbarang_bb`)
) ENGINE=InnoDB DEFAULT CHARSET=latin1 COMMENT='bahan baku ';

-- Dumping data for table webapp_ci_printing.barang: ~107 rows (approximately)
/*!40000 ALTER TABLE `barang` DISABLE KEYS */;
INSERT INTO `barang` (`idbarang_bb`, `st_cetak_a3`, `st_warna`, `st_fix`, `id_mesin`, `st_pakai_stok`, `barcode`, `idkategori`, `idjenis_bb`, `idmerk_bb`, `nm_barang`, `id_satuan_terkecil`, `ket_barang`, `st_potong_meteran`, `panjang_spek`, `lebar_spek`, `id_konversi`, `ket_spek`, `st_hpp_manual`, `hpp_manual`, `st_barang`, `st_hitung_jasa`, `created_on`, `created_by`, `deleted`, `deleted_by`) VALUES
	('1', 1, 1, 1, '20181223S20391ADV39M3CLTD9', 0, '', 1, 1, 1, 'Cetak A3 Warna', 1, 'Cetak A3 Full Collor', 0, 0, 0, 0, '', 1, 4000, 0, 0, NULL, NULL, 0, NULL),
	('2', 1, 0, 1, '20181223S20391ADV39M3CLTD9', 0, '', 1, 1, 1, 'Cetak A3 BW ', 1, 'Cetak A3 Hitam Putih', 0, 0, 0, 0, '', 1, 2000, 0, 0, NULL, NULL, 0, NULL),
	('20L19102104141R4901R', 1, 1, 1, '20H1910UY21041B4KO1488I1', 0, NULL, 1, 1, 1, 'Cetak CMYK-Cetak Warna', 1, '', 0, 0, 0, 0, NULL, 1, 0, 0, 0, '2019-10-21 04:14:14', 1, 0, NULL),
	('BB20180730100759G547', 0, 0, 0, NULL, 1, '12303232310', 1, 1, 1, 'AC 230 ', 1, '-', 0, 0, 0, 0, '', 0, 0, 0, 0, '2018-07-30 10:07:59', 1, 0, NULL),
	('BB20180730100822M498', 0, 0, 0, NULL, 1, '', 1, 1, 1, 'AC 260 ', 1, '-', 0, 0, 0, 0, '', 0, NULL, 0, 0, '2018-07-30 10:08:22', 1, 0, NULL),
	('BB20180730100845V507', 0, 0, 0, NULL, 1, '', 1, 1, 1, 'AP 120 ', 1, '-', 0, 0, 0, 0, '', 0, NULL, 0, 0, '2018-07-30 10:08:45', 1, 0, NULL),
	('BB20180730100908V481', 0, 0, 0, NULL, 1, '', 1, 1, 1, 'AP 150 ', 1, '-', 0, 0, 0, 0, '', 0, NULL, 0, 0, '2018-07-30 10:09:08', 1, 0, NULL),
	('BB20180730100930F545', 0, 0, 0, NULL, 1, '', 1, 1, 1, 'HVS 100gr ', 1, '-', 0, 0, 0, 0, '', 0, NULL, 0, 0, '2018-07-30 10:09:30', 1, 0, NULL),
	('BB20180730100953A484', 0, 0, 0, NULL, 1, '', 1, 1, 1, 'HVS 80gr ', 1, '-', 0, 0, 0, 0, '', 0, NULL, 0, 0, '2018-07-30 10:09:53', 1, 0, NULL),
	('BB20180730101015W458', 0, 0, 0, NULL, 1, '', 1, 1, 1, 'Ivory ', 1, '-', 0, 0, 0, 0, '', 0, NULL, 0, 0, '2018-07-30 10:10:15', 1, 0, NULL),
	('BB20180730101032E467', 0, 0, 0, NULL, 1, '', 1, 1, 1, 'BC Tik ', 1, '-', 0, 0, 0, 0, '', 0, NULL, 0, 0, '2018-07-30 10:10:32', 1, 0, NULL),
	('BB20180730101059U494', 0, 0, 0, NULL, 1, '', 1, 1, 1, 'SC Glossy ', 1, '-', 0, 0, 0, 0, '', 0, NULL, 0, 0, '2018-07-30 10:10:59', 1, 0, NULL),
	('BB20180730101126S462', 0, 0, 0, NULL, 1, '', 1, 1, 1, 'SC HVS ', 1, '-', 0, 0, 0, 0, '', 0, NULL, 0, 0, '2018-07-30 10:11:26', 1, 0, NULL),
	('BB20180730101407Z476', 0, 0, 0, NULL, 1, '', 1, 1, 1, 'SV Glossy ', 1, '-', 0, 0, 0, 0, '', 0, NULL, 0, 0, '2018-07-30 10:14:07', 1, 0, NULL),
	('BB20180730101429X535', 0, 0, 0, NULL, 1, '', 1, 1, 1, 'SV Doff ', 1, '-', 0, 0, 0, 0, '', 0, NULL, 0, 0, '2018-07-30 10:14:29', 1, 0, NULL),
	('BB20180730101525J511', 0, 0, 0, NULL, 1, '', 1, 1, 1, 'SV Transparant ', 1, '-', 0, 0, 0, 0, '', 0, NULL, 0, 0, '2018-07-30 10:15:25', 1, 0, NULL),
	('BB20180730101647Q504', 0, 0, 0, NULL, 1, '', 1, 1, 1, 'Water Decal ', 1, '-', 0, 0, 0, 0, '', 0, NULL, 0, 0, '2018-07-30 10:16:47', 1, 0, NULL),
	('BB20180730102733F551', 0, 0, 0, NULL, 1, '', 1, 1, 1, 'Laminasi GLossy ', 1, '-', 0, 0, 0, 0, '', 0, NULL, 0, 0, '2018-07-30 10:27:33', 1, 0, NULL),
	('BB20180730102816T458', 0, 0, 0, NULL, 1, '', 1, 1, 1, 'Laminasi Doff ', 1, '-', 0, 0, 0, 0, '', 0, NULL, 0, 0, '2018-07-30 10:28:16', 1, 0, NULL),
	('BB20180730103024J483', 0, 0, 0, NULL, 1, '', 2, 1, 1, 'MMT 340 3.20 ', 5, '-', 0, 70, 3.2, 12, '-', 0, 0, 0, 0, '2018-07-30 10:30:24', 1, 0, NULL),
	('BB20180730103126J531', 0, 0, 0, NULL, 1, '', 2, 1, 1, 'MMT 380 3.20 3.20', 5, '-', 1, 70, 3.2, 12, '-', 0, 0, 0, 0, '2018-07-30 10:31:26', 1, 0, NULL),
	('BB20180730103325K539', 0, 0, 0, NULL, 1, '', 2, 1, 1, 'MMT 440 3.20 3.20', 5, '-', 1, 70, 3.2, 12, '-', 0, 0, 0, 0, '2018-07-30 10:33:25', 1, 0, NULL),
	('BB20180730103406B508', 0, 0, 0, NULL, 1, '', 2, 1, 1, 'MMT 280 3.20 3.20', 5, '-', 1, 70, 3.2, 12, '-', 0, 0, 0, 0, '2018-07-30 10:34:06', 1, 0, NULL),
	('BB20180730103557Q531', 0, 0, 0, NULL, 1, '', 3, 1, 1, 'St Camel 1.55 1.55', 5, '-', 1, 50, 1.55, 12, '-', 0, 0, 0, 0, '2018-07-30 10:35:57', 1, 0, NULL),
	('BB20180730103910C552', 0, 0, 0, NULL, 1, '', 3, 1, 1, 'Greybanner 1.55 1.55', 5, '-', 1, 70, 1.55, 12, '-', 0, 0, 0, 0, '2018-07-30 10:39:10', 1, 0, NULL),
	('BB20180730104020T454', 0, 0, 0, NULL, 1, '', 3, 1, 1, 'Oscar 1.30 1.30', 5, '-', 1, 70, 1.3, 12, '-', 0, 0, 0, 0, '2018-07-30 10:40:20', 1, 0, NULL),
	('BB20180730104115M488', 0, 0, 0, NULL, 1, '', 3, 1, 1, 'St Ritrama 1.55 1.55', 5, '-', 1, 70, 1.55, 12, '-', 0, 0, 0, 0, '2018-07-30 10:41:15', 1, 0, NULL),
	('BB20180730104312A519', 0, 0, 0, NULL, 1, '', 3, 1, 1, 'Oscar Premium 1.30 1.30 1.30', 5, '-', 1, 50, 1.3, 12, '-', 0, 0, 0, 0, '2018-07-30 10:43:12', 1, 0, NULL),
	('BB20180730104654O523', 0, 0, 0, NULL, 1, '', 1, 1, 1, 'Box KN ', 1, '-', 0, 0, 0, 0, '', 0, 0, 0, 0, '2018-07-30 10:46:54', 1, 0, NULL),
	('BB20180730104755X551', 0, 0, 0, NULL, 1, '', 2, 1, 1, 'Y Banner ', 1, '-', 0, 0, 0, 0, '', 0, NULL, 0, 0, '2018-07-30 10:47:55', 1, 0, NULL),
	('BB20180730104832R486', 0, 0, 0, NULL, 1, '', 2, 1, 1, 'Roll Up ', 1, '-', 0, 0, 0, 0, '', 0, NULL, 0, 0, '2018-07-30 10:48:32', 1, 0, NULL),
	('BB20180730104901A482', 0, 0, 0, NULL, 1, '', 3, 1, 1, 'Albatros 1.25 1.25 1.25', 5, '-', 1, 50, 1.25, 12, '-', 0, 0, 0, 0, '2018-07-30 10:49:01', 1, 0, NULL),
	('BB20180730105019C486', 0, 0, 0, NULL, 1, '', 3, 1, 1, 'Luster 1.25 1.25 1.25', 5, '-', 1, 50, 1.25, 12, '-', 0, 0, 0, 0, '2018-07-30 10:50:19', 1, 0, NULL),
	('BB20180730110246H470', 0, 0, 0, NULL, 1, '', 3, 1, 1, 'Photo Paper 1.20 1.20', 5, '-', 1, 70, 1.2, 12, '-', 0, 0, 0, 0, '2018-07-30 11:02:46', 1, 0, NULL),
	('BB20180730110322Z478', 0, 0, 0, NULL, 1, '', 3, 1, 1, 'Jerko 1.20 1.20', 5, '-', 1, 70, 1.2, 12, '-', 0, 0, 0, 0, '2018-07-30 11:03:22', 1, 0, NULL),
	('BB20180730110410X527', 0, 0, 0, NULL, 1, '', 3, 1, 1, 'One Way 1.55 1.55', 5, '-', 1, 70, 1.55, 12, '-', 0, 0, 0, 0, '2018-07-30 11:04:10', 1, 0, NULL),
	('BB20180730110520T498', 0, 0, 0, NULL, 1, '', 3, 1, 1, 'Schotlite 0.60 0.60', 5, '-', 1, 50, 0.6, 12, '-', 0, 0, 0, 0, '2018-07-30 11:05:20', 1, 0, NULL),
	('BB20180730110735A476', 0, 0, 0, NULL, 1, '', 3, 1, 1, 'Poliflex 0.46 0.46', 5, '-', 1, 50, 0.46, 12, '-', 0, 0, 0, 0, '2018-07-30 11:07:35', 1, 0, NULL),
	('BB20180730110841A539', 0, 0, 0, NULL, 1, '', 5, 1, 1, 'Box KN ', 1, '-', 0, 0, 0, 0, '', 0, NULL, 0, 0, '2018-07-30 11:08:41', 1, 0, NULL),
	('BB20180730110914S478', 0, 0, 0, NULL, 1, '', 5, 1, 1, 'Y Banner ', 1, '-', 0, 0, 0, 0, '', 0, NULL, 0, 0, '2018-07-30 11:09:14', 1, 0, NULL),
	('BB20180730110939R502', 0, 0, 0, NULL, 1, '', 5, 1, 1, 'Roll Up ', 1, '-', 0, 0, 0, 0, '', 0, NULL, 0, 0, '2018-07-30 11:09:39', 1, 0, NULL),
	('BB20180730142348F519', 0, 0, 0, NULL, 1, '', 3, 1, 1, 'St Camel 1.25 1.25', 5, '-', 1, 50, 1.25, 12, '-', 0, 0, 0, 0, '2018-07-30 14:23:48', 1, 0, NULL),
	('BB20180730142506Z540', 0, 0, 0, NULL, 1, '', 3, 1, 1, 'St Camel 1.00 1.00', 5, '-', 1, 50, 1, 12, '-', 0, 0, 0, 0, '2018-07-30 14:25:06', 1, 0, NULL),
	('BB20180730142542E497', 0, 0, 0, NULL, 1, '', 3, 1, 1, 'St Ritrama 1.00 1.00', 5, '-', 1, 50, 1, 12, '-', 0, 0, 0, 0, '2018-07-30 14:25:42', 1, 0, NULL),
	('BB20180730142650K531', 0, 0, 0, NULL, 1, '', 3, 1, 1, 'St Ritrama 1.25 1.25', 5, '-', 1, 50, 1.25, 12, '-', 0, 0, 0, 0, '2018-07-30 14:26:50', 1, 0, NULL),
	('BB20180730143017W506', 0, 0, 0, NULL, 1, '', 1, 1, 1, 'Laminasi GLossy 0.32 0.32', 5, '-', 1, 100, 0.32, 12, '-', 0, 0, 0, 0, '2018-07-30 14:30:17', 1, 0, NULL),
	('BB20180730143114U478', 0, 0, 0, NULL, 1, '', 1, 1, 1, 'Laminasi Doff 0.32 0.32', 5, '-', 1, 100, 0.32, 12, '-', 0, 0, 0, 0, '2018-07-30 14:31:14', 1, 0, NULL),
	('BB20180731171850C520', 0, 0, 0, NULL, 1, '', 1, 1, 1, 'SV Tafeta ', 1, '-', 0, 0, 0, 0, '', 0, NULL, 0, 0, '2018-07-31 17:18:50', 1, 0, NULL),
	('BB20180731171908Z495', 0, 0, 0, NULL, 1, '', 1, 1, 1, 'SV Gold ', 1, '-', 0, 0, 0, 0, '', 0, NULL, 0, 0, '2018-07-31 17:19:08', 1, 0, NULL),
	('BB20180731171923R534', 0, 0, 0, NULL, 1, '', 1, 1, 1, 'SV Silver ', 1, '-', 0, 0, 0, 0, '', 0, NULL, 0, 0, '2018-07-31 17:19:23', 1, 0, NULL),
	('BB20180802140201J549', 0, 0, 0, NULL, 1, '', 2, 1, 1, 'Ring Mata Ayam ', 1, '-', 0, 0, 0, 0, '', 0, NULL, 0, 0, '2018-08-02 14:02:01', 1, 0, NULL),
	('BB20180802140805O489', 0, 0, 0, NULL, 1, '', 1, 1, 1, 'Spiral ', 1, '-', 0, 0, 0, 0, '', 0, NULL, 0, 0, '2018-08-02 14:08:05', 1, 0, NULL),
	('BB20181102102827I1464GI', 0, 0, 0, NULL, 1, '', 3, 1, 1, 'Imitasi 01.3.00 1.30', 5, '-', 1, 50, 1.3, 12, '', 0, 0, 0, 0, '2018-11-02 10:28:27', 1, 0, NULL),
	('BB201811I28104E247110E0T', 0, 0, 0, NULL, 1, '', 1, 1, 1, 'Kalender Panjang Promo Isi 3 ', 1, '-', 0, 0, 0, 0, '', 0, NULL, 0, 0, '2018-11-28 10:42:47', 1, 1, 1),
	('BB2018123118G082V81026', 0, 0, 0, NULL, 1, '', 1, 1, 1, 'Toner INK Magenta ', 2, '-', 0, 0, 0, 0, '', 0, NULL, 0, 0, '2018-12-31 18:08:28', 1, 0, NULL),
	('BB201812M31N1806441355', 0, 0, 0, NULL, 1, '', 3, 1, 1, 'Tinta Indoor Yellow ', 3, '-', 0, 0, 0, 0, '', 0, NULL, 0, 0, '2018-12-31 18:06:44', 1, 0, NULL),
	('BB20181LU2V29Q1D12Z340798', 0, 0, 0, NULL, 1, '', 1, 1, 1, 'Print Saja ', 1, '-', 0, 0, 0, 0, '', 0, NULL, 0, 0, '2018-12-29 11:23:40', 1, 0, NULL),
	('BB20181V2311808021420P', 0, 0, 0, NULL, 1, '', 1, 1, 1, 'Toner INK Cyan ', 2, '-', 0, 0, 0, 0, '', 0, NULL, 0, 0, '2018-12-31 18:08:02', 1, 0, NULL),
	('BB2018FU1231VP1809381490', 0, 0, 0, NULL, 1, '', 1, 1, 1, 'Toner KM Black ', 2, '-', 0, 0, 0, 0, '', 0, NULL, 0, 0, '2018-12-31 18:09:38', 1, 0, NULL),
	('BB2018I092QT416X00411D345', 0, 0, 0, NULL, 1, '', 2, 1, 1, 'Tinta Outdoor Black ', 3, '-', 0, 0, 0, 0, '', 0, NULL, 0, 0, '2018-09-24 16:00:41', 1, 0, NULL),
	('BB2018QY092T4E15592C280MCXZ0', 0, 0, 0, NULL, 1, '', 2, 1, 1, 'Tinta Outdoor Cyan ', 3, '-', 0, 0, 0, 0, '', 0, NULL, 0, 0, '2018-09-24 15:59:22', 1, 0, NULL),
	('BB2018U112407080610G99', 0, 0, 0, NULL, 1, '', 3, 1, 1, 'ONE WAY 1.25 1.25', 5, '-', 1, 50, 1.25, 12, '-', 0, 0, 0, 0, '2018-11-24 07:08:06', 1, 0, NULL),
	('BB201901051B0372C7783', 0, 0, 0, NULL, 1, '', 3, 1, 1, 'D300 ', 6, '-', 0, 0, 0, 0, '', 0, NULL, 0, 0, '2019-01-05 10:37:27', 1, 0, NULL),
	('BB20190112X16M0039Q1J546', 0, 0, 0, NULL, 1, '', 3, 1, 1, 'ST Ritrama Matte/Doff 1.25', 5, '-', 1, 0.1, 1.25, 12, '-', 0, 0, 0, 0, '2019-01-12 16:00:39', 1, 0, NULL),
	('BB2019021Z6N1R009HR19M978', 0, 0, 0, NULL, 1, '', 6, 1, 1, 'ID CARD PREMIUM ', 1, '-', 0, 0, 0, 0, '', 0, NULL, 0, 0, '2019-02-16 10:09:19', 1, 0, NULL),
	('BB2019022014244T7101I4', 0, 0, 0, NULL, 1, '', 6, 1, 1, 'PIN 5.5 Doff ', 1, '-', 0, 0, 0, 0, '', 0, NULL, 0, 0, '2019-02-20 14:24:47', 1, 0, NULL),
	('BB201902PN2G2170809879CB', 0, 0, 0, NULL, 1, '', 6, 1, 1, 'Amplop Coklat 22X11 ', 1, '-', 0, 0, 0, 0, '', 0, NULL, 0, 0, '2019-02-22 17:08:09', 1, 0, NULL),
	('BB201902S20W142N4X29608', 0, 0, 0, NULL, 1, '', 6, 1, 1, 'PIN 5.5 Glossy ', 1, '-', 0, 0, 0, 0, '', 0, NULL, 0, 0, '2019-02-20 14:24:29', 1, 0, NULL),
	('BB20190Q21610112CR049E2', 0, 0, 0, NULL, 1, '', 6, 1, 1, 'Y banner ', 1, '-', 0, 0, 0, 0, '', 0, NULL, 0, 0, '2019-02-16 10:11:20', 1, 0, NULL),
	('BB2019B02OAP251535TF4495R4', 0, 0, 0, NULL, 1, '', 6, 1, 1, 'Tinta Advance Black ', 1, '-', 0, 0, 0, 0, '', 0, NULL, 0, 0, '2019-02-25 15:35:44', 1, 0, NULL),
	('BB2019B0CGP11611EA2X2F2EI6841', 0, 0, 0, NULL, 1, '', 3, 1, 1, 'Kordura 90.00 ', 5, '-', 0, 10, 90, 11, '-', 0, 0, 0, 0, '2019-01-16 11:22:26', 1, 0, NULL),
	('BB2019X0222ZAJ19O11I21974M', 0, 0, 0, NULL, 1, '', 6, 1, 1, 'ID Card Standar 2 Muka ', 1, '-', 0, 0, 0, 0, '', 0, NULL, 0, 0, '2019-02-22 19:11:21', 1, 0, NULL),
	('BB201H81K12I81042FZX1070ZL4J', 0, 0, 0, NULL, 1, '', 1, 1, 1, 'AP150 panjang ', 1, '-', 0, 0, 0, 0, '', 0, NULL, 0, 0, '2018-11-28 10:42:10', 1, 0, NULL),
	('BB201O8Y1N23S1R1O8074V5994', 0, 0, 0, NULL, 1, '', 1, 1, 1, 'Toner INK Black ', 2, '-', 0, 0, 0, 0, '', 0, NULL, 0, 0, '2018-12-31 18:07:45', 1, 0, NULL),
	('BB201OQ90225ZS1K53355609XD', 0, 0, 0, NULL, 1, '', 6, 1, 1, 'Tinta Advance Cyan ', 1, '-', 0, 0, 0, 0, '', 0, NULL, 0, 0, '2019-02-25 15:33:55', 1, 0, NULL),
	('BB201WA902161010021087', 0, 0, 0, NULL, 1, '', 6, 1, 1, 'Kertas Foto 230gr ', 1, '-', 0, 0, 0, 0, '', 0, NULL, 0, 0, '2019-02-16 10:10:02', 1, 0, NULL),
	('BB20A1812H07WZ09PC2405M13D95', 0, 0, 0, NULL, 1, '', 3, 1, 1, 'Poliflek 1.00 1.00', 5, '-', 1, 1, 1, 11, '-', 0, 0, 0, 0, '2018-12-07 09:24:05', 1, 0, NULL),
	('BB20H19SY0Z1021I0I3553M10E51', 0, 0, 0, NULL, 1, '', 2, 1, 1, 'Solvent ', 3, '-', 0, 0, 0, 0, '', 0, NULL, 0, 0, '2019-01-02 10:35:53', 1, 0, NULL),
	('BB20N18NSX123O118101Q661YB7G', 0, 0, 0, NULL, 1, '', 1, 1, 1, 'Toner KM Magenta ', 2, '-', 0, 0, 0, 0, '', 0, NULL, 0, 0, '2018-12-31 18:10:16', 1, 0, NULL),
	('BB20NW2111J121055PS18Z1XLF084', 0, 0, 0, NULL, 1, '12202320', 1, 2, 1, 'Kertas Kartu 10.00', 2, '-', 1, 10, 10, 11, '-', 0, NULL, 0, 0, '2021-11-12 10:55:18', 1, 0, NULL),
	('BB20O19D02221647RSA301Q009', 0, 0, 0, NULL, 1, '', 6, 1, 1, 'Nota  Rangkap 3 1 warna ', 1, '-', 0, 0, 0, 0, '', 0, NULL, 0, 0, '2019-02-22 16:47:30', 1, 0, NULL),
	('BB2A019N0225153510986', 0, 0, 0, NULL, 1, '', 6, 1, 1, 'Tinta Advance Yellow ', 1, '-', 0, 0, 0, 0, '', 0, NULL, 0, 0, '2019-02-25 15:35:10', 1, 0, NULL),
	('BB2C018123118095693M6', 0, 0, 0, NULL, 1, '', 1, 1, 1, 'Toner KM Cyan ', 2, '-', 0, 0, 0, 0, '', 0, NULL, 0, 0, '2018-12-31 18:09:56', 1, 0, NULL),
	('BB2C019022014M234M710M33HHJ', 0, 0, 0, NULL, 1, '', 6, 1, 1, 'PIN 4.4 GLossy ', 1, '-', 0, 0, 0, 0, '', 0, NULL, 0, 0, '2019-02-20 14:23:47', 1, 0, NULL),
	('BB2C0O1C902D16V1011PN079IZ56K', 0, 0, 0, NULL, 1, '', 6, 1, 1, 'Y banner ', 1, '-', 0, 0, 0, 0, '', 0, NULL, 0, 0, '2019-02-16 10:11:07', 1, 0, NULL),
	('BB2DFNBH01812311P8085271YW1', 0, 0, 0, NULL, 1, '', 1, 1, 1, 'Toner INK Yellow ', 2, '-', 0, 0, 0, 0, '', 0, NULL, 0, 0, '2018-12-31 18:08:52', 1, 0, NULL),
	('BB2E01A809H2MAL4TU1600211429', 0, 0, 0, NULL, 1, '', 2, 1, 1, 'Tinta Outdoor Yellow ', 3, '-', 0, 0, 0, 0, '', 0, NULL, 0, 0, '2018-09-24 16:00:21', 1, 0, NULL),
	('BB2E01UG90S2QKK1610112D0X1231T', 0, 0, 0, NULL, 1, '', 6, 1, 1, 'MUG ', 1, '-', 0, 0, 0, 0, '', 0, NULL, 0, 0, '2019-02-16 10:11:20', 1, 0, NULL),
	('BB2G0L19031315W322276Z2Z', 0, 0, 0, NULL, 1, '', 3, 1, 1, 'Satin ', 5, '-', 0, 0, 0, 0, '', 0, NULL, 0, 0, '2019-03-13 15:32:22', 1, 0, NULL),
	('BB2N0181NV2O311X8061PD3114FR6', 0, 0, 0, NULL, 1, '', 3, 1, 1, 'Tinta Indoor Cyan ', 3, '-', 0, 0, 0, 0, '', 0, NULL, 0, 0, '2018-12-31 18:06:13', 1, 0, NULL),
	('BB2P01902X16X1L01OY137653', 0, 0, 0, NULL, 1, '', 6, 1, 1, 'PIN 4.4 ', 1, '-', 0, 0, 0, 0, '', 0, NULL, 0, 0, '2019-02-16 10:11:37', 1, 0, NULL),
	('BB2P01CC90P2H2E515343R41F3H88', 0, 0, 0, NULL, 1, '', 6, 1, 1, 'Tinta Advance Magenta ', 1, '-', 0, 0, 0, 0, '', 0, NULL, 0, 0, '2019-02-25 15:34:34', 1, 0, NULL),
	('BB2UG0WD19030509HNG41H358W43', 0, 0, 0, NULL, 1, '', 6, 1, 1, 'Kertas Foto 210gr ', 1, '-', 0, 0, 0, 0, '', 0, NULL, 0, 0, '2019-03-05 09:41:35', 1, 0, NULL),
	('BB2W01C90WR222I1V6MH5W4506B04', 0, 0, 0, NULL, 1, '', 6, 1, 1, 'Amplop Putih 22X11 ', 1, '-', 0, 0, 0, 0, '', 0, NULL, 0, 0, '2019-02-22 16:54:50', 1, 0, NULL),
	('BBF2019B0220142D403CA5J07', 0, 0, 0, NULL, 1, '', 6, 1, 1, 'PIN 4.4 DOff ', 1, '-', 0, 0, 0, 0, '', 0, NULL, 0, 0, '2019-02-20 14:24:03', 1, 0, NULL),
	('BBG2J018092H4A15UO59586Y28', 0, 0, 0, NULL, 1, '', 2, 1, 1, 'Tinta Outdoor Magenta ', 3, '-', 0, 0, 0, 0, '', 0, NULL, 0, 0, '2018-09-24 15:59:58', 1, 0, NULL),
	('BBH20181I02V91403N321214', 0, 0, 0, NULL, 1, '', 1, 1, 1, 'PVC ', 1, 'ID card', 0, 0, 0, 0, '', 0, NULL, 0, 0, '2018-10-29 14:03:32', 1, 0, NULL),
	('BBH20211VAO111F062311X158K', 0, 0, 0, NULL, 1, '11111', 7, 2, 1, 'Kertas Kartu ', 7, 'KARDUS MENTAH', 0, 0, 0, 0, '', 0, NULL, 0, 0, '2021-11-11 06:23:11', 1, 0, NULL),
	('BBJ202111S1F1C06133094S2', 0, 0, 0, NULL, 1, '11211', 1, 1, 1, 'Kertas Kartu ', 2, 'Barang coba', 0, 0, 0, 0, '', 0, NULL, 0, 0, '2021-11-11 06:13:30', 1, 0, NULL),
	('BBJD20N1KN812311810ET3V763X3F', 0, 0, 0, NULL, 1, '', 1, 1, 1, 'Toner KM Yellow ', 2, '-', 0, 0, 0, 0, '', 0, NULL, 0, 0, '2018-12-31 18:10:37', 1, 0, NULL),
	('BBL2019022W21CW647071049C', 0, 0, 0, NULL, 1, '', 6, 1, 1, 'Nota Rangkap 2 1 warna ', 1, '-', 0, 0, 0, 0, '', 0, NULL, 0, 0, '2019-02-22 16:47:07', 1, 0, NULL),
	('BBL201902BH1K61I01T2S121UO068', 0, 0, 0, NULL, 1, '', 6, 1, 1, 'PIN 5.5 ', 1, '-', 0, 0, 0, 0, '', 0, NULL, 0, 0, '2019-02-16 10:12:12', 1, 0, NULL),
	('BBO201G90H2161E0104J01232X', 0, 0, 0, NULL, 1, '', 6, 1, 1, 'ID Card Standar ', 1, '-', 0, 0, 0, 0, '', 0, NULL, 0, 0, '2019-02-16 10:10:40', 1, 0, NULL),
	('BBP201812G311W8054HJ6118U6F', 0, 0, 0, NULL, 1, '', 3, 1, 1, 'Tinta Indoor Black ', 3, '-', 0, 0, 0, 0, '', 0, NULL, 0, 0, '2018-12-31 18:05:46', 1, 0, NULL),
	('BBR2K0M18102914GL0311O934', 0, 0, 0, NULL, 1, '', 1, 1, 1, 'Foto ', 1, 'Kertas Foto', 0, 0, 0, 0, '', 0, NULL, 0, 0, '2018-10-29 14:03:11', 1, 0, NULL),
	('BBRC2019030610565M81225', 0, 0, 0, NULL, 1, '', 3, 1, 1, 'St Ritrama Doff/Matte 1.00', 5, '-', 1, 50, 1, 12, '-', 0, NULL, 0, 0, '2019-03-06 10:56:58', 1, 0, NULL),
	('BBUJ20K18V1Z2J3118062Q8125U8Y', 0, 0, 0, NULL, 1, '', 3, 1, 1, 'Tinta Indoor Magenta ', 3, '-', 0, 0, 0, 0, '', 0, NULL, 0, 0, '2018-12-31 18:06:28', 1, 0, NULL),
	('BBW20K1901JB121602261Q043M', 0, 0, 0, NULL, 1, '', 3, 1, 1, 'ST Ritrama Matte/Doff 1.50', 5, '-', 1, 0.1, 1.5, 12, '-', 0, NULL, 0, 0, '2019-01-12 16:02:26', 1, 0, NULL),
	('BBZ20D190NHV22D219103L912Q3P7', 0, 0, 0, NULL, 1, '', 6, 1, 1, 'ID CARD PREMIUM 2 Muka ', 1, '-', 0, 0, 0, 0, '', 0, NULL, 0, 0, '2019-02-22 19:10:39', 1, 0, NULL),
	('XF2019BXM10O2104CO14141228', 1, 0, 1, '20H1910UY21041B4KO1488I1', 0, NULL, 1, 1, 1, 'Cetak BW-Cetak Warna', 1, '', 0, 0, 0, 0, NULL, 1, 0, 0, 0, '2019-10-21 04:14:14', 1, 0, NULL);
/*!40000 ALTER TABLE `barang` ENABLE KEYS */;

-- Dumping structure for table webapp_ci_printing.barang_bb
CREATE TABLE IF NOT EXISTS `barang_bb` (
  `idbarang_bb` varchar(50) NOT NULL,
  `barcode` varchar(100) DEFAULT NULL,
  `idkategori` int(11) DEFAULT NULL,
  `idjenis_bb` bigint(20) DEFAULT NULL,
  `idmerk_bb` bigint(20) DEFAULT NULL,
  `nm_barang` varchar(255) DEFAULT NULL,
  `id_satuan_terkecil` int(11) NOT NULL COMMENT 'satuan terkecil untuk simpan data gudang',
  `ket_barang` text,
  `st_potong_meteran` tinyint(1) DEFAULT '0' COMMENT '0 = dipakai utuh\n1 = dipakai dengan dipotong2. spek harus diisi',
  `panjang_spek` int(11) DEFAULT '0' COMMENT '0 = tidak diisi / bukan barang yang memiliki spek custom',
  `lebar_spek` int(11) DEFAULT '0' COMMENT '0 = tidak diisi / bukan barang yang memiliki spek custom',
  `id_konversi` int(11) NOT NULL,
  `ket_spek` text,
  `created_on` datetime DEFAULT NULL,
  `created_by` bigint(20) DEFAULT NULL,
  `deleted` tinyint(1) DEFAULT '0',
  `deleted_by` bigint(20) DEFAULT NULL,
  PRIMARY KEY (`idbarang_bb`)
) ENGINE=InnoDB DEFAULT CHARSET=latin1 COMMENT='bahan baku ';

-- Dumping data for table webapp_ci_printing.barang_bb: ~0 rows (approximately)
/*!40000 ALTER TABLE `barang_bb` DISABLE KEYS */;
/*!40000 ALTER TABLE `barang_bb` ENABLE KEYS */;

-- Dumping structure for table webapp_ci_printing.barang_keluar
CREATE TABLE IF NOT EXISTS `barang_keluar` (
  `no_faktur` varchar(50) NOT NULL,
  `id_gudang` int(11) DEFAULT NULL COMMENT 'Gudang pembuat barang keluar',
  `tgl_keluar` date DEFAULT NULL,
  `gtotal` double DEFAULT NULL,
  `no_req` varchar(50) DEFAULT NULL,
  `id_gudang_tujuan` int(11) DEFAULT NULL,
  `ket` varchar(255) DEFAULT NULL,
  `created_on` datetime DEFAULT NULL,
  `created_by` bigint(20) DEFAULT NULL,
  `deleted` tinyint(1) DEFAULT '0',
  `deleted_by` bigint(20) DEFAULT NULL,
  PRIMARY KEY (`no_faktur`)
) ENGINE=InnoDB DEFAULT CHARSET=utf8;

-- Dumping data for table webapp_ci_printing.barang_keluar: ~0 rows (approximately)
/*!40000 ALTER TABLE `barang_keluar` DISABLE KEYS */;
/*!40000 ALTER TABLE `barang_keluar` ENABLE KEYS */;

-- Dumping structure for table webapp_ci_printing.barang_keluar_detail
CREATE TABLE IF NOT EXISTS `barang_keluar_detail` (
  `id_detail_barang_keluar` varchar(50) NOT NULL,
  `no_faktur` varchar(50) DEFAULT NULL,
  `id_barang` varchar(50) DEFAULT NULL,
  `qty` float DEFAULT NULL,
  `id_konversi` bigint(20) DEFAULT NULL,
  `sub_total` double DEFAULT NULL,
  PRIMARY KEY (`id_detail_barang_keluar`)
) ENGINE=InnoDB DEFAULT CHARSET=utf8;

-- Dumping data for table webapp_ci_printing.barang_keluar_detail: ~0 rows (approximately)
/*!40000 ALTER TABLE `barang_keluar_detail` DISABLE KEYS */;
/*!40000 ALTER TABLE `barang_keluar_detail` ENABLE KEYS */;

-- Dumping structure for table webapp_ci_printing.barang_keluar_detail_hpp
CREATE TABLE IF NOT EXISTS `barang_keluar_detail_hpp` (
  `id_detail_barang_keluar_hpp` varchar(50) NOT NULL,
  `no_faktur` varchar(50) DEFAULT NULL,
  `id_barang` varchar(50) DEFAULT NULL,
  `qty` double DEFAULT NULL,
  `hpp` double DEFAULT NULL,
  `id_satuan_terkecil` int(11) DEFAULT NULL,
  `id_stok` varchar(50) DEFAULT NULL,
  PRIMARY KEY (`id_detail_barang_keluar_hpp`)
) ENGINE=InnoDB DEFAULT CHARSET=utf8;

-- Dumping data for table webapp_ci_printing.barang_keluar_detail_hpp: ~0 rows (approximately)
/*!40000 ALTER TABLE `barang_keluar_detail_hpp` DISABLE KEYS */;
/*!40000 ALTER TABLE `barang_keluar_detail_hpp` ENABLE KEYS */;

-- Dumping structure for table webapp_ci_printing.barang_masuk
CREATE TABLE IF NOT EXISTS `barang_masuk` (
  `no_faktur` varchar(50) NOT NULL,
  `no_faktur_keluar` varchar(50) DEFAULT NULL,
  `tgl_masuk` date DEFAULT NULL,
  `id_gudang` int(11) DEFAULT NULL,
  `total` double DEFAULT NULL,
  `ket` varchar(255) DEFAULT NULL,
  `created_on` datetime DEFAULT NULL,
  `created_by` bigint(20) DEFAULT NULL,
  `deleted` tinyint(1) DEFAULT '0',
  `deleted_by` bigint(20) DEFAULT NULL,
  PRIMARY KEY (`no_faktur`)
) ENGINE=InnoDB DEFAULT CHARSET=utf8;

-- Dumping data for table webapp_ci_printing.barang_masuk: ~0 rows (approximately)
/*!40000 ALTER TABLE `barang_masuk` DISABLE KEYS */;
/*!40000 ALTER TABLE `barang_masuk` ENABLE KEYS */;

-- Dumping structure for table webapp_ci_printing.barang_masuk_detail
CREATE TABLE IF NOT EXISTS `barang_masuk_detail` (
  `id_detail_barang_masuk` varchar(50) NOT NULL,
  `no_faktur` varchar(100) NOT NULL,
  `id_barang` varchar(50) DEFAULT NULL,
  `qty` float DEFAULT NULL,
  `harga` double DEFAULT NULL,
  `id_konversi` int(11) DEFAULT NULL,
  `sub_total` double DEFAULT NULL,
  PRIMARY KEY (`id_detail_barang_masuk`)
) ENGINE=InnoDB DEFAULT CHARSET=utf8;

-- Dumping data for table webapp_ci_printing.barang_masuk_detail: ~0 rows (approximately)
/*!40000 ALTER TABLE `barang_masuk_detail` DISABLE KEYS */;
/*!40000 ALTER TABLE `barang_masuk_detail` ENABLE KEYS */;

-- Dumping structure for table webapp_ci_printing.bayar_trans_kasir
CREATE TABLE IF NOT EXISTS `bayar_trans_kasir` (
  `idbayar_trans_kasir` varchar(100) NOT NULL,
  `id_transaksi` varchar(100) NOT NULL COMMENT 'id transaksi yang dibayar tagihannya',
  `id_transaksi_master` varchar(100) DEFAULT NULL COMMENT 'idtransaksi master dari transaksi yang dibayar.\n\nJika yang diinput adalan Transaksi Master/utamanya, \nmaka id_transaksi_master == id_transaksi\n\nsebagai acuan, total pembayaran yang telah dilakukan',
  `id_sub_transaksi` varchar(100) CHARACTER SET dec8 NOT NULL COMMENT 'diisi jika yang dilunasi adalah sub-notanya.\n\nUntuk pelunasan sub nota maka yang yang wajib diisi.\n\n1. id_pelunasan_trans_jual, sebagai key transaksi pelunasannya\n2. id_sub_transaksi, sebagai key id sub transaksi mana yang dilunasi, dan nominalnya berapa.\n3. id_transaksi, sebagai key penunjuk id transaksi aslinya / masternya yang menjadi sumber pecah.\n4. id_transaksi_master, sebagai key, jika transaksi masternya mengalami revisi order\n\n',
  `id_pelunasan_trans_jual` varchar(100) NOT NULL COMMENT 'id pelunasan, jika pelunasan / pembayaran menggunakan metode cicilan',
  `st_bayar_trans` tinyint(1) DEFAULT '0' COMMENT '0 = pembayaran via transaksi kasir.\n1 = pembayaran via pelunasan Piutang.\n\nJika 1, maka pasti id_pelunasan_trans_jual akan ada isinya.',
  `st_bayar` tinyint(1) DEFAULT '0' COMMENT '0 = cash\n1 = debit\n2 = transfer\n3 = deposit',
  `st_sumber_bayar` tinyint(1) DEFAULT '0' COMMENT '0 = normal\n1 = deposit',
  `id_bank` int(11) DEFAULT NULL COMMENT 'target bank yang akan menerima transfer / bg',
  `st_dp` tinyint(1) DEFAULT '0' COMMENT '1 = berarti ini pembayaran DP',
  `bayar` double DEFAULT NULL COMMENT 'nominal nilai uang yang masuk sebagai pendapatan kasir, bukan nominal yang dibayarkan\n',
  `dp` double DEFAULT NULL COMMENT 'nilai DP yang diinputkan sebagai pembayarn awal',
  `dp_deposit` double DEFAULT NULL COMMENT 'semua nilai pembayaran yang melalui deposit dimasukkan kedalam deposit.\n\nMenjadi rangkuman dari semua pembayaran yang sumber bayarnya dari deposit',
  `pembayaran` double DEFAULT NULL COMMENT 'nilai yang dibayarkan oleh konsumen',
  `kurang_bayar` double DEFAULT NULL,
  `kembalian` double DEFAULT NULL,
  `file` text COMMENT 'lokasi file attchment pendukung.\n\nuntuk transfer, ',
  `order` tinyint(1) DEFAULT '0' COMMENT 'order untuk pembayaran yang dalam sekali input 2 Record / lebih dengan created_on yang sama',
  `created_on` datetime DEFAULT NULL,
  `created_by` bigint(20) DEFAULT NULL,
  `deleted` tinyint(1) DEFAULT '0',
  `deleted_by` bigint(20) DEFAULT NULL,
  `ket_delete` text COMMENT 'keterangan alasan \ndelete jika dihapus cicilannya.\n\nBukan keterangan pada Kas Kasir',
  PRIMARY KEY (`idbayar_trans_kasir`)
) ENGINE=InnoDB DEFAULT CHARSET=latin1 COMMENT='menampung data pembayaran kasir untuk Konsumen biasa.';

-- Dumping data for table webapp_ci_printing.bayar_trans_kasir: ~9 rows (approximately)
/*!40000 ALTER TABLE `bayar_trans_kasir` DISABLE KEYS */;
INSERT INTO `bayar_trans_kasir` (`idbayar_trans_kasir`, `id_transaksi`, `id_transaksi_master`, `id_sub_transaksi`, `id_pelunasan_trans_jual`, `st_bayar_trans`, `st_bayar`, `st_sumber_bayar`, `id_bank`, `st_dp`, `bayar`, `dp`, `dp_deposit`, `pembayaran`, `kurang_bayar`, `kembalian`, `file`, `order`, `created_on`, `created_by`, `deleted`, `deleted_by`, `ket_delete`) VALUES
	('KC2019070L10934QBM151118V', '20190HK7E010934144J77B', '2019FZ07B01092623X605', '', '', 0, 0, 0, NULL, 0, 0, 0, 0, 0, 5405600, 0, '', 0, '2019-07-01 09:34:15', 1, 0, NULL, NULL),
	('KC2019U070209D3YQL659492', '2D019070BP20IQ93N6C599L65', '2019FZ07B01092623X605', '', '', 0, 0, 0, NULL, 0, 0, 0, 0, 0, 5545600, 0, '', 0, '2019-07-02 09:36:59', 1, 0, NULL, NULL),
	('KC2021C0110Y0818276TM1G8', '202I101D1ZAF00818C2U7894BL', '202I101D1ZAF00818C2U7894BL', '', '', 0, 3, 1, NULL, 0, 30000, 0, 0, 30000, 0, 0, '', 0, '2021-01-10 08:18:27', 1, 0, NULL, NULL),
	('KC20LJ2101L080N01132960', 'R2XZ0H210N1080H01132QI116Q0', 'R2XZ0H210N1080H01132QI116Q0', '', '', 0, 0, 0, NULL, 0, 127000, 0, 0, 127000, 0, 0, '', 0, '2021-01-08 00:11:32', 1, 0, NULL, NULL),
	('KC2I019070116T4234600', '20Q19E0P7M011642X34469', '2019FZ07B01092623X605', '', '', 0, 0, 0, NULL, 0, 0, 0, 0, 0, 5405600, 0, '', 0, '2019-07-01 16:42:34', 1, 0, NULL, NULL),
	('KC2N01912EW1KLFV4181653R1K05K5', '2O01U9BS1214181653871', '2O01U9BS1214181653871', '', '', 0, 0, 0, NULL, 0, 60000, 0, 0, 100000, 0, 40000, '', 0, '2019-12-14 18:16:53', 1, 0, NULL, NULL),
	('KC2U0190819063937S866', '201C908190V639J3795X8', '2019V0G702091430812', '', '', 0, 0, 0, NULL, 0, 0, 0, 0, 0, 3244200, 0, '', 0, '2019-08-19 06:39:37', 1, 0, NULL, NULL),
	('KCM2C0L19070D2YR0934P05668QE', '20Q19KX070209C34K0Z57H4NH0', '2019V0G702091430812', '', '', 0, 0, 0, NULL, 0, 0, 0, 0, 0, 3215400, 0, '', 0, '2019-07-02 09:34:05', 1, 0, NULL, NULL),
	('KCP2J02NFE101080QD0165JJ9718V', '2D019070BP20IQ93N6C599L65', '2019FZ07B01092623X605', '', '', 0, 0, 0, NULL, 0, 5545600, 0, 0, 5545600, 0, 0, '', 0, '2021-01-08 00:16:59', 1, 0, NULL, NULL);
/*!40000 ALTER TABLE `bayar_trans_kasir` ENABLE KEYS */;

-- Dumping structure for table webapp_ci_printing.ci_sessions
CREATE TABLE IF NOT EXISTS `ci_sessions` (
  `id` varchar(128) NOT NULL,
  `ip_address` varchar(45) NOT NULL,
  `timestamp` int(10) unsigned NOT NULL DEFAULT '0',
  `data` blob NOT NULL,
  PRIMARY KEY (`id`),
  KEY `ci_sessions_timestamp` (`timestamp`)
) ENGINE=InnoDB DEFAULT CHARSET=latin1;

-- Dumping data for table webapp_ci_printing.ci_sessions: ~14 rows (approximately)
/*!40000 ALTER TABLE `ci_sessions` DISABLE KEYS */;
INSERT INTO `ci_sessions` (`id`, `ip_address`, `timestamp`, `data`) VALUES
	('21l8ikaf442rj71rsfv25usrk78uv9dh', '::1', 1636611711, _binary 0x5F5F63695F6C6173745F726567656E65726174657C693A313633363631313731313B7265717565737465645F706167657C733A303A22223B70726576696F75735F706167657C733A383A226B617465676F7269223B6170705F73657373696F6E7C613A32333A7B733A373A2269645F75736572223B733A313A2231223B733A383A22757365726E616D65223B733A353A2261646D696E223B733A383A2270617373776F7264223B733A36303A222432792430392453386A654A6B462E376A6E534656796F52526E71744F57424355584763644E716A5742474D7875414C544E6E79634A44624A455957223B733A353A22656D61696C223B733A32313A2273757769746F2E6C742B3140676D61696C2E636F6D223B733A31303A226E6D5F6C656E676B6170223B733A31333A2241646D696E6973747261746F72223B733A363A22616C616D6174223B733A32313A224A6C2E204E67657372657020426172617420494949223B733A343A226B6F7461223B733A383A2253656D6172616E67223B733A323A226870223B733A31323A22303835373236383135313135223B733A323A226970223B733A393A223132372E302E302E31223B733A31343A226C6F67696E5F746572616B686972223B733A31393A22323032312D31312D31312030363A31303A3033223B733A383A2273745F616B746966223B733A313A2231223B733A353A2270686F746F223B733A31303A226176617461722E6A7067223B733A32303A2272657365745F70617373776F72645F746F6B656E223B4E3B733A31313A2276616C69645F7265736574223B4E3B733A31343A226F617574685F70726F7669646572223B4E3B733A393A226F617574685F756964223B4E3B733A31313A22706963747572655F75726C223B4E3B733A31313A2270726F66696C655F75726C223B4E3B733A363A2267656E646572223B4E3B733A363A226C6F63616C65223B4E3B733A31303A22637265617465645F6F6E223B733A31393A22323031362D30392D32382030353A34373A3537223B733A31313A226D6F6469666965645F6F6E223B733A31393A22323032312D31312D31312030363A31303A3033223B733A373A2264656C65746564223B733A313A2230223B7D736573735F6D6573696E5F636574616B7C613A373A7B733A373A2273745F76696577223B693A313B733A31313A2269645F6B617465676F7269223B733A313A2231223B733A383A226E6D5F6D6573696E223B733A31343A22436F6C6F72205072657373203731223B733A353A22616C696173223B733A323A223731223B733A363A226D65746F6465223B733A313A2231223B733A333A226B6574223B733A303A22223B733A353A2264745F6262223B613A323A7B693A303B613A333A7B733A353A2269645F6262223B733A313A2231223B733A353A226E6D5F6262223B733A31343A22436574616B204133205761726E61223B733A363A226870705F6262223B733A343A2234303030223B7D693A313B613A333A7B733A353A2269645F6262223B733A313A2232223B733A353A226E6D5F6262223B733A31323A22436574616B20413320425720223B733A363A226870705F6262223B733A343A2232303030223B7D7D7D),
	('28dge0323fh67dq9vvus2kji7c2grkh6', '::1', 1636615255, _binary 0x5F5F63695F6C6173745F726567656E65726174657C693A313633363631353235353B7265717565737465645F706167657C733A303A22223B70726576696F75735F706167657C733A31353A226B6F6E76657273695F73617475616E223B6170705F73657373696F6E7C613A32333A7B733A373A2269645F75736572223B733A313A2231223B733A383A22757365726E616D65223B733A353A2261646D696E223B733A383A2270617373776F7264223B733A36303A222432792430392453386A654A6B462E376A6E534656796F52526E71744F57424355584763644E716A5742474D7875414C544E6E79634A44624A455957223B733A353A22656D61696C223B733A32313A2273757769746F2E6C742B3140676D61696C2E636F6D223B733A31303A226E6D5F6C656E676B6170223B733A31333A2241646D696E6973747261746F72223B733A363A22616C616D6174223B733A32313A224A6C2E204E67657372657020426172617420494949223B733A343A226B6F7461223B733A383A2253656D6172616E67223B733A323A226870223B733A31323A22303835373236383135313135223B733A323A226970223B733A393A223132372E302E302E31223B733A31343A226C6F67696E5F746572616B686972223B733A31393A22323032312D31312D31312030363A31303A3033223B733A383A2273745F616B746966223B733A313A2231223B733A353A2270686F746F223B733A31303A226176617461722E6A7067223B733A32303A2272657365745F70617373776F72645F746F6B656E223B4E3B733A31313A2276616C69645F7265736574223B4E3B733A31343A226F617574685F70726F7669646572223B4E3B733A393A226F617574685F756964223B4E3B733A31313A22706963747572655F75726C223B4E3B733A31313A2270726F66696C655F75726C223B4E3B733A363A2267656E646572223B4E3B733A363A226C6F63616C65223B4E3B733A31303A22637265617465645F6F6E223B733A31393A22323031362D30392D32382030353A34373A3537223B733A31313A226D6F6469666965645F6F6E223B733A31393A22323032312D31312D31312030363A31303A3033223B733A373A2264656C65746564223B733A313A2230223B7D736573735F6D6573696E5F636574616B7C613A373A7B733A373A2273745F76696577223B693A313B733A31313A2269645F6B617465676F7269223B733A313A2231223B733A383A226E6D5F6D6573696E223B733A31343A22436F6C6F72205072657373203731223B733A353A22616C696173223B733A323A223731223B733A363A226D65746F6465223B733A313A2231223B733A333A226B6574223B733A303A22223B733A353A2264745F6262223B613A323A7B693A303B613A333A7B733A353A2269645F6262223B733A313A2231223B733A353A226E6D5F6262223B733A31343A22436574616B204133205761726E61223B733A363A226870705F6262223B733A343A2234303030223B7D693A313B613A333A7B733A353A2269645F6262223B733A313A2232223B733A353A226E6D5F6262223B733A31323A22436574616B20413320425720223B733A363A226870705F6262223B733A343A2232303030223B7D7D7D62725F6D6173756B7C613A373A7B733A393A226E6F5F66616B747572223B733A32383A22464D323032314231594531313130413633513530364D313047364234223B733A31363A226E6F5F66616B7475725F6B656C756172223B733A303A22223B733A393A2274676C5F6D6173756B223B733A303A22223B733A31363A2269645F677564616E675F74756A75616E223B733A303A22223B733A353A226974656D73223B613A303A7B7D733A363A2267746F74616C223B693A303B733A333A226B6574223B733A303A22223B7D64745F70656D62656C69616E7C613A31363A7B733A393A226E6F5F66616B747572223B733A303A22223B733A31333A2269645F6B65646174616E67616E223B733A303A22223B733A353A226E6F5F706F223B733A303A22223B733A383A2274676C5F7472616E223B733A303A22223B733A343A2274797065223B693A313B733A31303A2274656D706F5F68617269223B733A303A22223B733A31333A2274656D706F5F74616E6767616C223B733A303A22223B733A353A226974656D73223B613A303A7B7D733A353A22746F74616C223B693A303B733A363A226469736B6F6E223B693A303B733A383A22706F746F6E67616E223B693A303B733A353A2270616A616B223B693A303B733A363A2267746F74616C223B693A303B733A31313A2269645F737570706C696572223B733A303A22223B733A383A2273745F70616A616B223B693A313B733A31353A226E6F5F66616B7475725F70616A616B223B733A303A22223B7D706F5F737570706C6965727C613A363A7B733A353A226E6F5F706F223B733A343A22504F2D32223B733A353A226974656D73223B613A303A7B7D733A363A2267746F74616C223B693A303B733A31333A2274616E6767616C5F6B6972696D223B733A303A22223B733A31303A226964737570706C696572223B733A303A22223B733A31353A2273656C65637465645F6E6F5F726571223B613A303A7B7D7D66726D5F7472616E73616B73697C613A31313A7B733A393A226B6F64655F7472616E223B733A32303A225452562F323032312F31312F31312D3030303031223B733A31303A2269646B6F6E73756D656E223B4E3B733A383A2274676C5F7472616E223B733A31303A2231312F31312F32303231223B733A31323A226D65746F64655F6261796172223B4E3B733A323A226470223B733A303A22223B733A353A226261796172223B733A303A22223B733A393A2274676C5F74656D706F223B4E3B733A363A2267746F74616C223B693A303B733A31323A226B7572616E675F6261796172223B693A303B733A393A226B656D62616C69616E223B693A303B733A363A2264657461696C223B613A303A7B7D7D677564616E675F6F72646572737C613A333A7B733A363A226E6F5F726571223B733A353A225245512D31223B733A353A226974656D73223B613A303A7B7D733A31333A2274616E6767616C5F6B6972696D223B733A303A22223B7D6F726465725F70726F64756B7C613A373A7B733A383A2269645F6F72646572223B733A303A22223B733A31323A226E6F5F7472616E73616B7369223B733A32313A225452582F323032312F313131312D30303030324431223B733A31313A2269645F6B6F6E73756D656E223B733A303A22223B733A363A226E6F5F746C70223B733A303A22223B733A393A2274676C5F6F72646572223B733A31303A22323032312D31312D3131223B733A31303A226C6973745F6F72646572223B613A303A7B7D733A353A2273745F706F223B693A303B7D),
	('2mk8e3liuqidniq3ve4stbccg4757kr6', '::1', 1636611405, _binary 0x5F5F63695F6C6173745F726567656E65726174657C693A313633363631313430353B7265717565737465645F706167657C733A303A22223B70726576696F75735F706167657C733A34333A226D6573696E5F636574616B2F766965772F323031383132323353323033393141445633394D33434C544439223B6170705F73657373696F6E7C613A32333A7B733A373A2269645F75736572223B733A313A2231223B733A383A22757365726E616D65223B733A353A2261646D696E223B733A383A2270617373776F7264223B733A36303A222432792430392453386A654A6B462E376A6E534656796F52526E71744F57424355584763644E716A5742474D7875414C544E6E79634A44624A455957223B733A353A22656D61696C223B733A32313A2273757769746F2E6C742B3140676D61696C2E636F6D223B733A31303A226E6D5F6C656E676B6170223B733A31333A2241646D696E6973747261746F72223B733A363A22616C616D6174223B733A32313A224A6C2E204E67657372657020426172617420494949223B733A343A226B6F7461223B733A383A2253656D6172616E67223B733A323A226870223B733A31323A22303835373236383135313135223B733A323A226970223B733A393A223132372E302E302E31223B733A31343A226C6F67696E5F746572616B686972223B733A31393A22323032312D31312D31312030363A31303A3033223B733A383A2273745F616B746966223B733A313A2231223B733A353A2270686F746F223B733A31303A226176617461722E6A7067223B733A32303A2272657365745F70617373776F72645F746F6B656E223B4E3B733A31313A2276616C69645F7265736574223B4E3B733A31343A226F617574685F70726F7669646572223B4E3B733A393A226F617574685F756964223B4E3B733A31313A22706963747572655F75726C223B4E3B733A31313A2270726F66696C655F75726C223B4E3B733A363A2267656E646572223B4E3B733A363A226C6F63616C65223B4E3B733A31303A22637265617465645F6F6E223B733A31393A22323031362D30392D32382030353A34373A3537223B733A31313A226D6F6469666965645F6F6E223B733A31393A22323032312D31312D31312030363A31303A3033223B733A373A2264656C65746564223B733A313A2230223B7D736573735F6D6573696E5F636574616B7C613A373A7B733A373A2273745F76696577223B693A313B733A31313A2269645F6B617465676F7269223B733A313A2231223B733A383A226E6D5F6D6573696E223B733A31343A22436F6C6F72205072657373203731223B733A353A22616C696173223B733A323A223731223B733A363A226D65746F6465223B733A313A2231223B733A333A226B6574223B733A303A22223B733A353A2264745F6262223B613A323A7B693A303B613A333A7B733A353A2269645F6262223B733A313A2231223B733A353A226E6D5F6262223B733A31343A22436574616B204133205761726E61223B733A363A226870705F6262223B733A343A2234303030223B7D693A313B613A333A7B733A353A2269645F6262223B733A313A2232223B733A353A226E6D5F6262223B733A31323A22436574616B20413320425720223B733A363A226870705F6262223B733A343A2232303030223B7D7D7D),
	('2rbg0frhnn65r75bshhis5q1qfro4v41', '::1', 1636613696, _binary 0x5F5F63695F6C6173745F726567656E65726174657C693A313633363631333639363B7265717565737465645F706167657C733A303A22223B70726576696F75735F706167657C733A31303A22636F6C6C656374696E67223B6170705F73657373696F6E7C613A32333A7B733A373A2269645F75736572223B733A313A2231223B733A383A22757365726E616D65223B733A353A2261646D696E223B733A383A2270617373776F7264223B733A36303A222432792430392453386A654A6B462E376A6E534656796F52526E71744F57424355584763644E716A5742474D7875414C544E6E79634A44624A455957223B733A353A22656D61696C223B733A32313A2273757769746F2E6C742B3140676D61696C2E636F6D223B733A31303A226E6D5F6C656E676B6170223B733A31333A2241646D696E6973747261746F72223B733A363A22616C616D6174223B733A32313A224A6C2E204E67657372657020426172617420494949223B733A343A226B6F7461223B733A383A2253656D6172616E67223B733A323A226870223B733A31323A22303835373236383135313135223B733A323A226970223B733A393A223132372E302E302E31223B733A31343A226C6F67696E5F746572616B686972223B733A31393A22323032312D31312D31312030363A31303A3033223B733A383A2273745F616B746966223B733A313A2231223B733A353A2270686F746F223B733A31303A226176617461722E6A7067223B733A32303A2272657365745F70617373776F72645F746F6B656E223B4E3B733A31313A2276616C69645F7265736574223B4E3B733A31343A226F617574685F70726F7669646572223B4E3B733A393A226F617574685F756964223B4E3B733A31313A22706963747572655F75726C223B4E3B733A31313A2270726F66696C655F75726C223B4E3B733A363A2267656E646572223B4E3B733A363A226C6F63616C65223B4E3B733A31303A22637265617465645F6F6E223B733A31393A22323031362D30392D32382030353A34373A3537223B733A31313A226D6F6469666965645F6F6E223B733A31393A22323032312D31312D31312030363A31303A3033223B733A373A2264656C65746564223B733A313A2230223B7D736573735F6D6573696E5F636574616B7C613A373A7B733A373A2273745F76696577223B693A313B733A31313A2269645F6B617465676F7269223B733A313A2231223B733A383A226E6D5F6D6573696E223B733A31343A22436F6C6F72205072657373203731223B733A353A22616C696173223B733A323A223731223B733A363A226D65746F6465223B733A313A2231223B733A333A226B6574223B733A303A22223B733A353A2264745F6262223B613A323A7B693A303B613A333A7B733A353A2269645F6262223B733A313A2231223B733A353A226E6D5F6262223B733A31343A22436574616B204133205761726E61223B733A363A226870705F6262223B733A343A2234303030223B7D693A313B613A333A7B733A353A2269645F6262223B733A313A2232223B733A353A226E6D5F6262223B733A31323A22436574616B20413320425720223B733A363A226870705F6262223B733A343A2232303030223B7D7D7D62725F6D6173756B7C613A373A7B733A393A226E6F5F66616B747572223B733A32383A22464D323032314231594531313130413633513530364D313047364234223B733A31363A226E6F5F66616B7475725F6B656C756172223B733A303A22223B733A393A2274676C5F6D6173756B223B733A303A22223B733A31363A2269645F677564616E675F74756A75616E223B733A303A22223B733A353A226974656D73223B613A303A7B7D733A363A2267746F74616C223B693A303B733A333A226B6574223B733A303A22223B7D),
	('5qb93ii1uth9ff242mlt2r5f84tpp9o1', '::1', 1636614014, _binary 0x5F5F63695F6C6173745F726567656E65726174657C693A313633363631343031343B7265717565737465645F706167657C733A303A22223B70726576696F75735F706167657C733A31363A2270656E6A75616C616E2F637265617465223B6170705F73657373696F6E7C613A32333A7B733A373A2269645F75736572223B733A313A2231223B733A383A22757365726E616D65223B733A353A2261646D696E223B733A383A2270617373776F7264223B733A36303A222432792430392453386A654A6B462E376A6E534656796F52526E71744F57424355584763644E716A5742474D7875414C544E6E79634A44624A455957223B733A353A22656D61696C223B733A32313A2273757769746F2E6C742B3140676D61696C2E636F6D223B733A31303A226E6D5F6C656E676B6170223B733A31333A2241646D696E6973747261746F72223B733A363A22616C616D6174223B733A32313A224A6C2E204E67657372657020426172617420494949223B733A343A226B6F7461223B733A383A2253656D6172616E67223B733A323A226870223B733A31323A22303835373236383135313135223B733A323A226970223B733A393A223132372E302E302E31223B733A31343A226C6F67696E5F746572616B686972223B733A31393A22323032312D31312D31312030363A31303A3033223B733A383A2273745F616B746966223B733A313A2231223B733A353A2270686F746F223B733A31303A226176617461722E6A7067223B733A32303A2272657365745F70617373776F72645F746F6B656E223B4E3B733A31313A2276616C69645F7265736574223B4E3B733A31343A226F617574685F70726F7669646572223B4E3B733A393A226F617574685F756964223B4E3B733A31313A22706963747572655F75726C223B4E3B733A31313A2270726F66696C655F75726C223B4E3B733A363A2267656E646572223B4E3B733A363A226C6F63616C65223B4E3B733A31303A22637265617465645F6F6E223B733A31393A22323031362D30392D32382030353A34373A3537223B733A31313A226D6F6469666965645F6F6E223B733A31393A22323032312D31312D31312030363A31303A3033223B733A373A2264656C65746564223B733A313A2230223B7D736573735F6D6573696E5F636574616B7C613A373A7B733A373A2273745F76696577223B693A313B733A31313A2269645F6B617465676F7269223B733A313A2231223B733A383A226E6D5F6D6573696E223B733A31343A22436F6C6F72205072657373203731223B733A353A22616C696173223B733A323A223731223B733A363A226D65746F6465223B733A313A2231223B733A333A226B6574223B733A303A22223B733A353A2264745F6262223B613A323A7B693A303B613A333A7B733A353A2269645F6262223B733A313A2231223B733A353A226E6D5F6262223B733A31343A22436574616B204133205761726E61223B733A363A226870705F6262223B733A343A2234303030223B7D693A313B613A333A7B733A353A2269645F6262223B733A313A2232223B733A353A226E6D5F6262223B733A31323A22436574616B20413320425720223B733A363A226870705F6262223B733A343A2232303030223B7D7D7D62725F6D6173756B7C613A373A7B733A393A226E6F5F66616B747572223B733A32383A22464D323032314231594531313130413633513530364D313047364234223B733A31363A226E6F5F66616B7475725F6B656C756172223B733A303A22223B733A393A2274676C5F6D6173756B223B733A303A22223B733A31363A2269645F677564616E675F74756A75616E223B733A303A22223B733A353A226974656D73223B613A303A7B7D733A363A2267746F74616C223B693A303B733A333A226B6574223B733A303A22223B7D64745F70656D62656C69616E7C613A31363A7B733A393A226E6F5F66616B747572223B733A303A22223B733A31333A2269645F6B65646174616E67616E223B733A303A22223B733A353A226E6F5F706F223B733A303A22223B733A383A2274676C5F7472616E223B733A303A22223B733A343A2274797065223B693A313B733A31303A2274656D706F5F68617269223B733A303A22223B733A31333A2274656D706F5F74616E6767616C223B733A303A22223B733A353A226974656D73223B613A303A7B7D733A353A22746F74616C223B693A303B733A363A226469736B6F6E223B693A303B733A383A22706F746F6E67616E223B693A303B733A353A2270616A616B223B693A303B733A363A2267746F74616C223B693A303B733A31313A2269645F737570706C696572223B733A303A22223B733A383A2273745F70616A616B223B693A313B733A31353A226E6F5F66616B7475725F70616A616B223B733A303A22223B7D706F5F737570706C6965727C613A363A7B733A353A226E6F5F706F223B733A343A22504F2D32223B733A353A226974656D73223B613A303A7B7D733A363A2267746F74616C223B693A303B733A31333A2274616E6767616C5F6B6972696D223B733A303A22223B733A31303A226964737570706C696572223B733A303A22223B733A31353A2273656C65637465645F6E6F5F726571223B613A303A7B7D7D66726D5F7472616E73616B73697C613A31313A7B733A393A226B6F64655F7472616E223B733A32303A225452562F323032312F31312F31312D3030303031223B733A31303A2269646B6F6E73756D656E223B4E3B733A383A2274676C5F7472616E223B733A31303A2231312F31312F32303231223B733A31323A226D65746F64655F6261796172223B4E3B733A323A226470223B733A303A22223B733A353A226261796172223B733A303A22223B733A393A2274676C5F74656D706F223B4E3B733A363A2267746F74616C223B693A303B733A31323A226B7572616E675F6261796172223B693A303B733A393A226B656D62616C69616E223B693A303B733A363A2264657461696C223B613A303A7B7D7D),
	('81k8ls5a3hrneib0fqd4194b60e65ujb', '::1', 1636614622, _binary 0x5F5F63695F6C6173745F726567656E65726174657C693A313633363631343632323B7265717565737465645F706167657C733A303A22223B70726576696F75735F706167657C733A31353A226B6F6E76657273695F73617475616E223B6170705F73657373696F6E7C613A32333A7B733A373A2269645F75736572223B733A313A2231223B733A383A22757365726E616D65223B733A353A2261646D696E223B733A383A2270617373776F7264223B733A36303A222432792430392453386A654A6B462E376A6E534656796F52526E71744F57424355584763644E716A5742474D7875414C544E6E79634A44624A455957223B733A353A22656D61696C223B733A32313A2273757769746F2E6C742B3140676D61696C2E636F6D223B733A31303A226E6D5F6C656E676B6170223B733A31333A2241646D696E6973747261746F72223B733A363A22616C616D6174223B733A32313A224A6C2E204E67657372657020426172617420494949223B733A343A226B6F7461223B733A383A2253656D6172616E67223B733A323A226870223B733A31323A22303835373236383135313135223B733A323A226970223B733A393A223132372E302E302E31223B733A31343A226C6F67696E5F746572616B686972223B733A31393A22323032312D31312D31312030363A31303A3033223B733A383A2273745F616B746966223B733A313A2231223B733A353A2270686F746F223B733A31303A226176617461722E6A7067223B733A32303A2272657365745F70617373776F72645F746F6B656E223B4E3B733A31313A2276616C69645F7265736574223B4E3B733A31343A226F617574685F70726F7669646572223B4E3B733A393A226F617574685F756964223B4E3B733A31313A22706963747572655F75726C223B4E3B733A31313A2270726F66696C655F75726C223B4E3B733A363A2267656E646572223B4E3B733A363A226C6F63616C65223B4E3B733A31303A22637265617465645F6F6E223B733A31393A22323031362D30392D32382030353A34373A3537223B733A31313A226D6F6469666965645F6F6E223B733A31393A22323032312D31312D31312030363A31303A3033223B733A373A2264656C65746564223B733A313A2230223B7D736573735F6D6573696E5F636574616B7C613A373A7B733A373A2273745F76696577223B693A313B733A31313A2269645F6B617465676F7269223B733A313A2231223B733A383A226E6D5F6D6573696E223B733A31343A22436F6C6F72205072657373203731223B733A353A22616C696173223B733A323A223731223B733A363A226D65746F6465223B733A313A2231223B733A333A226B6574223B733A303A22223B733A353A2264745F6262223B613A323A7B693A303B613A333A7B733A353A2269645F6262223B733A313A2231223B733A353A226E6D5F6262223B733A31343A22436574616B204133205761726E61223B733A363A226870705F6262223B733A343A2234303030223B7D693A313B613A333A7B733A353A2269645F6262223B733A313A2232223B733A353A226E6D5F6262223B733A31323A22436574616B20413320425720223B733A363A226870705F6262223B733A343A2232303030223B7D7D7D62725F6D6173756B7C613A373A7B733A393A226E6F5F66616B747572223B733A32383A22464D323032314231594531313130413633513530364D313047364234223B733A31363A226E6F5F66616B7475725F6B656C756172223B733A303A22223B733A393A2274676C5F6D6173756B223B733A303A22223B733A31363A2269645F677564616E675F74756A75616E223B733A303A22223B733A353A226974656D73223B613A303A7B7D733A363A2267746F74616C223B693A303B733A333A226B6574223B733A303A22223B7D64745F70656D62656C69616E7C613A31363A7B733A393A226E6F5F66616B747572223B733A303A22223B733A31333A2269645F6B65646174616E67616E223B733A303A22223B733A353A226E6F5F706F223B733A303A22223B733A383A2274676C5F7472616E223B733A303A22223B733A343A2274797065223B693A313B733A31303A2274656D706F5F68617269223B733A303A22223B733A31333A2274656D706F5F74616E6767616C223B733A303A22223B733A353A226974656D73223B613A303A7B7D733A353A22746F74616C223B693A303B733A363A226469736B6F6E223B693A303B733A383A22706F746F6E67616E223B693A303B733A353A2270616A616B223B693A303B733A363A2267746F74616C223B693A303B733A31313A2269645F737570706C696572223B733A303A22223B733A383A2273745F70616A616B223B693A313B733A31353A226E6F5F66616B7475725F70616A616B223B733A303A22223B7D706F5F737570706C6965727C613A363A7B733A353A226E6F5F706F223B733A343A22504F2D32223B733A353A226974656D73223B613A303A7B7D733A363A2267746F74616C223B693A303B733A31333A2274616E6767616C5F6B6972696D223B733A303A22223B733A31303A226964737570706C696572223B733A303A22223B733A31353A2273656C65637465645F6E6F5F726571223B613A303A7B7D7D66726D5F7472616E73616B73697C613A31313A7B733A393A226B6F64655F7472616E223B733A32303A225452562F323032312F31312F31312D3030303031223B733A31303A2269646B6F6E73756D656E223B4E3B733A383A2274676C5F7472616E223B733A31303A2231312F31312F32303231223B733A31323A226D65746F64655F6261796172223B4E3B733A323A226470223B733A303A22223B733A353A226261796172223B733A303A22223B733A393A2274676C5F74656D706F223B4E3B733A363A2267746F74616C223B693A303B733A31323A226B7572616E675F6261796172223B693A303B733A393A226B656D62616C69616E223B693A303B733A363A2264657461696C223B613A303A7B7D7D677564616E675F6F72646572737C613A333A7B733A363A226E6F5F726571223B733A353A225245512D31223B733A353A226974656D73223B613A303A7B7D733A31333A2274616E6767616C5F6B6972696D223B733A303A22223B7D66726D5F73657474696E675F68617267617C613A31333A7B733A393A2273745F70726F736573223B693A303B733A31363A2269645F73657474696E675F6861726761223B733A303A22223B733A31313A22746970655F70726F64756B223B693A303B733A383A226B617465676F7269223B733A303A22223B733A363A2270726F64756B223B733A303A22223B733A31343A226B617465676F72695F6861726761223B733A303A22223B733A383A2273745F72616E6765223B693A303B733A373A226A6D6C5F666978223B693A313B733A363A2273617475616E223B733A303A22223B733A353A226861726761223B733A303A22223B733A383A2268617267615F6279223B693A313B733A393A2273617475616E5F6279223B733A303A22223B733A363A22646166746172223B613A303A7B7D7D),
	('anvn4lnier2i3b8r2s2fvsujunm8nspa', '::1', 1636612015, _binary 0x5F5F63695F6C6173745F726567656E65726174657C693A313633363631323031353B7265717565737465645F706167657C733A303A22223B70726576696F75735F706167657C733A32323A2270656E6767756E61616E5F62622F6372656174652F31223B6170705F73657373696F6E7C613A32333A7B733A373A2269645F75736572223B733A313A2231223B733A383A22757365726E616D65223B733A353A2261646D696E223B733A383A2270617373776F7264223B733A36303A222432792430392453386A654A6B462E376A6E534656796F52526E71744F57424355584763644E716A5742474D7875414C544E6E79634A44624A455957223B733A353A22656D61696C223B733A32313A2273757769746F2E6C742B3140676D61696C2E636F6D223B733A31303A226E6D5F6C656E676B6170223B733A31333A2241646D696E6973747261746F72223B733A363A22616C616D6174223B733A32313A224A6C2E204E67657372657020426172617420494949223B733A343A226B6F7461223B733A383A2253656D6172616E67223B733A323A226870223B733A31323A22303835373236383135313135223B733A323A226970223B733A393A223132372E302E302E31223B733A31343A226C6F67696E5F746572616B686972223B733A31393A22323032312D31312D31312030363A31303A3033223B733A383A2273745F616B746966223B733A313A2231223B733A353A2270686F746F223B733A31303A226176617461722E6A7067223B733A32303A2272657365745F70617373776F72645F746F6B656E223B4E3B733A31313A2276616C69645F7265736574223B4E3B733A31343A226F617574685F70726F7669646572223B4E3B733A393A226F617574685F756964223B4E3B733A31313A22706963747572655F75726C223B4E3B733A31313A2270726F66696C655F75726C223B4E3B733A363A2267656E646572223B4E3B733A363A226C6F63616C65223B4E3B733A31303A22637265617465645F6F6E223B733A31393A22323031362D30392D32382030353A34373A3537223B733A31313A226D6F6469666965645F6F6E223B733A31393A22323032312D31312D31312030363A31303A3033223B733A373A2264656C65746564223B733A313A2230223B7D736573735F6D6573696E5F636574616B7C613A373A7B733A373A2273745F76696577223B693A313B733A31313A2269645F6B617465676F7269223B733A313A2231223B733A383A226E6D5F6D6573696E223B733A31343A22436F6C6F72205072657373203731223B733A353A22616C696173223B733A323A223731223B733A363A226D65746F6465223B733A313A2231223B733A333A226B6574223B733A303A22223B733A353A2264745F6262223B613A323A7B693A303B613A333A7B733A353A2269645F6262223B733A313A2231223B733A353A226E6D5F6262223B733A31343A22436574616B204133205761726E61223B733A363A226870705F6262223B733A343A2234303030223B7D693A313B613A333A7B733A353A2269645F6262223B733A313A2232223B733A353A226E6D5F6262223B733A31323A22436574616B20413320425720223B733A363A226870705F6262223B733A343A2232303030223B7D7D7D),
	('bo5op04jo5gec0kd7pbn0h30641egd7k', '::1', 1636614318, _binary 0x5F5F63695F6C6173745F726567656E65726174657C693A313633363631343331383B7265717565737465645F706167657C733A303A22223B70726576696F75735F706167657C733A353A226B61736972223B6170705F73657373696F6E7C613A32333A7B733A373A2269645F75736572223B733A313A2231223B733A383A22757365726E616D65223B733A353A2261646D696E223B733A383A2270617373776F7264223B733A36303A222432792430392453386A654A6B462E376A6E534656796F52526E71744F57424355584763644E716A5742474D7875414C544E6E79634A44624A455957223B733A353A22656D61696C223B733A32313A2273757769746F2E6C742B3140676D61696C2E636F6D223B733A31303A226E6D5F6C656E676B6170223B733A31333A2241646D696E6973747261746F72223B733A363A22616C616D6174223B733A32313A224A6C2E204E67657372657020426172617420494949223B733A343A226B6F7461223B733A383A2253656D6172616E67223B733A323A226870223B733A31323A22303835373236383135313135223B733A323A226970223B733A393A223132372E302E302E31223B733A31343A226C6F67696E5F746572616B686972223B733A31393A22323032312D31312D31312030363A31303A3033223B733A383A2273745F616B746966223B733A313A2231223B733A353A2270686F746F223B733A31303A226176617461722E6A7067223B733A32303A2272657365745F70617373776F72645F746F6B656E223B4E3B733A31313A2276616C69645F7265736574223B4E3B733A31343A226F617574685F70726F7669646572223B4E3B733A393A226F617574685F756964223B4E3B733A31313A22706963747572655F75726C223B4E3B733A31313A2270726F66696C655F75726C223B4E3B733A363A2267656E646572223B4E3B733A363A226C6F63616C65223B4E3B733A31303A22637265617465645F6F6E223B733A31393A22323031362D30392D32382030353A34373A3537223B733A31313A226D6F6469666965645F6F6E223B733A31393A22323032312D31312D31312030363A31303A3033223B733A373A2264656C65746564223B733A313A2230223B7D736573735F6D6573696E5F636574616B7C613A373A7B733A373A2273745F76696577223B693A313B733A31313A2269645F6B617465676F7269223B733A313A2231223B733A383A226E6D5F6D6573696E223B733A31343A22436F6C6F72205072657373203731223B733A353A22616C696173223B733A323A223731223B733A363A226D65746F6465223B733A313A2231223B733A333A226B6574223B733A303A22223B733A353A2264745F6262223B613A323A7B693A303B613A333A7B733A353A2269645F6262223B733A313A2231223B733A353A226E6D5F6262223B733A31343A22436574616B204133205761726E61223B733A363A226870705F6262223B733A343A2234303030223B7D693A313B613A333A7B733A353A2269645F6262223B733A313A2232223B733A353A226E6D5F6262223B733A31323A22436574616B20413320425720223B733A363A226870705F6262223B733A343A2232303030223B7D7D7D62725F6D6173756B7C613A373A7B733A393A226E6F5F66616B747572223B733A32383A22464D323032314231594531313130413633513530364D313047364234223B733A31363A226E6F5F66616B7475725F6B656C756172223B733A303A22223B733A393A2274676C5F6D6173756B223B733A303A22223B733A31363A2269645F677564616E675F74756A75616E223B733A303A22223B733A353A226974656D73223B613A303A7B7D733A363A2267746F74616C223B693A303B733A333A226B6574223B733A303A22223B7D64745F70656D62656C69616E7C613A31363A7B733A393A226E6F5F66616B747572223B733A303A22223B733A31333A2269645F6B65646174616E67616E223B733A303A22223B733A353A226E6F5F706F223B733A303A22223B733A383A2274676C5F7472616E223B733A303A22223B733A343A2274797065223B693A313B733A31303A2274656D706F5F68617269223B733A303A22223B733A31333A2274656D706F5F74616E6767616C223B733A303A22223B733A353A226974656D73223B613A303A7B7D733A353A22746F74616C223B693A303B733A363A226469736B6F6E223B693A303B733A383A22706F746F6E67616E223B693A303B733A353A2270616A616B223B693A303B733A363A2267746F74616C223B693A303B733A31313A2269645F737570706C696572223B733A303A22223B733A383A2273745F70616A616B223B693A313B733A31353A226E6F5F66616B7475725F70616A616B223B733A303A22223B7D706F5F737570706C6965727C613A363A7B733A353A226E6F5F706F223B733A343A22504F2D32223B733A353A226974656D73223B613A303A7B7D733A363A2267746F74616C223B693A303B733A31333A2274616E6767616C5F6B6972696D223B733A303A22223B733A31303A226964737570706C696572223B733A303A22223B733A31353A2273656C65637465645F6E6F5F726571223B613A303A7B7D7D66726D5F7472616E73616B73697C613A31313A7B733A393A226B6F64655F7472616E223B733A32303A225452562F323032312F31312F31312D3030303031223B733A31303A2269646B6F6E73756D656E223B4E3B733A383A2274676C5F7472616E223B733A31303A2231312F31312F32303231223B733A31323A226D65746F64655F6261796172223B4E3B733A323A226470223B733A303A22223B733A353A226261796172223B733A303A22223B733A393A2274676C5F74656D706F223B4E3B733A363A2267746F74616C223B693A303B733A31323A226B7572616E675F6261796172223B693A303B733A393A226B656D62616C69616E223B693A303B733A363A2264657461696C223B613A303A7B7D7D),
	('ca50d8o1112t0h8tbfa601bg9n32h8mo', '::1', 1636615557, _binary 0x5F5F63695F6C6173745F726567656E65726174657C693A313633363631353535373B7265717565737465645F706167657C733A303A22223B70726576696F75735F706167657C733A31353A226B6F6E76657273695F73617475616E223B6170705F73657373696F6E7C613A32333A7B733A373A2269645F75736572223B733A313A2231223B733A383A22757365726E616D65223B733A353A2261646D696E223B733A383A2270617373776F7264223B733A36303A222432792430392453386A654A6B462E376A6E534656796F52526E71744F57424355584763644E716A5742474D7875414C544E6E79634A44624A455957223B733A353A22656D61696C223B733A32313A2273757769746F2E6C742B3140676D61696C2E636F6D223B733A31303A226E6D5F6C656E676B6170223B733A31333A2241646D696E6973747261746F72223B733A363A22616C616D6174223B733A32313A224A6C2E204E67657372657020426172617420494949223B733A343A226B6F7461223B733A383A2253656D6172616E67223B733A323A226870223B733A31323A22303835373236383135313135223B733A323A226970223B733A393A223132372E302E302E31223B733A31343A226C6F67696E5F746572616B686972223B733A31393A22323032312D31312D31312030363A31303A3033223B733A383A2273745F616B746966223B733A313A2231223B733A353A2270686F746F223B733A31303A226176617461722E6A7067223B733A32303A2272657365745F70617373776F72645F746F6B656E223B4E3B733A31313A2276616C69645F7265736574223B4E3B733A31343A226F617574685F70726F7669646572223B4E3B733A393A226F617574685F756964223B4E3B733A31313A22706963747572655F75726C223B4E3B733A31313A2270726F66696C655F75726C223B4E3B733A363A2267656E646572223B4E3B733A363A226C6F63616C65223B4E3B733A31303A22637265617465645F6F6E223B733A31393A22323031362D30392D32382030353A34373A3537223B733A31313A226D6F6469666965645F6F6E223B733A31393A22323032312D31312D31312030363A31303A3033223B733A373A2264656C65746564223B733A313A2230223B7D736573735F6D6573696E5F636574616B7C613A373A7B733A373A2273745F76696577223B693A313B733A31313A2269645F6B617465676F7269223B733A313A2231223B733A383A226E6D5F6D6573696E223B733A31343A22436F6C6F72205072657373203731223B733A353A22616C696173223B733A323A223731223B733A363A226D65746F6465223B733A313A2231223B733A333A226B6574223B733A303A22223B733A353A2264745F6262223B613A323A7B693A303B613A333A7B733A353A2269645F6262223B733A313A2231223B733A353A226E6D5F6262223B733A31343A22436574616B204133205761726E61223B733A363A226870705F6262223B733A343A2234303030223B7D693A313B613A333A7B733A353A2269645F6262223B733A313A2232223B733A353A226E6D5F6262223B733A31323A22436574616B20413320425720223B733A363A226870705F6262223B733A343A2232303030223B7D7D7D62725F6D6173756B7C613A373A7B733A393A226E6F5F66616B747572223B733A32383A22464D323032314231594531313130413633513530364D313047364234223B733A31363A226E6F5F66616B7475725F6B656C756172223B733A303A22223B733A393A2274676C5F6D6173756B223B733A303A22223B733A31363A2269645F677564616E675F74756A75616E223B733A303A22223B733A353A226974656D73223B613A303A7B7D733A363A2267746F74616C223B693A303B733A333A226B6574223B733A303A22223B7D64745F70656D62656C69616E7C613A31363A7B733A393A226E6F5F66616B747572223B733A303A22223B733A31333A2269645F6B65646174616E67616E223B733A303A22223B733A353A226E6F5F706F223B733A303A22223B733A383A2274676C5F7472616E223B733A303A22223B733A343A2274797065223B693A313B733A31303A2274656D706F5F68617269223B733A303A22223B733A31333A2274656D706F5F74616E6767616C223B733A303A22223B733A353A226974656D73223B613A303A7B7D733A353A22746F74616C223B693A303B733A363A226469736B6F6E223B693A303B733A383A22706F746F6E67616E223B693A303B733A353A2270616A616B223B693A303B733A363A2267746F74616C223B693A303B733A31313A2269645F737570706C696572223B733A303A22223B733A383A2273745F70616A616B223B693A313B733A31353A226E6F5F66616B7475725F70616A616B223B733A303A22223B7D706F5F737570706C6965727C613A363A7B733A353A226E6F5F706F223B733A343A22504F2D32223B733A353A226974656D73223B613A303A7B7D733A363A2267746F74616C223B693A303B733A31333A2274616E6767616C5F6B6972696D223B733A303A22223B733A31303A226964737570706C696572223B733A303A22223B733A31353A2273656C65637465645F6E6F5F726571223B613A303A7B7D7D66726D5F7472616E73616B73697C613A31313A7B733A393A226B6F64655F7472616E223B733A32303A225452562F323032312F31312F31312D3030303031223B733A31303A2269646B6F6E73756D656E223B4E3B733A383A2274676C5F7472616E223B733A31303A2231312F31312F32303231223B733A31323A226D65746F64655F6261796172223B4E3B733A323A226470223B733A303A22223B733A353A226261796172223B733A303A22223B733A393A2274676C5F74656D706F223B4E3B733A363A2267746F74616C223B693A303B733A31323A226B7572616E675F6261796172223B693A303B733A393A226B656D62616C69616E223B693A303B733A363A2264657461696C223B613A303A7B7D7D677564616E675F6F72646572737C613A333A7B733A363A226E6F5F726571223B733A353A225245512D31223B733A353A226974656D73223B613A303A7B7D733A31333A2274616E6767616C5F6B6972696D223B733A303A22223B7D6F726465725F70726F64756B7C613A373A7B733A383A2269645F6F72646572223B733A303A22223B733A31323A226E6F5F7472616E73616B7369223B733A32313A225452582F323032312F313131312D30303030324431223B733A31313A2269645F6B6F6E73756D656E223B733A303A22223B733A363A226E6F5F746C70223B733A303A22223B733A393A2274676C5F6F72646572223B733A31303A22323032312D31312D3131223B733A31303A226C6973745F6F72646572223B613A303A7B7D733A353A2273745F706F223B693A303B7D),
	('dq4df0dp6d3kpa7u7jnfhs6mtn2lrqa8', '::1', 1636616024, _binary 0x5F5F63695F6C6173745F726567656E65726174657C693A313633363631353535373B7265717565737465645F706167657C733A303A22223B70726576696F75735F706167657C733A31373A2270656E6A75616C616E2F6C61706F72616E223B6170705F73657373696F6E7C613A32333A7B733A373A2269645F75736572223B733A313A2231223B733A383A22757365726E616D65223B733A353A2261646D696E223B733A383A2270617373776F7264223B733A36303A222432792430392453386A654A6B462E376A6E534656796F52526E71744F57424355584763644E716A5742474D7875414C544E6E79634A44624A455957223B733A353A22656D61696C223B733A32313A2273757769746F2E6C742B3140676D61696C2E636F6D223B733A31303A226E6D5F6C656E676B6170223B733A31333A2241646D696E6973747261746F72223B733A363A22616C616D6174223B733A32313A224A6C2E204E67657372657020426172617420494949223B733A343A226B6F7461223B733A383A2253656D6172616E67223B733A323A226870223B733A31323A22303835373236383135313135223B733A323A226970223B733A393A223132372E302E302E31223B733A31343A226C6F67696E5F746572616B686972223B733A31393A22323032312D31312D31312030363A31303A3033223B733A383A2273745F616B746966223B733A313A2231223B733A353A2270686F746F223B733A31303A226176617461722E6A7067223B733A32303A2272657365745F70617373776F72645F746F6B656E223B4E3B733A31313A2276616C69645F7265736574223B4E3B733A31343A226F617574685F70726F7669646572223B4E3B733A393A226F617574685F756964223B4E3B733A31313A22706963747572655F75726C223B4E3B733A31313A2270726F66696C655F75726C223B4E3B733A363A2267656E646572223B4E3B733A363A226C6F63616C65223B4E3B733A31303A22637265617465645F6F6E223B733A31393A22323031362D30392D32382030353A34373A3537223B733A31313A226D6F6469666965645F6F6E223B733A31393A22323032312D31312D31312030363A31303A3033223B733A373A2264656C65746564223B733A313A2230223B7D736573735F6D6573696E5F636574616B7C613A373A7B733A373A2273745F76696577223B693A313B733A31313A2269645F6B617465676F7269223B733A313A2231223B733A383A226E6D5F6D6573696E223B733A31343A22436F6C6F72205072657373203731223B733A353A22616C696173223B733A323A223731223B733A363A226D65746F6465223B733A313A2231223B733A333A226B6574223B733A303A22223B733A353A2264745F6262223B613A323A7B693A303B613A333A7B733A353A2269645F6262223B733A313A2231223B733A353A226E6D5F6262223B733A31343A22436574616B204133205761726E61223B733A363A226870705F6262223B733A343A2234303030223B7D693A313B613A333A7B733A353A2269645F6262223B733A313A2232223B733A353A226E6D5F6262223B733A31323A22436574616B20413320425720223B733A363A226870705F6262223B733A343A2232303030223B7D7D7D62725F6D6173756B7C613A373A7B733A393A226E6F5F66616B747572223B733A32383A22464D323032314231594531313130413633513530364D313047364234223B733A31363A226E6F5F66616B7475725F6B656C756172223B733A303A22223B733A393A2274676C5F6D6173756B223B733A303A22223B733A31363A2269645F677564616E675F74756A75616E223B733A303A22223B733A353A226974656D73223B613A303A7B7D733A363A2267746F74616C223B693A303B733A333A226B6574223B733A303A22223B7D64745F70656D62656C69616E7C613A31363A7B733A393A226E6F5F66616B747572223B733A303A22223B733A31333A2269645F6B65646174616E67616E223B733A303A22223B733A353A226E6F5F706F223B733A303A22223B733A383A2274676C5F7472616E223B733A303A22223B733A343A2274797065223B693A313B733A31303A2274656D706F5F68617269223B733A303A22223B733A31333A2274656D706F5F74616E6767616C223B733A303A22223B733A353A226974656D73223B613A303A7B7D733A353A22746F74616C223B693A303B733A363A226469736B6F6E223B693A303B733A383A22706F746F6E67616E223B693A303B733A353A2270616A616B223B693A303B733A363A2267746F74616C223B693A303B733A31313A2269645F737570706C696572223B733A303A22223B733A383A2273745F70616A616B223B693A313B733A31353A226E6F5F66616B7475725F70616A616B223B733A303A22223B7D706F5F737570706C6965727C613A363A7B733A353A226E6F5F706F223B733A343A22504F2D32223B733A353A226974656D73223B613A303A7B7D733A363A2267746F74616C223B693A303B733A31333A2274616E6767616C5F6B6972696D223B733A303A22223B733A31303A226964737570706C696572223B733A303A22223B733A31353A2273656C65637465645F6E6F5F726571223B613A303A7B7D7D66726D5F7472616E73616B73697C613A31313A7B733A393A226B6F64655F7472616E223B733A32303A225452562F323032312F31312F31312D3030303031223B733A31303A2269646B6F6E73756D656E223B4E3B733A383A2274676C5F7472616E223B733A31303A2231312F31312F32303231223B733A31323A226D65746F64655F6261796172223B4E3B733A323A226470223B733A303A22223B733A353A226261796172223B733A303A22223B733A393A2274676C5F74656D706F223B4E3B733A363A2267746F74616C223B693A303B733A31323A226B7572616E675F6261796172223B693A303B733A393A226B656D62616C69616E223B693A303B733A363A2264657461696C223B613A303A7B7D7D677564616E675F6F72646572737C613A333A7B733A363A226E6F5F726571223B733A353A225245512D31223B733A353A226974656D73223B613A303A7B7D733A31333A2274616E6767616C5F6B6972696D223B733A303A22223B7D6F726465725F70726F64756B7C613A373A7B733A383A2269645F6F72646572223B733A303A22223B733A31323A226E6F5F7472616E73616B7369223B733A32313A225452582F323032312F313131312D30303030324431223B733A31313A2269645F6B6F6E73756D656E223B733A303A22223B733A363A226E6F5F746C70223B733A303A22223B733A393A2274676C5F6F72646572223B733A31303A22323032312D31312D3131223B733A31303A226C6973745F6F72646572223B613A303A7B7D733A353A2273745F706F223B693A303B7D),
	('l68nuclfq13ha2pop9s3n0icn3vtkp4e', '::1', 1636612504, _binary 0x5F5F63695F6C6173745F726567656E65726174657C693A313633363631323530343B7265717565737465645F706167657C733A303A22223B70726576696F75735F706167657C733A31333A22626172616E675F6B656C756172223B6170705F73657373696F6E7C613A32333A7B733A373A2269645F75736572223B733A313A2231223B733A383A22757365726E616D65223B733A353A2261646D696E223B733A383A2270617373776F7264223B733A36303A222432792430392453386A654A6B462E376A6E534656796F52526E71744F57424355584763644E716A5742474D7875414C544E6E79634A44624A455957223B733A353A22656D61696C223B733A32313A2273757769746F2E6C742B3140676D61696C2E636F6D223B733A31303A226E6D5F6C656E676B6170223B733A31333A2241646D696E6973747261746F72223B733A363A22616C616D6174223B733A32313A224A6C2E204E67657372657020426172617420494949223B733A343A226B6F7461223B733A383A2253656D6172616E67223B733A323A226870223B733A31323A22303835373236383135313135223B733A323A226970223B733A393A223132372E302E302E31223B733A31343A226C6F67696E5F746572616B686972223B733A31393A22323032312D31312D31312030363A31303A3033223B733A383A2273745F616B746966223B733A313A2231223B733A353A2270686F746F223B733A31303A226176617461722E6A7067223B733A32303A2272657365745F70617373776F72645F746F6B656E223B4E3B733A31313A2276616C69645F7265736574223B4E3B733A31343A226F617574685F70726F7669646572223B4E3B733A393A226F617574685F756964223B4E3B733A31313A22706963747572655F75726C223B4E3B733A31313A2270726F66696C655F75726C223B4E3B733A363A2267656E646572223B4E3B733A363A226C6F63616C65223B4E3B733A31303A22637265617465645F6F6E223B733A31393A22323031362D30392D32382030353A34373A3537223B733A31313A226D6F6469666965645F6F6E223B733A31393A22323032312D31312D31312030363A31303A3033223B733A373A2264656C65746564223B733A313A2230223B7D736573735F6D6573696E5F636574616B7C613A373A7B733A373A2273745F76696577223B693A313B733A31313A2269645F6B617465676F7269223B733A313A2231223B733A383A226E6D5F6D6573696E223B733A31343A22436F6C6F72205072657373203731223B733A353A22616C696173223B733A323A223731223B733A363A226D65746F6465223B733A313A2231223B733A333A226B6574223B733A303A22223B733A353A2264745F6262223B613A323A7B693A303B613A333A7B733A353A2269645F6262223B733A313A2231223B733A353A226E6D5F6262223B733A31343A22436574616B204133205761726E61223B733A363A226870705F6262223B733A343A2234303030223B7D693A313B613A333A7B733A353A2269645F6262223B733A313A2232223B733A353A226E6D5F6262223B733A31323A22436574616B20413320425720223B733A363A226870705F6262223B733A343A2232303030223B7D7D7D),
	('le84t5rsp7gee5il1sqshfi1k601aq0d', '::1', 1636614936, _binary 0x5F5F63695F6C6173745F726567656E65726174657C693A313633363631343933363B7265717565737465645F706167657C733A303A22223B70726576696F75735F706167657C733A31353A226B6F6E76657273695F73617475616E223B6170705F73657373696F6E7C613A32333A7B733A373A2269645F75736572223B733A313A2231223B733A383A22757365726E616D65223B733A353A2261646D696E223B733A383A2270617373776F7264223B733A36303A222432792430392453386A654A6B462E376A6E534656796F52526E71744F57424355584763644E716A5742474D7875414C544E6E79634A44624A455957223B733A353A22656D61696C223B733A32313A2273757769746F2E6C742B3140676D61696C2E636F6D223B733A31303A226E6D5F6C656E676B6170223B733A31333A2241646D696E6973747261746F72223B733A363A22616C616D6174223B733A32313A224A6C2E204E67657372657020426172617420494949223B733A343A226B6F7461223B733A383A2253656D6172616E67223B733A323A226870223B733A31323A22303835373236383135313135223B733A323A226970223B733A393A223132372E302E302E31223B733A31343A226C6F67696E5F746572616B686972223B733A31393A22323032312D31312D31312030363A31303A3033223B733A383A2273745F616B746966223B733A313A2231223B733A353A2270686F746F223B733A31303A226176617461722E6A7067223B733A32303A2272657365745F70617373776F72645F746F6B656E223B4E3B733A31313A2276616C69645F7265736574223B4E3B733A31343A226F617574685F70726F7669646572223B4E3B733A393A226F617574685F756964223B4E3B733A31313A22706963747572655F75726C223B4E3B733A31313A2270726F66696C655F75726C223B4E3B733A363A2267656E646572223B4E3B733A363A226C6F63616C65223B4E3B733A31303A22637265617465645F6F6E223B733A31393A22323031362D30392D32382030353A34373A3537223B733A31313A226D6F6469666965645F6F6E223B733A31393A22323032312D31312D31312030363A31303A3033223B733A373A2264656C65746564223B733A313A2230223B7D736573735F6D6573696E5F636574616B7C613A373A7B733A373A2273745F76696577223B693A313B733A31313A2269645F6B617465676F7269223B733A313A2231223B733A383A226E6D5F6D6573696E223B733A31343A22436F6C6F72205072657373203731223B733A353A22616C696173223B733A323A223731223B733A363A226D65746F6465223B733A313A2231223B733A333A226B6574223B733A303A22223B733A353A2264745F6262223B613A323A7B693A303B613A333A7B733A353A2269645F6262223B733A313A2231223B733A353A226E6D5F6262223B733A31343A22436574616B204133205761726E61223B733A363A226870705F6262223B733A343A2234303030223B7D693A313B613A333A7B733A353A2269645F6262223B733A313A2232223B733A353A226E6D5F6262223B733A31323A22436574616B20413320425720223B733A363A226870705F6262223B733A343A2232303030223B7D7D7D62725F6D6173756B7C613A373A7B733A393A226E6F5F66616B747572223B733A32383A22464D323032314231594531313130413633513530364D313047364234223B733A31363A226E6F5F66616B7475725F6B656C756172223B733A303A22223B733A393A2274676C5F6D6173756B223B733A303A22223B733A31363A2269645F677564616E675F74756A75616E223B733A303A22223B733A353A226974656D73223B613A303A7B7D733A363A2267746F74616C223B693A303B733A333A226B6574223B733A303A22223B7D64745F70656D62656C69616E7C613A31363A7B733A393A226E6F5F66616B747572223B733A303A22223B733A31333A2269645F6B65646174616E67616E223B733A303A22223B733A353A226E6F5F706F223B733A303A22223B733A383A2274676C5F7472616E223B733A303A22223B733A343A2274797065223B693A313B733A31303A2274656D706F5F68617269223B733A303A22223B733A31333A2274656D706F5F74616E6767616C223B733A303A22223B733A353A226974656D73223B613A303A7B7D733A353A22746F74616C223B693A303B733A363A226469736B6F6E223B693A303B733A383A22706F746F6E67616E223B693A303B733A353A2270616A616B223B693A303B733A363A2267746F74616C223B693A303B733A31313A2269645F737570706C696572223B733A303A22223B733A383A2273745F70616A616B223B693A313B733A31353A226E6F5F66616B7475725F70616A616B223B733A303A22223B7D706F5F737570706C6965727C613A363A7B733A353A226E6F5F706F223B733A343A22504F2D32223B733A353A226974656D73223B613A303A7B7D733A363A2267746F74616C223B693A303B733A31333A2274616E6767616C5F6B6972696D223B733A303A22223B733A31303A226964737570706C696572223B733A303A22223B733A31353A2273656C65637465645F6E6F5F726571223B613A303A7B7D7D66726D5F7472616E73616B73697C613A31313A7B733A393A226B6F64655F7472616E223B733A32303A225452562F323032312F31312F31312D3030303031223B733A31303A2269646B6F6E73756D656E223B4E3B733A383A2274676C5F7472616E223B733A31303A2231312F31312F32303231223B733A31323A226D65746F64655F6261796172223B4E3B733A323A226470223B733A303A22223B733A353A226261796172223B733A303A22223B733A393A2274676C5F74656D706F223B4E3B733A363A2267746F74616C223B693A303B733A31323A226B7572616E675F6261796172223B693A303B733A393A226B656D62616C69616E223B693A303B733A363A2264657461696C223B613A303A7B7D7D677564616E675F6F72646572737C613A333A7B733A363A226E6F5F726571223B733A353A225245512D31223B733A353A226974656D73223B613A303A7B7D733A31333A2274616E6767616C5F6B6972696D223B733A303A22223B7D66726D5F73657474696E675F68617267617C613A31333A7B733A393A2273745F70726F736573223B693A303B733A31363A2269645F73657474696E675F6861726761223B733A303A22223B733A31313A22746970655F70726F64756B223B693A303B733A383A226B617465676F7269223B733A303A22223B733A363A2270726F64756B223B733A303A22223B733A31343A226B617465676F72695F6861726761223B733A303A22223B733A383A2273745F72616E6765223B693A303B733A373A226A6D6C5F666978223B693A313B733A363A2273617475616E223B733A303A22223B733A353A226861726761223B733A303A22223B733A383A2268617267615F6279223B693A313B733A393A2273617475616E5F6279223B733A303A22223B733A363A22646166746172223B613A303A7B7D7D),
	('qkv39a9a91lttk0gidosojhm8csv51fn', '::1', 1636715544, _binary 0x5F5F63695F6C6173745F726567656E65726174657C693A313633363731343937353B7265717565737465645F706167657C733A303A22223B70726576696F75735F706167657C733A33373A226C61705F72656B61705F7472616E732F70656E6A75616C616E5F62795F6B617465676F7279223B6170705F73657373696F6E7C613A32333A7B733A373A2269645F75736572223B733A313A2231223B733A383A22757365726E616D65223B733A353A2261646D696E223B733A383A2270617373776F7264223B733A36303A222432792430392453386A654A6B462E376A6E534656796F52526E71744F57424355584763644E716A5742474D7875414C544E6E79634A44624A455957223B733A353A22656D61696C223B733A32313A2273757769746F2E6C742B3140676D61696C2E636F6D223B733A31303A226E6D5F6C656E676B6170223B733A31333A2241646D696E6973747261746F72223B733A363A22616C616D6174223B733A32313A224A6C2E204E67657372657020426172617420494949223B733A343A226B6F7461223B733A383A2253656D6172616E67223B733A323A226870223B733A31323A22303835373236383135313135223B733A323A226970223B733A393A223132372E302E302E31223B733A31343A226C6F67696E5F746572616B686972223B733A31393A22323032312D31312D31312030363A31313A3335223B733A383A2273745F616B746966223B733A313A2231223B733A353A2270686F746F223B733A31303A226176617461722E6A7067223B733A32303A2272657365745F70617373776F72645F746F6B656E223B4E3B733A31313A2276616C69645F7265736574223B4E3B733A31343A226F617574685F70726F7669646572223B4E3B733A393A226F617574685F756964223B4E3B733A31313A22706963747572655F75726C223B4E3B733A31313A2270726F66696C655F75726C223B4E3B733A363A2267656E646572223B4E3B733A363A226C6F63616C65223B4E3B733A31303A22637265617465645F6F6E223B733A31393A22323031362D30392D32382030353A34373A3537223B733A31313A226D6F6469666965645F6F6E223B733A31393A22323032312D31312D31312030363A31313A3335223B733A373A2264656C65746564223B733A313A2230223B7D),
	('ud0e85glg8i5mm65tmjomtkqk7itlq70', '::1', 1636714975, _binary 0x5F5F63695F6C6173745F726567656E65726174657C693A313633363731343937353B7265717565737465645F706167657C733A303A22223B70726576696F75735F706167657C733A31303A22626168616E5F62616B75223B6170705F73657373696F6E7C613A32333A7B733A373A2269645F75736572223B733A313A2231223B733A383A22757365726E616D65223B733A353A2261646D696E223B733A383A2270617373776F7264223B733A36303A222432792430392453386A654A6B462E376A6E534656796F52526E71744F57424355584763644E716A5742474D7875414C544E6E79634A44624A455957223B733A353A22656D61696C223B733A32313A2273757769746F2E6C742B3140676D61696C2E636F6D223B733A31303A226E6D5F6C656E676B6170223B733A31333A2241646D696E6973747261746F72223B733A363A22616C616D6174223B733A32313A224A6C2E204E67657372657020426172617420494949223B733A343A226B6F7461223B733A383A2253656D6172616E67223B733A323A226870223B733A31323A22303835373236383135313135223B733A323A226970223B733A393A223132372E302E302E31223B733A31343A226C6F67696E5F746572616B686972223B733A31393A22323032312D31312D31312030363A31313A3335223B733A383A2273745F616B746966223B733A313A2231223B733A353A2270686F746F223B733A31303A226176617461722E6A7067223B733A32303A2272657365745F70617373776F72645F746F6B656E223B4E3B733A31313A2276616C69645F7265736574223B4E3B733A31343A226F617574685F70726F7669646572223B4E3B733A393A226F617574685F756964223B4E3B733A31313A22706963747572655F75726C223B4E3B733A31313A2270726F66696C655F75726C223B4E3B733A363A2267656E646572223B4E3B733A363A226C6F63616C65223B4E3B733A31303A22637265617465645F6F6E223B733A31393A22323031362D30392D32382030353A34373A3537223B733A31313A226D6F6469666965645F6F6E223B733A31393A22323032312D31312D31312030363A31313A3335223B733A373A2264656C65746564223B733A313A2230223B7D);
/*!40000 ALTER TABLE `ci_sessions` ENABLE KEYS */;

-- Dumping structure for table webapp_ci_printing.deposit
CREATE TABLE IF NOT EXISTS `deposit` (
  `id_deposit` int(11) NOT NULL AUTO_INCREMENT,
  `idkonsumen` varchar(100) DEFAULT NULL,
  `st_in` tinyint(1) DEFAULT NULL COMMENT '1 = In\n0 = Out',
  `waktu` datetime DEFAULT NULL COMMENT 'waktu transaksi',
  `metode_bayar` tinyint(1) DEFAULT NULL COMMENT '1 = Cash\n2 = Transfer \n\ndiisi jika st_in = 1 (setor deposit)',
  `rekening_pengirim` varchar(45) DEFAULT NULL COMMENT 'Diisi jika metode pembayaran adalah 2 (transfer)',
  `file_resi` varchar(255) DEFAULT NULL COMMENT 'nama file resi transfer, diisi jika metodebayar = transfer',
  `nilai` double DEFAULT NULL COMMENT 'nilai deposit yang masuk',
  `saldo` double DEFAULT NULL COMMENT 'sisa deposit yang bisa dipakai/nilai deposit yang keluar',
  `ket` varchar(255) DEFAULT NULL COMMENT 'Keterangan tambahan ketika setor deposit/pemakaian deposit',
  `st_valid` tinyint(1) DEFAULT NULL COMMENT '0 = Tidak Valid\n1 = Valid\n2 = Menunggu pengecekan ke bank (jika metode bayar = transfer)',
  `created_on` datetime DEFAULT NULL,
  `created_by` bigint(20) DEFAULT NULL,
  `modified_on` datetime DEFAULT NULL,
  `modified_by` bigint(20) DEFAULT NULL,
  `deleted` tinyint(1) DEFAULT '0',
  `deleted_by` bigint(20) DEFAULT NULL,
  PRIMARY KEY (`id_deposit`)
) ENGINE=InnoDB AUTO_INCREMENT=3 DEFAULT CHARSET=latin1;

-- Dumping data for table webapp_ci_printing.deposit: ~2 rows (approximately)
/*!40000 ALTER TABLE `deposit` DISABLE KEYS */;
INSERT INTO `deposit` (`id_deposit`, `idkonsumen`, `st_in`, `waktu`, `metode_bayar`, `rekening_pengirim`, `file_resi`, `nilai`, `saldo`, `ket`, `st_valid`, `created_on`, `created_by`, `modified_on`, `modified_by`, `deleted`, `deleted_by`) VALUES
	(1, 'KONS2019030X4114605R655', 1, '2019-07-01 09:35:00', 1, '', NULL, 2000000, 2000000, 'test', 1, '2019-07-01 09:35:20', 1, NULL, NULL, 0, NULL),
	(2, 'KONS2019030X4114605R655', 0, '2021-01-10 08:18:27', NULL, NULL, NULL, 30000, 1970000, 'Pembayaran dengan deposit untuk transaksi : VLB/2021/01/10-00001', 1, '2021-01-10 08:18:27', 1, NULL, NULL, 0, NULL);
/*!40000 ALTER TABLE `deposit` ENABLE KEYS */;

-- Dumping structure for table webapp_ci_printing.gol_account_kas
CREATE TABLE IF NOT EXISTS `gol_account_kas` (
  `idgol` int(11) NOT NULL AUTO_INCREMENT,
  `nama` varchar(45) DEFAULT NULL,
  `ket` varchar(255) DEFAULT NULL,
  `created_on` datetime DEFAULT NULL,
  `deleted` tinyint(1) DEFAULT '0',
  PRIMARY KEY (`idgol`)
) ENGINE=InnoDB AUTO_INCREMENT=8 DEFAULT CHARSET=utf8;

-- Dumping data for table webapp_ci_printing.gol_account_kas: ~7 rows (approximately)
/*!40000 ALTER TABLE `gol_account_kas` DISABLE KEYS */;
INSERT INTO `gol_account_kas` (`idgol`, `nama`, `ket`, `created_on`, `deleted`) VALUES
	(1, 'Kas', NULL, NULL, 0),
	(2, 'Pendapatan', NULL, NULL, 0),
	(3, 'Beban', NULL, NULL, 0),
	(4, 'Perlengkapan', NULL, NULL, 0),
	(5, 'Peralatan', NULL, NULL, 0),
	(6, 'Piutang', NULL, NULL, 0),
	(7, 'Hutang', NULL, NULL, 0);
/*!40000 ALTER TABLE `gol_account_kas` ENABLE KEYS */;

-- Dumping structure for table webapp_ci_printing.gol_harga
CREATE TABLE IF NOT EXISTS `gol_harga` (
  `id_gol` int(10) unsigned NOT NULL AUTO_INCREMENT,
  `st_fix` tinyint(1) DEFAULT '0' COMMENT '1 = tidak boleh dihapus\n0 = boleh dihapus',
  `nm_gol` varchar(100) DEFAULT NULL,
  `st_go_konsumen` tinyint(1) DEFAULT '1' COMMENT '1 = golongan untuk konsumen\n2 = hanya muncul untuk golongan harga',
  `ket` text,
  `created_on` datetime DEFAULT NULL,
  `created_by` bigint(20) DEFAULT NULL,
  `deleted` tinyint(1) DEFAULT '0',
  `deleted_by` bigint(20) DEFAULT NULL,
  PRIMARY KEY (`id_gol`)
) ENGINE=InnoDB AUTO_INCREMENT=7 DEFAULT CHARSET=latin1;

-- Dumping data for table webapp_ci_printing.gol_harga: ~6 rows (approximately)
/*!40000 ALTER TABLE `gol_harga` DISABLE KEYS */;
INSERT INTO `gol_harga` (`id_gol`, `st_fix`, `nm_gol`, `st_go_konsumen`, `ket`, `created_on`, `created_by`, `deleted`, `deleted_by`) VALUES
	(1, 1, 'Umum', 1, NULL, NULL, NULL, 0, NULL),
	(2, 1, 'Reseller', 1, NULL, NULL, NULL, 0, NULL),
	(3, 1, 'Instansi', 1, NULL, NULL, NULL, 0, NULL),
	(4, 1, 'Promo', 0, '', NULL, NULL, 0, NULL),
	(5, 0, 'GOL 1', 1, 'test 123456', '2019-08-04 14:46:32', 1, 1, 1),
	(6, 0, 'Stiker', 1, '', '2019-08-05 09:45:52', 1, 0, NULL);
/*!40000 ALTER TABLE `gol_harga` ENABLE KEYS */;

-- Dumping structure for table webapp_ci_printing.groups
CREATE TABLE IF NOT EXISTS `groups` (
  `id_group` int(11) NOT NULL AUTO_INCREMENT,
  `nm_group` varchar(20) NOT NULL,
  `ket` varchar(100) NOT NULL,
  `st_default` tinyint(1) DEFAULT NULL COMMENT 'default group for new user',
  PRIMARY KEY (`id_group`)
) ENGINE=InnoDB AUTO_INCREMENT=10 DEFAULT CHARSET=utf8;

-- Dumping data for table webapp_ci_printing.groups: ~8 rows (approximately)
/*!40000 ALTER TABLE `groups` DISABLE KEYS */;
INSERT INTO `groups` (`id_group`, `nm_group`, `ket`, `st_default`) VALUES
	(1, 'administrator', 'Administrator', 0),
	(2, 'users', 'General User', 0),
	(3, 'resellers', 'Reseller', 1),
	(5, 'admin', 'Admin', 0),
	(6, 'kasir', 'Kasir', 0),
	(7, 'accounting', 'Accounting', 0),
	(8, 'operator', 'Operator', 0),
	(9, 'design', 'Design', 0);
/*!40000 ALTER TABLE `groups` ENABLE KEYS */;

-- Dumping structure for table webapp_ci_printing.group_menus
CREATE TABLE IF NOT EXISTS `group_menus` (
  `id` int(11) NOT NULL AUTO_INCREMENT,
  `group_name` varchar(45) DEFAULT NULL COMMENT 'Back End, Front End',
  PRIMARY KEY (`id`)
) ENGINE=InnoDB AUTO_INCREMENT=3 DEFAULT CHARSET=latin1;

-- Dumping data for table webapp_ci_printing.group_menus: ~2 rows (approximately)
/*!40000 ALTER TABLE `group_menus` DISABLE KEYS */;
INSERT INTO `group_menus` (`id`, `group_name`) VALUES
	(1, 'Back End'),
	(2, 'Front End');
/*!40000 ALTER TABLE `group_menus` ENABLE KEYS */;

-- Dumping structure for table webapp_ci_printing.group_permissions
CREATE TABLE IF NOT EXISTS `group_permissions` (
  `id_group` int(11) NOT NULL,
  `id_permission` int(11) NOT NULL,
  PRIMARY KEY (`id_group`,`id_permission`)
) ENGINE=InnoDB DEFAULT CHARSET=latin1;

-- Dumping data for table webapp_ci_printing.group_permissions: ~65 rows (approximately)
/*!40000 ALTER TABLE `group_permissions` DISABLE KEYS */;
INSERT INTO `group_permissions` (`id_group`, `id_permission`) VALUES
	(3, 125),
	(3, 126),
	(3, 127),
	(3, 128),
	(3, 138),
	(5, 208),
	(5, 209),
	(6, 45),
	(6, 46),
	(6, 47),
	(6, 48),
	(6, 49),
	(6, 50),
	(6, 51),
	(6, 52),
	(6, 53),
	(6, 54),
	(6, 55),
	(6, 56),
	(6, 57),
	(6, 58),
	(6, 59),
	(6, 60),
	(6, 109),
	(6, 110),
	(6, 111),
	(6, 112),
	(6, 129),
	(6, 130),
	(6, 139),
	(6, 140),
	(6, 141),
	(6, 142),
	(6, 161),
	(6, 162),
	(6, 163),
	(6, 174),
	(6, 179),
	(6, 210),
	(6, 211),
	(6, 212),
	(6, 213),
	(6, 214),
	(6, 215),
	(8, 129),
	(8, 130),
	(8, 174),
	(8, 175),
	(8, 176),
	(8, 177),
	(8, 178),
	(8, 179),
	(8, 181),
	(8, 182),
	(8, 183),
	(8, 184),
	(9, 57),
	(9, 58),
	(9, 59),
	(9, 60),
	(9, 113),
	(9, 114),
	(9, 115),
	(9, 116),
	(9, 138);
/*!40000 ALTER TABLE `group_permissions` ENABLE KEYS */;

-- Dumping structure for table webapp_ci_printing.gudang
CREATE TABLE IF NOT EXISTS `gudang` (
  `id_gudang` int(11) NOT NULL AUTO_INCREMENT,
  `nama_gudang` varchar(30) NOT NULL,
  `alamat` varchar(100) NOT NULL,
  `penanggung_jawab` varchar(30) NOT NULL,
  `tlp` varchar(15) NOT NULL,
  `tipe` tinyint(1) NOT NULL DEFAULT '1' COMMENT '1=Gudang Bahan baku\n2=Gudang Produksi',
  `created_on` datetime NOT NULL,
  `deleted` tinyint(4) NOT NULL DEFAULT '0',
  PRIMARY KEY (`id_gudang`)
) ENGINE=InnoDB AUTO_INCREMENT=3 DEFAULT CHARSET=latin1;

-- Dumping data for table webapp_ci_printing.gudang: ~2 rows (approximately)
/*!40000 ALTER TABLE `gudang` DISABLE KEYS */;
INSERT INTO `gudang` (`id_gudang`, `nama_gudang`, `alamat`, `penanggung_jawab`, `tlp`, `tipe`, `created_on`, `deleted`) VALUES
	(1, 'Gudang Bahan Baku', 'Malang', 'Afrizal', '08656474883', 1, '2018-02-27 04:17:29', 0),
	(2, 'Gudang Produksi', 'Semarang', '', '', 2, '2018-02-27 21:28:29', 0);
/*!40000 ALTER TABLE `gudang` ENABLE KEYS */;

-- Dumping structure for table webapp_ci_printing.gudang_order
CREATE TABLE IF NOT EXISTS `gudang_order` (
  `id_req` int(11) NOT NULL AUTO_INCREMENT,
  `no_req` varchar(50) DEFAULT NULL,
  `total` double DEFAULT NULL,
  `tanggal_kirim` date DEFAULT NULL COMMENT 'tanggal request dikirim',
  `st_req` tinyint(1) DEFAULT '0' COMMENT '0 = Belum diproses\n1 = Telah diproses\n2 = Dibatalkan oleh Admin\n3 = Dibatalkan oleh Gudang',
  `created_on` datetime DEFAULT NULL,
  `created_by` bigint(20) DEFAULT NULL,
  `modified_on` datetime DEFAULT NULL,
  `modified_by` bigint(20) DEFAULT NULL,
  `deleted` tinyint(1) DEFAULT '0',
  `deleted_by` bigint(20) DEFAULT NULL,
  PRIMARY KEY (`id_req`)
) ENGINE=InnoDB DEFAULT CHARSET=utf8;

-- Dumping data for table webapp_ci_printing.gudang_order: ~0 rows (approximately)
/*!40000 ALTER TABLE `gudang_order` DISABLE KEYS */;
/*!40000 ALTER TABLE `gudang_order` ENABLE KEYS */;

-- Dumping structure for table webapp_ci_printing.gudang_order_detail
CREATE TABLE IF NOT EXISTS `gudang_order_detail` (
  `id_detail_order` varchar(50) NOT NULL,
  `id_req` int(11) DEFAULT NULL,
  `id_barang` varchar(50) DEFAULT NULL,
  `qty` float DEFAULT NULL,
  `id_konversi` bigint(20) DEFAULT NULL,
  `harga` double DEFAULT NULL COMMENT 'Hpp Barang',
  `sub_total` double DEFAULT NULL,
  PRIMARY KEY (`id_detail_order`)
) ENGINE=InnoDB DEFAULT CHARSET=utf8;

-- Dumping data for table webapp_ci_printing.gudang_order_detail: ~0 rows (approximately)
/*!40000 ALTER TABLE `gudang_order_detail` DISABLE KEYS */;
/*!40000 ALTER TABLE `gudang_order_detail` ENABLE KEYS */;

-- Dumping structure for table webapp_ci_printing.identitas
CREATE TABLE IF NOT EXISTS `identitas` (
  `ididentitas` int(11) NOT NULL AUTO_INCREMENT,
  `nm_perusahaan` varchar(255) DEFAULT NULL,
  `alias` varchar(3) DEFAULT NULL,
  `alamat` text,
  `kota` varchar(45) DEFAULT NULL,
  `no_telp` varchar(255) DEFAULT NULL,
  `fax` varchar(255) DEFAULT NULL,
  `email` varchar(255) DEFAULT NULL,
  `website` varchar(255) DEFAULT NULL,
  `logo` varchar(255) DEFAULT NULL,
  `favicon` varchar(255) DEFAULT NULL,
  `report` varchar(45) DEFAULT NULL,
  PRIMARY KEY (`ididentitas`)
) ENGINE=InnoDB AUTO_INCREMENT=2 DEFAULT CHARSET=utf8;

-- Dumping data for table webapp_ci_printing.identitas: ~0 rows (approximately)
/*!40000 ALTER TABLE `identitas` DISABLE KEYS */;
INSERT INTO `identitas` (`ididentitas`, `nm_perusahaan`, `alias`, `alamat`, `kota`, `no_telp`, `fax`, `email`, `website`, `logo`, `favicon`, `report`) VALUES
	(1, 'CV. ORION GRAFIKA', 'ORI', 'Jalan Jaksa Agung Suprapto no 48\r\nSampang - Madura', 'Sampang', '082334075550', '-', 'grafikaorion@gmail.com', 'http://-', 'logo.png', 'favicon.png', 'report.png');
/*!40000 ALTER TABLE `identitas` ENABLE KEYS */;

-- Dumping structure for table webapp_ci_printing.jabatan
CREATE TABLE IF NOT EXISTS `jabatan` (
  `idjabatan` int(11) NOT NULL,
  `nm_jabatan` varchar(225) DEFAULT NULL,
  `st_worksheet` tinyint(1) DEFAULT '0' COMMENT '0 = Tidak harus disetting devault worksheetnya\n1 = harus disetting devault worksheetnya',
  `st_menu` tinyint(1) DEFAULT NULL COMMENT '0 = menu worksheet tidak perlu ditampilkan\n1 = menu worksheet ditampilkan ',
  `ket` varchar(45) DEFAULT NULL,
  PRIMARY KEY (`idjabatan`)
) ENGINE=InnoDB DEFAULT CHARSET=latin1;

-- Dumping data for table webapp_ci_printing.jabatan: ~11 rows (approximately)
/*!40000 ALTER TABLE `jabatan` DISABLE KEYS */;
INSERT INTO `jabatan` (`idjabatan`, `nm_jabatan`, `st_worksheet`, `st_menu`, `ket`) VALUES
	(1, 'Admin', 0, 0, ''),
	(2, 'Supervisor', 0, 0, ''),
	(3, 'Supervisor Produksi', 1, 0, ''),
	(4, 'Design', 0, 0, ''),
	(5, 'Operator', 0, 0, ''),
	(6, 'Operator Produksi', 1, 1, ''),
	(7, 'Kasir', 0, 0, ''),
	(8, 'Mandor Produksi', 1, 0, NULL),
	(9, 'Purchasing', 0, 0, ''),
	(10, 'Keuangan', 0, 0, ''),
	(11, 'Umum', 0, 0, NULL);
/*!40000 ALTER TABLE `jabatan` ENABLE KEYS */;

-- Dumping structure for table webapp_ci_printing.jaminan
CREATE TABLE IF NOT EXISTS `jaminan` (
  `id_jaminan` int(11) NOT NULL AUTO_INCREMENT,
  `idkonsumen` varchar(100) DEFAULT NULL,
  `st_in` tinyint(1) DEFAULT NULL COMMENT '1 = In\n0 = Out',
  `waktu` datetime DEFAULT NULL COMMENT 'waktu transaksi',
  `metode_bayar` tinyint(1) DEFAULT NULL COMMENT '1 = Cash\n2 = Transfer \n\ndiisi jika st_in = 1 (setor deposit)',
  `rekening_pengirim` varchar(45) DEFAULT NULL COMMENT 'Diisi jika metode pembayaran adalah 2 (transfer)',
  `file_resi` varchar(255) DEFAULT NULL COMMENT 'nama file resi transfer, diisi jika metodebayar = transfer',
  `nilai` double DEFAULT NULL COMMENT 'nilai deposit yang masuk/keluar',
  `saldo` double DEFAULT NULL COMMENT 'sisa deposit yang bisa dipakai',
  `ket` varchar(255) DEFAULT NULL COMMENT 'Keterangan tambahan ketika setor deposit/pemakaian deposit',
  `st_valid` tinyint(1) DEFAULT NULL COMMENT '0 = Tidak Valid\n1 = Valid\n2 = Menunggu pengecekan ke bank (jika metode bayar = transfer)',
  `created_on` datetime DEFAULT NULL,
  `created_by` bigint(20) DEFAULT NULL,
  `modified_on` datetime DEFAULT NULL,
  `modified_by` bigint(20) DEFAULT NULL,
  `deleted` tinyint(1) DEFAULT '0',
  `deleted_by` bigint(20) DEFAULT NULL,
  PRIMARY KEY (`id_jaminan`)
) ENGINE=InnoDB DEFAULT CHARSET=latin1;

-- Dumping data for table webapp_ci_printing.jaminan: ~0 rows (approximately)
/*!40000 ALTER TABLE `jaminan` DISABLE KEYS */;
/*!40000 ALTER TABLE `jaminan` ENABLE KEYS */;

-- Dumping structure for table webapp_ci_printing.jam_operasi
CREATE TABLE IF NOT EXISTS `jam_operasi` (
  `idjam_operasi` int(11) NOT NULL AUTO_INCREMENT,
  `hari` tinyint(1) DEFAULT NULL COMMENT '1 = senin\n2 = selasa\n3 = rabo\n4 = kamis\n5 = jum''at\n6 = senin\n7 = minggu',
  `jam_buka` time DEFAULT NULL,
  `jam_tutup` time DEFAULT NULL,
  `st_buka` tinyint(1) DEFAULT '1' COMMENT '0 = tutup\n1 = buka',
  `created_on` datetime DEFAULT NULL,
  `created_by` bigint(20) DEFAULT NULL,
  `modified_on` datetime DEFAULT NULL,
  `modified_by` bigint(20) DEFAULT NULL,
  `deleted` tinyint(1) DEFAULT '0',
  `deleted_by` bigint(20) DEFAULT NULL,
  PRIMARY KEY (`idjam_operasi`)
) ENGINE=InnoDB AUTO_INCREMENT=8 DEFAULT CHARSET=latin1;

-- Dumping data for table webapp_ci_printing.jam_operasi: ~7 rows (approximately)
/*!40000 ALTER TABLE `jam_operasi` DISABLE KEYS */;
INSERT INTO `jam_operasi` (`idjam_operasi`, `hari`, `jam_buka`, `jam_tutup`, `st_buka`, `created_on`, `created_by`, `modified_on`, `modified_by`, `deleted`, `deleted_by`) VALUES
	(1, 1, '08:00:00', '18:00:00', 1, NULL, NULL, '2019-05-07 17:34:22', 1, 0, NULL),
	(2, 2, '08:00:00', '18:00:00', 1, NULL, NULL, '2019-05-07 17:34:22', 1, 0, NULL),
	(3, 3, '08:00:00', '18:00:00', 1, NULL, NULL, '2019-05-07 17:34:22', 1, 0, NULL),
	(4, 4, '08:00:00', '18:00:00', 1, NULL, NULL, '2019-05-07 17:34:22', 1, 0, NULL),
	(5, 5, '08:00:00', '18:00:00', 1, NULL, NULL, '2019-05-07 17:34:22', 1, 0, NULL),
	(6, 6, '08:00:00', '18:00:00', 1, NULL, NULL, '2019-05-07 17:34:22', 1, 0, NULL),
	(7, 7, NULL, NULL, 0, NULL, NULL, '2019-05-07 17:34:22', 1, 0, NULL);
/*!40000 ALTER TABLE `jam_operasi` ENABLE KEYS */;

-- Dumping structure for table webapp_ci_printing.jam_operasi_khusus
CREATE TABLE IF NOT EXISTS `jam_operasi_khusus` (
  `idjam_operasi_khusus` bigint(20) NOT NULL AUTO_INCREMENT,
  `tgl` date DEFAULT NULL,
  `jam_buka` time DEFAULT NULL,
  `jam_tutup` time DEFAULT NULL,
  `st_buka` tinyint(1) DEFAULT '1' COMMENT '0 = tutup\n1 = buka\n',
  `created_on` datetime DEFAULT NULL,
  `created_by` bigint(20) DEFAULT NULL,
  `deleted` tinyint(1) DEFAULT '0',
  `deleted_by` bigint(20) DEFAULT NULL,
  PRIMARY KEY (`idjam_operasi_khusus`)
) ENGINE=InnoDB DEFAULT CHARSET=latin1;

-- Dumping data for table webapp_ci_printing.jam_operasi_khusus: ~0 rows (approximately)
/*!40000 ALTER TABLE `jam_operasi_khusus` DISABLE KEYS */;
/*!40000 ALTER TABLE `jam_operasi_khusus` ENABLE KEYS */;

-- Dumping structure for table webapp_ci_printing.jenis_bb
CREATE TABLE IF NOT EXISTS `jenis_bb` (
  `idjenis_bb` bigint(20) NOT NULL AUTO_INCREMENT,
  `nmjenis_bb` varchar(100) DEFAULT NULL,
  `ket` text,
  `created_on` datetime DEFAULT NULL,
  `created_by` bigint(20) DEFAULT NULL,
  `deleted` tinyint(1) DEFAULT '0',
  `deleted_by` bigint(20) DEFAULT NULL,
  PRIMARY KEY (`idjenis_bb`)
) ENGINE=InnoDB AUTO_INCREMENT=3 DEFAULT CHARSET=latin1 COMMENT='Jenis bahan baku / barang yang masuk gudang';

-- Dumping data for table webapp_ci_printing.jenis_bb: ~0 rows (approximately)
/*!40000 ALTER TABLE `jenis_bb` DISABLE KEYS */;
INSERT INTO `jenis_bb` (`idjenis_bb`, `nmjenis_bb`, `ket`, `created_on`, `created_by`, `deleted`, `deleted_by`) VALUES
	(1, 'Universal', '', '2018-03-20 09:11:57', 1, 0, NULL),
	(2, 'Bahan Mentah', '', '2021-11-10 06:25:23', 1, 0, NULL);
/*!40000 ALTER TABLE `jenis_bb` ENABLE KEYS */;

-- Dumping structure for table webapp_ci_printing.karyawan
CREATE TABLE IF NOT EXISTS `karyawan` (
  `idkaryawan` varchar(100) NOT NULL,
  `idjabatan` int(11) DEFAULT NULL,
  `nama` varchar(255) DEFAULT NULL,
  `id_user` int(11) DEFAULT NULL COMMENT 'user akses',
  `alamat` text,
  `kota` varchar(45) DEFAULT NULL,
  `telp` varchar(45) DEFAULT NULL,
  `wa` varchar(45) DEFAULT NULL,
  `email` varchar(500) DEFAULT NULL,
  `ket` text,
  `no_id` varchar(45) DEFAULT NULL COMMENT 'ID ktp',
  `st_fix` tinyint(1) DEFAULT '0' COMMENT '1 = fix, tidak boleh dihapus',
  `st_tampil` varchar(45) DEFAULT '1' COMMENT '1 = tampil\n2 = hidden',
  `created_on` datetime DEFAULT NULL,
  `created_by` bigint(20) DEFAULT NULL,
  `deleted` tinyint(1) DEFAULT '0',
  `deleted_by` bigint(20) DEFAULT NULL,
  PRIMARY KEY (`idkaryawan`)
) ENGINE=InnoDB DEFAULT CHARSET=latin1;

-- Dumping data for table webapp_ci_printing.karyawan: ~23 rows (approximately)
/*!40000 ALTER TABLE `karyawan` DISABLE KEYS */;
INSERT INTO `karyawan` (`idkaryawan`, `idjabatan`, `nama`, `id_user`, `alamat`, `kota`, `telp`, `wa`, `email`, `ket`, `no_id`, `st_fix`, `st_tampil`, `created_on`, `created_by`, `deleted`, `deleted_by`) VALUES
	('1', NULL, 'Administrator', 1, NULL, NULL, NULL, NULL, NULL, NULL, NULL, 1, '0', NULL, NULL, 0, NULL),
	('KY20180730163202L542', 6, 'Ina ', 12, 'Cendono', 'Kudus', '085641679016', '085641679016', '', '', '', 0, '1', '2018-07-30 16:32:02', NULL, 0, NULL),
	('KY20180731101854U585', 6, 'Muhammad Yusuf Abunaim', 13, '', '', '081228408689', '', '', '', '', 0, '1', '2018-07-31 10:18:54', NULL, 0, NULL),
	('KY20180731105942U469', 6, 'Tri Wahyu Utomo', 14, 'Cendono', 'Kudus', '089666932727', '089666932727', 'utomow754@gmail.com', 'setting', '', 0, '1', '2018-07-31 10:59:42', NULL, 0, NULL),
	('KY20180731110353D508', 6, 'Dika Robiyantoro', 15, 'Rembang', 'Rembang', '089655581089', '089655581089', 'dikarobi@gmail.com', 'operator outdoor', '3317142912950001', 0, '1', '2018-07-31 11:03:53', NULL, 0, NULL),
	('KY20180731162328U536', 6, 'Anisa MS', 16, 'Ploso, Jati', 'Kudus', '085786413831', '085786413831', 'anisa.ms30@yahoo.com', '', '', 0, '1', '2018-07-31 16:23:28', NULL, 0, NULL),
	('KY20180731164805H467', 6, 'Dwita Larasati', 17, 'cendono', 'Kudus', '0895411677422', '0895411677422', 'ditaojolali@gmail.com', '-', '3319097003980001', 0, '1', '2018-07-31 16:48:05', NULL, 0, NULL),
	('KY20180731165224D525', 7, 'Noor Khasanah', 18, 'Cendono', 'Kudus', '087708557346', '087708557346', 'noor121onk@gmail.com', '', '3319096109980003', 0, '1', '2018-07-31 16:52:24', NULL, 0, NULL),
	('KY20180731165435E498', 7, 'Krisna Aprilia', 19, 'Perum Indah Permai', 'Kudus', '085640891942', '085640891942', 'nananini645@gmail.com', '', '3319026804860002', 0, '1', '2018-07-31 16:54:35', NULL, 0, NULL),
	('KY20180731165650K469', 4, 'Kartika Noor Wahyu N.', 20, 'Prambatan Lor', 'Kudus', '081935155340', '081935155340', 'artnotonlytoday@icloud.com', '', '3319026705940002', 0, '1', '2018-07-31 16:56:50', NULL, 0, NULL),
	('KY20180731165833Z530', 4, 'Angga Setya N.', 21, 'Pati', 'Pati', '085800554664', '085800554664', 'anggasetyadg@icloud.com', '', '331', 0, '1', '2018-07-31 16:58:33', NULL, 0, NULL),
	('KY20180731170421I456', 6, 'Muhammad Abdul Kholiq', 22, 'Ploso, jati', 'Kudus', '085740224351', '085740224351', 'muhammadabdulkholiq28@gmail.com', '-', '3319032806940003', 0, '1', '2018-07-31 17:04:21', NULL, 1, NULL),
	('KY20180731170614I513', 4, 'Ali Mahmudi', 23, 'Jepara', 'Jepara', '085801794505', '085801794505', 'aly.mahmud123@gmail.com', '', '332009120900001', 0, '1', '2018-07-31 17:06:14', NULL, 1, NULL),
	('KY20190U11110I315685W3', 6, 'Silfi', 31, 'Gebog', 'kudus', '081315769575', '081315769575', 'silfi@gmail.com', '-', '', 0, '1', '2019-01-11 10:31:56', NULL, 0, NULL),
	('KY201A81OTH02911X40O0NE1842', 4, 'Nalita Handini', 25, 'Dersalam Kidul', 'Kudus', '058728769649', '058728769649', 'nalitahandini@gmail.com', '-', '3319074304950002', 0, '1', '2018-10-29 11:40:01', NULL, 0, NULL),
	('KY201E9TS011014411BZ779N6O', 1, 'Lia', 29, 'Kudus', 'Kudus', '081283286007', '081283286007', 'liasuruji@gmail.com', '-', '', 0, '1', '2019-01-10 14:41:17', NULL, 0, NULL),
	('KY201S81W0291210101218', 6, 'Nurul Ihwan', 27, 'Kramat Besar', 'Kudus', '089668816217', '089668816217', 'nurulihwan38@gmail.com', '-', '', 0, '1', '2018-10-29 12:10:10', NULL, 0, NULL),
	('KY20CW18AC1112044909124Q9', 1, 'Yonatan', 28, 'kudus', 'kudus', '081283286007', '081283286007', 'yonatansusanto@gmail.com', '-', '-', 0, '1', '2018-11-12 04:49:09', NULL, 0, NULL),
	('KY20T190U2L0619224575L3AO', 6, 'Outdoor', 32, 'pramuka 26', 'Kudus', '082220588501', '082220588501', 'valibriprint@gmail.com', '-', '-', 0, '1', '2019-02-06 19:22:45', NULL, 0, NULL),
	('KY2DKK0181029113R3181058NP', 11, 'Nurul Ihwan', 24, 'Kramat Besar', 'Kudus', '089668816217', '089668816217', 'nurulihwan38@gmail.com', '-', '-', 0, '1', '2018-10-29 11:33:18', NULL, 1, NULL),
	('KY2SX0E19Q02LE18110117NU705N', 6, 'Adi', 34, 'Jepara', 'Jepara', '085875639509', '085875639509', 'nurdinalifadis@gmail.com', '-', '-', 0, '1', '2019-02-18 11:01:17', NULL, 0, NULL),
	('KYH2019020O91305451117', 6, 'Filia', 33, 'Dawe', 'Kudus', '085740543506', '085740543506', 'filia96.kudus@gmail.com', '-', '', 0, '1', '2019-02-09 13:05:45', NULL, 0, NULL),
	('KYZ2GI01N8102911470H4802', 4, 'Nanung Arif', 26, 'Rembang', 'Rembang', '0895391197699', '0895391197699', 'nanungarif96@gmail.com', '-', '3317140906950003', 0, '1', '2018-10-29 11:47:04', NULL, 0, NULL);
/*!40000 ALTER TABLE `karyawan` ENABLE KEYS */;

-- Dumping structure for table webapp_ci_printing.karyawan_detail_worksheet
CREATE TABLE IF NOT EXISTS `karyawan_detail_worksheet` (
  `idkaryawan_detail_worksheet` varchar(50) NOT NULL,
  `idkaryawan` varchar(100) NOT NULL,
  `id_worksheet` int(11) NOT NULL COMMENT 'hanya diisi jika \nstatusnya : \nMandor / Supervisor, Operator\n',
  `ket` text,
  `created_on` datetime DEFAULT NULL,
  `created_by` bigint(20) DEFAULT NULL,
  `deleted` tinyint(1) DEFAULT '0',
  `deleted_by` bigint(20) DEFAULT NULL,
  PRIMARY KEY (`idkaryawan_detail_worksheet`)
) ENGINE=InnoDB DEFAULT CHARSET=latin1 COMMENT='hanya diisi jika status karyawan mandor / supervisor / operator';

-- Dumping data for table webapp_ci_printing.karyawan_detail_worksheet: ~30 rows (approximately)
/*!40000 ALTER TABLE `karyawan_detail_worksheet` DISABLE KEYS */;
INSERT INTO `karyawan_detail_worksheet` (`idkaryawan_detail_worksheet`, `idkaryawan`, `id_worksheet`, `ket`, `created_on`, `created_by`, `deleted`, `deleted_by`) VALUES
	('KY20180730163202P4910', 'KY20180730163202L542', 1, NULL, '2018-07-30 16:32:02', NULL, 0, NULL),
	('KY20180730163202P4911', 'KY20180730163202L542', 4, NULL, '2018-07-30 16:32:02', NULL, 1, NULL),
	('KY20180730163202P4912', 'KY20180730163202L542', 5, NULL, '2018-07-30 16:32:02', NULL, 1, NULL),
	('KY20180730163202P4913', 'KY20180730163202L542', 2, NULL, '2018-07-30 16:32:02', NULL, 1, NULL),
	('KY20180730163202P4914', 'KY20180730163202L542', 3, NULL, '2018-07-30 16:32:02', NULL, 1, NULL),
	('KY20180731101854O5250', 'KY20180731101854U585', 2, NULL, '2018-07-31 10:18:54', NULL, 0, NULL),
	('KY20180731102329Q4271', 'KY20180731101854U585', 3, NULL, '2018-07-31 10:23:29', NULL, 0, NULL),
	('KY20180731110353W4850', 'KY20180731110353D508', 1, NULL, '2018-07-31 11:03:53', NULL, 0, NULL),
	('KY20180731110353W4851', 'KY20180731110353D508', 4, NULL, '2018-07-31 11:03:53', NULL, 0, NULL),
	('KY20180731110353W4852', 'KY20180731110353D508', 5, NULL, '2018-07-31 11:03:53', NULL, 0, NULL),
	('KY20180731110353W4853', 'KY20180731110353D508', 2, NULL, '2018-07-31 11:03:53', NULL, 0, NULL),
	('KY20180731110353W4854', 'KY20180731110353D508', 3, NULL, '2018-07-31 11:03:53', NULL, 0, NULL),
	('KY20180731164805T4620', 'KY20180731164805H467', 1, NULL, '2018-07-31 16:48:05', NULL, 0, NULL),
	('KY20180731164805T4621', 'KY20180731164805H467', 4, NULL, '2018-07-31 16:48:05', NULL, 0, NULL),
	('KY20180731164805T4622', 'KY20180731164805H467', 5, NULL, '2018-07-31 16:48:05', NULL, 0, NULL),
	('KY20180731170421G5480', 'KY20180731170421I456', 5, NULL, '2018-07-31 17:04:21', NULL, 0, NULL),
	('KY201810291G21010A7L110', 'KY201S81W0291210101218', 5, NULL, '2018-10-29 12:10:10', NULL, 0, NULL),
	('KY2019020619254Y4P12970', 'KY20190U11110I315685W3', 1, NULL, '2019-02-06 19:25:44', NULL, 0, NULL),
	('KY2019052G4B1542257100', 'KYH2019020O91305451117', 3, NULL, '2019-05-24 15:42:25', NULL, 0, NULL),
	('KY201G81Y0L311418L1L4W6390', 'KY20180731105942U469', 1, NULL, '2018-10-31 14:18:14', NULL, 0, NULL),
	('KY201G81Y0L311418L1L4W6391', 'KY20180731105942U469', 2, NULL, '2018-10-31 14:18:14', NULL, 0, NULL),
	('KY201G81Y0L311418L1L4W6392', 'KY20180731105942U469', 3, NULL, '2018-10-31 14:18:14', NULL, 0, NULL),
	('KY20D190N211J1527191468I0', 'KY20180731162328U536', 1, NULL, '2019-02-11 15:27:19', NULL, 0, NULL),
	('KY20D190N211J1527191468I1', 'KY20180731162328U536', 4, NULL, '2019-02-11 15:27:19', NULL, 0, NULL),
	('KY20D190N211J1527191468I2', 'KY20180731162328U536', 5, NULL, '2019-02-11 15:27:19', NULL, 0, NULL),
	('KY20D190N211J1527191468I3', 'KY20180731162328U536', 2, NULL, '2019-02-11 15:27:19', NULL, 0, NULL),
	('KY20D190N211J1527191468I4', 'KY20180731162328U536', 3, NULL, '2019-02-11 15:27:19', NULL, 0, NULL),
	('KY2D0I1C9020619W22451A2150', 'KY20T190U2L0619224575L3AO', 3, NULL, '2019-02-06 19:22:45', NULL, 0, NULL),
	('KYVI2019XO021811B011711850', 'KY2SX0E19Q02LE18110117NU705N', 5, NULL, '2019-02-18 11:01:17', NULL, 0, NULL),
	('KYW201905X241541C22709K1', 'KY201S81W0291210101218', 3, NULL, '2019-05-24 15:41:22', NULL, 0, NULL);
/*!40000 ALTER TABLE `karyawan_detail_worksheet` ENABLE KEYS */;

-- Dumping structure for table webapp_ci_printing.kasir_order_po
CREATE TABLE IF NOT EXISTS `kasir_order_po` (
  `id_kasir_order_po` varchar(50) NOT NULL,
  `id_konsumen` varchar(50) DEFAULT NULL,
  `tgl_cetak` date DEFAULT NULL COMMENT 'tanggal cetak yang diminta oleh konsumen',
  `order_produk_id` varchar(50) DEFAULT NULL COMMENT 'id_order table order_produk',
  `created_on` datetime DEFAULT NULL,
  `created_by` int(11) DEFAULT NULL,
  `modified_on` datetime DEFAULT NULL,
  `modified_by` int(11) DEFAULT NULL,
  `deleted` tinyint(4) DEFAULT '0',
  `deleted_by` int(11) DEFAULT NULL,
  PRIMARY KEY (`id_kasir_order_po`)
) ENGINE=InnoDB DEFAULT CHARSET=latin1;

-- Dumping data for table webapp_ci_printing.kasir_order_po: ~0 rows (approximately)
/*!40000 ALTER TABLE `kasir_order_po` DISABLE KEYS */;
/*!40000 ALTER TABLE `kasir_order_po` ENABLE KEYS */;

-- Dumping structure for table webapp_ci_printing.kasir_order_po_detail
CREATE TABLE IF NOT EXISTS `kasir_order_po_detail` (
  `id_kasir_order_po_detail` varchar(50) NOT NULL,
  `id_kasir_order_po` varchar(50) DEFAULT NULL,
  `id_m_order_detail` varchar(50) DEFAULT NULL COMMENT 'id_detail_produk_order dari table m_order_product_detail',
  `jml_cetak` int(11) DEFAULT NULL,
  `st_acc_produksi` tinyint(1) DEFAULT '0',
  `st_produksi` tinyint(1) DEFAULT '0',
  `st_spk` tinyint(1) DEFAULT '0' COMMENT '0 = SPK belum diambil\n1= SPK sudah diambil',
  `id_spk` varchar(100) DEFAULT NULL,
  `ket` varchar(255) DEFAULT NULL,
  `created_on` datetime DEFAULT NULL,
  `created_by` int(11) DEFAULT NULL,
  `modified_on` datetime DEFAULT NULL,
  `modified_by` int(11) DEFAULT NULL,
  `deleted` tinyint(4) DEFAULT '0',
  `deleted_by` int(11) DEFAULT NULL,
  PRIMARY KEY (`id_kasir_order_po_detail`)
) ENGINE=InnoDB DEFAULT CHARSET=latin1;

-- Dumping data for table webapp_ci_printing.kasir_order_po_detail: ~0 rows (approximately)
/*!40000 ALTER TABLE `kasir_order_po_detail` DISABLE KEYS */;
/*!40000 ALTER TABLE `kasir_order_po_detail` ENABLE KEYS */;

-- Dumping structure for table webapp_ci_printing.kas_kasir
CREATE TABLE IF NOT EXISTS `kas_kasir` (
  `idkas_kasir` varchar(100) NOT NULL,
  `idkas_kasir_sumber` varchar(100) DEFAULT NULL COMMENT 'idkas_kasir_sumber saldo awal',
  `waktu_buat` datetime DEFAULT NULL COMMENT 'Waktu Kas Kasir pertama dibuat',
  `saldo_awal` double DEFAULT NULL,
  `st_close` tinyint(1) DEFAULT '0' COMMENT '0 = transaksi kasir masih dibuka.\n1 = transaksi kasir sudah diakhiri',
  `waktu_close` datetime DEFAULT NULL,
  `total_omset_nota` double DEFAULT '0' COMMENT 'Total Omset berdasarkan nota transaksi order yang ditransaksi pada Tgl yang bersangkutan',
  `total_piutang` double DEFAULT '0' COMMENT 'total piutang pada tanggal closing',
  `total_omset_nota_bb` double DEFAULT NULL COMMENT 'omset penjualan bahan baku',
  `total_piutang_nota_bb` double DEFAULT NULL COMMENT 'piutang bahan baku ',
  `total_masuk` double DEFAULT '0' COMMENT 'kas masuk',
  `total_keluar` double DEFAULT '0' COMMENT 'kas keluar\n',
  `total_debit` double DEFAULT '0' COMMENT 'total debit',
  `total_transfer` double DEFAULT '0' COMMENT 'total transferan',
  `total_deposit` double DEFAULT NULL COMMENT 'total dari pembayaran deposit',
  `total_dp` double DEFAULT '0' COMMENT 'total DP untuk transaksi revisi sebelum tgl aktiv',
  `total_pelunasan` double DEFAULT '0' COMMENT 'hanya rekap saja, sebagai data saja.',
  `total_pelunasan_nota_bb` double DEFAULT NULL COMMENT 'pelunasan piutang bahan baku, dimana notanya dibuat sebelum tgl closing',
  `total_bayar_hari_ini` double DEFAULT NULL COMMENT 'total pembayaran yang dilakukan hari ini',
  `saldo_akhir_system` double DEFAULT NULL COMMENT 'saldo akhir berdasarkan system',
  `saldo_revisi` double DEFAULT NULL COMMENT 'saldo revisi dari system.',
  `selisih` double DEFAULT NULL COMMENT 'selisih antara saldo system & saldo real',
  `st_selisih` tinyint(1) DEFAULT '0' COMMENT '0 = berkurang\n1 = bertambah',
  `ket_saldo_revisi` text COMMENT 'keterangan penyebab revisi',
  `saldo_akhir_final` double DEFAULT NULL COMMENT 'saldo akhir, paling akhir',
  `st_saldo_rolling` tinyint(1) DEFAULT '1' COMMENT '1 = Saldo boleh dipanggil untuk saldo awal kasir lain.\n0 = saldo diclose, tidak boleh dipakai oleh kasir lain, sebagai saldo awalnya',
  `st_reuse` tinyint(1) DEFAULT '0' COMMENT '0 = jika saldo kasir belum dipakai ulang\n1 = jika saldo kasir dipakai lagi / atau di rolling untuk kasir lain',
  `idkas_kasir_reuse` varchar(100) DEFAULT NULL COMMENT 'id_kas_kasir, yang menggunakan / me reuse saldo akhir sebagai saldo awalnya.',
  `created_on` datetime DEFAULT NULL,
  `created_by` bigint(20) DEFAULT NULL COMMENT 'sebagai acuan kasir yang meng open kas kasir.\n',
  `deleted` tinyint(1) DEFAULT '0',
  `deleted_by` bigint(20) DEFAULT NULL COMMENT 'total dari pembayaran deposit',
  PRIMARY KEY (`idkas_kasir`)
) ENGINE=InnoDB DEFAULT CHARSET=latin1 COMMENT='Master / Header dari kas kasir, untuk mempercepat query mendapatkan status terakhir kas kasir';

-- Dumping data for table webapp_ci_printing.kas_kasir: ~4 rows (approximately)
/*!40000 ALTER TABLE `kas_kasir` DISABLE KEYS */;
INSERT INTO `kas_kasir` (`idkas_kasir`, `idkas_kasir_sumber`, `waktu_buat`, `saldo_awal`, `st_close`, `waktu_close`, `total_omset_nota`, `total_piutang`, `total_omset_nota_bb`, `total_piutang_nota_bb`, `total_masuk`, `total_keluar`, `total_debit`, `total_transfer`, `total_deposit`, `total_dp`, `total_pelunasan`, `total_pelunasan_nota_bb`, `total_bayar_hari_ini`, `saldo_akhir_system`, `saldo_revisi`, `selisih`, `st_selisih`, `ket_saldo_revisi`, `saldo_akhir_final`, `st_saldo_rolling`, `st_reuse`, `idkas_kasir_reuse`, `created_on`, `created_by`, `deleted`, `deleted_by`) VALUES
	('20190I70109F255592A2', NULL, '2019-07-01 09:25:55', 1000000, 1, '2019-07-01 09:56:08', 5405600, 5405600, 0, 0, 0, 0, 0, 0, NULL, 0, 0, 0, 0, 1000000, 0, 0, 0, '', 1000000, 1, 1, '2019X0K70CS1I1JND64M224690', '2019-07-01 09:25:55', 1, 0, NULL),
	('2019X0K70CS1I1JND64M224690', '20190I70109F255592A2', '2019-07-01 16:42:24', 1000000, 0, NULL, 0, 0, NULL, NULL, 0, 0, 0, 0, NULL, 0, 0, NULL, NULL, NULL, NULL, NULL, 0, NULL, NULL, 1, 0, NULL, '2019-07-01 16:42:24', 1, 0, NULL),
	('J2V01X90819063KX754T464', NULL, '2019-08-19 06:37:54', 100000, 0, NULL, 0, 0, NULL, NULL, 0, 0, 0, 0, NULL, 0, 0, NULL, NULL, NULL, NULL, NULL, 0, NULL, NULL, 1, 0, NULL, '2019-08-19 06:37:54', 1, 0, NULL),
	('X20R1907NZ02KJ0H8584M1J1110', NULL, '2019-07-02 08:58:41', 10000000, 0, NULL, 0, 0, NULL, NULL, 0, 0, 0, 0, NULL, 0, 0, NULL, NULL, NULL, NULL, NULL, 0, NULL, NULL, 1, 0, NULL, '2019-07-02 08:58:41', 1, 0, NULL);
/*!40000 ALTER TABLE `kas_kasir` ENABLE KEYS */;

-- Dumping structure for table webapp_ci_printing.kas_kasir_closing_detail
CREATE TABLE IF NOT EXISTS `kas_kasir_closing_detail` (
  `id` varchar(100) NOT NULL,
  `idkas_kasir` varchar(100) NOT NULL,
  `idkategori` int(11) NOT NULL,
  `value` double DEFAULT NULL COMMENT 'nilai transaksi tiap kategori',
  `created_on` datetime DEFAULT NULL,
  `created_by` bigint(20) DEFAULT NULL,
  `deleted` tinyint(1) DEFAULT '0',
  `deleted_by` bigint(20) DEFAULT NULL COMMENT '0 : custome 1: fix',
  PRIMARY KEY (`id`)
) ENGINE=InnoDB DEFAULT CHARSET=latin1 COMMENT='hanya sebagai history dari transaksi by kategori yang direkap pada saat itu';

-- Dumping data for table webapp_ci_printing.kas_kasir_closing_detail: ~2 rows (approximately)
/*!40000 ALTER TABLE `kas_kasir_closing_detail` DISABLE KEYS */;
INSERT INTO `kas_kasir_closing_detail` (`id`, `idkas_kasir`, `idkategori`, `value`, `created_on`, `created_by`, `deleted`, `deleted_by`) VALUES
	('20190MS701095F60X84H8Q1', '20190I70109F255592A2', 1, 62100, '2019-07-01 09:56:08', 1, 0, NULL),
	('20N190WUY7UKRE010956KL08870', '20190I70109F255592A2', 2, 5343407.3472, '2019-07-01 09:56:08', 1, 0, NULL);
/*!40000 ALTER TABLE `kas_kasir_closing_detail` ENABLE KEYS */;

-- Dumping structure for table webapp_ci_printing.kas_kasir_detail
CREATE TABLE IF NOT EXISTS `kas_kasir_detail` (
  `idkas_kasir_detail` varchar(100) NOT NULL,
  `idkas_kasir` varchar(100) NOT NULL,
  `st_saldo_awal` tinyint(1) DEFAULT '0' COMMENT '0 = bukan saldo\n1 = saldo awal',
  `waktu` timestamp NULL DEFAULT NULL,
  `ket` text,
  `st_metode` tinyint(1) DEFAULT '0' COMMENT '0 = cash\n1 = debit 	-> bank\n2 = transfer 	-> bank\n3 = deposit 	-> mengurangi saldo deposit konsumen',
  `jumlah` double DEFAULT NULL,
  `status` tinyint(1) DEFAULT NULL COMMENT '0 = uang keluar\n1 = uang bertambah\n2 = uang bertambah bukan cash, tidak ikut dijumlah( debit , transfer )',
  `saldo` double DEFAULT NULL COMMENT 'saldo hanya untuk status 0 / 1',
  `order` tinyint(1) DEFAULT '0' COMMENT 'untuk memastikan urutan yang benar saat perhitungan saldo akhir',
  `created_on` datetime DEFAULT NULL,
  `created_by` bigint(20) DEFAULT NULL COMMENT 'sebagai acuan kasir yang meng open kas kasir.\n',
  `deleted` tinyint(1) DEFAULT '0',
  `deleted_by` bigint(20) DEFAULT NULL,
  PRIMARY KEY (`idkas_kasir_detail`)
) ENGINE=InnoDB DEFAULT CHARSET=latin1;

-- Dumping data for table webapp_ci_printing.kas_kasir_detail: ~13 rows (approximately)
/*!40000 ALTER TABLE `kas_kasir_detail` DISABLE KEYS */;
INSERT INTO `kas_kasir_detail` (`idkas_kasir_detail`, `idkas_kasir`, `st_saldo_awal`, `waktu`, `ket`, `st_metode`, `jumlah`, `status`, `saldo`, `order`, `created_on`, `created_by`, `deleted`, `deleted_by`) VALUES
	('20190701F1642S24229', '2019X0K70CS1I1JND64M224690', 1, '2019-07-01 09:42:24', 'Saldo Awal', 0, 1000000, 1, 1000000, 0, '2019-07-01 16:42:24', 1, 0, NULL),
	('20190702093E40514D4', 'X20R1907NZ02KJ0H8584M1J1110', 0, '2019-07-02 02:34:05', 'Pelunasan transaksi revisi untuk transaksi : VLB/2019/07/02-00002', 0, 0, 1, 10000000, 0, '2019-07-02 09:34:05', 1, 0, NULL),
	('2019070209M36L59541', 'X20R1907NZ02KJ0H8584M1J1110', 0, '2019-07-02 02:36:59', 'Pelunasan transaksi revisi untuk transaksi : VLB/2019/07/02-00003', 0, 0, 1, 10000000, 0, '2019-07-02 09:36:59', 1, 0, NULL),
	('202101080F0165982G3', '2019X0K70CS1I1JND64M224690', 0, '2021-01-08 00:16:59', 'Pelunasan transaksi untuk transaksi : VLB/2019/07/01-00001', 0, 5545600, 1, 6732600, 0, '2021-01-08 00:16:59', 1, 0, NULL),
	('20B19070109PP2WV55C5E9C86I', '20190I70109F255592A2', 1, '2019-07-01 02:25:55', 'Saldo Awal', 0, 1000000, 1, 1000000, 0, '2019-07-01 09:25:55', 1, 0, NULL),
	('2N01907PKY0208584120I0', 'X20R1907NZ02KJ0H8584M1J1110', 1, '2019-07-02 01:58:41', 'Saldo Awal', 0, 10000000, 1, 10000000, 0, '2019-07-02 08:58:41', 1, 0, NULL),
	('B20OA19081LDP9063QZ75Q4208', 'J2V01X90819063KX754T464', 1, '2019-08-18 23:37:54', 'Saldo Awal', 0, 100000, 1, 100000, 0, '2019-08-19 06:37:54', 1, 0, NULL),
	('FEAD2019Z0701D16K42U3N4279', '2019X0K70CS1I1JND64M224690', 0, '2019-07-01 09:42:34', 'Pelunasan transaksi revisi untuk transaksi : VLB/2019/07/01-00003', 0, 0, 1, 1000000, 0, '2019-07-01 16:42:34', 1, 0, NULL),
	('H20210Y108Q0KA0113299O2', '2019X0K70CS1I1JND64M224690', 0, '2021-01-08 00:11:32', 'Dibayar transaksi VLB/2021/01/08-00001', 0, 127000, 1, 1187000, 0, '2021-01-08 00:11:32', 1, 0, NULL),
	('P201M9121I4181653NRPXY504', '2019X0K70CS1I1JND64M224690', 0, '2019-12-14 18:16:53', 'Dibayar transaksi VLB/2019/12/14-00001', 0, 60000, 1, 1060000, 0, '2019-12-14 18:16:53', 1, 0, NULL),
	('R20190701093F41Q5Z431', '20190I70109F255592A2', 0, '2019-07-01 02:34:15', 'Pelunasan transaksi revisi untuk transaksi : VLB/2019/07/01-00002', 0, 0, 1, 1000000, 0, '2019-07-01 09:34:15', 1, 0, NULL),
	('U202101MN100AI818MDE2761K0', '2019X0K70CS1I1JND64M224690', 0, '2021-01-10 08:18:27', 'Pembayaran dengan deposit untuk transaksi : VLB/2021/01/10-00001', 3, 30000, 1, 6732600, 0, '2021-01-10 08:18:27', 1, 0, NULL),
	('V20EH19P08190639Z3739U0', 'J2V01X90819063KX754T464', 0, '2019-08-18 23:39:37', 'Pelunasan transaksi revisi untuk transaksi : VLB/2019/08/19-00001', 0, 0, 1, 100000, 0, '2019-08-19 06:39:37', 1, 0, NULL);
/*!40000 ALTER TABLE `kas_kasir_detail` ENABLE KEYS */;

-- Dumping structure for table webapp_ci_printing.kategori
CREATE TABLE IF NOT EXISTS `kategori` (
  `idkategori` int(11) NOT NULL AUTO_INCREMENT,
  `nmkategori` varchar(100) DEFAULT NULL,
  `ket` text,
  `st_fix` tinyint(1) DEFAULT '0' COMMENT '1 = tidak boleh dihapus\n0 = boleh dihapus',
  `p` int(11) DEFAULT '0' COMMENT 'dalam mm / satuan terkecil\n',
  `l` int(11) DEFAULT '0' COMMENT 'dalam mm / satuan terkecil',
  `st_ukuran` tinyint(1) DEFAULT '0' COMMENT '0 : custome 1: fix',
  `p_tampil` int(11) DEFAULT NULL,
  `l_tampil` int(11) DEFAULT NULL,
  `id_konversi` int(11) DEFAULT NULL,
  `st_hanya_finishing` tinyint(1) DEFAULT '0' COMMENT '0 = dipakai semua tipe produk. FInishing dan produk\n1 = hanya dipakai untuk tipe finishing',
  `created_on` datetime DEFAULT NULL,
  `created_by` bigint(20) DEFAULT NULL,
  `deleted` tinyint(1) DEFAULT '0',
  `deleted_by` bigint(20) DEFAULT NULL COMMENT '0 : custome 1: fix',
  PRIMARY KEY (`idkategori`)
) ENGINE=InnoDB AUTO_INCREMENT=8 DEFAULT CHARSET=latin1 COMMENT='kategori product\nBaik untuk produk jual / bahan baku';

-- Dumping data for table webapp_ci_printing.kategori: ~6 rows (approximately)
/*!40000 ALTER TABLE `kategori` DISABLE KEYS */;
INSERT INTO `kategori` (`idkategori`, `nmkategori`, `ket`, `st_fix`, `p`, `l`, `st_ukuran`, `p_tampil`, `l_tampil`, `id_konversi`, `st_hanya_finishing`, `created_on`, `created_by`, `deleted`, `deleted_by`) VALUES
	(1, 'A3', '', 1, 420, 297, 1, NULL, NULL, NULL, 0, NULL, NULL, 0, NULL),
	(2, 'OUTDOOR', '', 1, 0, 0, 0, NULL, NULL, NULL, 0, NULL, NULL, 0, NULL),
	(3, 'INDOOR', '', 1, 0, 0, 0, NULL, NULL, NULL, 0, NULL, NULL, 0, NULL),
	(4, 'CUTTING', '', 1, 0, 0, 0, NULL, NULL, NULL, 0, NULL, NULL, 0, NULL),
	(5, 'UNIVERSAL', 'untuk semua kategori, biasanya dipakai untuk finishing', 1, 0, 0, 0, NULL, NULL, NULL, 1, NULL, NULL, 0, NULL),
	(6, 'LAIN-LAIN', 'LAIN-LAIN', 0, 0, 0, 0, NULL, NULL, NULL, 0, '2019-01-31 12:24:09', 1, 0, NULL),
	(7, 'KARDUS', 'KARDUS', 0, 0, 100000, 0, 100, 100, 12, 0, '2021-11-11 06:22:25', 1, 0, NULL);
/*!40000 ALTER TABLE `kategori` ENABLE KEYS */;

-- Dumping structure for table webapp_ci_printing.kategori_harga
CREATE TABLE IF NOT EXISTS `kategori_harga` (
  `idkategori_harga` int(11) NOT NULL,
  `nm_kategori` varchar(45) DEFAULT NULL,
  `ket` text,
  `st_range_harga` tinyint(1) DEFAULT NULL COMMENT 'Value berupa\n0 = menggunakan range | misalkan 1 - 4, 1 s/d 20\n1 = fix harga untuk 1 unit.	',
  `st_hanya_cetak` tinyint(1) DEFAULT '0' COMMENT '0 = menggunakan bahan\n1 = tanpa bahan, hanya cetak saja',
  `created_on` datetime DEFAULT NULL,
  `created_by` bigint(20) DEFAULT NULL,
  `deleted` tinyint(1) DEFAULT '0',
  `deleted_by` bigint(20) DEFAULT NULL,
  PRIMARY KEY (`idkategori_harga`)
) ENGINE=InnoDB DEFAULT CHARSET=latin1;

-- Dumping data for table webapp_ci_printing.kategori_harga: ~3 rows (approximately)
/*!40000 ALTER TABLE `kategori_harga` DISABLE KEYS */;
INSERT INTO `kategori_harga` (`idkategori_harga`, `nm_kategori`, `ket`, `st_range_harga`, `st_hanya_cetak`, `created_on`, `created_by`, `deleted`, `deleted_by`) VALUES
	(1, 'umum', 'harga untuk konsumen normal', 0, 0, NULL, NULL, 0, NULL),
	(2, 'reseller', 'harga spesial untuk reseller', 0, 0, NULL, NULL, 0, NULL),
	(3, 'promo', 'harga spesial untuk hari / waktu tertentu yang telah disetting', 0, 0, NULL, NULL, 0, NULL);
/*!40000 ALTER TABLE `kategori_harga` ENABLE KEYS */;

-- Dumping structure for table webapp_ci_printing.kedatangan_barang
CREATE TABLE IF NOT EXISTS `kedatangan_barang` (
  `id_kedatangan` varchar(50) NOT NULL,
  `no_nota` varchar(100) DEFAULT NULL,
  `id_supplier` varchar(50) DEFAULT NULL,
  `id_gudang` int(11) DEFAULT NULL,
  `tgl_kedatangan` date DEFAULT NULL,
  `gtotal` double DEFAULT NULL,
  `ket` varchar(255) DEFAULT NULL,
  `created_on` datetime DEFAULT NULL,
  `created_by` bigint(20) DEFAULT NULL,
  `deleted` tinyint(1) DEFAULT '0',
  `deleted_by` bigint(20) DEFAULT NULL,
  PRIMARY KEY (`id_kedatangan`)
) ENGINE=InnoDB DEFAULT CHARSET=utf8;

-- Dumping data for table webapp_ci_printing.kedatangan_barang: ~0 rows (approximately)
/*!40000 ALTER TABLE `kedatangan_barang` DISABLE KEYS */;
INSERT INTO `kedatangan_barang` (`id_kedatangan`, `no_nota`, `id_supplier`, `id_gudang`, `tgl_kedatangan`, `gtotal`, `ket`, `created_on`, `created_by`, `deleted`, `deleted_by`) VALUES
	('FKB20N2101162F1562TDAOZU7820', '125478', 'spl20210116L2158N041017', 1, '2021-01-17', 0, 'untuk bulan ini', '2021-01-16 21:59:29', 1, 0, NULL);
/*!40000 ALTER TABLE `kedatangan_barang` ENABLE KEYS */;

-- Dumping structure for table webapp_ci_printing.kedatangan_detail
CREATE TABLE IF NOT EXISTS `kedatangan_detail` (
  `id_kedatangan_detail` varchar(50) NOT NULL,
  `id_kedatangan` varchar(50) NOT NULL,
  `id_barang` varchar(50) DEFAULT NULL,
  `qty` float DEFAULT NULL,
  `id_konversi` int(11) DEFAULT NULL,
  `harga` float DEFAULT NULL,
  `subtotal` float DEFAULT NULL,
  `st_bonus` tinyint(1) DEFAULT '0' COMMENT '0 = Bukan Bonus\n1 = Bonus',
  PRIMARY KEY (`id_kedatangan_detail`)
) ENGINE=InnoDB DEFAULT CHARSET=utf8;

-- Dumping data for table webapp_ci_printing.kedatangan_detail: ~0 rows (approximately)
/*!40000 ALTER TABLE `kedatangan_detail` DISABLE KEYS */;
INSERT INTO `kedatangan_detail` (`id_kedatangan_detail`, `id_kedatangan`, `id_barang`, `qty`, `id_konversi`, `harga`, `subtotal`, `st_bonus`) VALUES
	('2Y021011M6215929660', 'FKB20N2101162F1562TDAOZU7820', 'BB20180730104901A482', 10, 9, 0, 0, 0);
/*!40000 ALTER TABLE `kedatangan_detail` ENABLE KEYS */;

-- Dumping structure for table webapp_ci_printing.ket_log_proses
CREATE TABLE IF NOT EXISTS `ket_log_proses` (
  `id_ket` int(11) NOT NULL,
  `isi` varchar(255) DEFAULT NULL,
  `ket` text,
  PRIMARY KEY (`id_ket`)
) ENGINE=InnoDB DEFAULT CHARSET=latin1;

-- Dumping data for table webapp_ci_printing.ket_log_proses: ~0 rows (approximately)
/*!40000 ALTER TABLE `ket_log_proses` DISABLE KEYS */;
/*!40000 ALTER TABLE `ket_log_proses` ENABLE KEYS */;

-- Dumping structure for table webapp_ci_printing.ket_proses_order
CREATE TABLE IF NOT EXISTS `ket_proses_order` (
  `idket_proses_order` int(11) NOT NULL AUTO_INCREMENT,
  `ket` varchar(255) DEFAULT NULL,
  PRIMARY KEY (`idket_proses_order`)
) ENGINE=InnoDB AUTO_INCREMENT=11 DEFAULT CHARSET=latin1;

-- Dumping data for table webapp_ci_printing.ket_proses_order: ~10 rows (approximately)
/*!40000 ALTER TABLE `ket_proses_order` DISABLE KEYS */;
INSERT INTO `ket_proses_order` (`idket_proses_order`, `ket`) VALUES
	(1, 'Dokumen SPK Dibuat'),
	(2, 'Revisi Jumlah Order'),
	(3, 'SPK Diambil Produksi'),
	(4, 'Update Proses Produksi'),
	(5, 'Batalkan Proses Produksi'),
	(6, 'Collecting'),
	(7, 'Dokumen SPK Dibuat Setelah Proses Kasir'),
	(8, 'Dokumen SPK Dibuat Karena Revisi Jumlah Order'),
	(9, 'Dokumen SPK Dibuat Karena Pembatalan Produksi'),
	(10, 'Dokumen SPK Diambil');
/*!40000 ALTER TABLE `ket_proses_order` ENABLE KEYS */;

-- Dumping structure for table webapp_ci_printing.kolekting
CREATE TABLE IF NOT EXISTS `kolekting` (
  `idkolekting` varchar(100) NOT NULL,
  `id_detail_produk_order` varchar(50) NOT NULL COMMENT 'sumber m_order_detail',
  `kode_universal` varchar(100) DEFAULT NULL COMMENT 'sumber m_order_detail',
  `jml` int(11) DEFAULT NULL COMMENT 'jml yang dicollecting',
  `st_bypass` tinyint(1) DEFAULT '0' COMMENT '0 = organik / manual\n1 = bypass / langsung dianggap komplet',
  `created_on` datetime DEFAULT NULL,
  `created_by` int(11) DEFAULT NULL,
  `deleted` tinyint(1) NOT NULL DEFAULT '0',
  `deleted_by` int(11) DEFAULT NULL,
  `ket_delete` text,
  PRIMARY KEY (`idkolekting`)
) ENGINE=InnoDB DEFAULT CHARSET=latin1 COMMENT='Sebagai detail dari order_produk\ndan sebagai penjelasan dari order_produk_detail';

-- Dumping data for table webapp_ci_printing.kolekting: ~0 rows (approximately)
/*!40000 ALTER TABLE `kolekting` DISABLE KEYS */;
/*!40000 ALTER TABLE `kolekting` ENABLE KEYS */;

-- Dumping structure for table webapp_ci_printing.konsumen
CREATE TABLE IF NOT EXISTS `konsumen` (
  `idkonsumen` varchar(100) NOT NULL,
  `panggilan` varchar(45) DEFAULT 'sdr' COMMENT 'panggilan ke konsumen.\n"Bpk", "Ibu", "Sdr", "Mr", "Mrs", " "\ndiisi manual ke select',
  `nama` varchar(255) DEFAULT NULL,
  `st` tinyint(1) DEFAULT NULL COMMENT 'id gol_harga juga gol konsumen\n\n0 = konsumen biasa\\n1 = reseller\\n2 = instansi / perusahaan',
  `alamat` text,
  `kota` varchar(45) DEFAULT NULL,
  `koordinat` varchar(500) DEFAULT NULL COMMENT 'koordinat peta lokasi',
  `telp` varchar(45) DEFAULT NULL,
  `wa` varchar(45) DEFAULT NULL,
  `email` varchar(500) DEFAULT NULL,
  `id_user` int(11) NOT NULL,
  `ket` text,
  `st_tmp` tinyint(1) DEFAULT '0',
  `deposit` double DEFAULT '0',
  `created_on` datetime DEFAULT NULL,
  `created_by` bigint(20) DEFAULT NULL,
  `deleted` tinyint(1) DEFAULT '0',
  `deleted_by` bigint(20) DEFAULT NULL,
  PRIMARY KEY (`idkonsumen`)
) ENGINE=InnoDB DEFAULT CHARSET=latin1;

-- Dumping data for table webapp_ci_printing.konsumen: ~2,842 rows (approximately)
/*!40000 ALTER TABLE `konsumen` DISABLE KEYS */;
INSERT INTO `konsumen` (`idkonsumen`, `panggilan`, `nama`, `st`, `alamat`, `kota`, `koordinat`, `telp`, `wa`, `email`, `id_user`, `ket`, `st_tmp`, `deposit`, `created_on`, `created_by`, `deleted`, `deleted_by`) VALUES
	('KONS201810291JX41C4087F64', 'Ibu.', 'maya crealytoys', 3, 'getas', 'kudus', NULL, '+62 878-3334-6784', '+62 878-3334-6784', '', 0, '', 0, 0, '2018-10-29 14:14:08', 19, 0, NULL),
	('KONS20181029V1429T1E8NTLT1NW5Q85', 'Sdr.', 'Kreatif Printing', 3, 'jepara', 'jepara', NULL, '+62 812-3911-6605', '+62 812-3911-6605', 'saleskreativa@gmail.com', 0, '', 0, 0, '2018-10-29 14:29:18', 19, 0, NULL),
	('KONS2018102A91B0482075E2', 'Bpk.', 'Safak', 3, 'Melati', 'kudus', NULL, '085875404214', '085875404214', '', 0, '', 0, 0, '2018-10-29 10:48:20', 14, 0, NULL),
	('KONS2018102O9N10P583U9OC776', 'Bpk.', 'Herry', 3, 'Kudus', 'Kudus', NULL, '-', '-', '', 0, '-', 0, 0, '2018-10-29 10:58:39', 1, 0, NULL),
	('KONS20181030I105Y2R05117L9', 'Sdr.', 'Efendi', 3, 'Dersalam', 'kudus', NULL, '082327258826', '082327258826', '', 0, '', 0, 0, '2018-10-30 10:52:05', 26, 0, NULL),
	('KONS20181031092Z7257FV68U', 'Sdr.', 'anam', 3, 'kudus', 'kudus', NULL, '', '', '', 0, '', 0, 0, '2018-10-31 09:27:25', 25, 0, NULL),
	('KONS2018103109511GH1754', 'Sdr.', 'Fani', 3, 'rendeng', 'KUDUS', NULL, '085643162353', '085643162353', '', 0, '', 0, 0, '2018-10-31 09:51:11', 25, 0, NULL),
	('KONS20181031130621FH1K240', 'Sdr.', 'BURHAN', 3, 'KUDUS', 'kudus', NULL, '085640343585', '', '', 0, '', 0, 0, '2018-10-31 13:06:21', 21, 0, NULL),
	('KONS201810311440Y5Q11058', 'Sdr.', 'AAN', 3, 'cendono', 'kudus', NULL, '+62 815-7797-450', '+62 815-7797-450', '', 0, '', 0, 0, '2018-10-31 14:40:51', 19, 0, NULL),
	('KONS20181031DNFE1IX321381QZ0D85', 'Sdr.', 'Fais', 3, '-', '-', NULL, '-', '-', '', 0, '', 0, 0, '2018-10-31 13:21:38', 25, 0, NULL),
	('KONS20181031V1LT31Y80X010I44RRX', 'CV.', 'Daycare', 3, 'kudus permai', 'kudus', NULL, '-', '-', '', 0, '', 0, 0, '2018-10-31 13:18:00', 25, 0, NULL),
	('KONS2018103B1K1626451433', 'Sdr.', 'ARINA', 3, 'KERJASAN NO 2', 'KUDUS', NULL, '082324459950', '082324459950', '', 0, '', 0, 0, '2018-10-31 16:26:45', 20, 0, NULL),
	('KONS2018103CN01219DD0M5847', 'Bpk.', 'pipit', 3, 'Dinas Pertanian', 'kudus', NULL, '081391733889', '081391733889', '', 0, '', 0, 0, '2018-10-30 12:19:05', 26, 0, NULL),
	('KONS2018103GREU01602081B137', 'Sdr.', 'Anggrek', 3, 'kudus', 'kudus', NULL, '081904655395', '081904655395', '', 0, '', 0, 0, '2018-10-30 16:02:08', 25, 0, NULL),
	('KONS2018103I012380Y21131D', 'Sdr.', 'Faris SMA 1', 3, 'Kudus', 'Kudus', NULL, '-', '-', '', 0, '', 0, 0, '2018-10-30 12:38:02', 26, 0, NULL),
	('KONS2018103K01G042441560', 'Ibu.', 'EVI', 3, 'NGEMPLAK GG. 2 UNDAAN', 'KUDUS', NULL, '085349486378', '085349486378', '', 0, '', 0, 0, '2018-10-30 10:42:44', 20, 0, NULL),
	('KONS2018103YN11507S3M11V347Z', 'Sdr.', 'RISMA', 3, 'KUDUS', 'KUDUS', NULL, '-', '-', '', 0, '', 0, 0, '2018-10-31 15:07:31', 20, 0, NULL),
	('KONS201810K29H14U5P936614', 'Sdr.', 'yance', 3, 'kudus', 'kudus', NULL, '+62 821-3396-6222', '+62 821-3396-6222', '', 0, '', 0, 0, '2018-10-29 14:59:36', 19, 0, NULL),
	('KONS201810O3013I56251193', 'Sdr.', 'ZAK', 3, 'KUDUS', 'kudus', NULL, '082221872731', '', '', 0, '', 0, 0, '2018-10-30 13:56:25', 21, 0, NULL),
	('KONS201810SC311633HW58773', 'Bpk.', 'Ahmad', 3, 'Jepara', 'Jepara', NULL, '081325669692', '', '', 0, '', 0, 0, '2018-10-31 16:33:58', 21, 0, NULL),
	('KONS201810V3B112162Q4141T2', 'Ib.', 'Lia', 3, 'Jl Kyai tlingsing no 19', 'kudus', NULL, '085741597923', '085741597923', '', 0, '', 0, 0, '2018-10-31 12:16:24', 26, 1, 26),
	('KONS201810Y30091619IJ1X194', 'Sdr.', 'AMIRA', 3, 'JEPANG PAKIS', 'KUDUS', NULL, '081901110017', '081901110017', '', 0, '', 0, 0, '2018-10-30 09:16:19', 20, 0, NULL),
	('KONS201811010MG959411168', 'Bapak.', 'HUDA CREATIVE', 3, 'MAYONG', 'JEPARA', NULL, '082234840773', '082234840773', '', 0, '', 0, 0, '2018-11-01 09:59:41', 20, 0, NULL),
	('KONS20181101165W75I91337', 'Sdr.', 'UBAD', 3, 'JUNGPASIR', 'DEMAK', NULL, '081228810123', '', '', 0, '', 0, 0, '2018-11-01 16:57:59', 21, 0, NULL),
	('KONS20181101NP13JD525573D8J', 'Bapak.', 'TONHO', 3, 'KRAMAT', 'KUDUS', NULL, '081567634434', '081567634434', '', 0, '', 0, 0, '2018-11-01 13:52:55', 20, 0, NULL),
	('KONS20181101Z11320G41370', 'Saudara.', 'LUTFI MAWADAH', 3, 'HONGGOSOCO', 'KUDUS', NULL, '082337297077', '082337297077', '', 0, '', 0, 0, '2018-11-01 11:32:04', 20, 0, NULL),
	('KONS201811020917PF3085T7', 'Bpk.', 'Wasito', 3, '-', 'kudus', NULL, '443783', '-', '', 0, '', 0, 0, '2018-11-02 09:17:30', 25, 0, NULL),
	('KONS201811020I9174799D6', 'Bapak.', 'SUBKHI', 3, 'KEDUNGWARU LOR', 'DEMAK', NULL, '08529265482', '08529265482', '', 0, '', 0, 0, '2018-11-02 09:17:47', 20, 0, NULL),
	('KONS20181102101L7151500D', 'Ibu.', 'RENY', 3, 'MEGAWON', 'KUDUS', NULL, '085879918823', '085879918823', '', 0, '', 0, 0, '2018-11-02 10:17:15', 20, 0, NULL),
	('KONS20181102134J546907G', 'Saudara.', 'fauzi', 3, 'kedungsari', 'kudus', NULL, '', '087825127094', '', 0, '', 0, 0, '2018-11-02 13:45:46', 25, 0, NULL),
	('KONS20181102I10575W0944', 'Ibu.', 'yuyun', 3, 'karangbener', 'kudus', NULL, '085716543525', '', '', 0, '', 0, 0, '2018-11-02 10:57:50', 21, 0, NULL),
	('KONS20181102LDZG1TV831U1713JVA77', 'Sdr.', 'Umar', 3, 'Ngembal Rejo', 'Kudus', NULL, '085786862284', '085786862284', '', 0, '', 0, 0, '2018-11-02 18:31:17', 26, 0, NULL),
	('KONS201811031A0245415MY45', 'Bpk.', 'Yoyok mediacom', 3, 'mlati norowito', 'kudus', NULL, '-', '-', 'mediacom.printing@gmail.com', 0, '', 0, 0, '2018-11-03 10:24:54', 19, 0, NULL),
	('KONS201811031I5V0V0M411502', 'Sdr.', 'sigit', 3, 'hogogosoco', 'KUDUS', NULL, '085741263489', '', '', 0, '', 0, 0, '2018-11-03 15:00:41', 21, 0, NULL),
	('KONS201811031T01O35K8644X', 'Sdr.', 'Rizky', 3, 'mlati norowito', 'kudus', NULL, '085229309994', '085229309994', '', 0, '', 0, 0, '2018-11-03 10:13:58', 19, 0, NULL),
	('KONS20181103O1YF0010R21C0W29H', 'Sdr.', 'Safi\'i', 3, 'IAIN Kudus', 'Kudus', NULL, '085868024733', '085868024733', '', 0, '', 0, 0, '2018-11-03 10:01:02', 26, 0, NULL),
	('KONS201811051053C4R9933', 'Sdr.', 'anik', 3, 'kudus', 'kudus', NULL, '+62 812-2132-2777', '+62 812-2132-2777', '', 0, '', 0, 0, '2018-11-05 10:53:49', 19, 0, NULL),
	('KONS2018110511212WA51381', 'Sdr.', 'Kangpitu', 3, 'pati', 'pati', NULL, '+62 852-9039-7896', '+62 852-9039-7896', 'joehalimsyah@gmail.com', 0, '', 0, 0, '2018-11-05 11:21:25', 19, 0, NULL),
	('KONS2018110511YKD02R2P9H85SNS9', 'Bpk.', 'restu', 3, 'dawe', 'kudus', NULL, '085290494634', '085290494634', '', 0, '', 0, 0, '2018-11-05 11:02:29', 19, 0, NULL),
	('KONS2018110513434AT41211', 'Ibu.', 'Susana', 3, '-', '-', NULL, '-', '-', '', 0, '', 0, 0, '2018-11-05 13:43:44', 25, 0, NULL),
	('KONS2018110514T0342H844', 'Sdr.', 'DEVI', 3, 'KB FIRDAUS', 'KUDUS', NULL, '085747875899', '085747875899', '', 0, '', 0, 0, '2018-11-05 14:03:42', 20, 0, NULL),
	('KONS201811051659101O2F68', 'Ibu.', 'ALIA', 3, 'KUDUS', 'KUDUS', NULL, '-', '-', '', 0, '', 0, 0, '2018-11-05 16:59:10', 20, 0, NULL),
	('KONS20181105E1I904241427', 'Bapak.', 'Gunawan', 3, 'nganguk', 'kudus', NULL, '081931976993', '081931976993', '', 0, '', 0, 0, '2018-11-05 19:04:24', 19, 0, NULL),
	('KONS20181105G152327VH1I0L51Q', 'Mrs.', 'april', 3, 'ngembal rejo', 'kudus', NULL, '082134864013', '082134864013', '', 0, '', 0, 0, '2018-11-05 15:23:27', 19, 0, NULL),
	('KONS2018110611205W4613CU', 'Saudara.', 'DEVI', 3, 'GANESA', 'KUDUS', NULL, '085640843333', '085640843333', '', 0, '', 0, 0, '2018-11-06 11:20:54', 20, 0, NULL),
	('KONS2018110619XZK1923KUT803B', 'Sdr.', 'Agus Santiko', 3, 'Ds. Mlatinorowito gg 4 Rt 04 Rw 03', 'Kudus', NULL, '+62 856-3397-798', '+62 856-3397-798', '', 0, '', 0, 0, '2018-11-06 19:19:23', 26, 0, NULL),
	('KONS201811061NX71525QL8O77', 'Bapak.', 'PANJI', 3, 'PATI', 'PATI', NULL, '089605176729', '089605176729', '', 0, '', 0, 0, '2018-11-06 17:15:25', 20, 0, NULL),
	('KONS201811070940U5759JC3F', 'Ibu.', 'Puji wati', 3, '-', 'kudus', NULL, '085225791422', '', '', 0, '', 0, 0, '2018-11-07 09:40:57', 25, 0, NULL),
	('KONS2018110710V410L0YSR649', 'Sdr.', 'Faesal ADam', 3, 'tanjung', 'kudus', NULL, '+62 856-4158-3507', '+62 856-4158-3507', '', 0, '', 0, 0, '2018-11-07 10:41:00', 19, 0, NULL),
	('KONS20181107122530ZBT691', 'Sdr.', 'faruk jpr', 3, 'jepara', 'jepara', NULL, '28590944440', '', '', 0, '', 0, 0, '2018-11-07 12:25:30', 21, 0, NULL),
	('KONS20181107141X5231QH07DA5', 'Sdr.', 'Robi', 3, '-', '-', NULL, '081230087478', '-', '', 0, '', 0, 0, '2018-11-07 14:15:23', 25, 0, NULL),
	('KONS2018110716W2058P757', 'Sdr.', 'Adi', 3, 'Karang Bener', 'Kudus', NULL, '-', '-', '', 0, '', 0, 0, '2018-11-07 16:20:58', 26, 0, NULL),
	('KONS201811071QP45P53698X3', 'Mr.', 'join digital', 3, 'nganguk wali', 'kudus', NULL, '081227661617', '081227661617', '', 0, '', 0, 0, '2018-11-07 14:55:36', 19, 0, NULL),
	('KONS20181107F0T93850754', 'Sdr.', 'NIAM', 3, 'jepara', 'jepara', NULL, '087831443319', '087831443319', '', 0, '', 0, 0, '2018-11-07 09:38:50', 19, 0, NULL),
	('KONS20181107U164859Q1004', 'Sdr.', 'POW', 3, 'Wergu Wetan', 'Kudus', NULL, '-', '-', '', 0, '', 0, 0, '2018-11-07 16:48:59', 26, 0, NULL),
	('KONS2018110811HP150K9814', 'Saudara.', 'ISMAIL', 3, 'BANGSRI', 'JEPARA', NULL, '089685476158', '089685476158', '', 0, '', 0, 0, '2018-11-08 11:15:09', 20, 0, NULL),
	('KONS2018110816V2917GM891', 'Saudara.', 'BINTANG', 3, 'KUDUS', 'KUDUS', NULL, '-', '-', '', 0, '', 0, 0, '2018-11-08 16:29:17', 20, 0, NULL),
	('KONS201811081P152017I51', 'Sdr.', 'berux', 3, 'rendeng', 'kudus', NULL, '085799799850', '', '', 0, '', 0, 0, '2018-11-08 11:52:01', 21, 0, NULL),
	('KONS20181109101B932524NF', 'Ibu.', 'Indrawati', 3, '-', '-', NULL, '-', '-', '', 0, '', 0, 0, '2018-11-09 10:19:32', 25, 0, NULL),
	('KONS201811091AM32RC41K2751PT', 'Sdr.', 'kiki', 3, 'demak', 'demak', NULL, '082322177144', '', '', 0, '', 0, 0, '2018-11-09 13:24:12', 21, 0, NULL),
	('KONS2018110D5113337J973', 'Sdr.', 'dano', 3, 'perum muria indah blog L 706', 'Kuds', NULL, '083838995933', '', '', 0, '', 0, 0, '2018-11-05 11:33:37', 21, 0, NULL),
	('KONS2018110M11Q313381DO36L4F', 'Bapak.', 'PRIHADI', 3, 'JEPARA', 'JEPARA', NULL, '082138278095', '082138278095', '', 0, '', 0, 0, '2018-11-01 13:13:38', 20, 0, NULL),
	('KONS2018110M3125207QI743', 'Bapak.', 'agus', 3, 'juwana pati', 'pati', NULL, '+62 813-3360-5015', '+62 813-3360-5015', '', 0, '', 0, 0, '2018-11-03 12:52:07', 19, 0, NULL),
	('KONS2018110N11051481H501', 'Ibu.', 'tika', 3, 'rendeng', 'kudus', NULL, '081326323302', '', '', 0, '', 0, 0, '2018-11-01 10:51:48', 21, 0, NULL),
	('KONS2018110O711370H7481', 'Sdr.', 'CA (CIPTA ARTA)', 3, 'Krandon', 'kudus', NULL, '085740707430', '085740707430', 'alaiccaelqudsi@gmail.com', 0, '', 0, 0, '2018-11-07 11:37:07', 25, 0, NULL),
	('KONS2018110VZ61H7LH1H4W59P9KN07', 'Sdr.', 'Kedai Parfum', 3, 'Colo', 'Kudus', NULL, '08156696478', '08156696478', '', 0, '', 0, 0, '2018-11-06 17:14:59', 26, 0, NULL),
	('KONS2018110Y91439XAO17U1JK19U0', 'Sdr.', 'tedi', 3, 'kudus', 'kudus', NULL, '085640685750', '', '', 0, '', 0, 0, '2018-11-09 14:39:17', 21, 0, NULL),
	('KONS2018110Z1124S0141246', 'Sdr.', 'Shahat Store', 3, 'Cendono', 'Kudus', NULL, '085743061720', '085743061720', '', 0, '', 0, 0, '2018-11-01 12:40:14', 26, 0, NULL),
	('KONS2018110Z7145953KX92AS7J', 'Mr.', 'laris stiker', 3, 'kudus', 'kudus', NULL, '+62 858-6975-8994', '+62 858-6975-8994', 'laris.sticker@gmail.com', 0, 'gabung tanggal 1 maret 2017', 0, 250000, '2018-11-07 14:59:53', 19, 0, NULL),
	('KONS2018110ZM6XTP11O272715I4M3', 'Bapak.', 'NUR KHOLIS', 3, 'JATI KULON', 'KUDUS', NULL, '081325542233', '081325542233', '', 0, '', 0, 0, '2018-11-06 11:27:27', 20, 0, NULL),
	('KONS20181110085P743123L2', 'Bapak.', 'UPIK', 3, 'MLATI', 'KUDUS', NULL, '-', '-', '', 0, '', 0, 0, '2018-11-10 08:57:43', 20, 0, NULL),
	('KONS2018111009M4HK11DJ66HX66', 'Sdr.', 'Ali sadang', 3, '-', '-', NULL, '085741445557', '085741445557', '', 0, '', 0, 0, '2018-11-10 09:41:16', 25, 0, NULL),
	('KONS20181110143QV00M9849', 'Bpk.', 'sutik', 3, 'umk', 'kudus', NULL, '081901691159', '', '', 0, '', 0, 0, '2018-11-10 14:30:09', 21, 0, NULL),
	('KONS201811101UO61053X1359Q', 'Ibu.', 'Retno', 3, '-', '-', NULL, '-', '-', '', 0, '', 0, 0, '2018-11-10 16:10:53', 25, 0, NULL),
	('KONS20181110C094R150463', 'Sdr.', 'rahman', 3, 'ledok', 'kudus', NULL, '085200000747', '', '', 0, '', 0, 0, '2018-11-10 09:41:50', 21, 0, NULL),
	('KONS20181112043N92E61235M', 'Saudara.', 'ERFAK', 3, 'KALINYAMATAN', 'JEAPARA', NULL, '085647998628', '085647998628', '', 0, '', 0, 0, '2018-11-12 04:39:26', 20, 0, NULL),
	('KONS201811120811361M072O', 'Bpk.', 'Aji masje', 3, 'jati kulon', 'kudus', NULL, '085641556450', '085641556450', '', 0, '', 0, 0, '2018-11-12 08:11:36', 18, 0, NULL),
	('KONS201811120F3145747N2', 'Ibu.', 'Narti Valibri', 3, '-', '-', NULL, '-', '-', '', 0, '', 0, 0, '2018-11-12 03:14:57', 25, 0, NULL),
	('KONS201811120O9X285111F05T', 'Sdr.', 'Purnama', 3, '-', '-', NULL, '085740000972', '-', '', 0, '', 0, 0, '2018-11-12 09:28:51', 25, 0, NULL),
	('KONS20181112M0LE929HFL295V2O7F', 'Saudara.', 'CAK COFFEE', 3, 'KUDUS', 'KUDUS', NULL, '-', '-', '', 0, '', 0, 0, '2018-11-12 09:29:29', 20, 0, NULL),
	('KONS20181113050350Y8R66', 'Ibu.', 'SEKSI PAIS', 3, 'JL MEJOBO', 'KUDUS', NULL, '081575099202', '081575099202', '', 0, '', 0, 0, '2018-11-13 05:03:50', 20, 0, NULL),
	('KONS2018111402W23591172V', 'Bpk.', 'Rukin', 3, '-', '-', NULL, '-', '-', '', 0, '', 0, 0, '2018-11-14 02:23:59', 25, 0, NULL),
	('KONS20181114113817R1ZC3D23W', 'Sdr.', 'mbul', 3, 'Pedawang', 'Kudus', NULL, '089693001701', '', '', 0, '', 0, 0, '2018-11-14 11:38:17', 21, 0, NULL),
	('KONS20181115074GF0401B023', 'Sdr.', 'TEH SARI', 3, 'KAJAR', 'KUDUS', NULL, '085730530444', '', '', 0, '', 0, 0, '2018-11-15 07:40:40', 21, 0, NULL),
	('KONS2018111510J52T22779', 'Sdr.', 'hafi', 3, 'kudus', 'kudus', NULL, '0895369607904', '', '', 0, '', 0, 0, '2018-11-15 10:52:22', 21, 0, NULL),
	('KONS20181115G1005LS051323', 'Bpk.', 'Agil wahyudi', 3, 'tumpang krasak', 'kudus', NULL, '085325950488', '085325950488', '', 0, '', 0, 0, '2018-11-15 10:05:05', 19, 0, NULL),
	('KONS20181115S07G2RR63411MJ1E2', 'Sdr.', 'NADA', 3, 'TANJUNGREJO', 'KUDUS', NULL, '085600206177', '', '', 0, '', 0, 0, '2018-11-15 07:26:34', 21, 0, NULL),
	('KONS201811160F45Z1SKJX2G81600', 'Bpk.', 'BELUK', 3, 'SUKOLILO', 'KUDUS', NULL, '081326249428', '', '', 0, '', 0, 0, '2018-11-16 04:51:28', 21, 0, NULL),
	('KONS20181116MH04M2CK3O221097', 'CV.', 'VKOOL Kudus', 3, 'jln pramuka no 20  kudus', 'kudus', NULL, '(0291) 4248759', '', '', 0, '', 0, 0, '2018-11-16 04:23:22', 19, 0, NULL),
	('KONS2018111709YI07R261P499', 'Sdr.', 'SMK Hasyim Asy\'ari', 3, '-', '-', NULL, '081390326123', '-', '', 0, '', 0, 0, '2018-11-17 09:07:26', 25, 0, NULL),
	('KONS201811190W3H590V41398', 'Sdr.', 'M Ponco', 3, 'Mlatinorowito', 'kudus', NULL, '085725937714', '', '', 0, '', 0, 0, '2018-11-19 03:59:04', 21, 0, NULL),
	('KONS2018111C31059321Y261', 'Ibu.', 'Bu yanti krupuk ridho', 3, 'kudus', 'kudus', NULL, '+62 857-1286-5329', '+62 857-1286-5329', '', 0, '', 0, 0, '2018-11-13 10:59:32', 19, 0, NULL),
	('KONS2018111I5EM055F84768Q0', 'Sdr.', 'Pebri', 3, '-', '-', NULL, '085647100294', '085647100294', '', 0, '', 0, 0, '2018-11-15 05:58:47', 25, 0, NULL),
	('KONS2018111T607T0K15C41215', 'Ibu.', 'Yanti labu jipang', 3, 'Pedawang', 'Kudus', NULL, '081237823939', '', '', 0, '', 0, 0, '2018-11-16 07:01:54', 21, 0, NULL),
	('KONS2018111T703K2O2S2U511HO28F', 'Saudara.', 'VALZA', 3, 'KUDUS', 'KUDUS', NULL, '-', '-', '', 0, '', 0, 0, '2018-11-17 03:22:25', 20, 0, NULL),
	('KONS2018111U5033126ML1191PA', 'Bpk.', 'sunarto', 3, 'ngembal kulon', 'kudus', NULL, '085238745405', '', '', 0, '', 0, 0, '2018-11-15 03:31:26', 21, 0, NULL),
	('KONS2018111X6U0833551503', 'Sdr.', 'Indri', 3, 'Medini', 'Kudus', NULL, '-', '-', '', 0, '', 0, 0, '2018-11-16 08:33:55', 26, 0, NULL),
	('KONS2018111Y7B0639551391', 'Bpk.', 'joko', 3, '-', '-', NULL, '082323900155', '-', '', 0, '', 0, 0, '2018-11-17 06:39:55', 25, 0, NULL),
	('KONS201811210223P4710X03', 'Ibu.', 'DEVI', 3, 'DERSALAM', 'KUDUS', NULL, '085712602609', '085712602609', '', 0, '', 0, 0, '2018-11-21 02:23:47', 20, 0, NULL),
	('KONS20181121061N3UQS2082FE3', 'Sdr.', 'Aditya', 3, 'Jl. Sosro kartono no 22', 'Kudus', NULL, '082220215650', '082220215650', '', 0, '', 0, 0, '2018-11-21 06:13:20', 26, 0, NULL),
	('KONS201811210O8GS520184RD7', 'Sdr.', 'Agus Wergu', 3, 'Wergu Kulon RT 2/1', 'kudus', NULL, '085800084149', '', '', 0, '', 0, 0, '2018-11-21 08:52:01', 21, 0, NULL),
	('KONS201811210Y94EG10L713F17GW', 'Sdr.', 'menara pin', 3, 'tanjung karang', 'kudus', NULL, '', '', '', 0, '', 0, 0, '2018-11-21 09:41:07', 19, 0, NULL),
	('KONS20181121OK0L359571V333', 'Sdr.', 'HMJA', 3, '-', '-', NULL, '085643182259', '-', '', 0, '', 0, 0, '2018-11-21 03:59:57', 25, 0, NULL),
	('KONS20181121S0951161Z425', 'Sdr.', 'Stiven', 3, 'Kudus', 'Kudus', NULL, '-', '-', '', 0, '', 0, 0, '2018-11-21 09:51:16', 26, 0, NULL),
	('KONS201811220254I57E964', 'Bpk.', 'Jamasri', 3, '-', '-', NULL, '-', '-', '', 0, '', 0, 0, '2018-11-22 02:54:57', 25, 0, NULL),
	('KONS201811220712Y171228A', 'Sdr.', 'LILA', 3, 'MLATI LOR', 'KUDUS', NULL, '085641663884', '085641663884', '', 0, '', 0, 0, '2018-11-22 07:12:17', 20, 0, NULL),
	('KONS201811221028271H0HU83E', 'Sdr.', 'Fifi', 3, 'Demaan', 'kudus', NULL, '-', '-', '', 0, '', 0, 0, '2018-11-22 10:28:27', 26, 0, NULL),
	('KONS20181124H041832VGJ11L55', 'Sdr.', 'Dian ( Prima Expanding Perkasa )', 3, 'Perum Kudus Permai', 'Kudus', NULL, '085641819939', '-', '', 0, '', 0, 0, '2018-11-24 04:18:32', 25, 0, NULL),
	('KONS20181124UU040M258P506B', 'Ibu.', 'EKA', 3, 'KUDUS', 'KUDUS', NULL, '085740305527', '085740305527', '', 0, '', 0, 0, '2018-11-24 04:02:58', 20, 0, NULL),
	('KONS20181124Z032A824614', 'Sdr.', 'Edy', 3, '-', '-', NULL, '-', '-', '', 0, '', 0, 0, '2018-11-24 03:28:24', 25, 0, NULL),
	('KONS2018112603591VI474X5', 'Bapak.', 'STUDIO 26', 3, 'MLATI KIDUL', 'KUDUS', NULL, '085643022626', '085643022626', '', 0, '', 0, 0, '2018-11-26 03:59:14', 20, 0, NULL),
	('KONS201811260F30P30610X21', 'Bpk.', 'Muh Priyono', 3, '-', '-', NULL, '085641345640', '085641345640', '', 0, '', 0, 0, '2018-11-26 03:03:06', 25, 0, NULL),
	('KONS201811260U4190L5I4D5W4D', 'Sdr.', 'VIENA CALUDIA', 3, 'KUDUS', 'KUDUS', NULL, '-', '-', '', 0, '', 0, 0, '2018-11-26 04:19:05', 20, 0, NULL),
	('KONS20181126T08551P967H7', 'Bapak.', 'AISYAH COMP', 3, 'KUDUS', 'KUDUS', NULL, '-', '-', '', 0, '', 0, 0, '2018-11-26 08:55:19', 20, 0, NULL),
	('KONS2018112704395I896C8', 'Sdr.', 'Gugus Cempaka', 3, 'Jl. diponegoro 154', 'Kudus', NULL, '082333538077', '082333538077', '', 0, '', 0, 0, '2018-11-27 04:39:58', 26, 0, NULL),
	('KONS20181127F0AT4R2QTB635141M6', 'Sdr.', 'Angel', 3, 'Kudus', 'Kudus', NULL, '-', '-', '', 0, '', 0, 0, '2018-11-27 04:26:35', 26, 0, NULL),
	('KONS201811280259KA21881', 'Sdr.', 'Kirom', 3, '-', '-', NULL, '-', '085713587691', '', 0, '', 0, 0, '2018-11-28 02:59:21', 25, 0, NULL),
	('KONS20181129043E6331C090Z', 'Saudara.', 'AMIN', 3, 'KUDUS', 'KUDUS', NULL, '-', '-', '', 0, '', 0, 0, '2018-11-29 04:36:33', 20, 0, NULL),
	('KONS201811290620178AL70', 'PT.', 'PT. NSA', 3, 'kalbar', 'kalbar', NULL, '', '', '', 0, '', 0, 0, '2018-11-29 06:20:17', 19, 0, NULL),
	('KONS201811290T24359683F', 'Sdr.', 'Heri (Demak)', 3, '-', '-', NULL, '087833856780', '-', '', 0, '', 0, 0, '2018-11-29 02:43:59', 25, 0, NULL),
	('KONS20181129O06194913Y23', 'Sdr.', 'PT. PAS', 3, 'kalbar', 'kalbar', NULL, '', '', '', 0, '', 0, 0, '2018-11-29 06:19:49', 19, 0, NULL),
	('KONS20181129U0N6L37R56X5P5U2', 'Ibu.', 'Yenny', 3, 'Kudus', 'Kudus', NULL, '-', '-', '', 0, '', 0, 0, '2018-11-29 06:37:56', 26, 0, NULL),
	('KONS2018112H8Z054641670', 'Bpk.', 'Eko Dinas PMD', 3, 'kudus', 'kudus', NULL, '+62 852-2682-0700', '+62 852-2682-0700', '', 0, '', 0, 0, '2018-11-28 05:46:41', 19, 0, NULL),
	('KONS2018112U8KJ052629753', 'Bpk.', 'Dayak', 3, 'Pucangkerep', 'Kudus', NULL, '085290833143', '085290833143', '', 0, '', 0, 0, '2018-11-28 05:26:29', 26, 0, NULL),
	('KONS20181130074U2411HP273', 'Sdr.', 'Doris', 3, 'tayu', 'pati', NULL, '082338442866', '', '', 0, '', 0, 0, '2018-11-30 07:42:41', 21, 0, NULL),
	('KONS2018113009Y1Q11311YY90', 'Sdr.', 'Aziz', 3, 'KUDUS', 'KUDUS', NULL, '085743222640', '085743222640', '', 0, '', 0, 0, '2018-11-30 09:11:13', 25, 0, NULL),
	('KONS201811B021UK2U3028884', 'Saudara.', 'DANI', 3, 'WERGU KULON', 'KUDUS', NULL, '085641518929', '085641518929', '', 0, '', 0, 0, '2018-11-02 12:30:28', 20, 0, NULL),
	('KONS201811F10102M6066I36B', 'Ibu.', 'Mutoharoh', 3, '-', '-', NULL, '-', '-', '', 0, '', 0, 0, '2018-11-10 10:26:06', 25, 0, NULL),
	('KONS201811G10T10395M1Q86IF4', 'Bpk.', 'Zahid', 3, 'Loram Kulon', 'Kudus', NULL, '085867825700', '085867825700', '', 0, '', 0, 0, '2018-11-10 10:39:51', 26, 0, NULL),
	('KONS201811GHE0710424RNP212NZ25', 'Sdr.', 'Anif', 3, '-', '-', NULL, '-', '-', '', 0, '', 0, 0, '2018-11-07 10:42:42', 25, 0, NULL),
	('KONS201811H0T210B1X108152RSU9U', 'Bapak.', 'FARID', 3, 'KERJANAN RT 03 RW 03', 'KUDUS', NULL, '081226452545', '081226452545', '', 0, '', 0, 0, '2018-11-02 10:11:08', 20, 0, NULL),
	('KONS201811H10094D6WKO3HT4678', 'Sdr.', 'Enggal jaya', 3, 'jl. tanjung 38', 'kudus', NULL, '08999394017', '', '', 0, '', 0, 0, '2018-11-10 09:46:34', 21, 0, NULL),
	('KONS201811HDN08114442563FE', 'Mrs.', 'Ngueng', 3, 'cendono 05 07 dawe', 'kudus', NULL, '-', '087708557346', 'noor1210nk@gmail.com', 0, 'anggota team valibri', 0, 0, '2018-11-08 11:44:42', 19, 0, NULL),
	('KONS201811HN16074HE0Q04K623PYS', 'Sdr.', 'fahri', 3, 'honggosoco', 'kudus', NULL, '085293113590', '', '', 0, '', 0, 0, '2018-11-16 07:40:04', 21, 0, NULL),
	('KONS201811HU1408E150K61U3FG55', 'Bpk.', 'Abil', 3, 'jl ahmad yani getas', 'kudus', NULL, '082221112012', '', '', 0, '', 0, 0, '2018-11-14 08:15:06', 21, 0, NULL),
	('KONS201811I17013M443U775', 'Bapak.', 'ARI', 3, 'BEJAGAN', 'KUDUS', NULL, '085641460265', '085641460265', '', 0, '', 0, 0, '2018-11-17 01:34:43', 20, 0, NULL),
	('KONS201811J01130E227844', 'Sdr.', 'Imam', 3, '-', '-', NULL, '-', '-', '', 0, '', 0, 0, '2018-11-01 13:02:27', 25, 0, NULL),
	('KONS201811K1408164CYS3711', 'Saudara.', 'MALIBU', 3, 'KUDUS', 'KUDUS', NULL, '-', '-', '', 0, '', 0, 0, '2018-11-14 08:16:43', 20, 0, NULL),
	('KONS201811K170J4BY1GA1411453', 'Sdr.', 'julieta', 3, 'kudus', 'kudus', NULL, '087766333133', '', '', 0, '', 0, 0, '2018-11-17 04:11:41', 21, 0, NULL),
	('KONS201811KZV2SN3033S541983', 'Ibu.', 'Yanti (Juragan Jipang)', 3, 'Pedawang', 'kudus', NULL, '081237823939', '081237823939', '', 0, '', 0, 0, '2018-11-23 03:35:41', 25, 0, NULL),
	('KONS201811L27H02263913O57', 'Ib.', 'PUJI', 3, 'KUDUS', 'KUDUS', NULL, '087832810267', '087832810267', '', 0, '', 0, 0, '2018-11-27 02:26:39', 20, 0, NULL),
	('KONS201811O15110YT15312G66G', 'Mr.', 'Raka', 3, 'kudus', 'kudus', NULL, '+62 856-4071-2041', '+62 856-4071-2041', '', 0, '', 0, 0, '2018-11-15 11:01:53', 18, 0, NULL),
	('KONS201811Q140D21825124E2', 'Bpk.', 'Arif Mayong', 3, 'Sengonbugel 05/03 Mayong', 'mayong', NULL, '+62 813-2622-0652', '+62 813-2622-0652', '', 0, '', 0, 0, '2018-11-14 02:18:25', 19, 0, NULL),
	('KONS201811R211F1N5904686Q', 'Sdr.', 'Fafa', 3, 'Kudus', 'Kudus', NULL, '-', '-', '', 0, '', 0, 0, '2018-11-21 11:59:04', 26, 0, NULL),
	('KONS201811S2Z10556125HX59', 'Sdr.', 'jasindo', 3, 'kudus', 'kudus', NULL, '081340203683', '', '', 0, '', 0, 0, '2018-11-21 05:56:12', 21, 0, NULL),
	('KONS201811T1E20V2205W3K925OU', 'Saudara.', 'ALBAIK', 3, 'PURWOSARI', 'KUDUS', NULL, '085721366612', '085721366612', '', 0, '', 0, 0, '2018-11-12 02:20:53', 20, 0, NULL),
	('KONS201811T1E9G1111T55754', 'Sdr.', 'Afan', 3, 'Wergu', 'Kudus', NULL, '085878487587', '085878487587', '', 0, '', 0, 0, '2018-11-19 11:11:55', 26, 0, NULL),
	('KONS201811V0OOSDORK3YP154330989', 'Mrs.', 'Anisa Valibri', 3, 'Ploso', 'Kudus', NULL, '085786413831', '085786413831', 'anisa.ms30@yahoo.com', 0, '-', 0, 0, '2018-11-03 15:43:30', 14, 0, NULL),
	('KONS201811X1607N0638158A4', 'Sdr.', 'aisyah', 3, 'rendeng', 'kudus', NULL, '087831705634', '', '', 0, '', 0, 0, '2018-11-16 07:06:38', 21, 0, NULL),
	('KONS201811XU2104L47VP521S379', 'Sdr.', 'Mawa', 3, '-', '-', NULL, '-', '-', '', 0, '', 0, 0, '2018-11-21 04:47:52', 25, 0, NULL),
	('KONS201811Y01183444I1ML08H5A', 'Bapak.', 'Wawi', 3, 'Megawon', 'Kudus', NULL, '0812-2827-665', '+62 812-2827-665', '', 0, '', 0, 0, '2018-11-01 18:34:44', 26, 0, NULL),
	('KONS201811Y08182953R130WRW9', 'Ibu.', 'Indah', 3, 'Ngembal', 'kudus', NULL, '085640911786', '085640911786', '', 0, '', 0, 0, '2018-11-08 18:29:53', 1, 0, NULL),
	('KONS201811Y1207ZS001B9868', 'Bpk.', 'Minan', 3, '-', '-', NULL, '085225471962', '-', '', 0, '', 0, 0, '2018-11-12 07:00:19', 25, 0, NULL),
	('KONS201811Z2U1X0Q3I5I6498I7KE8', 'Sdr.', 'linda', 3, 'kudus', 'kudus', NULL, '08985558601', '', '', 0, '', 0, 0, '2018-11-21 03:56:49', 21, 0, NULL),
	('KONS2018120306140QI81358A', 'Sdr.', 'Marsya', 3, 'SMA 1', 'Kudus', NULL, '-', '-', '', 0, '', 0, 0, '2018-12-03 06:14:08', 26, 0, NULL),
	('KONS201812030T65530888G', 'Sdr.', 'muji', 3, 'kudus', 'kudus', NULL, '081325852800', '', '', 0, '', 0, 0, '2018-12-03 06:55:30', 21, 0, NULL),
	('KONS20181203N0A95FQ516PR80LUG4', 'Sdr.', 'AYUK', 3, 'MLATI LOR', 'KUDUS', NULL, '08996967742', '08996967742', '', 0, '', 0, 0, '2018-12-03 09:55:16', 20, 0, NULL),
	('KONS201812040R643Q16T1046', 'Sdr.', 'SOFI', 3, 'KUDUS', 'KUDUS', NULL, '-', '-', '', 0, '', 0, 0, '2018-12-04 06:43:16', 20, 0, NULL),
	('KONS2018120411195D6711M', 'Ibu.', 'IRVI', 3, 'PURWOSARI', 'KUDUS', NULL, '089505556969', '', '', 0, '', 0, 0, '2018-12-04 11:19:56', 21, 0, NULL),
	('KONS201812060204268Y7U3Y', 'Bapak.', 'MAHFUD', 3, 'KUDUS', 'KUDUS', NULL, '089668663213', '089668663213', '', 0, '', 0, 0, '2018-12-06 02:04:26', 20, 0, NULL),
	('KONS20181206041L8CMI357C20', 'Saudara.', 'LUTFI', 3, 'SMA 1 KUDUS', 'KUDUS', NULL, '-', '-', '', 0, '', 0, 0, '2018-12-06 04:18:35', 20, 0, NULL),
	('KONS2018120605B15D22978I', 'Sdr.', 'hambudi', 3, 'kudus', 'kudus', NULL, '-', '', '', 0, '', 0, 0, '2018-12-06 05:15:22', 21, 0, NULL),
	('KONS2018120709S050510X92', 'Bapak.', 'ANAS', 3, 'KUDUS', 'KUDUS', NULL, '085741463946', '085741463946', '', 0, '', 0, 0, '2018-12-07 09:05:05', 20, 0, NULL),
	('KONS20181207Q1LLEG047218Y06', 'Sdr.', 'Yeni', 3, 'Tanjung Rejo', 'Kudus', NULL, '085640523484', '085640523484', '', 0, '', 0, 0, '2018-12-07 10:47:21', 26, 0, NULL),
	('KONS20181207R03470I4V729', 'Sdr.', 'Jefri', 3, '-', '-', NULL, '-', '-', '', 0, '', 0, 0, '2018-12-07 03:47:04', 25, 0, NULL),
	('KONS201812080249M47L736', 'Sdr.', 'Rohman', 3, '-', '-', NULL, '-', '-', '', 0, '', 0, 0, '2018-12-08 02:49:47', 25, 0, NULL),
	('KONS2018120803105G8966CP', 'Sdr.', 'DENIS', 3, 'BAKALAN KRAPYAK', 'KUDUS', NULL, '085201026663', '085201026663', '', 0, '', 0, 0, '2018-12-08 03:10:58', 20, 0, NULL),
	('KONS20181208YS0713181230', 'Bapak.', 'KASDONO', 3, 'KUDUS', 'KUDUS', NULL, '-', '-', '', 0, '', 0, 0, '2018-12-08 07:13:18', 20, 0, NULL),
	('KONS2018120BQ3I015O6P4556MHK5', 'Saudara.', 'IHSAN', 3, 'JANGGALAN', 'KUDUS', NULL, '082328511516', '082328511516', '', 0, '', 0, 0, '2018-12-03 01:56:45', 20, 0, NULL),
	('KONS2018120D6OU0S355K24698TH', 'Sdr.', 'mufida', 3, 'besito', 'kudus', NULL, '082241508900', '', '', 0, '', 0, 0, '2018-12-06 03:55:24', 21, 0, NULL),
	('KONS2018120D7071440W1453', 'Sdr.', 'ARYA', 3, 'KUDUS', 'KUDUS', NULL, '085875035501', '', '', 0, '', 0, 0, '2018-12-07 07:14:40', 21, 0, NULL),
	('KONS2018120D70H7101011I36', 'Sdr.', 'HARIS R', 3, 'PRAWOTO', 'PATI', NULL, '085741333880', '', '', 0, '', 0, 0, '2018-12-07 07:10:10', 21, 0, NULL),
	('KONS2018120N50W925T091090', 'Sdr.', 'IKA', 3, 'KUDUS', 'KUDUS', NULL, '-', '-', '', 0, '', 0, 0, '2018-12-05 09:25:09', 20, 0, NULL),
	('KONS2018120P7062JE5039Z63', 'Sdr.', 'Nukhi', 3, '-', '-', NULL, '-', '-', '', 0, '', 0, 0, '2018-12-07 06:25:03', 25, 0, NULL),
	('KONS20181211040T5D3G81004', 'Bpk.', 'ario', 3, 'kudus', 'kudus', NULL, '+62 821-3500-3788', '+62 821-3500-3788', 'cs_tss01@kudus.puragroup.com', 0, '', 0, 0, '2018-12-11 04:05:38', 19, 0, NULL),
	('KONS20181211085232M84R6', 'Sdr.', 'TK NURUSH SHOFA', 3, 'KARANGBENER BAE', 'KUDUS', NULL, '08563058769', '08563058769', '', 0, '', 0, 0, '2018-12-11 08:52:32', 20, 0, NULL),
	('KONS201812110T74Y15JD1891', 'Saudara.', 'FARIZ', 3, 'MLATI KIDUL', 'KUDUS', NULL, '081229262000', '081229262000', '', 0, '', 0, 0, '2018-12-11 07:41:51', 20, 0, NULL),
	('KONS20181211H05413Q51107', 'Ibu.', 'CANDRA', 3, 'KUDUS', 'KUDUS', NULL, '-', '-', '', 0, '', 0, 0, '2018-12-11 05:41:35', 20, 0, NULL),
	('KONS2018121212B47N0683DI6P', 'Sdr.', 'KB Masehi', 3, 'kudus', 'kudus', NULL, '085740013221', '', '', 0, '', 0, 0, '2018-12-12 12:47:06', 21, 0, NULL),
	('KONS201812121SI32F7571W54Q7', 'Sdr.', 'Ibnu', 3, '-', '-', NULL, '-', '-', '', 0, '', 0, 0, '2018-12-12 13:27:57', 25, 0, NULL),
	('KONS20181213JN184K9531025', 'Sdr.', 'alfaz', 3, 'jl. raya kudus-colo no 285 cendono dawe', 'kudus', NULL, '0291437859', '', '', 0, '', 0, 0, '2018-12-13 18:49:53', 21, 0, NULL),
	('KONS20181213U1OKP0575H912Z31W', 'Bpk.', 'NO', 3, 'SMA N 1', 'KUDUS', NULL, '-', '', '', 0, '', 0, 0, '2018-12-13 10:57:59', 21, 0, NULL),
	('KONS201812151034T1763I9', 'Sdr.', 'Bayu ZR', 3, 'Barongan', 'Kudus', NULL, '082226298225', '082226298225', '', 0, '', 0, 0, '2018-12-15 10:34:17', 26, 0, NULL),
	('KONS201812151V526EH0EJS568D3J', 'Ib.', 'MAYA', 3, 'PURA', 'KUDUS', NULL, '082135304123', '082135304123', '', 0, '', 0, 0, '2018-12-15 15:26:05', 20, 0, NULL),
	('KONS20181217103ST600513', 'Bpk.', 'KOKO', 3, 'KUDUS', 'KUDUS', NULL, '-', '-', '', 0, '', 0, 0, '2018-12-17 10:36:00', 20, 0, NULL),
	('KONS20181217124R2348P98', 'Sdr.', 'tias', 3, 'umk', 'kudus', NULL, '-', '', '', 0, '', 0, 0, '2018-12-17 12:42:34', 21, 0, NULL),
	('KONS2018121715A240G0742', 'Saudara.', 'MAMAT', 3, 'KANDANG MAS', 'KUDUS', NULL, '085740801546', '085740801546', '', 0, '', 0, 0, '2018-12-17 15:24:00', 20, 0, NULL),
	('KONS2018121914S2709100M4', 'Sdr.', 'EMIL', 3, 'KUDUS', 'KUDUS', NULL, '-', '-', '', 0, '', 0, 0, '2018-12-19 14:27:09', 20, 0, NULL),
	('KONS2018121A210530C8621', 'Sdr.', 'Tk Masehi', 3, '-', '-', NULL, '-', '-', '', 0, '', 0, 0, '2018-12-12 10:53:08', 25, 0, NULL),
	('KONS2018121D411220C01N339', 'Bpk.', 'Ari Captain', 3, '-', '-', NULL, '-', '-', '', 0, '', 0, 0, '2018-12-14 11:22:00', 25, 0, NULL),
	('KONS201812211L6133QU0997', 'Sdr.', 'zaenal', 3, 'kudus', 'kudus', NULL, '-', '', '', 0, '', 0, 0, '2018-12-21 16:13:30', 21, 0, NULL),
	('KONS2018122216R0B4EFOV575Y3UI8', 'Sdr.', 'JODI', 3, 'KUDUS', 'KUDUS', NULL, '-', '-', '', 0, '', 0, 0, '2018-12-22 16:04:57', 20, 0, NULL),
	('KONS2018122417161310A2Q8', 'Sdr.', 'obet', 3, 'loram', 'kudus', NULL, '085725956313', '', '', 0, '', 0, 0, '2018-12-24 17:16:13', 21, 0, NULL),
	('KONS2018122418N463N15ZO45', 'Sdr.', 'UUT', 3, 'Sukolilo', 'pati', NULL, '-', '-', '', 0, '', 0, 0, '2018-12-24 18:46:31', 26, 0, NULL),
	('KONS20181225111V80061M4', 'Sdr.', 'pondok al qoumaniyah', 3, 'jekulo', 'kudus', NULL, '085641419887', '', '', 0, '', 0, 0, '2018-12-25 11:18:00', 21, 0, NULL),
	('KONS201812251433111FF4V08', 'Ib.', 'NANIN', 3, 'KUDUS', 'KUDUS', NULL, '082326557500', '082326557500', '', 0, '', 0, 0, '2018-12-25 14:33:11', 20, 0, NULL),
	('KONS201812251P3AVO3R6R19CX1230', 'Sdr.', 'rois', 3, 'umk', 'kudus', NULL, '089655688800', '', '', 0, '', 0, 0, '2018-12-25 13:36:19', 21, 0, NULL),
	('KONS20181226130055118T0A', 'Bpk.', 'Ali Ridho', 3, 'Puyoh', 'Kudus', NULL, '085740264441', '085740264441', '', 0, '', 0, 0, '2018-12-26 13:00:55', 26, 0, NULL),
	('KONS2018122809G503Y1A1297', 'Bapak.', 'UCUP', 3, 'KUDUS', 'KUDUS', NULL, '-', '-', '', 0, '', 0, 0, '2018-12-28 09:50:31', 20, 0, NULL),
	('KONS201812281259548XA08', 'Saudara.', 'SLAMET', 3, 'KUDUS', 'KUDUS', NULL, '-', '-', '', 0, '', 0, 0, '2018-12-28 12:59:54', 20, 0, NULL),
	('KONS201812281759281QE004', 'Sdr.', 'Vania', 3, 'Kudus', 'Kudus', NULL, '-', '-', '', 0, '', 0, 0, '2018-12-28 17:59:28', 26, 0, NULL),
	('KONS201812291B0215E11205', 'Sdr.', 'Fina', 3, '-', '-', NULL, '081390528545', '-', '', 0, '', 0, 0, '2018-12-29 10:21:51', 25, 0, NULL),
	('KONS201812291Y345VM096J64', 'Bpk.', 'GAWEN', 3, 'KUDUS', 'KUDUS', NULL, '085712472191', '085712472191', '', 0, '', 0, 0, '2018-12-29 13:45:09', 20, 0, NULL),
	('KONS2018122G11H054B2F1948', 'Sdr.', 'TOMI', 3, 'DAWE', 'KUDUS', NULL, '085641127911', '', '', 0, '', 0, 0, '2018-12-21 10:54:21', 21, 0, NULL),
	('KONS2018122H21AF70615VA761', 'Sdr.', 'Laila', 3, '-', '-', NULL, '-', '-', '', 0, '', 0, 0, '2018-12-22 17:06:15', 25, 0, NULL),
	('KONS2018122N01647V0784J6', 'Sdr.', 'Anita', 3, 'Mlati Norowito', 'Kudus', NULL, '081333779736', '081333779736', '', 0, '', 0, 0, '2018-12-20 16:47:07', 26, 0, NULL),
	('KONS2018122Q71S40722B1XD218Z', 'Saudara.', 'ADI VALIBRI', 3, 'JEPARA', 'JEPARA', NULL, '-', '-', '', 0, '', 0, 0, '2018-12-27 14:07:22', 20, 0, NULL),
	('KONS201812A181013I58929I', 'Sdr.', 'Firda', 3, '-', '-', NULL, '-', '-', '', 0, '', 0, 0, '2018-12-18 10:13:58', 25, 0, NULL),
	('KONS201812AI1104F50N30S1484', 'Bpk.', 'Andre', 3, 'jepara', 'jepara', NULL, '085802858387', '085802858387', '', 0, '', 0, 0, '2018-12-11 04:50:30', 19, 0, NULL),
	('KONS201812B110912S4S3T643', 'Ibu.', 'Heni', 3, 'kudus', 'kudus', NULL, '-', '', '', 0, '', 0, 0, '2018-12-11 09:12:43', 21, 0, NULL),
	('KONS201812F0P50Z2QV442J21FZM319J', 'Sdr.', 'SOFIA', 3, 'CONGE', 'KUDUS', NULL, '085879145181', '085879145181', '', 0, '', 0, 0, '2018-12-05 02:44:22', 20, 0, NULL),
	('KONS201812J10KU11S5H93H0614', 'Bpk.', 'Fahmi RIA', 3, 'Jl menur no 23 A', 'Kudus', NULL, '08562727618', '08562727618', '', 0, '', 0, 0, '2018-12-10 11:59:30', 26, 0, NULL),
	('KONS201812N12101241739M', 'Sdr.', 'Adit', 3, '-', '-', NULL, '-', '-', '', 0, '', 0, 0, '2018-12-12 10:12:41', 25, 0, NULL),
	('KONS201812O0L8020518796XF', 'Sdr.', 'suryawan', 3, 'pecangaan', 'jepara', NULL, '082324888950', '', '', 0, '', 0, 0, '2018-12-08 02:05:18', 21, 0, NULL),
	('KONS201812OQ19152J101744', 'Sdr.', 'wangi', 3, 'kudus', 'kudus', NULL, '-', '', '', 0, '', 0, 0, '2018-12-19 15:21:01', 21, 0, NULL),
	('KONS201812Q141040304Q91', 'Sdr.', 'rohmah', 3, 'jepang pakis', 'kudus', NULL, '089671655979', '', '', 0, '', 0, 0, '2018-12-14 10:40:30', 21, 0, NULL),
	('KONS201812SB05L0554281204', 'Sdr.', 'Rokim', 3, 'Kudus', 'Kudus', NULL, '-', '-', '', 0, '', 0, 0, '2018-12-05 05:54:28', 26, 0, NULL),
	('KONS201812T191X01S723916', 'Bpk.', 'Suyono', 3, '-', '-', NULL, '-', '-', '', 0, '', 0, 0, '2018-12-19 10:17:23', 14, 0, NULL),
	('KONS201812V050731Y241077R', 'Mr.', 'Edwin', 3, 'damaran', 'kudus', NULL, '089652739312', '089652739312', '', 0, '', 0, 0, '2018-12-05 07:31:24', 21, 0, NULL),
	('KONS201812YA24155145104L5P', 'Sdr.', 'Rinkha', 3, 'Cendono', 'Kudus', NULL, '081326420989', '081326420989', '', 0, '', 0, 0, '2018-12-24 15:51:45', 26, 0, NULL),
	('KONS201812YH0310E195QZ6831FKY', 'Saudara.', 'SUHENDAR', 3, 'PAYAMAN', 'KUDUS', NULL, '08562878328', '08562878328', '', 0, '', 0, 0, '2018-12-03 10:19:56', 20, 0, NULL),
	('KONS20181A03009X2I1T54KY728', 'Ib.', 'LIA SELASIH', 3, 'JL. KYAI TELINGSING NO 19', 'KUDUS', NULL, '085741597923', '085741597923', '', 0, '', 0, 0, '2018-10-30 09:21:54', 20, 0, NULL),
	('KONS20181B1140417F051546', 'Bapak.', 'AROW SABLON', 3, 'PATI', 'PATI', NULL, '085866379680', '085866379680', '', 0, '', 0, 0, '2018-11-14 04:17:05', 20, 0, NULL),
	('KONS20181BMQ224K100947665', 'Sdr.', 'Amir', 3, 'Klisat Mijen', 'Kudus', NULL, '085226457005', '085226457005', '', 0, '', 0, 0, '2018-12-24 10:09:47', 26, 0, NULL),
	('KONS20181BN0D3P115DT1S7211R4V50H', 'Sdr.', 'Dinnar', 3, '-', '-', NULL, '-', '-', '', 0, '', 0, 0, '2018-10-31 15:17:21', 25, 0, NULL),
	('KONS20181C1081626588LQ6P6', 'Sdr.', 'Gita', 3, '-', '-', NULL, '-', '-', '', 0, '', 0, 0, '2018-11-08 16:26:58', 25, 0, NULL),
	('KONS20181C10DNNK5161403136SD5', 'Sdr.', 'Tina', 3, '-', '-', NULL, '-', '-', '', 0, '', 0, 0, '2018-11-05 16:14:03', 25, 0, NULL),
	('KONS20181C10N1T14J331310M03', 'Bpk.', 'nurman', 3, 'Klaling Jekulo', 'Kudus', NULL, '082136954218', '', '', 0, '', 0, 0, '2018-11-01 14:33:13', 21, 0, NULL),
	('KONS20181C2141249M3D51112', 'Sdr.', 'Fila', 3, '-', '-', NULL, '-', '-', '', 0, '', 0, 0, '2018-12-14 12:49:35', 25, 0, NULL),
	('KONS20181C2PY1RJ2G08381R11417XJ', 'Sdr.', 'Yoas', 3, '-', '-', NULL, '-', '-', '', 0, '', 0, 0, '2018-12-12 08:38:11', 25, 0, NULL),
	('KONS20181CA2CD1P80938251FU383', 'Ibu.', 'FEBI', 3, 'MLATI NOROWITO', 'KUDUS', NULL, '085727899838', '085727899838', '', 0, '', 0, 0, '2018-12-18 09:38:25', 20, 0, NULL),
	('KONS20181D03Y01245021116', 'Sdr.', 'Takim', 3, 'kudus', 'kudus', NULL, '085741660696', '085741660696', '', 0, '', 0, 0, '2018-10-30 12:45:02', 25, 0, NULL),
	('KONS20181D11PU3FE0VS4S39429P98S', 'Saudara.', 'UZMA', 3, 'KUDUS', 'KUDUS', NULL, '-', '-', '', 0, '', 0, 0, '2018-11-13 04:39:42', 20, 0, NULL),
	('KONS20181D210G080GL922K124N0Y', 'Sdr.', 'Agnes', 3, 'Jati Kulon Gg4', 'Kudus', NULL, '08562732972', '08562732972', '', 0, '', 0, 0, '2018-12-10 08:09:22', 26, 0, NULL),
	('KONS20181DRE22410330510M3T3', 'Sdr.', 'LISA', 3, 'KUDUS', 'KUDUS', NULL, '085800036801', '085800036801', '', 0, '', 0, 0, '2018-12-24 10:33:05', 20, 0, NULL),
	('KONS20181DX119J081Q7W1AK61P402', 'Bpk.', 'SUSILO', 3, 'NGEMBAL', 'KUDUS', NULL, '081225003253', '', '', 0, '', 0, 0, '2018-11-19 08:17:16', 21, 0, NULL),
	('KONS20181E1L03G152002V1EY012', 'Bpk.', 'samsul double B', 3, 'jepara', 'jepara', NULL, '+62 897-5723-999', '+62 897-5723-999', 'doubleb93printing@gmail.com', 0, '', 0, 100000, '2018-11-03 15:20:02', 19, 0, NULL),
	('KONS20181EA203030O716H708', 'Sdr.', 'Roni', 3, '-', '-', NULL, '085290002477', '-', '', 0, '', 0, 0, '2018-12-03 03:07:16', 25, 0, NULL),
	('KONS20181EK1031243C59X990', 'Ibu.', 'Fitriani', 3, 'Jl ekapraya 4 rt 1 rw 1 rendeng', 'Kudus', NULL, '081392410792', '081392410792', '', 0, '', 0, 0, '2018-11-03 12:43:59', 26, 0, NULL),
	('KONS20181F115I0X63W02594K4', 'Bapak.', 'NONO', 3, 'MEGAWON', 'KUDUS', NULL, '-', '-', '', 0, '', 0, 0, '2018-11-15 06:30:25', 20, 0, NULL),
	('KONS20181G03C11837X4L01G263P', 'Sdr.', 'Maikel', 3, 'Kudus', 'Kudus', NULL, '-', '-', '', 0, '', 0, 0, '2018-10-31 18:37:40', 26, 0, NULL),
	('KONS20181G115B0145011258', 'Bpk.', 'Suharto', 3, '-', '-', NULL, '-', '-', '', 0, '', 0, 0, '2018-11-15 01:45:01', 25, 0, NULL),
	('KONS20181G1O130800131430', 'Sdr.', 'ANUGRAH', 3, 'GEBOG MENAWAN', 'KUDUS', NULL, '085229246061', '', '', 0, '', 0, 0, '2018-11-13 08:00:13', 21, 0, NULL),
	('KONS20181H1G2208K4943142K5', 'Sdr.', 'Irfan', 3, 'Damaran', 'Kudus', NULL, '082324143059', '082324143059', '', 0, '', 0, 0, '2018-11-22 08:49:43', 26, 0, NULL),
	('KONS20181H2131H8P5305MSNB60F1', 'Sdr.', 'arif jepara', 3, 'jepara', 'jepara', NULL, '085229518246', '', '', 0, '', 0, 0, '2018-12-13 18:53:05', 21, 0, NULL),
	('KONS20181H22Q11129386E3W3', 'Sdr.', 'Assa Digital', 3, 'Ds. Kirig Mejobo Kudus', 'Kudus', NULL, '-', '-', '', 0, '', 0, 0, '2018-12-21 11:29:38', 26, 0, NULL),
	('KONS20181I11017BB0437522', 'Bapak.', 'DELIMA', 3, 'DEMAK', 'DEMAK', NULL, '087700385553', '087700385553', '', 0, '', 0, 0, '2018-11-10 17:04:37', 20, 0, NULL),
	('KONS20181I2121N84UE64312V82Q', 'Bpk.', 'Noor Hamid', 3, 'Jepang Pakis', 'Kudus', NULL, '088216523789', '088216523789', '', 0, '', 0, 0, '2018-12-12 18:46:43', 26, 0, NULL),
	('KONS20181I229130H2111067', 'Sdr.', 'catur', 3, 'kudus', 'kudus', NULL, '-', '', '', 0, '', 0, 0, '2018-12-29 13:02:11', 21, 0, NULL),
	('KONS20181J103QZ124I4411407J', 'Bpk.', 'Alex jati', 3, 'Jati', 'KUDUS', NULL, '081328277242', '', '', 0, '', 0, 0, '2018-11-03 12:44:41', 21, 0, NULL),
	('KONS20181J117M07D5914Z8Z05', 'Bpk.', 'Irzan', 3, 'Jepang pakis', 'Kudus', NULL, '082220959099', '082220959099', '', 0, '', 0, 0, '2018-11-17 07:59:14', 26, 0, NULL),
	('KONS20181J2251208E3Q8T12P84', 'Bpk.', 'Agus Tri Hutomo', 3, 'kudus', 'kudus', NULL, '-', '-', '', 0, '', 0, 0, '2018-12-25 12:08:38', 19, 0, NULL),
	('KONS20181JS225143B60549Q7', 'Sdr.', 'RIVA', 3, 'KUDUS', 'KUDUS', NULL, '-', '', '', 0, '', 0, 0, '2018-12-25 14:36:05', 21, 0, NULL),
	('KONS20181K030103520E8X69', 'Sdr.', 'riski', 3, 'besito', 'kudus', NULL, '087848355335', '087848355335', '', 0, '', 0, 0, '2018-10-30 10:35:20', 19, 0, NULL),
	('KONS20181K12SU1Z084Z052U900', 'Saudara.', 'FIKY', 3, 'KUDUS', 'KUDUS', NULL, '085225541650', '085225541650', '', 0, '', 0, 0, '2018-11-21 08:40:52', 20, 0, NULL),
	('KONS20181K20604405K61V262', 'Sdr.', 'Ilman', 3, 'Tumpang', 'Kudus', NULL, '-', '-', '', 0, '', 0, 0, '2018-12-06 04:40:56', 26, 0, NULL),
	('KONS20181K207120641141S1ER', 'Sdr.', 'IKBAL', 3, 'KUDUS', 'KUDUS', NULL, '089675461062', '', '', 0, '', 0, 0, '2018-12-07 12:06:41', 21, 0, NULL),
	('KONS20181K21315034P8V78WP6', 'Bapak.', 'BAGUS SEBLAK', 3, 'KUDUS', 'KUDUS', NULL, '085700095959', '085700095959', '', 0, '', 0, 0, '2018-12-13 15:03:48', 20, 0, NULL),
	('KONS20181K2C27150601QO10UK45', 'Sdr.', 'Fergi', 3, 'Kudus', 'Kudus', NULL, '-', '--', '', 0, '', 0, 0, '2018-12-27 15:06:01', 26, 0, NULL),
	('KONS20181KW12C70J35C246FDC633', 'Bapak.', 'Rifan', 3, 'Bae', 'Kudus', NULL, '081325406666', '081325406666', '', 0, '', 0, 0, '2018-11-27 03:52:46', 26, 0, NULL),
	('KONS20181L0301210J12111J4', 'Sdr.', 'reksa', 3, 'sma n1', 'kudus', NULL, '085799436672', '', '', 0, '', 0, 0, '2018-10-30 12:10:12', 21, 0, NULL),
	('KONS20181L2211213311Q286B', 'Bapak.', 'DAVID JEJE AUTOCARE', 3, 'KUDUS', 'KUDUS', NULL, '081215413811', '081215413811', '', 0, '', 0, 0, '2018-12-21 12:13:31', 20, 0, NULL),
	('KONS20181M0301402561G466', 'Bpk.', 'KHAMID', 3, 'KETANJUNG', 'DEMAK', NULL, '085740520700', '085740520700', '', 0, '', 0, 0, '2018-10-30 14:02:56', 20, 0, NULL),
	('KONS20181M1061KE54M8031R060', 'Mr.', 'saiful', 3, 'jepara', 'jepara', NULL, '087880511685', '087880511685', '', 0, '', 0, 0, '2018-11-06 15:48:03', 19, 0, NULL),
	('KONS20181N115LJ094026628', 'Sdr.', 'BNI SYARIAH', 3, 'KUDUS', 'KUDUS', NULL, '085740977377', '', '', 0, '', 0, 0, '2018-11-15 09:40:26', 21, 0, NULL),
	('KONS20181NZ2U260V9082D848V1', 'Bapak.', 'YULIANTO', 3, 'KUDUS', 'KUDUS', NULL, '085211602851', '085211602851', '', 0, '', 0, 0, '2018-12-26 09:08:28', 20, 0, NULL),
	('KONS20181O1061H54B937X1F523', 'Sdr.', 'Noor Salim', 3, 'Kedungsari Ngrandu Rt 02 rw 06 Gebog', 'Kudus', NULL, '081227746581', '081227746581', '', 0, '', 0, 0, '2018-11-06 15:49:37', 26, 0, NULL),
	('KONS20181O205X0W4OP47291441', 'Saudara.', 'IPUNG', 3, 'GEBOG', 'KUDUS', NULL, '085755790444', '085755790444', '', 0, '', 0, 0, '2018-12-05 04:47:29', 20, 0, NULL),
	('KONS20181OMS03011DY3853904', 'Bpk.', 'Wawan Copy', 3, 'Mlati', 'KUDUS', NULL, '082326023981', '082326023981', '', 0, 'owner foto copy', 0, 0, '2018-10-30 11:38:53', 21, 0, NULL),
	('KONS20181P1061922561373H', 'Sdr.', 'NOVAN', 3, 'BARONGAN', 'KUDUS', NULL, '081228477999', '', '', 0, '', 0, 0, '2018-11-06 19:22:56', 21, 0, NULL),
	('KONS20181P1T031536511X18U3', 'Bpk.', 'Abu Naim Valibri', 3, 'Nadi Vilage', 'kudus', NULL, '081228408689', '081228408689', '', 0, '', 0, 0, '2018-11-03 15:36:51', 14, 0, NULL),
	('KONS20181PW1071R64414M1045', 'Sdr.', 'Wiu', 3, '-', '-', NULL, '-', '-', '', 0, '', 0, 0, '2018-11-07 16:44:14', 25, 0, NULL),
	('KONS20181Q205N0442411266', 'Sdr.', 'joglo', 3, 'gondangmanis', 'kudus', NULL, '081326381379', '', '', 0, '', 0, 0, '2018-12-05 04:42:41', 21, 0, NULL),
	('KONS20181R03118V45291370', 'Bpk.', 'Rouf', 3, 'Prambatan Kidul', 'KUDUS', NULL, '085772625333', '085772625333', '', 0, '', 0, 0, '2018-10-31 18:45:29', 21, 0, NULL),
	('KONS20181R101C1114P051418', 'Sdr.', 'prisa', 3, 'stain', 'kudus', NULL, '085743459599', '', '', 0, '', 0, 0, '2018-11-01 11:14:05', 21, 0, NULL),
	('KONS20181R113T020356P5G07X', 'Sdr.', 'Galih', 3, 'Kaliwungu', 'kudus', NULL, '085866878077', '085866878077', '', 0, '', 0, 0, '2018-11-13 02:03:56', 14, 0, NULL),
	('KONS20181R1V23031Q42C170QO4', 'Sdr.', 'Ahmad Nur Rochkim', 3, '-', '-', NULL, '085726925915', '-', '', 0, '', 0, 0, '2018-11-23 03:14:21', 25, 0, NULL),
	('KONS20181R2ZKO0607Q11NS561A289S', 'Sdr.', 'Yunolva', 3, '-', '-', NULL, '-', '-', '', 0, '', 0, 0, '2018-12-06 07:11:56', 25, 0, NULL),
	('KONS20181RMD1081LP307I3Q11YT350', 'Sdr.', 'WARDOYO', 3, 'PRAMBATAN', 'KUDUS', NULL, '0811276366', '', '', 0, '', 0, 0, '2018-11-08 13:07:31', 21, 0, NULL),
	('KONS20181S116062A5391305', 'Bapak.', 'YOYOK', 3, 'SINGOCANDI', 'KUDUS', NULL, '081542777600', '081542777600', '', 0, '', 0, 0, '2018-11-16 06:25:39', 20, 0, NULL),
	('KONS20181S1290552551088B', 'Sdr.', 'Yani', 3, '-', '-', NULL, '-', '-', '', 0, '', 0, 0, '2018-11-29 05:52:55', 25, 0, NULL),
	('KONS20181S1J0H6K12144L568AD4', 'Bapak.', 'ANAN', 3, 'LORAM KULON', 'KUDUS', NULL, '089668283345', '089668283345', '', 0, '', 0, 0, '2018-11-06 12:14:45', 20, 0, NULL),
	('KONS20181S20Q4074B0ZG4012N63', 'Sdr.', 'Tri Susilowati', 3, '-', '-', NULL, '-', '-', '', 0, '', 0, 0, '2018-12-04 07:40:40', 25, 0, NULL),
	('KONS20181SF20Q30620E59R10AEUY56D', 'Bpk.', 'Safif', 3, 'jojo Mejobo', 'Kudus', NULL, '085740056784', '085740056784', '', 0, '', 0, 0, '2018-12-03 06:20:59', 26, 0, NULL),
	('KONS20181T0Q311340V44836', 'Sdr.', 'SELA', 3, 'KUDUS', 'KUDUS', NULL, '-', '-', '', 0, '', 0, 0, '2018-10-31 13:40:44', 20, 0, NULL),
	('KONS20181T13003X2WT14511P6LSKD6U', 'Bpk.', 'pmi kudus', 3, 'kudus', 'kudus', NULL, '082300042132', '', '', 0, '', 0, 0, '2018-11-30 03:21:45', 21, 0, NULL),
	('KONS20181TZ029141931705', 'Sdr.', 'Kurnia Xcellent', 3, 'Demak', 'Demak', NULL, '+62 857-4074-0743', '+62 857-4074-0743', 'kurniaexcellentcourse@gmail.com', 0, '', 0, 500000, '2018-10-29 14:19:31', 19, 0, NULL),
	('KONS20181U123015Z554862', 'Sdr.', 'Himawan', 3, '-', '-', NULL, '082300123444', '085869175454', '', 0, '', 0, 0, '2018-11-23 01:55:54', 25, 0, NULL),
	('KONS20181U1X0311111HO91472GI', 'Sdr.', 'Hafia', 3, 'tumpang krasak', 'kudus', NULL, '085740085968', '085740085968', '', 0, '', 0, 0, '2018-11-03 11:11:19', 25, 0, NULL),
	('KONS20181U2V13121426495', 'Sdr.', 'khoirul', 3, 'jepang', 'kudus', NULL, '083863137691', '', '', 0, '', 0, 0, '2018-12-13 12:14:26', 21, 0, NULL),
	('KONS20181V1081IS1304210R24', 'Bapak.', 'ENDAR', 3, 'JEPANG PAKIS', 'KUDUS', NULL, '-', '-', '', 0, '', 0, 0, '2018-11-08 11:30:42', 20, 0, NULL),
	('KONS20181V1150351ADZP41QNN1N10Y3', 'Sdr.', 'Oui', 3, '-', '-', NULL, '-', '-', '', 0, '', 0, 0, '2018-11-15 03:51:41', 25, 0, NULL),
	('KONS20181V122101529895E', 'Sdr.', 'Ratna Souvenir', 3, 'Getas Pejaten Rt 09/04', 'Kudus', NULL, '085712185693', '085712185693', '', 0, '', 0, 0, '2018-11-22 10:15:29', 25, 0, NULL),
	('KONS20181V2Q110918511452', 'Sdr.', 'HANNA CHAN', 3, 'JEPANG PAKIS', 'KUDUS', NULL, '089624323155', '089624323155', '', 0, '', 0, 0, '2018-12-11 09:18:51', 20, 0, NULL),
	('KONS20181VAI2121Z14A1M18O1425', 'Bpk.', 'Baidhowi', 3, 'Ngembal rejo', 'Kudus', NULL, '085740456718', '085740456718', '', 0, '', 0, 0, '2018-12-12 11:41:18', 26, 0, NULL),
	('KONS20181VH10F615B374G712U29', 'Saudara.', 'SYAIFUL', 3, 'KUDUS', 'KUDUS', NULL, '-', '-', '', 0, '', 0, 0, '2018-11-06 15:37:47', 20, 0, NULL),
	('KONS20181VL11507DV07051513', 'Sdr.', 'Zuhdi', 3, 'prawoto', 'pati', NULL, '085876433924', '', '', 0, '', 0, 0, '2018-11-15 07:07:05', 21, 0, NULL),
	('KONS20181VS10X8QO100MI2286N1S9', 'Sdr.', 'Mulyono', 3, 'Gondosari Gebog', 'Kudus', NULL, '085640371939', '085640371939', '', 0, '', 0, 0, '2018-11-08 10:02:28', 14, 0, NULL),
	('KONS20181W128060UMS8V47H5LR82', 'Bapak.', 'RISMAWAN', 3, 'KUDUS', 'KUDUS', NULL, '085787064555', '085787064555', '', 0, '', 0, 0, '2018-11-28 06:08:47', 20, 0, NULL),
	('KONS20181W22716144213K37B', 'Saudara.', 'LENTERA', 3, 'KUDUS', 'KUDUS', NULL, '085642342400', '085642342400', '', 0, '', 0, 0, '2018-12-27 16:14:42', 20, 0, NULL),
	('KONS20181W2W08P070L134883', 'Bpk.', 'Tinta Ornament', 3, '-', '-', NULL, '+62 815-4219-9387', '+62 815-4219-9387', 'tintaornament@gmail.com', 0, '', 0, 0, '2018-12-08 07:01:34', 19, 0, NULL),
	('KONS20181X105105P2U4BB61H110H', 'Bpk.', 'Heri', 3, 'jepang pakis RT 1/2 jati', 'Kuds', NULL, '081326553748', '', '', 0, '', 0, 0, '2018-11-05 10:52:46', 21, 0, NULL),
	('KONS20181X112064546DD509ZY', 'Bapak.', 'SMA 1 KUDUS', 3, 'JL PRAMUKA', 'KUDUS', NULL, '-', '-', '', 0, '', 0, 0, '2018-11-12 06:45:46', 20, 0, NULL),
	('KONS20181X11511012364S5K', 'Sdr.', 'Sofa', 3, 'Jepara', 'Jepara', NULL, '08995400048', '08995400048', '', 0, '', 0, 0, '2018-11-15 11:01:23', 26, 0, NULL),
	('KONS20181X20DD41109Y401A0MDQ01EB', 'Sdr.', 'Siska', 3, 'Kudus', 'kudus', NULL, '-', '-', '', 0, '', 0, 0, '2018-12-04 11:09:40', 26, 0, NULL),
	('KONS20181Y02914230385J0', 'Sdr.', 'Khairun', 3, 'kalicilik 02/01 No.69 Demak', 'Demak', NULL, '+62 899-4883-422', '+62 899-4883-422', 'khairunsulastio105@gmail.com', 0, '', 0, 500000, '2018-10-29 14:23:03', 19, 0, NULL),
	('KONS20181Y030C2X11Z6X4297DVA6', 'Sdr.', 'Krisna valibri', 3, 'Permai 8', 'Kudus', NULL, '085640891942', '085640891942', '', 0, 'Karyawan', 0, 0, '2018-10-30 21:16:42', 19, 0, NULL),
	('KONS20181Y1N021Q6TA3V518135Q0', 'Ibu.', 'Nita hafy', 3, 'karanganyar', 'demak', NULL, '0823-2515-8877', '0823-2515-8877', 'nitahafy212@gmail.com', 0, '', 0, 0, '2018-11-02 16:35:18', 19, 0, NULL),
	('KONS20181Z03011451I21044', 'Sdr.', 'Zen', 3, 'Ngembal rejo', 'kudus', NULL, '085700606810', '085700606810', '', 0, '', 0, 0, '2018-10-30 11:45:12', 26, 0, NULL),
	('KONS20181Z1UR0O21636577CW7W0', 'Sdr.', 'FURQON MENARA', 3, 'MENARA', 'KUDUS', NULL, '08156633097', '', '', 0, '', 0, 0, '2018-11-02 16:36:57', 21, 0, NULL),
	('KONS20181Z1X21062M70SRQ1873', 'Bapak.', 'ENDRA', 3, 'JL. PRAMUKA NO 22', 'KUDUS', NULL, '081321211089', '081321211089', '', 0, '', 0, 0, '2018-11-21 06:27:01', 20, 0, NULL),
	('KONS20181Z2171434381H2M65', 'Sdr.', 'Firman', 3, '-', '-', NULL, '-', '-', '', 0, '', 0, 0, '2018-12-17 14:34:38', 25, 0, NULL),
	('KONS2018A11Q24UMQH07231S0R1M0G21', 'Bapak.', 'DHARMADI', 3, 'SEMARANG', 'SEMARANG', NULL, '-', '-', '', 0, '', 0, 0, '2018-11-24 07:23:10', 20, 0, NULL),
	('KONS2018A12P22122RJ93L7495', 'Sdr.', 'Anita (Hair Mask)', 3, '-', '-', NULL, '085803427397', '085803427397', '', 0, '', 0, 0, '2018-12-22 12:29:37', 25, 0, NULL),
	('KONS2018A1FG0N3Z0145C030142N4ZQ', 'Sdr.', 'kedai digital', 3, 'kudus', 'kudus', NULL, '08562744633', '', '', 0, '', 0, 0, '2018-10-30 14:50:30', 21, 0, NULL),
	('KONS2018A1SO108S140F612654', 'Sdr.', 'Agung', 3, '-', '-', NULL, '085727744539', '-', '', 0, '', 0, 0, '2018-11-08 14:06:12', 25, 0, NULL),
	('KONS2018AM122V6101212A1382', 'Sdr.', 'riyan', 3, 'kudus', 'kudus', NULL, '-', '', '', 0, '', 0, 0, '2018-12-26 10:12:12', 21, 0, NULL),
	('KONS2018B10301OQ55I11815MT61', 'Sdr.', 'Aristo', 3, 'Gulang', 'Kudus', NULL, '085229323844', '085229323844', '', 0, '', 0, 0, '2018-10-30 15:51:18', 26, 0, NULL),
	('KONS2018B110H812085X41133', 'Sdr.', 'syaukil', 3, 'kudus', 'kudus', NULL, '089666555984', '', '', 0, '', 0, 0, '2018-11-08 12:08:54', 21, 0, NULL),
	('KONS2018BTG11160319271T2Q00NL', 'Sdr.', 'fariq', 3, 'jati', 'kudus', NULL, '082325159693', '', '', 0, '', 0, 0, '2018-11-16 03:19:27', 21, 0, NULL),
	('KONS2018C110YA21S6105C6630', 'Bapak.', 'erwan', 3, 'peganjaran', 'kudus', NULL, '-', '+62 857-4057-1181', '', 0, '', 0, 0, '2018-11-02 16:10:56', 19, 0, NULL),
	('KONS2018C112S60O7I2900939', 'Sdr.', 'HIMA', 3, 'KUDUS', 'KUDUS', NULL, '-', '-', '', 0, '', 0, 0, '2018-11-26 07:29:00', 20, 0, NULL),
	('KONS2018C1D1120G4074N1109VI9S', 'Sdr.', 'dina', 3, 'Dina', 'Dins', NULL, '0858555666232', '', '', 0, '', 0, 0, '2018-11-12 04:07:41', 21, 0, NULL),
	('KONS2018C1W1120243407VA08W', 'Saudara.', 'ARDI', 3, 'KUDUS', 'KUDUS', NULL, '-', '-', '', 0, '', 0, 0, '2018-11-12 02:43:40', 20, 0, NULL),
	('KONS2018CS12030G4G5235139C2WSD', 'Sdr.', 'rochim', 3, 'kudus', 'kudus', NULL, '085726925915', '', '', 0, '', 0, 0, '2018-12-03 04:52:35', 21, 0, NULL),
	('KONS2018CY1029A1728241XH1W7W2', 'Sdr.', 'Ifan', 3, 'kudus', 'kudus', NULL, '-', '-', '', 0, '', 0, 0, '2018-10-29 17:28:24', 26, 0, NULL),
	('KONS2018D11100D92A8204J9W0', 'Ibu.', 'BULAN', 3, 'WERGU WETAN', 'KUDUS', NULL, '0811277073', '0811277073', '', 0, '', 0, 0, '2018-11-10 09:28:20', 20, 0, NULL),
	('KONS2018D112Z70856596W2X3', 'Bpk.', 'BUDI', 3, 'MLATINOROWITO', 'KUDUS', NULL, '-', '', '', 0, '', 0, 0, '2018-11-27 08:56:59', 21, 0, NULL),
	('KONS2018D1A102152003128IK1Q', 'Saudara.', 'HILAL', 3, 'NGANGUK WALI', 'KUDUS', NULL, '087788843474', '087788843474', '', 0, '', 0, 0, '2018-11-02 15:20:03', 20, 0, NULL),
	('KONS2018D1CC1PY22I06152S5573', 'Bapak.', 'YUS', 3, 'KUDUS', 'KUDUS', NULL, '-', '-', '', 0, '', 0, 0, '2018-11-22 06:15:25', 20, 0, NULL),
	('KONS2018DIX12281AY0082C11JI1M7M8', 'Ibu.', 'MUHCY', 3, 'KUDUS', 'KUDUS', NULL, '-', '-', '', 0, '', 0, 0, '2018-12-28 10:08:21', 20, 0, NULL),
	('KONS2018E103P0IB1C0WY22207W17', 'Bpk.', 'WAWAN PASAR KLIWON', 3, 'PASAR KLIWON', 'KUDUS', NULL, '085225946660', '085225946660', '', 0, '', 0, 0, '2018-10-30 10:22:20', 20, 0, NULL),
	('KONS2018E1123T0O70S5N104IM44', 'Sdr.', 'Dian', 3, 'Megawon Indah Blok F', 'Kudus', NULL, '08995841495', '08995841495', '', 0, '', 0, 0, '2018-11-23 07:05:10', 26, 0, NULL),
	('KONS2018E122212MD45401128', 'Sdr.', 'NURMA', 3, 'KUDUS', 'KUDUS', NULL, '089501204484', '089501204484', '', 0, '', 0, 0, '2018-12-22 12:45:40', 20, 0, NULL),
	('KONS2018E1M0U3019B0232TD8M5QBG0', 'Sdr.', 'Rifan', 3, 'Batealit', 'Jepara', NULL, '081325765350', '', '', 0, '', 0, 0, '2018-10-30 19:02:32', 21, 0, NULL),
	('KONS2018E1S10V8IF18175311K3XIF4', 'Sdr.', 'CLARISTA TOUR', 3, 'DS. JEPANGPAKIS RT1/2 JATI KUDUS', 'KUDUS', NULL, '08970517428', '', '', 0, '', 0, 0, '2018-11-08 18:17:53', 21, 0, NULL),
	('KONS2018EC1107160Y9387N19', 'Bpk.', 'Supriyadi', 3, '-', '-', NULL, '-', '-', '', 0, '', 0, 0, '2018-11-07 16:09:38', 25, 0, NULL),
	('KONS2018F1Q2151T23N152K99I8', 'Sdr.', 'DEAS', 3, 'KUDUS', 'KUDUS', NULL, '-', '', '', 0, '', 0, 0, '2018-12-15 12:31:52', 21, 0, NULL),
	('KONS2018FJV1103133S7336Q88', 'Bpk.', 'Joko', 3, 'Demak', 'Demak', NULL, '082243161212', '082243161212', '', 0, '', 0, 0, '2018-11-03 13:37:33', 25, 0, NULL),
	('KONS2018FP1123064A6ECH03135S4L', 'Sdr.', 'novi lahindah', 3, 'mejobo', 'mejobo', NULL, '08122877403', '', '', 0, '', 0, 0, '2018-11-23 06:46:03', 21, 0, NULL),
	('KONS2018G1029G105519L11M58', 'CV.', 'SPBU Terban', 3, 'Terban', 'Kudus', NULL, '-+62 817-294-870', '-+62 817-294-870', '', 0, '', 0, 0, '2018-10-29 10:55:19', 1, 0, NULL),
	('KONS2018G11ZP140DP23E83E113P06', 'Saudara.', 'ALFIAN', 3, 'PERUM MURIA INDAH', 'KUDUS', NULL, '085726348743', '085726348743', '', 0, '', 0, 0, '2018-11-14 02:38:31', 20, 0, NULL),
	('KONS2018G120R60N4R39Q1676Q0', 'Sdr.', 'Henry', 3, '-', '-', NULL, '-', '-', '', 0, '', 0, 0, '2018-12-06 04:39:16', 25, 0, NULL),
	('KONS2018G12131T40139816', 'Saudara.', 'IDRIZ', 3, 'KUDUS', 'KUDUS', NULL, '088227865182', '088227865182', '', 0, '', 0, 0, '2018-12-13 14:01:39', 20, 0, NULL),
	('KONS2018G1S128PZFV0NQ7P1524618L', 'Saudara.', 'OSI', 3, 'KUDUS', 'KUDUS', NULL, '081385638808', '081385638808', '', 0, '', 0, 0, '2018-11-28 07:15:24', 20, 0, NULL),
	('KONS2018GH11U210400S17744', 'Bapak.', 'LUKAS', 3, 'KUDUS', 'KUDUS', NULL, '08122820150', '08122820150', '', 0, '', 0, 0, '2018-11-21 04:00:17', 20, 0, NULL),
	('KONS2018GS1219161748870', 'Ibu.', 'LIDYA', 3, 'KUDUS', 'KUDUS', NULL, '-', '-', '', 0, '', 0, 0, '2018-12-19 16:17:48', 20, 0, NULL),
	('KONS2018H1101N1311419C50', 'Sdr.', 'Bagus', 3, '-', '-', NULL, '-', '-', '', 0, '', 0, 0, '2018-11-01 13:11:41', 25, 0, NULL),
	('KONS2018H110309400UE3LT992', 'Sdr.', 'Raka Siwi', 3, 'kudus', 'kudus', NULL, '-', '-', '', 0, '', 0, 0, '2018-11-03 09:40:03', 25, 0, NULL),
	('KONS2018H111010W5350Q47XJ1P', 'Bpk.', 'solikhul hadi', 3, '-', '-', NULL, '085640353668', '-', '', 0, '', 0, 0, '2018-11-10 10:53:50', 25, 0, NULL),
	('KONS2018HM11140303001533', 'Ibu.', 'Istiqomah', 3, 'Tumpang krasak', 'kudus', NULL, '-', '-', '', 0, '', 0, 0, '2018-11-14 03:03:00', 19, 0, NULL),
	('KONS2018I11220443R0I51195', 'Sdr.', 'antok', 3, 'mlatinorowito', 'kudus', NULL, '-', '', '', 0, '', 0, 0, '2018-11-22 04:43:05', 21, 0, NULL),
	('KONS2018I11IH071U349V008T11', 'Bapak.', 'TOTOK PBG', 3, 'MLATI NOROWITO', 'KUDUS', NULL, '08562676997', '08562676997', '', 0, '', 0, 0, '2018-11-07 13:49:00', 20, 0, NULL),
	('KONS2018IQ1221131644642', 'Ibu.', 'ADIS', 3, 'PANJUNAN', 'KUDUS', NULL, '082323266720', '082323266720', '', 0, '', 0, 0, '2018-12-21 13:16:44', 20, 0, NULL),
	('KONS2018J11060E902IO2P0154ZB3', 'Bapak.', 'HAFID', 3, 'MLATI KIDUL', 'KUDUS', NULL, '085839423344', '085839423344', '', 0, '', 0, 0, '2018-11-06 09:02:20', 20, 0, NULL),
	('KONS2018J1117YA0753P27698', 'Sdr.', 'MAY', 3, 'MARGOREJO', 'KUDUS', NULL, '087746338311', '087746338311', '', 0, '', 0, 0, '2018-11-17 07:53:27', 20, 0, NULL),
	('KONS2018J12110W70710E8K99', 'PT.', 'Natasha Skin care', 3, 'ruko A yani', 'kudus', NULL, '+62 838-4339-7997', '+62 838-4339-7997', '', 0, '', 0, 0, '2018-12-11 07:07:10', 19, 0, NULL),
	('KONS2018J1WY1W0619O061R75H36', 'Sdr.', 'Rizal', 3, 'Pasuruan Lor', 'Kudus', NULL, '-', '-', '', 0, '', 0, 0, '2018-11-06 19:06:17', 26, 0, NULL),
	('KONS2018K1122023718548H', 'Sdr.', 'rendra', 3, 'Kuwukan', 'kudus', NULL, '085647493032', '085647493032', '', 0, '', 0, 0, '2018-11-22 02:37:18', 14, 0, NULL),
	('KONS2018K1220D0G94L932649V', 'Bpk.', 'KEISYA', 3, 'MEGAWON', 'KUDUS', NULL, '081325657839', '081325657839', '', 0, '', 0, 0, '2018-12-20 09:49:32', 20, 0, NULL),
	('KONS2018KC1031AX13MH325J6VM12A02', 'Sdr.', 'NURUL FATIMAH', 3, 'GONDOSARI', 'KUDUS', NULL, '089633124933', '089633124933', '', 0, '', 0, 0, '2018-10-31 13:32:56', 20, 0, NULL),
	('KONS2018L11J1Y2Y0222309NRQ9MKZ2', 'Sdr.', 'Dilla', 3, '-', '-', NULL, '-', '-', '', 0, '', 0, 0, '2018-11-12 02:22:30', 25, 0, NULL),
	('KONS2018L122414042082F4H', 'Bapak.', 'Rohim', 3, '-', '-', NULL, '082226622786', '-', '', 0, '', 0, 0, '2018-12-24 14:04:20', 25, 0, NULL),
	('KONS2018M112603B43431157', 'Sdr.', 'akbar', 3, 'getas pejaten', 'kudus', NULL, '081225481093', '', '', 0, '', 0, 0, '2018-11-26 03:43:43', 21, 0, NULL),
	('KONS2018M113W0091EZ457O1D2D75', 'Bpk.', 'mas Udin', 3, 'Jember', 'Kudus', NULL, '081325508991', '081325508991', '', 0, '', 0, 0, '2018-11-30 09:14:57', 26, 0, NULL),
	('KONS2018M11FWB02E1432MF42O7Q28', 'Sdr.', 'Diwana', 3, '-', '-', NULL, '-', '-', '', 0, '', 0, 0, '2018-11-02 14:32:42', 25, 0, NULL),
	('KONS2018M12080X439411275', 'Sdr.', 'Erik', 3, '-', '-', NULL, '-', '-', '', 0, '', 0, 0, '2018-12-08 04:39:41', 25, 0, NULL),
	('KONS2018M12OV191431C2198U4', 'Sdr.', 'Nandia', 3, 'Demak', 'Demak', NULL, '-', '-', '', 0, '', 0, 0, '2018-12-19 14:31:21', 26, 0, NULL),
	('KONS2018M1X2111W15104992', 'Sdr.', 'alexander', 3, 'kudus', 'kudus', NULL, '082243322333', '', '', 0, '', 0, 0, '2018-12-11 11:51:04', 21, 0, NULL),
	('KONS2018MSP1R10216T1V00814P11LO', 'Sdr.', 'ina', 3, 'kadilangon gondangmanisrt/rw:04/01', 'kudus', NULL, '085641679016', '085641679016', '', 0, '0', 0, 0, '2018-11-02 16:10:08', 14, 0, NULL),
	('KONS2018N120M302G442064A3I', 'Bapak.', 'SUGENG', 3, 'MLATI', 'KUDUS', NULL, '085229256658', '085229256658', '', 0, '', 0, 0, '2018-12-03 02:44:20', 20, 0, NULL),
	('KONS2018O110614F41151329', 'Ib.', 'ririn', 3, 'mlati kidul', 'kudus', NULL, '', '', '', 0, '', 0, 0, '2018-11-06 14:41:15', 21, 0, NULL),
	('KONS2018O110XI208590312J84', 'Bapak.', 'MAWADAH PRODUCTION', 3, 'TERGO', 'KUDUS', NULL, '085703117553', '085703117553', '', 0, '', 0, 0, '2018-11-02 08:59:03', 20, 0, NULL),
	('KONS2018O1L1051J4313713B0X8', 'Saudara.', 'ADIL', 3, 'KUDUS', 'KUDUS', NULL, '-', '-', '', 0, '', 0, 0, '2018-11-05 14:31:37', 20, 0, NULL),
	('KONS2018OK1K0M301A00O20511E31', 'Saudara.', 'Yuti', 3, 'Mlati', 'kudus', NULL, '085325005325', '085325005325', '', 0, '', 0, 0, '2018-10-30 10:02:05', 14, 0, NULL),
	('KONS2018P11270QG947Z481L1L84', 'Saudara.', 'DIAN', 3, 'SAMIREJO', 'KUDUS', NULL, '085866388796', '085866388796', '', 0, '', 0, 0, '2018-11-27 09:47:48', 20, 0, NULL),
	('KONS2018P1225113R61814U09EKF', 'Bapak.', 'HANAFI', 3, 'KUDUS', 'KUDUS', NULL, '-', '-', '', 0, '', 0, 0, '2018-12-25 11:36:18', 20, 0, NULL),
	('KONS2018P1TP030S1701321354', 'Sdr.', 'NISA', 3, 'kudus', 'KUDUS', NULL, '-', '-', '', 0, '', 0, 0, '2018-10-30 17:01:32', 20, 0, NULL),
	('KONS2018Q1031N14345K01310', 'Sdr.', 'Faiq', 3, '-', '-', NULL, '-', '-', '', 0, '', 0, 0, '2018-10-31 14:34:50', 25, 0, NULL),
	('KONS2018Q1115K114E241F1KVH491RWL', 'Sdr.', 'dul', 3, 'payaman', 'kudus', NULL, '085740238624', '', '', 0, '', 0, 0, '2018-11-15 11:42:41', 21, 0, NULL),
	('KONS2018Q12V2C510K1Z843105DHV0', 'Sdr.', 'Ardila', 3, '-', '-', NULL, '-', '-', '', 0, '', 0, 0, '2018-12-25 10:18:43', 25, 0, NULL),
	('KONS2018Q1S03113P26171Z47X3E', 'Bapak.', 'ABIDIN', 3, 'MLATI NOROWITO GG 1', 'KUDUS', NULL, '082313724188', '082313724188', '', 0, '', 0, 0, '2018-10-31 13:26:17', 20, 0, NULL),
	('KONS2018R103J0160T50EV4744', 'Sdr.', 'ARSADA', 3, 'KUDUS', 'KUDUS', NULL, '--', '-', '', 0, '', 0, 0, '2018-10-30 16:05:04', 20, 0, NULL),
	('KONS2018R11090C920598F83', 'Ib.', 'Ayu', 3, '-', '-', NULL, '-', '085801636389', '', 0, '', 0, 0, '2018-11-09 09:20:59', 25, 0, NULL),
	('KONS2018R110M718412875F8', 'Sdr.', 'husni', 3, 'kudus', 'kudus', NULL, '081225098699', '', '', 0, '', 0, 0, '2018-11-07 18:41:28', 21, 0, NULL),
	('KONS2018RMFX12E10084U6306O48', 'Sdr.', 'febri', 3, 'kudus', 'kudus', NULL, '-', '', '', 0, '', 0, 0, '2018-12-10 08:46:30', 21, 0, NULL),
	('KONS2018RX1S1Y0PI11249G09VA10X36', 'Ibu.', 'Mujiwati', 3, 'Jati Wetan', 'Kudus', NULL, '085225791422', '085225791422', '', 0, '', 0, 0, '2018-11-01 12:49:09', 26, 0, NULL),
	('KONS2018S1226O1MM6391A06R2L4L', 'Sdr.', 'riza', 3, 'janggalan', 'kudus', NULL, '085741269183', '', '', 0, '', 0, 0, '2018-12-26 16:39:10', 21, 0, NULL),
	('KONS2018S12J2LCR61342321L22RG9', 'Bapak.', 'Husen', 3, 'Bulung Kulon', 'Kudus', NULL, '082227869059', '082227869059', '', 0, '', 0, 0, '2018-12-26 13:42:32', 26, 0, NULL),
	('KONS2018S1C10K312081L2F140CW0', 'Ibu.', 'Eva', 3, 'Ngembal', 'Kudus', NULL, '-', '-', '', 0, '', 0, 0, '2018-11-03 12:08:12', 26, 0, NULL),
	('KONS2018SQ1A21010HJ03R24W1H04S2', 'Saudara.', 'ILHAM M', 3, 'KUDUS', 'KUDUS', NULL, '089682037325', '089682037325', '', 0, '', 0, 0, '2018-12-10 10:03:24', 20, 0, NULL),
	('KONS2018T103A1122WN40G1731', 'Sdr.', 'Prima', 3, 'SMA 1 Kudus', 'Kudus', NULL, '-', '-', '', 0, '', 0, 0, '2018-10-31 12:24:01', 26, 0, NULL),
	('KONS2018T111903502P41072', 'Bpk.', 'Zainudin', 3, '-', '-', NULL, '081326782506', '-', '', 0, '', 0, 0, '2018-11-19 03:50:24', 25, 0, NULL),
	('KONS2018T112CCC2091258IC70F3QN', 'CV.', 'VALIBRI PRINT', 3, 'jln pramuka no 26 A kudus ( Depan SMA 1 Kudus )', 'Kudus', NULL, '082220588501', '082220588501', 'valibriprint@gmail.com', 0, '', 0, 0, '2018-11-22 09:12:58', 19, 0, NULL),
	('KONS2018T112DY3W0D327T098F2Y1', 'Sdr.', 'hilda', 3, 'kudus', 'kudus', NULL, '-', '', '', 0, '', 0, 0, '2018-11-23 03:27:09', 21, 0, NULL),
	('KONS2018T11J2J20UNF455V2R51126', 'Sdr.', 'TATA', 3, 'KUDUS', 'KUDUS', NULL, '-', '-', '', 0, '', 0, 0, '2018-11-22 04:55:25', 20, 0, NULL),
	('KONS2018T11M08WK113KH85CF31157IW', 'Sdr.', 'Andi iguana', 3, 'mlati', 'kudus', NULL, '+62 857-2783-1555', '+62 857-2783-1555', 'iguana.mediagrafika@gmail.com', 0, '', 0, 80000, '2018-11-08 11:38:53', 19, 0, NULL),
	('KONS2018TM12111P15234O8C98', 'Sdr.', 'Venti', 3, 'UMK', 'Kudus', NULL, '-', '-', '', 0, '', 0, 0, '2018-12-11 11:52:34', 26, 0, NULL),
	('KONS2018U1105W1F1530U89C2Q9', 'Sdr.', 'ahmad thalita coffee', 3, 'ngembal kulon', 'kudus', NULL, '085326211445', '', '', 0, '', 0, 0, '2018-11-05 11:53:08', 21, 0, NULL),
	('KONS2018U1126091R2141053NE', 'Mr.', 'Kwiksport', 3, 'kudus', 'kudus', NULL, '+62 812-2943-127', '+62 812-2943-127', '', 0, '', 0, 0, '2018-11-26 09:12:14', 19, 0, NULL),
	('KONS2018U12110T90I941CX108F2Z', 'Sdr.', 'Erika', 3, '-', '-', NULL, '085724170660', '085724170660', '', 0, '', 0, 0, '2018-12-11 09:09:41', 25, 0, NULL),
	('KONS2018U1D03116BP0O3189L1K3', 'Bapak.', 'UNA', 3, 'KAUMAN', 'KUDUS', NULL, '08122849333', '08122849333', '', 0, '', 0, 0, '2018-10-31 16:03:18', 20, 0, NULL),
	('KONS2018U1E1190W6I2ZR706972', 'Bapak.', 'LUKMAN', 3, 'KUDUS', 'KUDUS', NULL, '-', '-', '', 0, '', 0, 0, '2018-11-19 06:27:06', 20, 0, NULL),
	('KONS2018UJ11SM071548C2K47KJ73', 'Ibu.', 'Titik', 3, '-', '-', NULL, '-', '-', '', 0, '', 0, 0, '2018-11-07 15:48:24', 25, 0, NULL),
	('KONS2018V11090949Q5R8884', 'Sdr.', 'Lutfi', 3, '-', '-', NULL, '-', '-', '', 0, '', 0, 0, '2018-11-09 09:49:58', 25, 0, NULL),
	('KONS2018V11Q06135241C862', 'Bpk.', 'Faruq jpr', 3, 'jepara', 'jepara', NULL, '+62 852-9094-4440', '+62 852-9094-4440', 'ghozalyfaruq@gmail.com', 0, '', 0, 0, '2018-11-06 13:52:41', 19, 0, NULL),
	('KONS2018V1227175KD6J1310SSH11DI', 'Bapak.', 'Gusnan Bagus', 3, 'Prambatan', 'Kudus', NULL, '081325527714', '081325527714', '', 0, '', 0, 0, '2018-12-27 17:56:13', 26, 0, NULL),
	('KONS2018V1J105133817853', 'Sdr.', 'nur hidayah', 3, 'crangang', 'kudus', NULL, '085640848830', '', '', 0, '', 0, 0, '2018-11-05 13:38:17', 21, 0, NULL),
	('KONS2018VA1HULAW1131254D591165', 'Bpk.', 'Ikhsan', 3, 'Gajah', 'Demak', NULL, '087746296598', '087746296598', '', 0, '', 0, 0, '2018-11-13 12:54:59', 1, 0, NULL),
	('KONS2018VWZ111W008R58541431R', 'Sdr.', 'Paud Masehi', 3, '-', '-', NULL, '-', '-', '', 0, '', 0, 0, '2018-11-10 08:58:54', 25, 0, NULL),
	('KONS2018W12040425016T83', 'Sdr.', 'Apri', 3, '-', '-', NULL, '089668249000', '-', '', 0, '', 0, 0, '2018-12-04 04:25:01', 25, 0, NULL),
	('KONS2018W1C1Y28070F422S1JV490', 'Saudara.', 'ISLA', 3, 'KUDUS', 'KUDUS', NULL, '-', '-', '', 0, '', 0, 0, '2018-11-28 07:04:22', 20, 0, NULL),
	('KONS2018WA1F03E0S10495968G1AE', 'Sdr.', 'Rania', 3, 'kudus', 'kudus', NULL, '08978791472', '08978791472', '', 0, '', 0, 0, '2018-10-30 10:49:59', 25, 0, NULL),
	('KONS2018X111Z31O13128884', 'Sdr.', 'Tri', 3, 'Mlati Norowito', 'Kudus', NULL, '-', '-', '', 0, '', 0, 0, '2018-11-13 11:31:28', 26, 0, NULL),
	('KONS2018X1FK121ET02050VF0NO688', 'CV.', 'SPBU KLALING', 3, 'KLALING', 'KUDUS', NULL, '-', '-', '', 0, '', 0, 0, '2018-11-21 02:05:00', 20, 0, NULL),
	('KONS2018Y11I210508B181075', 'Sdr.', 'Riesa', 3, 'Puyoh', 'Kudus', NULL, '082138931988', '082138931988', '', 0, '', 0, 0, '2018-11-21 05:08:18', 26, 0, NULL),
	('KONS2018Y1221R1R504IA1X4Y1192X', 'Sdr.', 'IRUL', 3, 'KALIREJO', 'KUDUS', NULL, '085727201432', '', '', 0, '', 0, 0, '2018-12-21 15:04:14', 21, 0, NULL),
	('KONS2018Y1G1F06EE17201812FN0PC6P', 'Sdr.', 'Maulana', 3, 'Damaran', 'Kudus', NULL, '081542212676', '081542212676', '', 0, '', 0, 0, '2018-11-06 17:20:18', 26, 0, NULL),
	('KONS2018Y1R10J214L54I3Y19I45', 'Sdr.', 'Delta', 3, 'Jekulo', 'Kudus', NULL, '081326400645', '081326400645', '', 0, '', 0, 0, '2018-11-02 14:54:31', 26, 0, NULL),
	('KONS2018YG1206S06W5N850K910U', 'Saudara.', 'ARIF MULANI', 3, 'KUDUS', 'KUDUS', NULL, '085329435388', '085329435388', '', 0, '', 0, 0, '2018-12-06 06:58:50', 20, 0, NULL),
	('KONS2018Z1031110LB551C925', 'Bpk.', 'NARDI', 3, 'KUDUS', 'KUDUS', NULL, '085376767633', '', '', 0, '', 0, 0, '2018-10-31 11:05:51', 21, 0, NULL),
	('KONS2018Z11211008471142Y', 'Saudara.', 'BINA', 3, 'DESA KUTUK', 'KUDUS', NULL, '085727117370', '085727117370', '', 0, '', 0, 0, '2018-11-21 10:08:47', 20, 0, NULL),
	('KONS2018Z113DM0034M512I133U1', 'Ibu.', 'Tri Rahayu', 3, 'Dersalam', 'Kudus', NULL, '085226241361', '085226241361', '', 0, '', 0, 0, '2018-11-30 03:45:12', 26, 0, NULL),
	('KONS2018ZQ1O03SK1Q190N015H1V28Z1', 'Sdr.', 'Teddi', 3, 'Dawe', 'Kudus', NULL, '085703839622', '085703839622', '', 0, '', 0, 0, '2018-10-31 19:00:15', 26, 0, NULL),
	('KONS2018ZSN1E102115RY84G7789', 'Sdr.', 'DIAH', 3, 'KALIREJO', 'KUDUS', NULL, '085641332958', '085641332958', '', 0, '', 0, 0, '2018-11-02 11:58:47', 20, 0, NULL),
	('KONS2019010209KH56219Q10', 'Sdr.', 'YOGA', 3, 'GITJ KUDUS', 'KUDUS', NULL, '082328522868', '089670173947', '', 0, '', 0, 0, '2019-01-02 09:56:21', 20, 0, NULL),
	('KONS201901021728489Z5U8L', 'Sdr.', 'SOFIRIN', 3, '-', '-', NULL, '-', '', '', 0, '', 0, 0, '2019-01-02 17:28:48', 21, 0, NULL),
	('KONS201901021GA8TG294BY8B112L4Q', 'Bapak.', 'Elly', 3, 'Bakalan Kraprak', 'Kudus', NULL, '088215708070', '088215708070', '', 0, '', 0, 0, '2019-01-02 18:29:48', 26, 0, NULL),
	('KONS20190103A1506V48583', 'Sdr.', 'Husein', 3, '-', '-', NULL, '082313976240', '082313976240', '', 0, '', 0, 0, '2019-01-03 15:06:48', 25, 0, NULL),
	('KONS20190103I0E90D0W231O423', 'Saudara.', 'FERI', 3, 'KUDUS', 'KUDUS', NULL, '085747397724', '085747397724', '', 0, '', 0, 0, '2019-01-03 09:00:23', 20, 0, NULL),
	('KONS201901041S40203JMS14N00', 'Sdr.', 'Fahmi', 3, '-', '-', NULL, '-', '-', '', 0, '', 0, 0, '2019-01-04 14:02:03', 25, 0, NULL),
	('KONS20190105A125N8151P310', 'Sdr.', 'manaf', 3, 'golan tepus rt 04 rw 06 mejobo', 'Kudus', NULL, '085865877387', '085865877387', '', 0, '', 0, 0, '2019-01-05 12:58:15', 26, 0, NULL),
	('KONS20190105C1H0E143Z51061', 'Sdr.', 'ilma', 3, 'kudus', 'kudus', NULL, '08157669986', '', '', 0, '', 0, 0, '2019-01-05 10:14:35', 21, 0, NULL),
	('KONS20190107155F61257VR0', 'Sdr.', 'FARAH', 3, 'KUDUS', 'KUDUS', NULL, '-', '-', '', 0, '', 0, 0, '2019-01-07 15:56:12', 20, 0, NULL),
	('KONS2019010818FV57GV449M03', 'Bapak.', 'Suwoyo', 3, 'Kudus', 'Kudus', NULL, '-', '-', '', 0, '', 0, 0, '2019-01-08 18:57:44', 26, 0, NULL),
	('KONS201901081DR14Y5011K41Q7C', 'Bpk.', 'suhaji', 3, 'ds honggosoco rt 02/03 jekulo', 'kudus', NULL, '085325457729', '', '', 0, '', 0, 0, '2019-01-08 11:45:01', 21, 0, NULL),
	('KONS201901091255SZ051137', 'Sdr.', 'Mas Iwan', 3, '-', '-', NULL, '-', '-', '', 0, '', 0, 0, '2019-01-09 12:55:05', 25, 0, NULL),
	('KONS2019010AE4C0951A0914E8H0', 'Sdr.', 'Yuke', 3, '-', '-', NULL, '085227907477', '-', '', 0, '', 0, 0, '2019-01-04 09:51:09', 25, 0, NULL),
	('KONS2019010OF8112L7XHF14Y1362', 'Bapak.', 'MUHDI', 3, 'KUDUS', 'KUDUS', NULL, '08813704734', '08813704734', '', 0, '', 0, 0, '2019-01-08 11:27:14', 20, 0, NULL),
	('KONS2019010P7Z184613788', 'Sdr.', 'Sajoku pala', 3, 'Kudus', 'kudus', NULL, '-', '-', '', 0, '', 0, 0, '2019-01-07 18:46:13', 26, 0, NULL),
	('KONS2019010Q7130921939X', 'Saudara.', 'MUNIR', 3, 'KUDUS', 'KUDUS', NULL, '085740053340', '085740053340', '', 0, '', 0, 0, '2019-01-07 13:09:21', 20, 0, NULL),
	('KONS2019010X3O0D9MY3433T123R0UM', 'Saudara.', 'ADI JANGGALAN', 3, 'JANGGALAN', 'KUDUS', NULL, '085642851464', '085642851464', '', 0, '', 0, 0, '2019-01-03 09:34:33', 20, 0, NULL),
	('KONS2019010Y815251K9903P', 'Sdr.', 'motho cukor', 3, 'jekulo', 'kudus', NULL, '0895410361236', '', '', 0, '', 0, 0, '2019-01-08 15:25:19', 21, 0, NULL),
	('KONS20190110094T423X69E7', 'Bapak.', 'WOWON', 3, 'PLOSO', 'KUDUS', NULL, '081326296466', '081326296466', '', 0, '', 0, 0, '2019-01-10 09:44:23', 20, 0, NULL),
	('KONS2019011409224J377E1K', 'Bpk.', 'Achmadi', 3, '-', '-', NULL, '081215073793', '', '', 0, '', 0, 0, '2019-01-14 09:22:43', 25, 0, NULL),
	('KONS2019011411N55RD0Z61441R', 'Bpk.', 'Afandi', 3, '-', '-', NULL, '-', '-', '', 0, '', 0, 0, '2019-01-14 11:55:06', 25, 0, NULL),
	('KONS2019011412XZ51271D17P5P', 'Sdr.', 'Darendra', 3, '-', '-', NULL, '-', '-', '', 0, '', 0, 0, '2019-01-14 12:51:27', 25, 0, NULL),
	('KONS2019011515114Y778E1', 'Saudara.', 'PURNOMO', 3, 'JUWANA', 'PATI', NULL, '082336177124', '082336177124', '', 0, '', 0, 0, '2019-01-15 15:11:47', 20, 0, NULL),
	('KONS201901151V6K1M80015AKJK77', 'Sdr.', 'FAISAL', 3, 'KUDUS', 'KUDUS', NULL, '-', '', '', 0, '', 0, 0, '2019-01-15 16:18:00', 21, 0, NULL),
	('KONS20190115YA142201787', 'Sdr.', 'muslim kid', 3, 'kudus', 'kudus', NULL, '082133663639', '', '', 0, '', 0, 0, '2019-01-15 14:22:01', 21, 0, NULL),
	('KONS20190116B113X5501108', 'Sdr.', 'Mas Tyo', 3, 'Demak', 'Demak', NULL, '085726893702', '085726893702', '', 0, '', 0, 0, '2019-01-16 11:35:50', 26, 0, NULL),
	('KONS201901181Q1290A1115X2R', 'Bpk.', 'Wito', 3, '-', '-', NULL, '081918728585', '', '', 0, '', 0, 0, '2019-01-18 11:29:01', 25, 0, NULL),
	('KONS201901191412W3F61097', 'Bapak.', 'SARTONO JIWASRAYA', 3, 'JEPARA', 'JEPARA', NULL, '082233483499', '082233483499', '', 0, '', 0, 0, '2019-01-19 14:12:36', 20, 0, NULL),
	('KONS2019011FR8GCH1301G1589Z9N', 'Sdr.', 'NADIT', 3, 'KUDUS', 'KUDUS', NULL, '-', '-', '', 0, '', 0, 0, '2019-01-18 13:01:15', 20, 0, NULL),
	('KONS2019011G9D14444K41WW3XK13', 'Bpk.', 'Suroto', 3, '-', '-', NULL, '-', '-', '', 0, '', 0, 0, '2019-01-19 14:44:44', 25, 0, NULL),
	('KONS2019011XUCSLA511Z0841138F7XM', 'Saudara.', 'YUSUF', 3, 'KUDUS', 'KUDUS', NULL, '085940716226', '085940716226', '', 0, '', 0, 0, '2019-01-15 11:08:41', 20, 0, NULL),
	('KONS2019012118032K51H141T', 'Sdr.', 'HELEN', 3, 'KUDUS', 'KUDUS', NULL, '085293785978', '', '', 0, '', 0, 0, '2019-01-21 18:03:25', 21, 0, NULL),
	('KONS201901211L03030119L7G', 'Sdr.', 'Nina', 3, '-', '-', NULL, '089639152481', '-', '', 0, '', 0, 0, '2019-01-21 10:30:30', 25, 0, NULL),
	('KONS201901221V10142R617', 'Sdr.', 'nuka', 3, 'jl. mayor kusmanto', 'kudus', NULL, '085640422739', '', '', 0, '', 0, 0, '2019-01-22 11:01:42', 21, 0, NULL),
	('KONS201901231258311O1O25OK', 'Sdr.', 'Icun', 3, 'Mlati norowito gg1', 'Kudus', NULL, '085875834200', '085875834200', '', 0, '', 0, 0, '2019-01-23 12:58:31', 26, 0, NULL),
	('KONS20190126144854T728Y', 'Bapak.', 'Nur Ridho', 3, 'Kudus', 'KUdus', NULL, '-', '-', '', 0, '', 0, 0, '2019-01-26 14:48:54', 26, 0, NULL),
	('KONS201901261I6324384G2V', 'Ibu.', 'Yuyun Ulinnuha', 3, '-', '-', NULL, '082334148074', '-', '', 0, '', 0, 0, '2019-01-26 16:32:43', 25, 0, NULL),
	('KONS20190129151318147MR0', 'PT.', 'Surya Indah Motor', 3, 'Kudus', 'Kudus', NULL, '081354367056', '081354367056', '', 0, '', 0, 0, '2019-01-29 15:13:18', 26, 0, NULL),
	('KONS20190129Q110932Y1055', 'Ibu.', 'Ida Salon', 3, '-', '-', NULL, '-', '-', '', 0, '', 0, 0, '2019-01-29 11:09:32', 25, 0, NULL),
	('KONS2019012M9150428V1465', 'Ibu.', 'SRIYANI', 3, 'KUDUS', 'KUDUS', NULL, '085713400303', '085713400303', '', 0, '', 0, 0, '2019-01-29 15:04:28', 20, 0, NULL),
	('KONS2019012W8151KQ449147UE5', 'Saudara.', 'SOLICHUS', 3, 'KUDUS', 'KUDUS', NULL, '082137051258', '082137051258', '', 0, '', 0, 0, '2019-01-28 15:14:49', 20, 0, NULL),
	('KONS2019013010I430164T2', 'Sdr.', 'Breadstar', 3, '-', '-', NULL, '-', '-', '', 0, '', 0, 0, '2019-01-30 10:43:01', 25, 0, NULL),
	('KONS201901301849257A3Q8', 'Sdr.', 'alex mlati', 3, 'mlati', 'kudus', NULL, '-', '', '', 0, '', 0, 0, '2019-01-30 18:49:25', 21, 0, NULL),
	('KONS20190131E1023L4W692N2', 'Bapak.', 'TOKO PELANGI', 3, 'KUDUS', 'KUDUS', NULL, '-', '-', '', 0, '', 0, 0, '2019-01-31 10:23:46', 20, 0, NULL),
	('KONS20190131M115453122O5', 'Saudara.', 'KUMORO', 3, 'KUDUS', 'KUDUS', NULL, '085740996413', '085740996413', '', 0, '', 0, 0, '2019-01-31 11:54:53', 20, 0, NULL),
	('KONS201901D0PA21U610AA23X862F', 'Sdr.', 'Zadit', 3, 'Mayong', 'Jepara', NULL, '085775176023', '085775176023', '', 0, '', 0, 0, '2019-01-02 16:10:23', 26, 0, NULL),
	('KONS201901GA21K10X593G396E9H', 'Bpk.', 'Kukuh', 3, '-', '-', NULL, '082142109978', '-', '', 0, '', 0, 0, '2019-01-21 10:59:33', 25, 0, NULL),
	('KONS201901GI1Z014LL15581N1QH1X0D', 'Bapak.', 'IRUD', 3, 'TAHUNAN', 'JEPARA', NULL, '085741639895', '085741639895', '', 0, '', 0, 0, '2019-01-10 14:15:58', 20, 0, NULL),
	('KONS201901H0912M09U28653P', 'Sdr.', 'IN ROSE', 3, 'KUDUS', 'KUDUS', NULL, '081575005233', '', '', 0, '', 0, 0, '2019-01-09 12:09:28', 21, 0, NULL),
	('KONS201901HLK10G19432KZ88K60', 'Sdr.', 'Wildan', 3, 'Kudus', 'Kudus', NULL, '085726888789', '085726888789', '', 0, '', 0, 0, '2019-01-10 19:43:28', 26, 0, NULL),
	('KONS201901I0U211080766HW2', 'Sdr.', 'rifqi', 3, 'sukolilo', 'pati', NULL, '085826115330', '', '', 0, '', 0, 0, '2019-01-02 11:08:07', 21, 0, NULL),
	('KONS201901MA071644211153', 'Sdr.', 'NISHFIA', 3, 'KUDUS', 'KUDUS', NULL, '082229546708', '082229546708', '', 0, '', 0, 0, '2019-01-07 16:44:21', 20, 0, NULL),
	('KONS201901NB16X193T2WC211384', 'Sdr.', 'Elsa', 3, 'Jati kulon', 'Kudus', NULL, '081326617934', '081326617934', '', 0, '', 0, 0, '2019-01-16 19:32:21', 26, 0, NULL),
	('KONS201901P2412293013H25', 'Sdr.', 'Maya', 3, '-', '-', NULL, '-', '-', '', 0, '', 0, 0, '2019-01-24 12:29:30', 25, 0, NULL),
	('KONS201901Q1X51002M199JVVZ1FT4', 'Sdr.', 'ERLI', 3, 'KUDUS', 'KUDUS', NULL, '085803225859', '085803225859', '', 0, '', 0, 0, '2019-01-15 10:02:19', 20, 0, NULL),
	('KONS201901R111N15T2191E481', 'Sdr.', 'IJA', 3, 'Kudus', 'Kudus', NULL, '-', '-', '', 0, '', 0, 0, '2019-01-11 11:52:19', 26, 0, NULL),
	('KONS201901R1612C1546151H2', 'Mrs.', 'Mirna', 3, 'Kudus', 'Kudus', NULL, '082226569978', '082226569978', '', 0, '', 0, 0, '2019-01-16 12:15:46', 26, 0, NULL),
	('KONS201901T09152624J994', 'Sdr.', 'reta beauty clinic', 3, 'kudus', 'kudus', NULL, '08112772660', '', '', 0, '', 0, 0, '2019-01-09 15:26:24', 21, 0, NULL),
	('KONS201901UE0N8H1T443X25578', 'Sdr.', 'PT MANIKA STONE ART', 3, 'Dr Ramelan 21', 'kudus', NULL, '08122860233', '', '', 0, '', 0, 0, '2019-01-08 14:43:25', 21, 0, NULL),
	('KONS201901W250920191X3Z54R', 'Bapak.', 'SUNARDI', 3, 'KANDANG MAS', 'KUDUS', NULL, '085373129747', '085373129747', '', 0, '', 0, 0, '2019-01-25 09:20:19', 20, 0, NULL),
	('KONS201901X311C259W41B1C3Z96', 'Sdr.', 'RIKZA', 3, '-', '-', NULL, '-', '-', '', 0, '', 0, 0, '2019-01-31 12:59:41', 25, 0, NULL),
	('KONS201901Z03SD1736208SSH15', 'Bapak.', 'Murtadho', 3, 'Loram', 'Kudus', NULL, '085800039800', '085800039800', '', 0, '', 0, 0, '2019-01-03 17:36:20', 26, 0, NULL),
	('KONS201901Z0412AR002813X65', 'Sdr.', 'KHOLIDA', 3, 'KUDUS', 'KUDUS', NULL, '-', '089669173859', '', 0, '', 0, 0, '2019-01-04 12:00:28', 20, 0, NULL),
	('KONS2019020111C035C61293', 'Bpk.', 'Jayadi', 3, '-', '-', NULL, '081355264295', '-', '', 0, '', 0, 0, '2019-02-01 11:03:56', 25, 0, NULL),
	('KONS2019020117N0605B1066', 'Bpk.', 'Muslikan', 3, 'demak', 'demak', NULL, '085225052949', '085225052949', '', 0, '', 0, 0, '2019-02-01 17:06:05', 26, 0, NULL),
	('KONS2019020212372W71101Q', 'Ibu.', 'Rina', 3, 'Dersalam', 'Kudus', NULL, '081 325 236 433', '081 325 236 433', '', 0, '', 0, 0, '2019-02-02 12:37:27', 26, 0, NULL),
	('KONS20190205115V341C1489U', 'Sdr.', 'SAHIT', 3, 'KUDUS', 'KUDUS', NULL, '081 229 729 848', '081 229 729 848', '', 0, '', 0, 0, '2019-02-05 11:53:41', 21, 0, NULL),
	('KONS201902061330QR4414N72', 'Bapak.', 'AMANG', 3, 'KUDUS', 'KUDUS', NULL, '085640193375', '085640193375', '', 0, '', 0, 0, '2019-02-06 13:30:44', 20, 0, NULL),
	('KONS201902091P3UA35411258', 'Saudara.', 'SULIGIANTO', 3, 'KUDUS', 'KUDUS', NULL, '089669251811', '089669251811', '', 0, '', 0, 0, '2019-02-09 13:35:41', 20, 0, NULL),
	('KONS2019020R41040349R80', 'Saudara.', 'BENI', 3, 'KUDUS', 'KUDUS', NULL, '082226885972', '082226885972', '', 0, '', 0, 0, '2019-02-04 10:40:34', 20, 0, NULL),
	('KONS20190211X0956F547T98', 'PT.', 'MAP', 3, 'DEMAK', 'DEMAK', NULL, '-', '-', '', 0, '', 0, 0, '2019-02-11 09:56:54', 20, 0, NULL),
	('KONS20190212BV1124S2T88V95', 'Sdr.', 'Dema Fak', 3, '-', '-', NULL, '-', '-', '', 0, '', 0, 0, '2019-02-12 11:24:28', 25, 0, NULL),
	('KONS2019021317SP490L11503', 'Sdr.', 'imam muji', 3, 'kudus', 'kudus', NULL, '-', '', '', 0, '', 0, 0, '2019-02-13 17:49:01', 21, 0, NULL),
	('KONS20190214B09FS524975ZM3', 'Bpk.', 'Dewa', 3, '-', '-', NULL, '-', '-', '', 0, '', 0, 0, '2019-02-14 09:52:49', 25, 0, NULL),
	('KONS2019021510085659RO3TG', 'Bpk.', 'JAMAL', 3, 'KUDUS', 'KUDUS', NULL, '-', '-', '', 0, '', 0, 0, '2019-02-15 10:08:56', 20, 0, NULL),
	('KONS201902151556OO42703', 'Bpk.', 'solikan', 3, '-', '-', NULL, '-', '-', '', 0, '', 0, 0, '2019-02-15 15:56:42', 25, 0, NULL),
	('KONS201902181639Y0D0B1169J', 'Saudara.', 'FAUZUL', 3, 'KUDUS', 'KUDUS', NULL, '085819014865', '085819014865', '', 0, '', 0, 0, '2019-02-18 16:39:00', 20, 0, NULL),
	('KONS2019021816S3M8591230', 'Saudara.', 'FAUZUL', 3, 'KUDUS', 'KUDUS', NULL, '085819014865', '085819014865', '', 0, '', 0, 0, '2019-02-18 16:38:59', 20, 0, NULL),
	('KONS201902181TD639001174HJ', 'Saudara.', 'FAUZUL', 3, 'KUDUS', 'KUDUS', NULL, '085819014865', '085819014865', '', 0, '', 0, 0, '2019-02-18 16:39:00', 20, 0, NULL),
	('KONS2019021S81R638591251', 'Saudara.', 'FAUZUL', 3, 'KUDUS', 'KUDUS', NULL, '085819014865', '085819014865', '', 0, '', 0, 0, '2019-02-18 16:38:59', 20, 0, NULL),
	('KONS2019021XL5154FTH402A89A7JU', 'Sdr.', 'FIORE', 3, 'KUDUS', 'KUDUS', NULL, '085784801000', '', '', 0, '', 0, 0, '2019-02-15 15:44:02', 21, 0, NULL),
	('KONS20190221O1533575I08', 'Ibu.', 'DWI', 3, 'KUDUS', 'KUDUS', NULL, '082326987944', '082326987944', '', 0, '', 0, 0, '2019-02-21 15:33:57', 20, 0, NULL),
	('KONS20190222111RW9031107', 'Saudara.', 'DANIL', 3, 'KUDUS', 'KUDUS', NULL, '-', '-', '', 0, '', 0, 0, '2019-02-22 11:19:03', 20, 0, NULL),
	('KONS20190222NS15X5W5501420', 'Sdr.', 'Alaik', 3, 'SMA 1 Kudus', 'Kudus', NULL, '085325680423', '085325680423', '', 0, '', 0, 0, '2019-02-22 15:55:50', 26, 0, NULL),
	('KONS2019022510O163A5M8S44', 'Ib.', 'NIA', 3, 'KUDUS', 'KUDUS', NULL, '085727791291', '085727791291', '', 0, '', 0, 0, '2019-02-25 10:16:35', 20, 0, NULL),
	('KONS201902261O3BD36251334', 'Ib.', 'LILI', 3, 'KUDUS', 'KUDUS', NULL, '082154708206', '082154708206', '', 0, '', 0, 0, '2019-02-26 13:36:25', 20, 0, NULL),
	('KONS2019022714U0000102O4L', 'Sdr.', 'Laili afwan', 3, '-', '-', NULL, '-', '-', '', 0, '', 0, 0, '2019-02-27 14:00:00', 25, 0, NULL),
	('KONS2019022A010310586N7', 'Sdr.', 'Mohtar', 3, '-', '-', NULL, '085742015239', '-', '', 0, '', 0, 0, '2019-02-20 10:31:05', 25, 0, NULL),
	('KONS2019022B81W14202688', 'Bpk.', 'WIDHI', 3, 'KUDUS', 'KUDUS', NULL, '08985467165', '08985467165', '', 0, '', 0, 0, '2019-02-28 11:42:02', 20, 0, NULL),
	('KONS201902A1E50F8U5115X9A13', 'Bapak.', 'JONI', 3, 'KUDUS', 'KUDUS', NULL, '0895336527965', '0895336527965', '', 0, '', 0, 0, '2019-02-15 08:51:15', 20, 0, NULL),
	('KONS201902C201FG0352Z71P284', 'Sdr.', 'abikintir', 3, 'kudus', 'kudus', NULL, '-', '', '', 0, '', 0, 0, '2019-02-20 10:35:27', 21, 0, NULL),
	('KONS201902E04G09T1C825RX1067I', 'Sdr.', 'Ladi', 3, '-', '-', NULL, '-', '-', '', 0, '', 0, 0, '2019-02-04 09:18:25', 25, 0, NULL),
	('KONS201902E2G3142646795', 'Bapak.', 'HUDA', 3, 'KUDUS', 'KUDUS', NULL, '082186386271', '082186386271', '', 0, '', 0, 0, '2019-02-23 14:26:46', 20, 0, NULL),
	('KONS201902W28DG1115KN33635O', 'Bpk.', 'AGUS SUSANTO', 3, 'KUDUS', 'KUDUS', NULL, '-', '', '', 0, '', 0, 0, '2019-02-28 11:15:33', 21, 0, NULL),
	('KONS201902WM061435X111278', 'Mr.', 'udin valibri', 3, 'dawe', 'kota', NULL, '', '', '', 0, '', 0, 0, '2019-02-06 14:35:11', 19, 0, NULL),
	('KONS201902YI20111955W1114', 'Sdr.', 'FARADILA', 3, 'KUDUS', 'KUDUS', NULL, '-', '-', '', 0, '', 0, 0, '2019-02-20 11:19:55', 20, 0, NULL),
	('KONS201902YY27J101C02413X0S0', 'Sdr.', 'mashar', 3, 'kudus', 'kudus', NULL, '-', '', '', 0, '', 0, 0, '2019-02-27 10:10:24', 21, 0, NULL),
	('KONS201903011BD5463677ES5F', 'Ib.', 'yuli', 3, 'kudus', 'kudus', NULL, '-', '', '', 0, '', 0, 0, '2019-03-01 15:46:36', 21, 0, NULL),
	('KONS201903051459R2012Y43', 'Sdr.', 'KARTINI', 3, 'KUDUS', 'KUDUS', NULL, '-', '-', '', 0, '', 0, 0, '2019-03-05 14:59:20', 20, 0, NULL),
	('KONS2019030612331W3129H7', 'Bpk.', 'pangat', 3, 'Kudus', 'Kudus', NULL, '-', '-', '', 0, '', 0, 0, '2019-03-06 12:33:13', 26, 0, NULL),
	('KONS20190306O1B014251001', 'Sdr.', 'Toni Irawan', 3, '-', '-', NULL, '-', '-', '', 0, '', 0, 0, '2019-03-06 10:14:25', 25, 0, NULL),
	('KONS2019030911460GV31304', 'Sdr.', 'my pisang', 3, 'kudus', 'kudus', NULL, '-', '', '', 0, '', 0, 0, '2019-03-09 11:46:03', 21, 0, NULL),
	('KONS2019030M51G2NP122XLF45D20', 'Saudara.', 'AMTI', 3, 'KUDUS', 'KUDUS', NULL, '0823288287936', '0823288287936', '', 0, '', 0, 0, '2019-03-05 12:12:24', 20, 0, NULL),
	('KONS2019030PTK115C2I520744K', 'Sdr.', 'Rio', 3, 'Kudus', 'Kudus', NULL, '-', '-', '', 0, '', 0, 0, '2019-03-01 15:25:20', 26, 0, NULL),
	('KONS2019030T5B15W4C2F19768', 'Sdr.', 'MbakSari', 3, 'Piji', 'Kudus', NULL, '081225015402', '081225015402', '', 0, '', 0, 0, '2019-03-05 15:42:19', 26, 0, NULL),
	('KONS2019030X4114605R655', 'Sdr.', '#Santri', 3, 'Kudus', 'Kudus', NULL, '-', '-', '', 0, '', 0, 0, '2019-03-04 11:46:05', 26, 0, NULL),
	('KONS2019031110S25Q2810T68', 'Saudara.', 'NANDHA', 3, 'KUDUS', 'KUDUS', NULL, '081225480783', '081225480783', '', 0, '', 0, 0, '2019-03-11 10:25:28', 20, 0, NULL),
	('KONS201903111O03R719607', 'Bapak.', 'AGUS LATANSA', 3, 'KUDUS', 'KUDUS', NULL, '085803406702', '085803406702', '', 0, '', 0, 0, '2019-03-11 10:37:19', 20, 0, NULL),
	('KONS20190314P1I2003196GP2', 'Ibu.', 'Hani', 3, '-', '-', NULL, '082242238019', '082242238019', '', 0, '', 0, 0, '2019-03-14 12:00:31', 25, 0, NULL),
	('KONS201903152023171DW17E0', 'Ibu.', 'SUSI UMROH', 3, 'KUDUS', 'KUDUS', NULL, '081326386433', '081326386433', 'susi@gmail.com', 0, '-', 0, 0, '2019-03-15 20:23:17', 1, 0, NULL),
	('KONS20190316QK11070A8YT1F316', 'Sdr.', 'MTs Du', 3, 'kudus', 'kudus', NULL, '085712175103', '', '', 0, '', 0, 0, '2019-03-16 11:07:08', 21, 0, NULL),
	('KONS2019031OP1174934969', 'Sdr.', 'PERES', 3, 'KUDUS', 'KUDUS', NULL, '-', '', '', 0, '', 0, 0, '2019-03-11 17:49:34', 21, 0, NULL),
	('KONS2019031UW6085W91F0RZ674', 'Sdr.', 'LIANA', 3, 'KUDUS', 'KUDUS', NULL, '085702211647', '085702211647', '', 0, '', 0, 0, '2019-03-16 08:59:10', 20, 0, NULL),
	('KONS201903201U1542AL8902', 'Bapak.', 'Syafi\'i', 3, 'Kudus', 'Kudus', NULL, '-', '-', '', 0, '', 0, 0, '2019-03-20 11:54:28', 26, 0, NULL),
	('KONS201903201V4302311Q32', 'Bapak.', 'DEDI CATUR', 3, 'DESA BANGET', 'KUDUS', NULL, '085727629737', '085727629737', '', 0, '', 0, 0, '2019-03-20 14:30:23', 20, 0, NULL),
	('KONS201903211C4350X6R4I53', 'Sdr.', 'MALVIN', 3, 'KUDUS', 'KUDUS', NULL, '-', '', '', 0, '', 0, 0, '2019-03-21 14:35:06', 21, 0, NULL),
	('KONS2019032214573TF75S1E4', 'Bapak.', 'Junaidi', 3, 'Kudus', 'KUdus', NULL, '-', '-', '', 0, '', 0, 0, '2019-03-22 14:57:37', 26, 0, NULL),
	('KONS201903251348DV25A437', 'Sdr.', 'Albert', 3, '-', '-', NULL, '-', '-', '', 0, '', 0, 0, '2019-03-25 13:48:25', 25, 0, NULL),
	('KONS2019032710044O010NR8V7', 'Bapak.', 'JUMENO', 3, 'KUDUS', 'KUDUS', NULL, '-', '-', '', 0, '', 0, 0, '2019-03-27 10:04:40', 20, 0, NULL),
	('KONS201903271I03830P5B36Y', 'Bpk.', 'Abdul Kholiq', 3, '-', '-', NULL, '-', '-', '', 0, '', 0, 0, '2019-03-27 10:38:30', 33, 0, NULL),
	('KONS20190327XRX1T8E0SL517335', 'Sdr.', 'MURTINAH', 3, 'KUDUS', 'KUDUS', NULL, '-', '', '', 0, '', 0, 0, '2019-03-27 18:05:17', 21, 0, NULL),
	('KONS20190329NJ113O75L6I632', 'Sdr.', 'ALI SODIQIN', 3, '-', '-', NULL, '-', '-', '', 0, '', 0, 0, '2019-03-29 11:37:56', 25, 0, NULL),
	('KONS201903B2911452211M29', 'Sdr.', 'arohmah', 3, 'kudus', 'kudus', NULL, '-', '', '', 0, '', 0, 0, '2019-03-29 11:45:22', 21, 0, NULL),
	('KONS201903C051G9X0U9Y44Z1106B', 'Sdr.', 'Fatoni', 3, 'Kudus', 'Kudus', NULL, '-', '-', '', 0, '', 0, 0, '2019-03-05 19:09:44', 26, 0, NULL),
	('KONS201903CC2614S261B11084', 'Sdr.', 'Titan', 3, 'Kudus', 'Kudus', NULL, '085865007572', '085865007572', '', 0, '', 0, 0, '2019-03-26 14:26:11', 26, 0, NULL),
	('KONS201903F20HEYBQ08W5819508', 'Sdr.', 'Takim', 3, '-', '-', NULL, '-', '-', '', 0, '', 0, 0, '2019-03-20 08:58:19', 25, 0, NULL),
	('KONS201903HDO06090410K1050', 'Bapak.', 'SULIS', 3, 'KUDUS', 'KUDUS', NULL, '085226205446', '085226205446', '', 0, '', 0, 0, '2019-03-06 09:04:10', 20, 0, NULL),
	('KONS201903I1509164A3701', 'Saudara.', 'KITIRAN PRINTING', 3, 'PURWODADI', 'PURWODADI', NULL, '085879202783', '085879202783', '', 0, '', 0, 0, '2019-03-15 09:16:43', 20, 0, NULL),
	('KONS201903JB0A4160B2051243', 'Sdr.', 'Eko MEB Store', 3, '-', '-', NULL, '081228822794', '-', '', 0, '', 0, 0, '2019-03-04 16:02:05', 25, 0, NULL),
	('KONS201903ML0T5C1N0NW5A239C1268Q', 'Bpk.', 'ARIPIN', 3, 'KUDUS', 'KUDUS', NULL, '085227036107', '085227036107', '', 0, '', 0, 0, '2019-03-05 10:52:39', 20, 0, NULL),
	('KONS201903MZ20D1Z05L0381GE144', 'Ibu.', 'AMINAH', 3, 'JEPARA', 'JEPARA', NULL, '-', '-', '', 0, '', 0, 0, '2019-03-20 10:50:38', 20, 0, NULL),
	('KONS201903NST2QA312HW0L5LN08411', 'PT.', 'STERIL', 3, 'Kudus', 'Kudus', NULL, '082234202474', '082234202474', '', 0, '', 0, 0, '2019-03-23 12:05:08', 26, 0, NULL),
	('KONS201903W0510NO07BM06F536', 'Bapak.', 'ANGGAR', 3, 'KUDUS', 'KUDUS', NULL, '082325169979', '082325169979', '', 0, '', 0, 0, '2019-03-05 10:07:06', 20, 0, NULL),
	('KONS201903X0512034IF91218', 'Sdr.', 'Elfida', 3, '-', '-', NULL, '-', '-', '', 0, '', 0, 0, '2019-03-05 12:03:49', 25, 0, NULL),
	('KONS201903XKT011017AUQ149K14', 'Sdr.', 'Mbak Yuyun', 3, '-', '-', NULL, '08122536231', '-', '', 0, '', 0, 0, '2019-03-01 10:17:14', 25, 0, NULL),
	('KONS201903Z1510Y14131205', 'Sdr.', 'Rehan', 3, '-', '-', NULL, '-', '-', '', 0, '', 0, 0, '2019-03-15 10:14:13', 25, 0, NULL),
	('KONS201903ZT20125H1H26649', 'Sdr.', 'silfia', 3, 'kudus', 'kudus', NULL, '-', '', '', 0, '', 0, 0, '2019-03-20 12:51:26', 21, 0, NULL),
	('KONS20190401121HG62Q911K51D', 'Bapak.', 'RIFAI', 3, 'KUDUS', 'KUDUS', NULL, '081325604135', '081325604135', '', 0, '', 0, 0, '2019-04-01 12:16:29', 20, 0, NULL),
	('KONS2019040215D22HS2M41W12XIN1', 'Sdr.', 'Risko', 3, 'Kudus', 'Kudus', NULL, '085 740 974 470', '085 740 974 470', '', 0, '', 0, 0, '2019-04-02 15:22:24', 26, 0, NULL),
	('KONS201904021Z0Q152A949NL8RS', 'Sdr.', 'vafa', 3, '-', '-', NULL, '-', '-', '', 0, '', 0, 0, '2019-04-02 10:15:29', 25, 0, NULL),
	('KONS20190404164V42V31040', 'Sdr.', 'Adriyan', 3, 'KUdus', 'Kudus', NULL, '-', '-', '', 0, '', 0, 0, '2019-04-04 16:44:23', 26, 0, NULL),
	('KONS2019040815574A0R12Y64', 'Sdr.', 'Mitra', 3, 'Kudus', '-', NULL, '085713315330', '-', '', 0, '', 0, 0, '2019-04-08 15:57:40', 33, 0, NULL),
	('KONS201904081OO44D126442', 'Bapak.', 'IRAWAN', 3, 'KUDUS', 'KUDUS', NULL, '0811299187', '0811299187', '', 0, '', 0, 0, '2019-04-08 14:41:26', 20, 0, NULL),
	('KONS2019040BGW60900013YXNN55', 'Sdr.', 'Ari obet', 3, 'jl. menur', 'kudus', NULL, '085641460265', '', '', 0, '', 0, 0, '2019-04-06 09:00:01', 21, 0, NULL),
	('KONS2019040P111C4814967', 'Ibu.', 'ARIN', 3, 'KUDUS', 'KUDUS', NULL, '085651980788', '085651980788', '', 0, '', 0, 0, '2019-04-01 11:48:14', 20, 0, NULL),
	('KONS2019040R8Y141843726', 'Sdr.', 'Royani', 3, '-', '-', NULL, '-', '-', '', 0, '', 0, 0, '2019-04-08 14:18:43', 25, 0, NULL),
	('KONS2019040X81908BPQ05889', 'Sdr.', 'aneta', 3, 'kudus', 'kudus', NULL, '-', '', '', 0, '', 0, 0, '2019-04-08 19:08:05', 21, 0, NULL),
	('KONS2019041009414IZV2ZPJ11Y59B', 'Saudara.', 'SMK 2 KUDUS', 3, 'KUDUS', 'KUDUS', NULL, '085641611800', '085641611800', '', 0, '', 0, 0, '2019-04-10 09:41:42', 20, 0, NULL),
	('KONS2019041210J475A95R77', 'Sdr.', 'HANDOKO', 3, 'KUDUS', 'KUDUS', NULL, '085326414197', '085326414197', '', 0, '', 0, 0, '2019-04-12 10:47:59', 20, 0, NULL),
	('KONS2019041214D3E50O11175', 'Saudara.', 'INDI', 3, 'KUDUS', 'KUDUS', NULL, '-', '-', '', 0, '', 0, 0, '2019-04-12 14:35:01', 20, 0, NULL),
	('KONS201904131553I2I31268', 'Sdr.', 'bunda', 3, 'kudus', 'kudus', NULL, '-', '', '', 0, '', 0, 0, '2019-04-13 15:53:23', 21, 0, NULL),
	('KONS20190415L145XZC0YX0B27BNN12', 'Sdr.', 'CRW SABLON', 3, 'KUDUS', 'KUDUS', NULL, '-', '', '', 0, '', 0, 0, '2019-04-15 14:50:02', 21, 0, NULL),
	('KONS201904161H1E47201040', 'Ibu.', 'RS NURUSIFA', 3, 'KUDUS', 'KUDUS', NULL, '085641970949', '085641970949', '', 0, '', 0, 0, '2019-04-16 11:47:20', 20, 0, NULL),
	('KONS201904181A5043GB8512A', 'Bpk.', 'roman jepara', 3, 'kudus', 'kudus', NULL, '-', '+62 895-1070-7675', '', 0, '', 0, 0, '2019-04-18 15:04:38', 21, 0, NULL),
	('KONS2019041J61S3122V3721V', 'Sdr.', 'Theo', 3, 'Kudus', 'Kudus', NULL, '-', '-', '', 0, '', 0, 0, '2019-04-16 13:12:23', 26, 0, NULL),
	('KONS20190420E092M4157J05', 'Sdr.', 'SMK Hasyim', 3, '-', '-', NULL, '-', '-', '', 0, '', 0, 0, '2019-04-20 09:24:15', 33, 0, NULL),
	('KONS20190422H153R1A3045K0U', 'Sdr.', 'hari p', 3, 'kudus', 'kudus', NULL, '-', '', '', 0, '', 0, 0, '2019-04-22 15:31:30', 21, 0, NULL),
	('KONS20190423140425V1235I', 'Sdr.', 'Yesi', 3, '-', '-', NULL, '-', '085876103300', '', 0, '', 0, 0, '2019-04-23 14:04:25', 25, 0, NULL),
	('KONS201904241X1Y0A3I1H9S1O265G', 'Sdr.', 'TEGAR', 3, 'KUDUS', 'KUDUS', NULL, '085727115669', '085727115669', '', 0, '', 0, 0, '2019-04-24 11:03:19', 20, 0, NULL),
	('KONS20190424L18442890R4', 'Sdr.', 'haikal', 3, 'kudus', 'kudus', NULL, '-', '', '', 0, '', 0, 0, '2019-04-24 18:44:28', 21, 0, NULL),
	('KONS20190424SF111001947', 'Sdr.', 'Yuni', 3, '-', '-', NULL, '-', '-', '', 0, '', 0, 0, '2019-04-24 11:10:01', 25, 0, NULL),
	('KONS20190425092242K127F2', 'Bapak.', 'YOGI', 3, 'KUDUS', 'KUDUS', NULL, '08122920318', '08122920318', '', 0, '', 0, 0, '2019-04-25 09:22:42', 20, 0, NULL),
	('KONS20190425141W5536A52', 'Bapak.', 'ABDUL', 3, 'KUDUS', 'KUDUS', NULL, '081225436878', '081225436878', '', 0, '', 0, 0, '2019-04-25 14:15:53', 20, 0, NULL),
	('KONS2019042715293815X73M', 'Sdr.', 'Irsyad', 3, 'Kudus', 'Kudus', NULL, '-', '-', '', 0, '', 0, 0, '2019-04-27 15:29:38', 26, 0, NULL),
	('KONS20190427H1T6230S5R746', 'Sdr.', 'safhira', 3, 'kudus', '-', NULL, '-', '-', '', 0, '', 0, 0, '2019-04-27 16:23:05', 19, 0, NULL),
	('KONS201904291341408J49O', 'Saudara.', 'KPIA', 3, 'KUDUS', 'KUDUS', NULL, '081904321162', '081904321162', '', 0, '', 0, 0, '2019-04-29 13:41:40', 20, 0, NULL),
	('KONS2019042G514L5S34O81348', 'Sdr.', 'MOMON', 3, 'KUDUS', 'KUDUS', NULL, '-', '', '', 0, '', 0, 0, '2019-04-25 14:53:48', 21, 0, NULL),
	('KONS2019042TS70923551QKNA23EE1J', 'Ib.', 'KHOLIS', 3, 'KUDUS', 'KUDUS', NULL, '085740961441', '085740961441', '', 0, '', 0, 0, '2019-04-27 09:23:55', 20, 0, NULL),
	('KONS201904301342241H547R', 'Saudara.', 'ANJAS', 3, 'KUDUS', 'KUDUS', NULL, '085327320057', '085327320057', '', 0, '', 0, 0, '2019-04-30 13:42:24', 20, 0, NULL),
	('KONS20190430Q1X257521409', 'Bapak.', 'SANTOSO', 3, 'KUDUS', 'KUDUS', NULL, '083148522373', '083148522373', '', 0, '', 0, 0, '2019-04-30 12:57:52', 20, 0, NULL),
	('KONS201904A26140U34C614Q01', 'Sdr.', 'Isti', 3, 'Kudus', 'Kudus', NULL, '-', '-', '', 0, '', 0, 0, '2019-04-26 14:03:46', 26, 0, NULL),
	('KONS201904BVSKL20092050995', 'Saudara.', 'BOWO', 3, 'KUDUS', 'KUDUS', NULL, '085290717560', '085290717560', '', 0, '', 0, 0, '2019-04-20 09:20:50', 20, 0, NULL),
	('KONS201904G0D21142395M60', 'Ibu.', 'Rully', 3, 'Kudus', 'Kudus', NULL, '-', '-', '', 0, '', 0, 0, '2019-04-02 11:42:39', 26, 0, NULL),
	('KONS201904GM1Q01251448H75', 'Sdr.', 'Izul', 3, 'Kudus', 'Kudus', NULL, '081568403951', '081568403951', '', 0, '', 0, 0, '2019-04-10 12:51:44', 26, 0, NULL),
	('KONS201904H22H1IL32147927', 'Sdr.', 'tiyas', 3, 'kudus', 'kudus', NULL, '-', '', '', 0, '', 0, 0, '2019-04-22 13:21:47', 21, 0, NULL),
	('KONS201904I2916U3NK65FZ7145UY3Z', 'Sdr.', 'MEISYA', 3, 'KUDUS', 'KUDUS', NULL, '-', '-', '', 0, '', 0, 0, '2019-04-29 16:36:57', 20, 0, NULL),
	('KONS201904J02AW14C4740950', 'Sdr.', 'ALYA', 3, 'KUDUS', 'KUDUS', NULL, '08983086799', '08983086799', '', 0, '', 0, 0, '2019-04-02 14:47:40', 20, 0, NULL),
	('KONS201904N0Y4P1317ZN1T244O0', 'Sdr.', 'ICAK', 3, 'KUDUS', 'KUDUS', NULL, '-', '-', '', 0, '', 0, 0, '2019-04-04 13:17:12', 20, 0, NULL),
	('KONS201904N3010I0VA6GF1474S8', 'Bpk.', 'Rohman', 3, '-', '-', NULL, '081226204262', '081226204262', '', 0, '', 0, 0, '2019-04-30 10:06:14', 33, 0, NULL),
	('KONS201904S1009L2951940', 'Bapak.', 'ARIO', 3, 'KUDUS', 'KUDUS', NULL, '085876165518', '085876165518', '', 0, '', 0, 0, '2019-04-10 09:29:51', 20, 0, NULL),
	('KONS201904U15C1542H239Z47PA', 'Bapak.', 'Aris tas', 3, 'Kudus', 'kudus', NULL, '085225119119', '085225119119', '', 0, '', 0, 0, '2019-04-15 15:42:23', 14, 0, NULL),
	('KONS201904V0R91LV0E524U8459', 'Sdr.', 'OTS', 3, 'KUDUS', 'KUDUS', NULL, '085229248348', '085229248348', '', 0, '', 0, 0, '2019-04-09 10:52:48', 20, 0, NULL),
	('KONS201904YY12164ZK04HH01134', 'Saudara.', 'SMK MA\'ARIF KUDUS', 3, 'KUDUS', 'KUDUS', NULL, '085727414720', '085727414720', '', 0, '', 0, 0, '2019-04-12 16:40:40', 20, 0, NULL),
	('KONS20190501G13H392015IW51L', 'Sdr.', 'Alina', 3, '-', '-', NULL, '-', '-', '', 0, '', 0, 0, '2019-05-01 13:39:20', 25, 0, NULL),
	('KONS2019050216NF57279S99', 'Sdr.', 'Ridlo', 3, '-', '-', NULL, '-', '-', '', 0, '', 0, 0, '2019-05-02 16:57:27', 25, 0, NULL),
	('KONS20190502YL131200735', 'Sdr.', 'Niki Eco', 3, 'Kudus', 'Kudus', NULL, '-', '-', '', 0, '', 0, 0, '2019-05-02 13:12:00', 26, 0, NULL),
	('KONS201905031115P4610Q07', 'Sdr.', 'Laili Affan', 3, '-', '-', NULL, '-', '-', '', 0, '', 0, 0, '2019-05-03 11:15:46', 33, 0, NULL),
	('KONS20190507K16M2053937', 'Sdr.', 'nakion', 3, 'kudus', 'kudus', NULL, '082133540894', '', '', 0, '', 0, 0, '2019-05-07 16:20:53', 21, 0, NULL),
	('KONS20190508111RS013663', 'Sdr.', 'NITA', 3, 'KUDUS', 'KUDUS', NULL, '085740505505', '085740505505', '', 0, '', 0, 0, '2019-05-08 11:10:13', 20, 0, NULL),
	('KONS2019050D9C1J115001067', 'Sdr.', 'Mariska', 3, '-', '-', NULL, '-', '-', '', 0, '', 0, 0, '2019-05-09 11:15:00', 25, 0, NULL),
	('KONS2019050E31426ID32Y71V7', 'Sdr.', 'RATNA', 3, 'KUDUS', 'KUDUS', NULL, '089668249000', '089668249000', '', 0, '', 0, 0, '2019-05-03 14:26:32', 20, 0, NULL),
	('KONS2019050L81007S131263', 'Ibu.', 'VAINA', 3, 'BESITO', 'kudus', NULL, '085641355090', '085641355090', '', 0, '', 0, 0, '2019-05-08 10:07:13', 19, 0, NULL),
	('KONS2019050T111A37311Q107H', 'Bapak.', 'AGUS KAPASAN', 3, 'KUDUS', 'KUDUS', NULL, '-', '-', '', 0, '', 0, 0, '2019-05-01 11:37:31', 20, 0, NULL),
	('KONS2019050YX913240BOV41406', 'Sdr.', 'Arip', 3, '-', '-', NULL, '081225225474', '081225225474', '', 0, '', 0, 0, '2019-05-09 13:24:04', 25, 0, NULL),
	('KONS201905101018W1G2P128R4', 'Bpk.', 'Dhofar', 3, '-', '-', NULL, '-', '-', '', 0, '', 0, 0, '2019-05-10 10:18:12', 33, 0, NULL),
	('KONS20190511154P0N56T12G3K3', 'Sdr.', 'HUDA', 3, '-', '-', NULL, '-', '', '', 0, '', 0, 0, '2019-05-11 15:40:56', 25, 0, NULL),
	('KONS2019051311H29J3A3O1OA11P1', 'Sdr.', 'Dwi', 3, '-', '-', NULL, '085640000667', '085640000667', '', 0, '', 0, 0, '2019-05-13 11:29:33', 33, 0, NULL),
	('KONS20190514101059P8X35', 'Sdr.', 'Arta', 3, '-', '-', NULL, '-', '-', '', 0, '', 0, 0, '2019-05-14 10:10:59', 25, 0, NULL),
	('KONS201905141120521OL180O', 'Sdr.', 'SMP PGRI', 3, 'kudus', 'kudus', NULL, '-', '-', '', 0, '', 0, 0, '2019-05-14 11:20:52', 19, 0, NULL),
	('KONS20190514J0QVH84E945711', 'Saudara.', 'ALWI', 3, 'KUDUS', 'KUDUS', NULL, '-', '08564287137', '', 0, '', 0, 0, '2019-05-14 08:49:45', 20, 0, NULL),
	('KONS2019051514IY49N58611LZ', 'Sdr.', 'MAVEL', 3, 'KUDUS', 'KUDUS', NULL, '-', '', '', 0, '', 0, 0, '2019-05-15 14:49:58', 21, 0, NULL),
	('KONS20190515M10E34031532', 'Bapak.', 'RIKI', 3, 'KUDUS', 'KUDUS', NULL, '-', '-', '', 0, '', 0, 0, '2019-05-15 10:34:03', 20, 0, NULL),
	('KONS20190516G162E4E451247', 'Sdr.', 'DESTIANA', 3, 'KUDUS', 'KUDUS', NULL, '085740636950', '085740636950', '', 0, '', 0, 0, '2019-05-16 16:24:45', 20, 0, NULL),
	('KONS20190518152425H1K100', 'Sdr.', 'Isfi', 3, '-', '-', NULL, '-', '-', '', 0, '', 0, 0, '2019-05-18 15:24:25', 25, 0, NULL),
	('KONS20190518C11515J0603', 'Sdr.', 'RATIH', 3, 'KUDUS', 'KUDUS', NULL, '085781957279', '085781957279', '', 0, '', 0, 0, '2019-05-18 11:51:50', 20, 0, NULL),
	('KONS2019051O3132QUAM852640', 'Saudara.', 'BIMA', 3, 'KUDUS', 'KUDUS', NULL, '085740576988', '085740576988', '', 0, '', 0, 0, '2019-05-13 13:28:52', 20, 0, NULL),
	('KONS2019051X7085448M1216', 'Sdr.', 'Katryck', 3, '-', '-', NULL, '-', '-', '', 0, '', 0, 0, '2019-05-17 08:54:48', 25, 0, NULL),
	('KONS2019051X813H4606638', 'Bapak.', 'ROFII', 3, 'KUDUS', 'KUDUS', NULL, '-', '-', '', 0, '', 0, 0, '2019-05-18 13:46:06', 20, 0, NULL),
	('KONS2019052411H23R5NF7I1P32K4C', 'Sdr.', 'Tita', 3, '-', '-', NULL, '-', '-', '', 0, '', 0, 0, '2019-05-24 11:23:57', 25, 0, NULL),
	('KONS2019052516M2411113H6', 'Sdr.', 'SUSI', 3, 'KUDUS', 'KUDUS', NULL, '-', '-', '', 0, '', 0, 0, '2019-05-25 16:24:11', 20, 0, NULL),
	('KONS201905251J204CI361O212', 'Sdr.', 'sdn 1 singorejo', 3, 'jepara', 'jepara', NULL, '085740575037', '', '', 0, '', 0, 0, '2019-05-25 12:04:36', 21, 0, NULL),
	('KONS2019052610271Y2TX847', 'Bpk.', 'Intermedia', 3, 'kudus', 'kudus', NULL, '', '081228700476', '', 0, '', 0, 0, '2019-05-26 10:27:12', 16, 0, NULL),
	('KONS2019052711Q51021F590', 'Sdr.', 'Feri', 3, '-', '-', NULL, '-', '-', '', 0, '', 0, 0, '2019-05-27 11:51:02', 25, 0, NULL),
	('KONS20190528095L1X22835X', 'Sdr.', 'Halim', 3, '-', '-', NULL, '085290397896', '085290397896', '', 0, '', 0, 0, '2019-05-28 09:51:22', 33, 0, NULL),
	('KONS2019052809IPS5UNZ407I15IZV93', 'Bpk.', 'Rif\'an', 3, '-', '-', NULL, '085325488918', '085325488918', '', 0, '', 0, 0, '2019-05-28 09:54:07', 33, 0, NULL),
	('KONS2019052816033782VZAN5Y', 'Sdr.', 'Yusrun', 3, 'Kudus', 'Kudus', NULL, '-', '-', '', 0, '', 0, 0, '2019-05-28 16:03:37', 26, 0, NULL),
	('KONS2019052916205U21SH38R8', 'Sdr.', 'sma joyo kusumo', 3, 'pati', 'pati', NULL, '082134953920', '', '', 0, '', 0, 0, '2019-05-29 16:20:52', 21, 0, NULL),
	('KONS201905291Z1214413U23', 'Sdr.', 'ZIDA', 3, 'KUDUS', 'KUDUS', NULL, '085727919723', '085727919723', '', 0, '', 0, 0, '2019-05-29 11:21:44', 20, 0, NULL),
	('KONS2019052H8151KD3401376J', 'Sdr.', 'Ali Mahfud', 3, 'Bangkalan Krapyak', 'kudus', NULL, '', '', '', 0, '', 0, 0, '2019-05-28 15:13:40', 14, 0, NULL),
	('KONS2019052KQ0W1R1101M7110I0', 'Sdr.', 'Wulan', 3, '-', '-', NULL, '-', '-', '', 0, '', 0, 0, '2019-05-20 11:10:17', 25, 0, NULL),
	('KONS20190530V1428E401010', 'Bapak.', 'NUBARI', 3, 'RENDENG', 'KUDUS', NULL, '085624317270', '085624317270', '', 0, '', 0, 0, '2019-05-30 14:28:40', 20, 0, NULL),
	('KONS2019053G0X101K350100T2', 'Bpk.', 'Tailor Pantes', 3, '-', '-', NULL, '-', '-', '', 0, '', 0, 0, '2019-05-30 10:13:50', 33, 0, NULL),
	('KONS201905D15UTN1D313201J335', 'Sdr.', 'Kurma', 3, '-', '-', NULL, '-', '-', '', 0, '', 0, 0, '2019-05-15 13:13:20', 25, 0, NULL),
	('KONS201905F0914SEUE39231343R', 'Bapak.', 'KANGSAN', 3, 'KUDUS', 'KUDUS', NULL, '-', '-', '', 0, '', 0, 0, '2019-05-09 14:39:23', 20, 0, NULL),
	('KONS201905H281W62902128OD7D', 'Sdr.', 'ZEVI', 3, 'KUDUS', 'KUDUS', NULL, '-', '', '', 0, '', 0, 0, '2019-05-28 16:29:02', 21, 0, NULL),
	('KONS201905HO17M12V4009868', 'Saudara.', 'ADE SAPUTRA', 3, 'KUDUS', 'KUDUS', NULL, '08572948504', '08572948504', '', 0, '', 0, 0, '2019-05-17 12:40:09', 20, 0, NULL),
	('KONS201905K16A153O106A14S1O2', 'Sdr.', 'Nur Afif', 3, '-', '-', NULL, '089668266920', '089668266920', '', 0, '', 0, 0, '2019-05-16 15:31:06', 25, 0, NULL),
	('KONS201905K1A6J135RN7131190A', 'Ibu.', 'Ari (Pecel madiun)', 3, '-', '-', NULL, '-', '-', '', 0, '', 0, 0, '2019-05-16 13:57:13', 25, 0, NULL),
	('KONS201905K1XX71332L04Y741', 'Sdr.', 'Winoto', 3, '-', '-', NULL, '-', '-', '', 0, '', 0, 0, '2019-05-17 13:32:04', 25, 0, NULL),
	('KONS201905N0Q80946281PI013', 'Sdr.', 'Esa', 3, '-', '-', NULL, '-', '-', '', 0, '', 0, 0, '2019-05-08 09:46:28', 25, 0, NULL),
	('KONS201905Q250956311S2Z52T', 'Bpk.', 'Huda_Wehacraft', 3, '-', '-', NULL, '-', '-', '', 0, '', 0, 0, '2019-05-25 09:56:31', 25, 0, NULL),
	('KONS201905R281502421C0P59', 'Sdr.', 'PUTRI', 3, 'KUDUS', 'KUDUS', NULL, '-', '-', '', 0, '', 0, 0, '2019-05-28 15:02:42', 20, 0, NULL),
	('KONS201905T271U1MX110S79W2X5', 'Sdr.', 'Bangkit', 3, '-', '-', NULL, '-', '-', '', 0, '', 0, 0, '2019-05-27 11:11:07', 25, 0, NULL),
	('KONS201905X211124381TQUO23XFPF9', 'Ibu.', 'Suwarni', 3, '-', '-', NULL, '-', '-', '', 0, '', 0, 0, '2019-05-21 11:24:38', 25, 0, NULL),
	('KONS201905Y17132D958646', 'Sdr.', 'yudi', 3, 'kudus', 'kudus', NULL, '082135410400', '', '', 0, '', 0, 0, '2019-05-17 13:29:58', 21, 0, NULL),
	('KONS201905Z13J094Q5481221ONCRMG', 'Saudara.', 'DINADO', 3, 'KUDUS', 'KUDUS', NULL, '438039', '', '', 0, '', 0, 0, '2019-05-13 09:45:48', 20, 0, NULL),
	('KONS20190A3JR091R11925OA12QB10', 'Sdr.', 'ARRA', 3, 'MLATI', 'KUDUS', NULL, '-', '', '', 0, '', 0, 0, '2019-03-09 11:19:25', 21, 0, NULL),
	('KONS20190A425L1439YN02K1207J', 'Sdr.', 'Imad', 3, '-', '-', NULL, '-', '085747908045', '', 0, '', 0, 0, '2019-04-25 14:39:02', 25, 0, NULL),
	('KONS20190B129K182STTU53R6560', 'Sdr.', 'Michael', 3, 'Kudus', 'Kudus', NULL, '082226432702', '082226432702', '', 0, '', 0, 0, '2019-01-29 18:25:36', 26, 0, NULL),
	('KONS20190B2201H1450BX911RK8Z3', 'Sdr.', 'Nazil', 3, '-', '-', NULL, '-', '-', '', 0, '', 0, 0, '2019-02-20 11:45:09', 25, 0, NULL),
	('KONS20190B41313335O51255', 'Saudara.', 'AZIS', 3, 'KUDUS', 'KUDUS', NULL, '085869138313', '085869138313', '', 0, '', 0, 0, '2019-04-13 13:33:55', 20, 0, NULL),
	('KONS20190B4T241457301F06X2S', 'Bapak.', 'HARTANTO', 3, 'KUDUS', 'KUDUS', NULL, '081328184193', '081328184193', '', 0, '', 0, 0, '2019-04-24 14:57:30', 20, 0, NULL),
	('KONS20190C1071653441408Q', 'Sdr.', 'Alif', 3, '-', '-', NULL, '-', '-', '', 0, '', 0, 0, '2019-01-07 16:53:44', 25, 0, NULL),
	('KONS20190C119153Y028135V7', 'Sdr.', 'dhuwi', 3, 'wergu', 'wergu', NULL, '085875296664', '', '', 0, '', 0, 0, '2019-01-19 15:30:28', 21, 0, NULL),
	('KONS20190C418085730117W7', 'Bpk.', 'Yoyok', 3, '-', '-', NULL, '-', '-', '', 0, '', 0, 0, '2019-04-18 08:57:30', 33, 0, NULL),
	('KONS20190C5081Q1WA19P54141U6', 'Sdr.', 'Shobibur Rohman', 3, '-', '-', NULL, '-', '-', '', 0, '', 0, 0, '2019-05-08 11:19:54', 33, 0, NULL),
	('KONS20190CA201Y14RQG293E11Z105', 'Bapak.', 'GIBRAN', 3, 'KUDUS', 'KUDUS', NULL, '08156546110', '08156546110', '', 0, '', 0, 0, '2019-02-01 14:29:31', 20, 0, NULL),
	('KONS20190CO517B1L01JXF80O293KN1', 'Sdr.', 'spbu cendono', 3, 'cendono', 'kudus', NULL, '-', '', '', 0, '', 0, 0, '2019-05-17 10:18:02', 21, 0, NULL),
	('KONS20190CXTDMA11214E0409F108QH8', 'Sdr.', 'Rika Novita', 3, '-', '-', NULL, '085725735875', '-', '', 0, '', 0, 0, '2019-01-12 14:04:09', 25, 0, NULL),
	('KONS20190DB5161BZ64428682', 'Sdr.', 'Aulia', 3, '-', '-', NULL, '-', '-', '', 0, '', 0, 0, '2019-05-16 16:44:28', 25, 0, NULL),
	('KONS20190DKC50A8103C01R78Y1E3A', 'Ib.', 'YAYUK', 3, 'KUDUS', 'KUDUS', NULL, '085876805574', '085876805574', '', 0, '', 0, 0, '2019-05-08 10:30:17', 20, 0, NULL),
	('KONS20190DN1C1PJ01K11513I15NB08', 'Bapak.', 'SETIANTO', 3, 'KUDUS', 'KUDUS', NULL, '-', '-', '', 0, '', 0, 0, '2019-01-10 11:15:13', 20, 0, NULL),
	('KONS20190E1B111I80219U631', 'Sdr.', 'nuno', 3, 'kudus', 'kudus', NULL, '-', '', '', 0, '', 0, 0, '2019-01-11 18:02:19', 21, 0, NULL),
	('KONS20190E21914G0840L632', 'Sdr.', 'Geri', 3, '-', '-', NULL, '-', '-', '', 0, '', 0, 0, '2019-02-19 14:08:40', 25, 0, NULL),
	('KONS20190E22CU7B16X0QV820C1325W', 'Sdr.', 'IRSA', 3, 'KUDUS', 'KUDUS', NULL, '-', '-', '', 0, '', 0, 0, '2019-02-27 16:08:20', 20, 0, NULL),
	('KONS20190E318I1Z4232O5882', 'Bapak.', 'Pak Nur Salim', 3, '-', '-', NULL, '-', '-', '', 0, '', 0, 0, '2019-03-18 14:23:25', 25, 0, NULL),
	('KONS20190E32S813RK5329113W4', 'Saudara.', 'AXCEL', 3, 'KUDUS', 'KUDUS', NULL, '-', '-', '', 0, '', 0, 0, '2019-03-28 13:53:29', 20, 0, NULL),
	('KONS20190E3L0T91Y0A130J611YYHC17', 'Sdr.', 'Indonesia', 3, '-', '-', NULL, '-', '-', '', 0, '', 0, 0, '2019-03-09 10:13:06', 25, 0, NULL),
	('KONS20190E42M3155247920Z', 'Sdr.', 'Tarri', 3, '-', '-', NULL, '-', '-', '', 0, '', 0, 0, '2019-04-23 15:52:47', 33, 0, NULL),
	('KONS20190EA427YN0942117B26', 'Sdr.', 'yusuf Ribka', 3, 'kudus', 'kudus', NULL, '', '', '', 0, '', 0, 0, '2019-04-27 09:42:11', 21, 0, NULL),
	('KONS20190EP425FI105844T1246', 'Sdr.', 'jiva', 3, 'kudus', 'kudus', NULL, '-', '', '', 0, '', 0, 0, '2019-04-25 10:58:44', 21, 0, NULL),
	('KONS20190F21910I3735540', 'Sdr.', 'Farid', 3, '-', '-', NULL, '-', '-', '', 0, '', 0, 0, '2019-02-19 10:37:35', 25, 0, NULL),
	('KONS20190F323102TI523O1002', 'Sdr.', 'imania', 3, 'kudus', 'kudus', NULL, '-', '', '', 0, '', 0, 0, '2019-03-23 10:25:23', 21, 0, NULL),
	('KONS20190GI21WM5FL1856XR1612CO33', 'Ibu.', 'Estik', 3, 'gondang manis', 'Kudus', NULL, '085727377835', '085727377835', '', 0, '', 0, 0, '2019-02-15 18:56:16', 26, 0, NULL),
	('KONS20190H1H30VG1Z250251116', 'Bpk.', 'Jels Gokils', 3, 'Kudus', 'Kudus', NULL, '089655581089', '089655581089', '', 0, '', 0, 0, '2019-01-30 12:50:25', 14, 0, NULL),
	('KONS20190H330BU1WX52Y6379RTG50', 'Sdr.', 'makoju', 3, 'kudus', 'kudus', NULL, '-', '', '', 0, '', 0, 0, '2019-03-30 15:26:37', 21, 0, NULL),
	('KONS20190I2E11U110420731NC', 'Sdr.', 'MIKAIL', 3, '-', '-', NULL, '-', '-', '', 0, '', 0, 0, '2019-02-11 11:04:20', 25, 0, NULL),
	('KONS20190I3121O319027EHRV0E1X', 'Bapak.', 'Agus (PURA)', 3, 'kudus', 'kudus', NULL, '085293243848', '085293243848', '', 0, '', 0, 0, '2019-03-12 13:19:02', 19, 0, NULL),
	('KONS20190I515161127LHER1269', 'Sdr.', 'Verosta', 3, 'Kudus', 'Kudus', NULL, '-', '-', '', 0, '', 0, 0, '2019-05-15 16:11:27', 26, 0, NULL),
	('KONS20190J1221C319W4974Z1NC', 'Sdr.', 'Sri Wahyuningsih', 3, 'Stikes', 'Kudus', NULL, '085740572288', '085740572288', '', 0, '', 0, 0, '2019-01-22 13:19:49', 26, 0, NULL),
	('KONS20190K2N221211471424ZQ', 'Sdr.', 'Riski', 3, '-', '-', NULL, '-', '-', '', 0, '', 0, 0, '2019-02-22 12:11:47', 25, 0, NULL),
	('KONS20190K30409414N4XKHV66K4YA', 'Sdr.', 'malysari', 3, '-', '-', NULL, '-', '-', '', 0, '', 0, 0, '2019-03-04 09:41:44', 25, 0, NULL),
	('KONS20190K32F3103405636', 'Ibu.', 'LULU', 3, 'KUDUS', 'KUDUS', NULL, '081904633683', '081904633683', '', 0, '', 0, 0, '2019-03-23 10:34:05', 20, 0, NULL),
	('KONS20190K404120I0S071263', 'Sdr.', 'Yulius', 3, 'KUdus', 'KUdus', NULL, '', '', '', 0, '', 0, 0, '2019-04-04 12:00:07', 26, 0, NULL),
	('KONS20190KA21L21736G131352', 'Sdr.', 'listina', 3, 'kudus', 'kudus', NULL, '1', '', '', 0, '', 0, 0, '2019-02-12 17:36:13', 21, 0, NULL),
	('KONS20190L40817333312C22', 'Sdr.', 'NUHA', 3, 'KUDUS', 'KUDUS', NULL, '-', '', '', 0, '', 0, 0, '2019-04-08 17:33:33', 21, 0, NULL),
	('KONS20190L42611P39021249H', 'Sdr.', 'KIKI', 3, 'KUDUS', 'KUDUS', NULL, '085742736389', '085742736389', '', 0, '', 0, 0, '2019-04-26 11:39:02', 20, 0, NULL),
	('KONS20190L5240I93831947', 'Sdr.', 'Menwa', 3, '-', '-', NULL, '085727842690', '085727842690', '', 0, '', 0, 0, '2019-05-24 09:38:31', 33, 0, NULL),
	('KONS20190LA316122837P76N4QIOX', 'Sdr.', 'WIWID', 3, 'Kudus', 'Kudus', NULL, '082226858282', '082226858282', '', 0, '', 0, 0, '2019-03-16 12:28:37', 26, 0, NULL),
	('KONS20190M209090609K558', 'Bapak.', 'HASTA PAMUNGKAS', 3, 'KUDUS', 'KUDUS', NULL, '081390001533', '081390001533', '', 0, '', 0, 0, '2019-02-09 09:06:09', 20, 0, NULL),
	('KONS20190M4111XC84K0D5N4672', 'Sdr.', 'Aenal', 3, 'Kudus', 'Kudus', NULL, '-', '-', '', 0, '', 0, 0, '2019-04-11 18:40:54', 26, 0, NULL),
	('KONS20190N11I11625481306', 'Sdr.', 'TAMAMI', 3, 'KUDUS', 'KUDUS', NULL, '-', '', '', 0, '', 0, 0, '2019-01-11 16:25:48', 21, 0, NULL),
	('KONS20190N4101615L3775S1', 'Sdr.', 'abduh', 3, 'kudus', 'kudus', NULL, '-', '', '', 0, '', 0, 0, '2019-04-10 16:15:37', 21, 0, NULL),
	('KONS20190N4120938O454M72', 'Bapak.', 'MUJIYANTO', 3, 'KUDUS', 'KUDUS', NULL, '085865050903', '085865050903', '', 0, '', 0, 0, '2019-04-12 09:38:45', 20, 0, NULL),
	('KONS20190O21911T4Z34O8D84AT9N', 'Bpk.', 'Afa Malibu', 3, 'Kudus', 'Kudus', NULL, '-', '-', '', 0, '', 0, 0, '2019-02-19 11:43:48', 26, 0, NULL),
	('KONS20190O223103711H10XP0HF6R', 'Sdr.', 'hanifa', 3, '-', '-', NULL, '-', '-', '', 0, '', 0, 0, '2019-02-23 10:37:11', 25, 0, NULL),
	('KONS20190O31M5105L714UZ620', 'Sdr.', 'IINO', 3, 'KUDUS', 'KUDUS', NULL, '08562705472', '08562705472', '', 0, '', 0, 0, '2019-03-15 10:57:14', 20, 0, NULL),
	('KONS20190O33WC0131AY9467R5L4', 'Sdr.', 'izah', 3, 'kudus', 'kudus', NULL, '-', '', '', 0, '', 0, 0, '2019-03-30 13:19:46', 21, 0, NULL),
	('KONS20190O52416FU391U51311', 'Sdr.', 'Isma', 3, 'Kudus', 'Kudus', NULL, '-', '-', '', 0, '', 0, 0, '2019-05-24 16:39:15', 26, 0, NULL),
	('KONS20190P3ID21111G6461F149', 'Saudara.', 'BRI', 3, 'KUDUS', 'KUDUS', NULL, '085742248508', '085742248508', '', 0, '', 0, 0, '2019-03-21 11:16:46', 20, 0, NULL),
	('KONS20190Q430LT12595A01200', 'Sdr.', 'titin', 3, 'kudus', 'kudus', NULL, '087828091975', '', '', 0, '', 0, 0, '2019-04-30 12:59:50', 21, 0, NULL),
	('KONS20190R10211484665J4', 'Bapak.', 'Abu Narto', 3, 'Karang Malang', 'Kudus', NULL, '085290367590', '085290367590', '', 0, '', 0, 0, '2019-01-02 11:48:46', 26, 0, NULL),
	('KONS20190R108Y1DF100341A33OSM0L', 'Sdr.', 'Victoria', 3, 'Kudus Permai', 'Kudus', NULL, '-', '-', '', 0, '', 0, 0, '2019-01-08 11:00:34', 26, 0, NULL),
	('KONS20190R22W61MMN100538Q79D', 'Sdr.', 'K FOODCOURT', 3, 'JL A.YANI', 'KUDUS', NULL, '-', '', '', 0, '', 0, 0, '2019-02-26 11:00:53', 21, 0, NULL),
	('KONS20190R52IX709523315D77Y', 'Bapak.', 'Amin Dawe', 3, '-', '-', NULL, '-', '-', '', 0, '', 0, 0, '2019-05-27 09:52:33', 25, 0, NULL),
	('KONS20190R52T109100B6849', 'Sdr.', 'Ifan Febrianto', 3, '-', '-', NULL, '081542966500', '081542966500', '', 0, '', 0, 0, '2019-05-21 09:10:06', 25, 0, NULL),
	('KONS20190S10N71X4165O3K863', 'Bpk.', 'Ariyanto', 3, '-', '-', NULL, '-', '-', '', 0, '', 0, 0, '2019-01-07 14:16:53', 25, 0, NULL),
	('KONS20190S1221N4F53339FUJ0L0I', 'Saudara.', 'HELMI', 3, 'KUDUS', 'KUDUS', NULL, '-', '-', '', 0, '', 0, 0, '2019-01-22 14:53:33', 20, 0, NULL),
	('KONS20190S12I811Z205BP7H5C57', 'Sdr.', 'Adi', 3, '-', '-', NULL, '-', '-', '', 0, '', 0, 0, '2019-01-28 11:20:57', 25, 0, NULL),
	('KONS20190S2E28115033S67OZ8RU', 'Sdr.', 'DIAN WOM', 3, 'Kudus', 'Kudus', NULL, '085601286236', '085601286236', '', 0, '', 0, 0, '2019-02-28 11:50:33', 26, 0, NULL),
	('KONS20190S529NG1XN1XT23AI06879', 'Sdr.', 'baba maryam', 3, 'kudus', 'kudus', NULL, '-', '', '', 0, '', 0, 0, '2019-05-29 11:23:06', 21, 0, NULL),
	('KONS20190T10C5172146143I5', 'Sdr.', 'RIMBA OPTIK FOKUS', 3, 'MLATINOROWITO', 'KUDUS', NULL, '085229826266', '', '', 0, '', 0, 0, '2019-01-05 17:21:46', 21, 0, NULL),
	('KONS20190T40110K00H55759', 'Sdr.', 'Reza', 3, '-', '-', NULL, '-', '-', '', 0, '', 0, 0, '2019-04-01 10:00:55', 25, 0, NULL),
	('KONS20190U22DV110O4U54167S3W', 'Bpk.', 'Saiful', 3, '-', '-', NULL, '-', '-', '', 0, '', 0, 0, '2019-02-21 10:45:41', 25, 0, NULL),
	('KONS20190U2W0D90X85820U111EHYI5', 'Ibu.', 'khasiyati', 3, 'terban', 'kudus', NULL, '-', '', '', 0, '', 0, 0, '2019-02-09 08:58:20', 21, 0, NULL),
	('KONS20190U2ZH0216241I867J7', 'Bapak.', 'NUNUNG', 3, 'KUDUS', 'KUDUS', NULL, '081575203832', '081575203832', '', 0, '', 0, 0, '2019-02-02 16:24:18', 20, 0, NULL),
	('KONS20190U31909H47341061', 'Sdr.', 'Sheila Souvenir', 3, '-', '-', NULL, '08587015762', '08587015762', '', 0, '', 0, 0, '2019-03-19 09:47:34', 25, 0, NULL),
	('KONS20190U4041N74717707', 'Sdr.', 'Arial Digiprint', 3, 'Jepara', 'Jepara', NULL, '085325084227', '085325084227', '', 0, '', 0, 0, '2019-04-04 17:47:17', 26, 0, NULL),
	('KONS20190U42410N4403485', 'Sdr.', 'Baraka', 3, '-', '-', NULL, '-', '-', '', 0, '', 0, 0, '2019-04-24 10:44:03', 33, 0, NULL),
	('KONS20190UF524101Y327D1299', 'Sdr.', 'Marina', 3, '-', '-', NULL, '085775258298', '085775258298', '', 0, '', 0, 0, '2019-05-24 10:13:27', 33, 0, NULL),
	('KONS20190UQ218100Q1596R8Z8', 'Ibu.', 'YANTI', 3, 'KUDUS', 'KUDUS', NULL, '085640126666', '085640126666', '', 0, '', 0, 0, '2019-02-18 10:01:59', 20, 0, NULL),
	('KONS20190V3231Z1H31ARBH02565', 'Sdr.', 'yoyok com', 3, 'kudus', 'kudus', NULL, '-', '', '', 0, '', 0, 0, '2019-03-23 11:31:02', 21, 0, NULL),
	('KONS20190V5O14I1054N18N941', 'Sdr.', 'Nicolas', 3, 'Kudus', 'Kudus`', NULL, '-', '-', '', 0, '', 0, 0, '2019-05-14 10:54:18', 26, 0, NULL),
	('KONS20190W515L15H57YM35850K', 'Sdr.', 'Etika', 3, 'Kudus', 'Kudus', NULL, '-', '-', '', 0, '', 0, 0, '2019-05-15 15:57:35', 26, 0, NULL),
	('KONS20190X1TT19L1622V256PP23B', 'Bpk.', 'SLAMET', 3, 'KUDUS', 'KUDUS', NULL, '085 741 204 983', '', '', 0, '', 0, 0, '2019-01-19 16:22:25', 21, 0, NULL),
	('KONS20190X5151312U281004Y', 'Sdr.', 'Kemilau', 3, '-', '-', NULL, '-', '-', '', 0, '', 0, 0, '2019-05-15 13:12:28', 25, 0, NULL),
	('KONS20190XC51V5084HWR8467NN85', 'Ib.', 'IDAH', 3, 'KUDUS', 'KUDUS', NULL, '081390300970', '081390300970', '', 0, '', 0, 0, '2019-05-15 08:48:46', 20, 0, NULL),
	('KONS20190XN11JV61649061568', 'Bapak.', 'Jalal', 3, 'Panjang Bae', 'Kudus', NULL, '082139194354', '082139194354', '', 0, '', 0, 0, '2019-01-16 16:49:06', 26, 0, NULL),
	('KONS20190Y1101329C301461Y', 'Sdr.', 'Adi Tegar', 3, '-', '-', NULL, '-', '-', '', 0, '', 0, 0, '2019-01-10 13:29:30', 25, 0, NULL),
	('KONS20190Y2081S7052U1137O5', 'Ibu.', 'Kopi Muria', 3, '-', '-', NULL, '-', '-', '', 0, '', 0, 0, '2019-02-08 17:05:21', 25, 0, NULL),
	('KONS20190Y2I14120828TP1311', 'Sdr.', 'SRIBUDI', 3, 'KUDUS', 'KUDUS', NULL, '-', '', '', 0, '', 0, 0, '2019-02-14 12:08:28', 21, 0, NULL),
	('KONS20190Y5131E0H4333129H7', 'Sdr.', 'Fajar', 3, '-', '-', NULL, '08562807290', '08562807290', '', 0, '', 0, 0, '2019-05-13 10:43:33', 25, 0, NULL),
	('KONS20190YKS322101O8HR0954X8', 'Ibu.', 'Bu Sutarmi', 3, '-', '-', NULL, '-', '-', '', 0, '', 0, 0, '2019-03-22 10:18:09', 25, 0, NULL),
	('KONS20190YP4121632349F1GP3', 'Bpk.', 'Basuki', 3, '-', '-', NULL, '089556473501', '-', '', 0, '', 0, 0, '2019-04-12 16:32:34', 25, 0, NULL),
	('KONS20190Z11I11438H46V756', 'Bapak.', 'PREE DESIGN', 3, 'KUDUS', 'KUDUS', NULL, '-', '-', '', 0, '', 0, 0, '2019-01-11 14:38:46', 20, 0, NULL),
	('KONS20190Z1X28E1421N311424', 'Sdr.', 'Alif Dental', 3, 'Mlati Norowito', 'Kudus', NULL, '081 939 71 71 78', '081 939 71 71 78', '', 0, '', 0, 0, '2019-01-28 14:21:31', 26, 0, NULL),
	('KONS20190Z32WL9113645898', 'Sdr.', 'Silfi', 3, 'Kudus', 'Kudus', NULL, '08978442209', '08978442209', '', 0, '', 0, 0, '2019-03-29 11:36:45', 26, 0, NULL),
	('KONS2019A013111002Q21022', 'Saudara.', 'sinar baru', 3, 'kudus', 'Kudus', NULL, '+62 857-4022-6750', '+62 857-4022-6750', '', 0, '', 0, 0, '2019-01-31 11:00:22', 14, 0, NULL),
	('KONS2019A02H11R16080PZ9W534', 'Saudara.', 'DAUS', 3, 'KUDUS', 'KUDUS', NULL, '-', '-', '', 0, '', 0, 0, '2019-02-11 16:08:09', 20, 0, NULL),
	('KONS2019A0507H1WR60942N685', 'Bapak.', 'ZAENUR', 3, 'UNDAAN LOR', 'KUDUS', NULL, '08156557467', '08156557467', '', 0, '', 0, 0, '2019-05-07 16:09:42', 20, 0, NULL),
	('KONS2019A0RG411O1C305381XP299R', 'Sdr.', 'STIKES', 3, 'Kudus', 'Kudus', NULL, '-', '-', '', 0, '', 0, 0, '2019-04-11 13:05:38', 26, 0, NULL),
	('KONS2019A0YK312140610845', 'Sdr.', 'Musfirotul', 3, '-', '-', NULL, '-', '-', '', 0, '', 0, 0, '2019-03-12 14:06:10', 25, 0, NULL),
	('KONS2019B041I81X0DL17Z4610QG4S0W', 'Bpk.', 'Zaenuri', 3, '-', '-', NULL, '-', '089671632173', '', 0, '', 0, 0, '2019-04-18 10:17:46', 25, 0, NULL),
	('KONS2019C01V17111210851X', 'Bapak.', 'GITO', 3, 'KUDUS', 'KUDUS', NULL, '-', '-', '', 0, '', 0, 0, '2019-01-17 11:12:10', 20, 0, NULL),
	('KONS2019C031G613275S4923', 'Bpk.', 'nor salam', 3, 'kudus', 'kudus', NULL, '081 515 285 176', '', '', 0, '', 0, 0, '2019-03-16 13:27:54', 21, 0, NULL),
	('KONS2019D01I2OU3120M8M421337', 'Ibu.', 'Ayasa', 3, 'kudus', 'kudus', NULL, '+62 823-2371-2730', '+62 823-2371-2730', '', 0, '', 0, 0, '2019-01-23 12:08:42', 19, 0, NULL),
	('KONS2019D0530C0933521242', 'Sdr.', 'Cheryl', 3, '-', '-', NULL, '085801200019', '085801200019', '', 0, '', 0, 0, '2019-05-30 09:33:52', 33, 0, NULL),
	('KONS2019D0LF311I135K83E3614JO', 'Sdr.', 'Jordan', 3, '-', '-', NULL, '-', '-', '', 0, '', 0, 0, '2019-03-11 13:58:33', 25, 0, NULL),
	('KONS2019DL05301238P161278', 'Sdr.', 'LENI', 3, 'UMK', 'KUDUS', NULL, '-', '', '', 0, '', 0, 0, '2019-05-30 12:38:16', 21, 0, NULL),
	('KONS2019DM05U25094M4429Z90', 'Saudara.', 'JEKI', 3, 'SUKOLILO', 'PATI', NULL, '085867322691', '085867322691', '', 0, '', 0, 0, '2019-05-25 09:44:42', 20, 0, NULL),
	('KONS2019DT0514103127953', 'Bpk.', 'Hari', 3, '-', '-', NULL, '081542469754', '081542469754', '', 0, '', 0, 0, '2019-05-14 10:31:27', 25, 0, NULL),
	('KONS2019DYY05Z18133X8DV001221', 'Sdr.', 'Rimba', 3, '-', '-', NULL, '-', '-', '', 0, '', 0, 0, '2019-05-18 13:38:00', 25, 0, NULL),
	('KONS2019E012E114F5624151S0', 'Sdr.', 'Farid SPBU', 3, 'kudus', 'kudus', NULL, '+62 857-4004-1301', '+62 857-4004-1301', '', 0, '', 0, 0, '2019-01-21 14:56:24', 19, 0, NULL),
	('KONS2019E02M22UCA1550WL25829', 'Sdr.', 'Luki', 3, 'Puyoh', 'Kudus', NULL, '085866444236', '085866444236', '', 0, '', 0, 0, '2019-02-22 15:50:25', 26, 0, NULL),
	('KONS2019E02R08124K81775T6', 'Sdr.', 'FELI', 3, 'KUDUS', 'KUDUS', NULL, '-', '-', '', 0, '', 0, 0, '2019-02-08 12:48:17', 20, 0, NULL),
	('KONS2019E0W12JF9111757654', 'Ibu.', 'DENSOS KB', 3, 'KUDUS', 'KUDUS', NULL, '085810213447', '', '', 0, '', 0, 0, '2019-01-29 11:17:57', 21, 0, NULL),
	('KONS2019F011JO1G112C300633', 'Sdr.', 'davoz', 3, 'kudus', 'kudus', NULL, '085 866 830 080', '', '', 0, '', 0, 0, '2019-01-11 11:23:00', 21, 0, NULL),
	('KONS2019F02181O607Q0Q8506', 'Saudara.', 'RAKA', 3, 'KUDUS', 'KUDUS', NULL, '089697358543', '089697358543', '', 0, '', 0, 0, '2019-02-18 16:07:08', 20, 0, NULL),
	('KONS2019FO02051604Z2Z185H2', 'Saudara.', 'HAKIM', 3, 'KUDUS', 'KUDUS', NULL, '-', '-', '', 0, '', 0, 0, '2019-02-05 16:04:21', 20, 0, NULL),
	('KONS2019G0208D1W60V3KC20RG723', 'Bapak.', 'Awan', 3, 'Kudus', 'Kudus', NULL, '', '', '', 0, '', 0, 0, '2019-02-08 16:03:20', 14, 0, NULL),
	('KONS2019G021K8P0R94831600', 'Bapak.', 'IWAN', 3, 'KUDUS', 'KUDUS', NULL, '-', '-', '', 0, '', 0, 0, '2019-02-18 09:48:31', 20, 0, NULL),
	('KONS2019G04T1R21U33315W4I81', 'Sdr.', 'riswandha', 3, 'kudus', 'kudus', NULL, '-', '', '', 0, '', 0, 0, '2019-04-12 13:33:15', 21, 0, NULL),
	('KONS2019G051O6100N55378S3', 'Bapak.', 'JEMI', 3, 'KUDUS', 'KUDUS', NULL, '08522512207', '08522512207', '', 0, '', 0, 0, '2019-05-16 10:05:53', 20, 0, NULL),
	('KONS2019G05221401241TLX258', 'Saudara.', 'ABID', 3, 'KUDUS', 'KUDUS', NULL, '-', '-', '', 0, '', 0, 0, '2019-05-22 14:01:24', 20, 0, NULL),
	('KONS2019GP03I15OY10574E74H53M', 'Sdr.', 'INNO', 3, 'KUDUS', 'KUDUS', NULL, '08562705472', '08562705472', '', 0, '', 0, 0, '2019-03-15 10:57:47', 20, 0, NULL),
	('KONS2019H0ZE10F7164415L1I1JTC45', 'Bpk.', 'Imron', 3, 'Kudus', 'Kudus', NULL, '-', '-', '', 0, '', 0, 0, '2019-01-07 16:44:15', 26, 0, NULL),
	('KONS2019I0204174538O859', 'Sdr.', 'mujab', 3, 'kudus', 'kudus', NULL, '-', '', '', 0, '', 0, 0, '2019-02-04 17:45:38', 21, 0, NULL),
	('KONS2019I021Y316E22431Y40UG3', 'Bpk.', 'Rohmadi', 3, 'Jepang', 'Kudus', NULL, '-', '-', '', 0, '', 0, 0, '2019-02-13 16:22:43', 26, 0, NULL),
	('KONS2019I02261600411507DP', 'Ibu.', 'Anik', 3, '-', '-', NULL, '-', '-', '', 0, '', 0, 0, '2019-02-26 16:00:41', 25, 0, NULL),
	('KONS2019I04041350H18707', 'Bpk.', 'YONO MLATI', 3, 'MLATI', 'KUDUS', NULL, '-', '-', '', 0, '', 0, 0, '2019-04-04 13:50:18', 20, 0, NULL),
	('KONS2019I0LPI2N1T417O17P39KU545', 'Sdr.', 'Ninda', 3, 'Burikan rt 3 rw 2', 'Kudus', NULL, '089606864408', '089606864408', '', 0, '', 0, 0, '2019-02-14 17:17:39', 26, 0, NULL),
	('KONS2019IN0Y104144809QV1213', 'Bapak.', 'AFID', 3, 'KUDUS', 'KUDUS', NULL, '-', '-', '', 0, '', 0, 0, '2019-01-04 14:48:09', 20, 0, NULL),
	('KONS2019IZ0P21M811P57F21757', 'Bapak.', 'AHMAD', 3, 'KUDUS', 'KUDUS', NULL, '085866166105', '085866166105', '', 0, '', 0, 0, '2019-02-18 11:57:21', 20, 0, NULL),
	('KONS2019J011G61N237581263', 'Sdr.', 'Rafli', 3, 'Kudus', 'Kudus', NULL, '-', '-', '', 0, '', 0, 0, '2019-01-16 12:37:58', 26, 0, NULL),
	('KONS2019J012D910160BPU71H046', 'Sdr.', 'Mas Bowo', 3, '-', '-', NULL, '-', '-', '', 0, '', 0, 0, '2019-01-29 10:16:07', 25, 0, NULL),
	('KONS2019J01F19154A1341527Z', 'Bpk.', 'PT. Surya Putra', 3, 'jogja', 'jogja', NULL, '082299909962', '082299909962', '', 0, '', 0, 0, '2019-01-19 15:41:34', 14, 0, NULL),
	('KONS2019J01NLHK1OU01224051328', 'Sdr.', 'IZZA', 3, 'KUDUS', 'KUDUS', NULL, '-', '', '', 0, '', 0, 0, '2019-01-10 12:24:05', 21, 0, NULL),
	('KONS2019J0Y5291200501061', 'Sdr.', 'Misya', 3, 'Kudus', 'Kudus', NULL, '-', '-', '', 0, '', 0, 0, '2019-05-29 12:00:50', 26, 0, NULL),
	('KONS2019JH01Y17120U00661VOAXK1', 'Sdr.', 'ARISENNA', 3, 'KUDUS', 'KUDUS', NULL, '-', '-', '', 0, '', 0, 0, '2019-01-17 12:00:06', 20, 0, NULL),
	('KONS2019JY02E0X61YWI037281008', 'Sdr.', 'shinta', 3, 'kudus', 'kudus', NULL, '085641589102', '', '', 0, '', 0, 0, '2019-02-06 10:37:28', 21, 0, NULL),
	('KONS2019K04151FH7ML0K707122D8', 'Sdr.', 'agustin', 3, 'kudus', 'kudus', NULL, '-', '', '', 0, '', 0, 0, '2019-04-15 17:07:07', 21, 0, NULL),
	('KONS2019K0E20U81502CO4V7H14M43', 'Saudara.', 'DIKA', 3, 'KUDUS', 'KUDUS', NULL, '085803874441', '085803874441', '', 0, '', 0, 0, '2019-02-08 15:02:47', 20, 0, NULL),
	('KONS2019KB052713NE21577Z99', 'Ib.', 'Ifa', 3, '-', '-', NULL, '-', '-', '', 0, '', 0, 0, '2019-05-27 13:21:57', 25, 0, NULL),
	('KONS2019L03201Y132228S04S', 'Saudara.', 'ARDI', 3, 'KUDUS', 'KUDUS', NULL, '089669545771', '089669545771', '', 0, '', 0, 0, '2019-03-20 11:32:22', 20, 0, NULL),
	('KONS2019L0527133D024F784', 'Bpk.', 'Ahmad', 3, '-', '-', NULL, '-', '-', '', 0, '', 0, 0, '2019-05-27 13:30:24', 25, 0, NULL),
	('KONS2019LO0TAH2E111C2274C58O88', 'Sdr.', 'PIPIT WOOZLES', 3, 'KUDUS', 'KUDUS', NULL, '085700944377', '085700944377', '', 0, '', 0, 0, '2019-02-11 12:27:45', 20, 0, NULL),
	('KONS2019M012H416434086AND8', 'Sdr.', 'tia', 3, 'kudus', 'kudus', NULL, '-', '', '', 0, '', 0, 0, '2019-01-24 16:43:40', 21, 0, NULL),
	('KONS2019M01UY301C5F3754B69F0', 'Sdr.', 'REZA PATI', 3, 'PATI', 'PATI', NULL, '085865160402', '', '', 0, '', 0, 0, '2019-01-30 15:37:54', 21, 0, NULL),
	('KONS2019M020109Z241654J7', 'Ib.', 'IS2C', 3, 'KUDUS', 'KUDUS', NULL, '081390898350', '081390898350', '', 0, '', 0, 0, '2019-02-01 09:24:16', 20, 0, NULL),
	('KONS2019M0S43Z01G0172AE01218', 'Bapak.', 'NIKI SUPER', 3, 'kudus', 'kudus', NULL, '', '', '', 0, '', 0, 0, '2019-04-30 10:17:20', 18, 0, NULL),
	('KONS2019MA0513115SPC1IE251T287Y', 'Sdr.', 'Dinar', 3, 'KUdus', 'Kudus', NULL, '-', '-', '', 0, '', 0, 0, '2019-05-13 11:51:25', 26, 0, NULL),
	('KONS2019MH0H1Q1VE0093713X8LT04', 'Saudara.', 'SUGIYONO', 3, 'MLATI', 'KUDUS', NULL, '085387633938', '085387633938', '', 0, '', 0, 0, '2019-01-10 09:37:13', 20, 0, NULL),
	('KONS2019N012614A08WG2663LG8I', 'Sdr.', 'selo', 3, 'kudus', 'Kudus', NULL, '08562659871', '08562659871', '', 0, '', 0, 0, '2019-01-26 14:08:26', 26, 0, NULL),
	('KONS2019N05A1I01137IV4P51MT216IF', 'Bpk.', 'Hamidun', 3, 'Kudus', 'Kudus', NULL, '-', '-', '', 0, '', 0, 0, '2019-05-10 11:37:45', 26, 0, NULL),
	('KONS2019N0N1L1PA0FBR18G34531526', 'Sdr.', 'noor hadi', 3, 'kudus', 'kudus', NULL, '0813 9035 2186', '', '', 0, '', 0, 0, '2019-01-10 18:34:53', 21, 0, NULL),
	('KONS2019OUN0426165R555L13K02', 'Sdr.', 'Setya Desain', 3, '-', '-', NULL, '088801929998', '088801929998', '', 0, '', 0, 0, '2019-04-26 16:55:55', 33, 0, NULL),
	('KONS2019OV0UH402103714679', 'Ibu.', 'SD 2MLATI LOR', 3, 'MLATI LOR', 'KUDUS', NULL, '085801636389', '085801636389', '', 0, '', 0, 0, '2019-04-02 10:37:14', 20, 0, NULL),
	('KONS2019P032N109492S91D1MI9B0', 'Saudara.', 'SAFAK', 3, 'KUDUS', 'KUDUS', NULL, '-', '-', '', 0, '', 0, 0, '2019-03-21 09:49:29', 20, 0, NULL),
	('KONS2019P03V0813N59535Q8TYC2HG', 'Sdr.', 'aji', 3, 'kudus', 'kudus', NULL, '-', '', '', 0, '', 0, 0, '2019-03-08 13:59:53', 21, 0, NULL),
	('KONS2019P0430KD17KU2233CO1C323IB', 'Sdr.', 'Yulia', 3, '-', '-', NULL, '-', '-', '', 0, '', 0, 0, '2019-04-30 17:22:33', 33, 0, NULL),
	('KONS2019P0F212B113E455W15S0OQ5E', 'Sdr.', 'nita', 3, 'kudus', 'kudus', NULL, '085740505505', '', '', 0, '', 0, 0, '2019-02-12 11:34:55', 21, 0, NULL),
	('KONS2019PN0P3141503E4Z099Z8', 'Saudara.', 'ALIN', 3, 'KUDUS', 'KUDUS', NULL, '085727634373', '085727634373', '', 0, '', 0, 0, '2019-03-14 15:03:40', 20, 0, NULL),
	('KONS2019Q02Q0Y8155143Y1204', 'Sdr.', 'bima', 3, 'kudus', 'kudus', NULL, '-', '', '', 0, '', 0, 0, '2019-02-08 15:51:43', 21, 0, NULL),
	('KONS2019Q03020L9RTB193213X9C6', 'Sdr.', 'urip', 3, 'kudus', 'kudus', NULL, '-', '', '', 0, '', 0, 0, '2019-03-02 09:19:32', 21, 0, NULL),
	('KONS2019Q032CK8K12463411Z98U', 'Ibu.', 'Neni', 3, 'Kudus', 'Kudus', NULL, '081390335661', '081390335661', '', 0, '', 0, 0, '2019-03-28 12:46:34', 26, 0, NULL),
	('KONS2019QB0E5281Z127B541509Y', 'Saudara.', 'YUDA', 3, 'KUDUS', 'KUDUS', NULL, '081328146168', '081328146168', '', 0, '', 0, 0, '2019-05-28 11:27:54', 20, 0, NULL),
	('KONS2019R03I01105920195', 'Bpk.', 'MUKLIS', 3, 'KUDUS', 'KUDUS', NULL, '085225509226', '085225509226', '', 0, '', 0, 0, '2019-03-01 10:59:20', 20, 0, NULL),
	('KONS2019R050810V03K1UYB86K43GZ', 'Ibu.', 'Vaina', 3, '-', '-', NULL, '-', '-', '', 0, '', 0, 0, '2019-05-08 10:03:18', 25, 0, NULL),
	('KONS2019R0527T10003G06Q61', 'Sdr.', 'Isty', 3, '-', '-', NULL, '-', '-', '', 0, '', 0, 0, '2019-05-27 10:00:30', 25, 0, NULL),
	('KONS2019R0J4E271107341066', 'Sdr.', 'zubaedi', 3, 'Kudus', 'Kudus', NULL, '-', '-', '', 0, '', 0, 0, '2019-04-27 11:07:34', 26, 0, NULL),
	('KONS2019S01141Y60E5251162', 'Sdr.', 'Uzi', 3, '-', '-', NULL, '-', '-', '', 0, '', 0, 0, '2019-01-14 16:05:25', 25, 0, NULL),
	('KONS2019S0211M1537F46105Y5', 'Ibu.', 'ISLAH', 3, 'KUDUS', 'KUDUS', NULL, '-', '-', '', 0, '', 0, 0, '2019-02-11 15:37:46', 20, 0, NULL),
	('KONS2019S0410165112F1242', 'Ibu.', 'Lichnawati', 3, '-', '-', NULL, '-', '-', '', 0, '', 0, 0, '2019-04-10 16:51:12', 25, 0, NULL),
	('KONS2019S0O319162027945', 'Saudara.', 'OKTAVIAN', 3, 'KUDUS', 'KUDUS', NULL, '088238008888', '088238008888', '', 0, '', 0, 0, '2019-03-19 16:20:27', 20, 0, NULL),
	('KONS2019SKR031L21443391X097VG', 'Sdr.', 'Herral', 3, 'Kudus', 'Kudus', NULL, '-', '-', '', 0, '', 0, 0, '2019-03-12 14:43:39', 26, 0, NULL),
	('KONS2019SW0314LZW13WC59531Q192J', 'Sdr.', 'ian', 3, '-', '-', NULL, '-', '-', '', 0, '', 0, 0, '2019-03-14 13:59:53', 25, 0, NULL),
	('KONS2019T0128S163438648', 'Sdr.', 'Faizul', 3, 'SMA 2 Bae', 'Kudus', NULL, '-', '-', '', 0, '', 0, 0, '2019-01-28 16:34:38', 26, 0, NULL),
	('KONS2019U011C4114NR6147KT44LU', 'Sdr.', 'Olivia', 3, '-', '-', NULL, '-', '-', '', 0, '', 0, 0, '2019-01-14 11:46:14', 25, 0, NULL),
	('KONS2019U011K410423999X5B', 'Bapak.', 'YUDHI', 3, 'DEMAK', 'DEMAK', NULL, '081390455958', '081390455958', '', 0, '', 0, 0, '2019-01-14 10:42:39', 20, 0, NULL),
	('KONS2019U030K8T1925138Y9H9H', 'Mrs.', 'now.eng vlbr', 3, 'cendono 05 07 dawe kudus', 'kudus', NULL, '08222 ora apal', 'vlbr sudh punya', 'noor1210nk@gmail.com', 0, 'karyawan valibre ', 0, 0, '2019-03-08 19:25:13', 18, 0, NULL),
	('KONS2019UMZ052NX71Y83608S909', 'Sdr.', 'Kiki', 3, 'sunggingan', 'kudus', NULL, '0817267435', '', '', 0, '', 0, 0, '2019-05-27 18:36:08', 16, 0, NULL),
	('KONS2019V05BZ29A10F4VFV3181O0M66', 'Bpk.', 'Suparjo', 3, '-', '-', NULL, '-', '-', '', 0, '', 0, 0, '2019-05-29 10:43:18', 25, 0, NULL),
	('KONS2019W051I414AK4702718G', 'Sdr.', 'Ergi', 3, 'Kudus', 'Kudus', NULL, '-', '-', '', 0, '', 0, 0, '2019-05-14 14:47:02', 26, 0, NULL),
	('KONS2019W0V4051P5U4221539', 'Bpk.', 'Ali Tanjung', 3, '-', '-', NULL, '-', '-', '', 0, '', 0, 0, '2019-04-05 15:42:21', 25, 0, NULL),
	('KONS2019W0Z3U1313Y4B357G8A3Q7K', 'Sdr.', 'Dani', 3, '-', '-', NULL, '-', '-', '', 0, '', 0, 0, '2019-03-13 13:43:57', 25, 0, NULL),
	('KONS2019WD012912T13ZD1A3N573', 'Sdr.', 'Apin', 3, 'Kudus', 'Kudus', NULL, '-', '-', '', 0, '', 0, 0, '2019-01-29 12:13:13', 26, 0, NULL),
	('KONS2019X0109L1L0XG1XA91789M7', 'Ibu.', 'Tas Mbak Win', 3, 'Desa Bacin Kudus', 'Kudus', NULL, '081326080667', '081326080667', '', 0, '', 0, 0, '2019-01-09 10:19:17', 25, 0, NULL),
	('KONS2019X031211ZZ21E54933H', 'Bpk.', 'Abdul Malik (PT VITA)', 3, '-', '-', NULL, '081225697715', '081225697715', '', 0, '', 0, 0, '2019-03-12 11:21:54', 25, 0, NULL),
	('KONS2019X042O4K095QK44712G8S7', 'Ibu.', 'MIA AHE', 3, 'KUDUS', 'KUDUS', NULL, '081392307227', '081392307227', '', 0, '', 0, 0, '2019-04-24 09:54:47', 20, 0, NULL),
	('KONS2019X0520151914131ZM5KI', 'Sdr.', 'Rahmad', 3, 'Kudus', 'Kudus', NULL, '-', '-', '', 0, '', 0, 0, '2019-05-20 15:19:14', 26, 0, NULL),
	('KONS2019X0Q31P41R410YI58121O4', 'Saudara.', 'AZKA', 3, 'KUDUS', 'KUDUS', NULL, '085647583040', '085647583040', '', 0, '', 0, 0, '2019-03-14 14:10:58', 20, 0, NULL),
	('KONS2019X0X306D1T61L524FU1PPL397', 'Sdr.', 'Faris', 3, '-', '-', NULL, '-', '-', '', 0, '', 0, 0, '2019-03-06 16:15:24', 25, 0, NULL),
	('KONS2019XA0BOP3Q2Y711N413555K3L', 'Sdr.', 'natania', 3, 'kudus', 'kudus', NULL, '085 640 840 320', '', '', 0, '', 0, 0, '2019-03-27 11:41:35', 21, 0, NULL),
	('KONS2019XQ012BT60955D4798IUX2WO', 'Sdr.', 'Widya', 3, '-', '-', NULL, '-', '-', '', 0, '', 0, 0, '2019-01-26 09:55:47', 25, 0, NULL),
	('KONS2019Y02GN251U60B556C120B9', 'Ibu.', 'bambang', 3, 'kudus', 'kudus', NULL, '-', '', '', 0, '', 0, 0, '2019-02-25 16:05:56', 21, 0, NULL),
	('KONS2019Y0517EN13M3611P1B23KL1', 'Sdr.', 'yogas', 3, 'kudus', 'kudus', NULL, '-', '', '', 0, '', 0, 0, '2019-05-17 13:36:11', 21, 0, NULL),
	('KONS2019YA0E318145828S134CX6', 'Bapak.', 'HAKIM', 3, 'KUDUS', 'KUDUS', NULL, '085740069400', '085740069400', '', 0, '', 0, 0, '2019-03-18 14:58:28', 20, 0, NULL),
	('KONS2019YY022W5L1WOT70420L80X0', 'Bpk.', 'Alek Loram', 3, '-', '-', NULL, '-', '-', '', 0, '', 0, 0, '2019-02-25 17:04:20', 25, 0, NULL),
	('KONS2019Z01A141M60F654UN117P0G', 'Saudara.', 'PUTRA', 3, 'KUDUS', 'KUDUS', NULL, '-', '-', '', 0, '', 0, 0, '2019-01-14 16:06:54', 20, 0, NULL),
	('KONS2019Z0218163859NL786', 'Saudara.', 'FAUZUL', 3, 'KUDUS', 'KUDUS', NULL, '085819014865', '085819014865', '', 0, '', 0, 0, '2019-02-18 16:38:59', 20, 0, NULL),
	('KONS2019Z0T1D28L104C95H4F1Q11H7', 'Bapak.', 'AGIL', 3, 'KUDUS', 'KUDUS', NULL, '085325950488', '085325950488', '', 0, '', 0, 0, '2019-01-28 10:49:54', 20, 0, NULL),
	('KONS2019ZD0AX22515R1636D108P8', 'Sdr.', 'Libaphoto', 3, 'tanjung rejo', 'kudus', NULL, '', '', '', 0, '', 0, 0, '2019-02-25 15:16:36', 19, 1, 19),
	('KONS201A8103114021210K95', 'Sdr.', 'iqbal', 3, 'kudus', 'kudus', NULL, '082313683670', '', '', 0, '', 0, 0, '2018-10-31 14:02:12', 21, 0, NULL),
	('KONS201A811050844501T496', 'Ib.', 'HENA KEBAB', 3, 'BEJAGAN', 'KUDUS', NULL, '085290305550', '085290305550', '', 0, '', 0, 0, '2018-11-05 08:44:50', 20, 0, NULL),
	('KONS201A8121215D16406M26', 'Sdr.', 'Yogi', 3, 'Megawon', 'Kudus', NULL, '085800057715', '085800057715', '', 0, '', 0, 0, '2018-12-12 15:16:40', 26, 0, NULL),
	('KONS201A8122ZD21N1VH44K50T10T44X', 'Sdr.', 'rani', 3, 'kudus', 'kudus', NULL, '085740064363', '', '', 0, '', 0, 0, '2018-12-22 11:44:50', 21, 0, NULL),
	('KONS201A81AJQ2DK121C13336ZJD860', 'Sdr.', 'Usy', 3, 'Prambatan Lor', 'Kudus', NULL, '089606247256', '089606247256', '', 0, '', 0, 0, '2018-12-12 11:33:36', 26, 0, NULL),
	('KONS201A90V31K5190DPZ5AGT31615', 'Sdr.', 'Anas Marzuki', 3, '-', '-', NULL, '-', '-', '', 0, '', 0, 0, '2019-03-15 19:05:31', 33, 0, NULL),
	('KONS201AF90F11I016P03D46R1328', 'Sdr.', 'Macan Muria', 3, 'Kudus', 'Kudus', NULL, '085643577309', '085643577309', '', 0, '', 0, 0, '2019-01-10 16:03:46', 26, 0, NULL),
	('KONS201AP9010216K4650918', 'Sdr.', 'HILMA', 3, 'KUDUS', 'KUDUS', NULL, '085782877095', '085782877095', '', 0, '', 0, 0, '2019-01-02 16:46:50', 20, 0, NULL),
	('KONS201AT9030913M5655J995', 'Bpk.', 'Firin', 3, '-', '-', NULL, '-', '-', '', 0, '', 0, 0, '2019-03-09 13:56:55', 25, 0, NULL),
	('KONS201AV8113YT00GZ42I6Y4I5118O5', 'Bapak.', 'KB MENARA BANGSA', 3, 'JL. JEND SUDIRMAN 73', 'KUDUS', NULL, '082333538077', '082333538077', '', 0, '', 0, 0, '2018-11-30 04:26:45', 20, 0, NULL),
	('KONS201B81I03116I23451063J', 'Sdr.', 'All Media', 3, '-', '-', NULL, '-', '-', '', 0, '', 0, 0, '2018-10-31 16:23:45', 25, 0, NULL),
	('KONS201B90102KR1RT2345012H32', 'Sdr.', 'purnomo', 3, 'juwana', 'pati', NULL, '082336177124', '', '', 0, '', 0, 0, '2019-01-02 12:34:50', 21, 0, NULL),
	('KONS201B904101ET7480V81434', 'Bpk.', 'umam', 3, 'kudus', 'kudus', NULL, '+62 857-2911-1011', '+62 857-2911-1011', '', 0, '', 0, 0, '2019-04-10 17:48:08', 18, 0, NULL),
	('KONS201B905Y29135334TS667S', 'Bapak.', 'ANTOK', 3, 'KUDUS', 'KUDUS', NULL, '082134912420', '082134912420', '', 0, '', 0, 0, '2019-05-29 13:53:34', 20, 0, NULL),
	('KONS201B90S322133210F530', 'Sdr.', 'HASMA', 3, 'Kudus', 'KUdus', NULL, '-', '-', '', 0, '', 0, 0, '2019-03-22 13:32:10', 26, 0, NULL),
	('KONS201BF9051615E35V2I615R27', 'Ibu.', 'ASTI', 3, 'KUDUS', 'KUDUS', NULL, '085786912294', '085786912294', '', 0, '', 0, 0, '2019-05-16 15:35:26', 20, 0, NULL),
	('KONS201BJI81030104C32Z11403', 'Sdr.', 'pipit', 3, 'Pedawang', 'kudus', NULL, '081229126072', '-', '', 0, '', 0, 0, '2018-10-30 10:43:21', 26, 0, NULL),
	('KONS201BR904I1809261015PD18', 'Saudara.', 'ZEN', 3, 'DEMAK', 'DEMAK', NULL, '085726374411', '085726374411', '', 0, '', 0, 0, '2019-04-18 09:26:10', 20, 0, NULL),
	('KONS201BS8122D41YU1585T410A19', 'Sdr.', 'ZAIR', 3, 'UNDAN TENGAH', 'KUDUS', NULL, '085640973207', '', '', 0, '', 0, 0, '2018-12-24 11:58:54', 21, 0, NULL),
	('KONS201BT90NWL52013L0Q7431J42M0', 'Sdr.', 'Adrina', 3, '-', '-', NULL, '-', '-', '', 0, '', 0, 0, '2019-05-20 13:07:43', 25, 0, NULL),
	('KONS201C81L215Z154616126I3', 'Sdr.', 'Afwan', 3, '-', '-', NULL, '-', '-', '', 0, '', 0, 0, '2018-12-15 15:46:16', 25, 0, NULL),
	('KONS201C8P1I207H0731L02B1255', 'Sdr.', 'AZAHRA', 3, 'KUDUS', 'KUDUS', NULL, '085325775898', '', '', 0, '', 0, 0, '2018-12-07 07:31:02', 21, 0, NULL),
	('KONS201C8R10G291PJ642026RN33S', 'Sdr.', 'lia', 3, 'kudus', 'kudus', NULL, '-', '', '', 0, '', 0, 0, '2018-10-29 16:42:02', 25, 1, 26),
	('KONS201C90225115742B972', 'Bpk.', 'Priyo Pambudi', 3, '-', '-', NULL, '08122866569', '08122866569', '', 0, '', 0, 0, '2019-02-25 11:57:42', 33, 0, NULL),
	('KONS201C9032814114546E8', 'Saudara.', 'ARIS', 3, 'KUDUS', 'KUDUS', NULL, '081269730626', '081269730626', '', 0, '', 0, 0, '2019-03-28 14:11:45', 20, 0, NULL),
	('KONS201C905D07155318E1086', 'Ibu.', 'SAFA', 3, 'JEPANG', 'KUDUS', NULL, '0852903945', '0852903945', '', 0, '', 0, 0, '2019-05-07 15:53:18', 20, 0, NULL),
	('KONS201C90HB21K21414JRJ191223', 'Saudara.', 'PIPIT', 3, 'KUDUS', 'KUDUS', NULL, '082134255144', '082134255144', '', 0, '', 0, 0, '2019-02-12 14:14:19', 20, 0, NULL),
	('KONS201C90P1151028241240', 'Sdr.', 'Sriyati', 3, '-', '-', NULL, '-', '-', '', 0, '', 0, 0, '2019-01-15 10:28:24', 25, 0, NULL),
	('KONS201C90W22W0152QT348106A7O', 'Ib.', 'TUTIK', 3, 'KUDUS', 'KUDUS', NULL, '087831920989', '087831920989', '', 0, '', 0, 0, '2019-02-20 15:23:48', 20, 0, NULL),
	('KONS201C9Q05K16151508Q725', 'Sdr.', 'nailil', 3, 'kudus', 'kudus', NULL, '-', '', '', 0, '', 0, 0, '2019-05-16 15:15:08', 21, 0, NULL),
	('KONS201C9X0I1T09121148R1182', 'Sdr.', 'YULI BUNDA', 3, 'KUDUS', 'kudus', NULL, '085700551226', '085700551226', '', 0, '', 0, 0, '2019-01-09 12:11:48', 20, 0, NULL),
	('KONS201CQ9022211K0X137MS612', 'Bpk.', 'sayuti', 3, 'kudus', 'kudus', NULL, '-', '', '', 0, '', 0, 0, '2019-02-22 11:01:37', 19, 0, NULL),
	('KONS201CV811NN1708B431T87Q03', 'Sdr.', 'ROSI', 3, 'JL. SUNAN MURIA NO 45', 'KUDUS', NULL, '0291 443940', '-', '', 0, '', 0, 0, '2018-11-17 08:43:18', 20, 0, NULL),
	('KONS201CZ81211N0F9T0DV3319SO56', 'Bapak.', 'TERANG JAYA LISTRIK', 3, 'KUDUS', 'KUDUS', NULL, '-', '-', '', 0, '', 0, 0, '2018-12-11 09:03:31', 20, 0, NULL),
	('KONS201D8111207F01ZV2UF6142V3P', 'Ibu.', 'Tyas - Tupperware', 3, 'Megawon', 'kudus', NULL, '085727320108', '085727320108', '', 0, '', 0, 0, '2018-11-12 07:01:26', 1, 0, NULL),
	('KONS201D8J121BL31Q1591U1119JIJ5', 'Saudara.', 'SHEVA', 3, 'KUDUS', 'KUDUS', NULL, '087804177549', '087804177549', '', 0, '', 0, 0, '2018-12-13 11:59:11', 20, 0, NULL),
	('KONS201D9041W61AF2SH5600708EJC', 'Sdr.', 'Hamid', 3, 'Kudus', 'Kudus', NULL, '-', '-', '', 0, '', 0, 0, '2019-04-16 12:56:00', 26, 0, NULL),
	('KONS201D904P0111381LXOWCW750P2', 'Sdr.', 'ANTIK', 3, 'KUDUS', 'KUDUS', NULL, '081286951726', '082138918405', '', 0, '', 0, 0, '2019-04-01 11:38:17', 20, 0, NULL),
	('KONS201D90C11K0O0956D431183J', 'Bapak.', 'Yuhdi Prawoto', 3, 'Pati jawa tengah', 'Pati', NULL, '085854526004', '085854526004', '', 0, '', 0, 0, '2019-01-10 09:56:43', 14, 0, NULL),
	('KONS201D90C42R61626097H42UEH', 'Sdr.', 'FARIKA', 3, 'KUDUS', 'KUDUS`', NULL, '-', '', '', 0, '', 0, 0, '2019-04-26 16:26:09', 20, 0, NULL),
	('KONS201D90E12G2CH1750PSA38E919', 'Sdr.', 'Aneka Print', 3, 'Wergu Kulon Rt 6 Rw 2', 'Kudus', NULL, '081542469754', '081542469754', '', 0, '', 0, 0, '2019-01-22 17:50:38', 26, 0, NULL),
	('KONS201D90R42010Z0020607', 'Sdr.', 'thalassa batik', 3, 'Barat SMK Wisuda Karya', 'kudus', NULL, '081215756288', '', '', 0, '', 0, 0, '2019-04-20 10:00:20', 21, 0, NULL),
	('KONS201D9OHA0F4D27K1103161M593', 'Saudara.', 'FONI', 3, 'KUDUS', 'KUDUS', NULL, '085200027171', '085200027171', '', 0, '', 0, 0, '2019-04-27 11:03:16', 20, 0, NULL),
	('KONS201DXEL90M10516250GP1U10V75', 'Sdr.', 'wilhelmina', 3, 'colo', 'kudus', NULL, '08156696478', '', '', 0, '', 0, 0, '2019-01-05 16:25:01', 21, 0, NULL),
	('KONS201DZ9Z0R4011134BQA1BK6885', 'Sdr.', 'faizin', 3, 'kudus', 'kudus', NULL, '-', '', '', 0, '', 0, 0, '2019-04-01 11:34:16', 21, 0, NULL),
	('KONS201E8121G0080451D905', 'Sdr.', 'Seno', 3, '-', '-', NULL, '085776886089', '085776886089', '', 0, '', 0, 0, '2018-12-10 08:04:51', 25, 0, NULL),
	('KONS201E8122414352713MI77', 'Bapak.', 'DIGITAL CELL', 3, 'DESA PASIR', 'DEMAK', NULL, '081339757599', '081339757599', '', 0, '', 0, 0, '2018-12-24 14:35:27', 20, 0, NULL),
	('KONS201E8H1V03KG1160Z84113L44', 'Sdr.', 'Rachma', 3, 'Kudus', 'Kudus', NULL, '08562663674', '', 'rachma540@gmail.com', 0, '', 0, 0, '2018-10-31 16:08:41', 21, 0, NULL),
	('KONS201E90319H1WB3192464O1', 'Sdr.', 'Sari Maharani', 3, '-', '-', NULL, '-', '-', '', 0, '', 0, 0, '2019-03-19 13:19:24', 25, 0, NULL),
	('KONS201E90404I102R7Q37874BD', 'Saudara.', 'ICANG', 3, 'KUDUS', 'KUDUS', NULL, '085700966669', '085700966669', '', 0, '', 0, 0, '2019-04-04 10:27:37', 20, 0, NULL),
	('KONS201E9051N3R113128156KE2X', 'Bpk.', 'Lutfi', 3, '-', '-', NULL, '081325043594', '081325043594', '', 0, '', 0, 0, '2019-05-13 11:31:28', 25, 0, NULL),
	('KONS201E90Y52W31130YX18W1417', 'Sdr.', 'ra matholi\'ul hija', 3, 'kudus', 'kudus', NULL, '-', '', '', 0, '', 0, 0, '2019-05-23 11:30:18', 21, 0, NULL),
	('KONS201EL9M05151LO3X11Z31128WEM6', 'Bapak.', 'SYAIFUL PATI', 3, 'KUDUS', 'KUDUS', NULL, '085249679227', '085249679227', '', 0, '', 0, 0, '2019-05-15 13:11:31', 20, 0, NULL),
	('KONS201ES9010BY21414587DCJ87', 'Sdr.', 'mars', 3, 'jl pramuka no 22b', 'kudus', NULL, '081230462767', '', '', 0, '', 0, 0, '2019-01-02 14:14:58', 21, 0, NULL),
	('KONS201EXG90128P10T4UE03SSD4614', 'Sdr.', 'CINDY', 3, 'KUDUS', 'KUDUS', NULL, '-', '-', '', 0, '', 0, 0, '2019-01-28 10:40:34', 20, 0, NULL),
	('KONS201F8110609092412R3K4', 'Sdr.', 'Sifa', 3, '-', '-', NULL, '-', '-', '', 0, '', 0, 0, '2018-11-06 09:09:24', 25, 0, NULL),
	('KONS201F81117T0M4G115O5C7O3NR1', 'Saudara.', 'AFGA', 3, 'PERUM SUMBER INDAH', 'KUDUS', NULL, '085600246005', '085600246005', '', 0, '', 0, 0, '2018-11-17 04:11:55', 20, 0, NULL),
	('KONS201F81129Q05AH53131300', 'Saudara.', 'ALDI', 3, 'KUDUS', 'KUDUS', NULL, '-', '-', '', 0, '', 0, 0, '2018-11-29 05:53:13', 20, 0, NULL),
	('KONS201F8121U1110Z3TG45PR8I9P2', 'Sdr.', 'fida', 3, 'umk', 'kudus', NULL, '085866155386', '', '', 0, '', 0, 0, '2018-12-11 11:03:45', 21, 0, NULL),
	('KONS201F8M110512152T29F68', 'Bpk.', 'AMIN', 3, 'ROBAYAN', 'JEPARA', NULL, '081542199387', '081542199387', '', 0, '', 0, 0, '2018-11-05 12:15:22', 20, 0, NULL),
	('KONS201F8M1122WS05V52ZR34120G5D', 'Mr.', 'Ganda', 3, 'gebog', 'kudus', NULL, '+62 813-2524-2504', '+62 813-2524-2504', '', 0, '', 0, 0, '2018-11-22 05:52:34', 19, 0, NULL),
	('KONS201F901221C2021514V1X8', 'Ibu.', 'Siti Asyiah', 3, 'Janggalan', 'Kudus', NULL, '081325518626', '081325518626', '', 0, '', 0, 0, '2019-01-22 12:02:15', 26, 0, NULL),
	('KONS201F9I02F071146ELO5Z668T8', 'Sdr.', 'LUSI', 3, 'kudus', 'kudus', NULL, '085602706355', '085602706355', '', 0, '', 0, 0, '2019-02-07 11:46:56', 21, 0, NULL),
	('KONS201F9V010O817C395FN7ZD58D5', 'Ibu.', 'Saidah', 3, 'Mlati Norowito', 'Kudus', NULL, '-', '-', '', 0, '', 0, 0, '2019-01-08 17:39:57', 26, 0, NULL),
	('KONS201FC90KK3X19E142240SH95U7V', 'Bpk.', 'Eko', 3, '-', '-', NULL, '-', '-', '', 0, '', 0, 0, '2019-03-19 14:22:40', 25, 0, NULL),
	('KONS201FY904251Y723561191P', 'Sdr.', 'didit', 3, 'kudus', 'kudus', NULL, '-', '', '', 0, '', 0, 0, '2019-04-25 17:23:56', 21, 0, NULL),
	('KONS201G811H0217594E5F1349', 'Sdr.', 'Erina', 3, 'Jl Kudus-Purwodadi km 07', 'Kudus', NULL, '082135329400', '082135329400', '', 0, '', 0, 0, '2018-11-02 17:59:45', 26, 0, NULL),
	('KONS201G81P1PJ10N130728TK77EC7X', 'Saudara.', 'ILHAM', 3, 'KUDUS', 'KUDUS', NULL, '-', '-', '', 0, '', 0, 0, '2018-11-10 13:07:28', 20, 0, NULL),
	('KONS201G8O1Q217R150F0W0B8A116WV0', 'Sdr.', 'ROYA', 3, 'KUDUS', 'KUDUS', NULL, '-', '', '', 0, '', 0, 0, '2018-12-17 15:00:08', 21, 0, NULL),
	('KONS201G8UAJZ120303JXY49P28F1297', 'Bpk.', 'Rasyid', 3, 'Melati Lor', 'Kudus', NULL, '085713859041', '085713859041', '', 0, '', 0, 0, '2018-12-03 03:49:28', 26, 0, NULL),
	('KONS201G901J160923J5I91502S', 'Saudara.', 'DEDI SMA  1 KUDUS', 3, 'KUDUS', 'KUDUS', NULL, '085640475045', '085640475045', '', 0, '', 0, 0, '2019-01-16 09:23:59', 20, 0, NULL),
	('KONS201G902N18162RD04MHK561Z9', 'Saudara.', 'YOHAN', 3, 'KUDUS', 'KUDUS', NULL, '-', '-', '', 0, '', 0, 0, '2019-02-18 16:20:45', 20, 0, NULL),
	('KONS201G9040QK815F3O6O28MA9Y44B', 'Sdr.', 'KFOOD COURT', 3, 'KUDUS', 'KUDUS', NULL, '081325760162', '081325760162', '', 0, '', 0, 0, '2019-04-08 15:36:28', 20, 0, NULL),
	('KONS201GB81127X0243AHI5413X20BZU', 'Sdr.', 'Ida', 3, '-', '-', NULL, '-', '-', '', 0, '', 0, 0, '2018-11-27 02:43:54', 25, 0, NULL),
	('KONS201H810301DX625U3492E9', 'Sdr.', 'MDS', 3, 'KUDUS', 'KUDUS', NULL, '-', '-', '', 0, '', 0, 0, '2018-10-30 16:25:34', 25, 0, NULL),
	('KONS201H81031W1557381P289', 'Bapak.', 'Hadi', 3, 'Wahid Hasim No 75', 'Kudus', NULL, '088215165619', '085225491410', '', 0, '', 0, 0, '2018-10-31 15:57:38', 26, 0, NULL),
	('KONS201H81Q12906581NY4M1BJQ385', 'Sdr.', 'CINTA', 3, 'PUCANGKEREP', 'KUDUS', NULL, '085290099648', '085290099648', '', 0, '', 0, 0, '2018-11-29 06:58:14', 20, 0, NULL),
	('KONS201H8Z120Y501XZ59Z3R510D14', 'Sdr.', 'RIZKA', 3, 'PLOSO', 'KUDUS', NULL, '082324971390', '082324971390', '', 0, '', 0, 0, '2018-12-05 01:59:35', 20, 0, NULL),
	('KONS201H90109113Y6291121', 'Saudara.', 'Jaelani', 3, 'Tempur Keling Jepara, Rt/Rw 02/04 Dk.Glagah\r\nTempur Keling Jepara, Rt/Rw 02/04 Dk.Glagah', 'Kudus', NULL, '085782776986', '085782776986', '', 0, '', 0, 0, '2019-01-09 11:36:29', 14, 0, NULL),
	('KONS201H903F16131654538', 'Ibu.', 'Navis', 3, 'Kudus', 'Kudus', NULL, '-', '-', '', 0, '', 0, 0, '2019-03-16 13:16:54', 26, 0, NULL),
	('KONS201H90429QS1X542091163', 'Bapak.', 'KADUT', 3, 'KUDUS', 'KUDUS', NULL, '082135212470', '082135212470', '', 0, '', 0, 0, '2019-04-29 15:42:09', 20, 0, NULL),
	('KONS201H905071530B56828', 'Saudara.', 'IRWAN', 3, 'KUDUS', 'KUDUS', NULL, '-', '-', '', 0, '', 0, 0, '2019-05-07 15:30:56', 20, 0, NULL),
	('KONS201HK811UG051B822X306QAX34', 'Saudara.', 'ZAKI', 3, 'TENGGELES', 'kudus', NULL, '085875278762', '', '', 0, '', 0, 0, '2018-11-05 18:22:30', 21, 0, NULL),
	('KONS201HO9013G11T60R7UF00C8R89', 'Sdr.', 'Novita', 3, '-', '-', NULL, '085868880645', '-', '', 0, '', 0, 0, '2019-01-31 16:07:00', 25, 0, NULL),
	('KONS201HV81D102P1B507A4713F62', 'Sdr.', 'Toni Ervani', 3, 'Purwosari', 'kudus', NULL, '087833833888', '08970032290', '', 0, '', 0, 0, '2018-11-02 15:07:47', 25, 0, NULL),
	('KONS201HY812060ME945LC5I19ED49', 'Sdr.', 'varus', 3, 'kudus', 'kudus', NULL, '087833731458', '', '', 0, '', 0, 0, '2018-12-06 09:45:51', 21, 0, NULL),
	('KONS201I810291438241T2I99', 'Sdr.', 'Mbek', 3, 'kajeksan', 'kudus', NULL, '08995966389', '08995966389', 'rin.riana21@gmail.com', 0, '', 0, 0, '2018-10-29 14:38:24', 19, 0, NULL),
	('KONS201I811030Q917361081', 'PT.', 'Global Niaga Ekspres', 3, '-', '-', NULL, '-', '-', '', 0, '', 0, 0, '2018-11-03 09:17:36', 25, 0, NULL),
	('KONS201I81KW02914N09H0811OVF88', 'Bpk.', 'khafid', 3, 'kudus', 'kudus', NULL, '+62 812-2889-3440', '+62 812-2889-3440', '', 0, '', 0, 0, '2018-10-29 14:09:08', 19, 0, NULL),
	('KONS201I8O11081Y75210534', 'Mrs.', 'Tyas_ Natasya', 3, 'kudus', 'kudus', NULL, '+62 813-6869-5551', '+62 813-6869-5551', '', 0, '', 0, 0, '2018-11-08 17:52:10', 18, 0, NULL),
	('KONS201I9051H5NQ1T113281LT359X', 'Ibu.', 'Enny', 3, '-', '-', NULL, '081326443044', '081326443044', '', 0, '', 0, 0, '2019-05-15 11:13:28', 25, 0, NULL),
	('KONS201I90R2221M44852Q1MY058B', 'Sdr.', 'NASRUL', 3, 'KUDUS', 'KUDUS', NULL, '-', '', '', 0, '', 0, 0, '2019-02-22 14:48:52', 21, 0, NULL),
	('KONS201IA9R0M2261551Q3NNA414ML43', 'Sdr.', 'Alvin', 3, '-', '-', NULL, '081329318121', '081329318121', '', 0, '', 0, 0, '2019-02-26 15:51:34', 33, 0, NULL),
	('KONS201IG9040816250Y21143', 'Sdr.', 'nafida', 3, 'kudus', 'kudus', NULL, '-', '', '', 0, '', 0, 0, '2019-04-08 16:25:02', 21, 0, NULL),
	('KONS201IH90201112A457646N', 'Bpk.', 'Rosada', 3, '-', '-', NULL, '-', '-', '', 0, '', 0, 0, '2019-02-01 11:24:57', 25, 0, NULL),
	('KONS201J81101Q171248932', 'Sdr.', 'YUDISTIRA', 3, 'DESA BARONGAN', 'KUDUS', NULL, '085747876494', '', '', 0, '', 0, 0, '2018-11-01 17:12:48', 21, 0, NULL),
	('KONS201J811021P4AKMEGD381610Y98', 'Sdr.', 'Dani chatering', 3, '-', '-', NULL, '-', '-', '', 0, '', 0, 0, '2018-11-02 14:38:16', 25, 1, 19),
	('KONS201J811051B64032108Q7', 'Saudara.', 'FAZA', 3, 'KAJAN', 'KUDUS', NULL, '089631630639', '089631630639', '', 0, '', 0, 0, '2018-11-05 16:40:32', 20, 0, NULL),
	('KONS201J8111603EMB2F657V76HI9', 'Sdr.', 'Leka', 3, '-', '-', NULL, '089666614171', '-', '', 0, '', 0, 0, '2018-11-16 03:26:57', 25, 0, NULL),
	('KONS201J812A07024818H1P186', 'Saudara.', 'FERNANDO', 3, 'KUDUS', 'KUDUS', NULL, '-', '-', '', 0, '', 0, 0, '2018-12-07 02:48:18', 20, 0, NULL),
	('KONS201J812U0D6U0U446Z131289', 'Sdr.', 'islahuddin', 3, 'kedungdowo', 'kudus', NULL, '085226447642', '', '', 0, '', 0, 0, '2018-12-06 04:46:13', 21, 0, NULL),
	('KONS201J81EY02S9C141726696V', 'Sdr.', 'DIANE', 3, 'KUDUS', 'KUDUS', NULL, '-', '-', '', 0, '', 0, 0, '2018-10-29 14:17:26', 20, 1, 19),
	('KONS201J8U120A506434A812R54', 'Bapak.', 'UDIN', 3, 'KUDUS', 'KUDUS', NULL, '-', '-', '', 0, '', 0, 0, '2018-12-05 06:43:48', 20, 0, NULL),
	('KONS201J90212R112F936G933D', 'Ibu.', 'PAQUITA', 3, 'KUDUS', 'KUDUS', NULL, '085226855231', '085226855231', '', 0, '', 0, 0, '2019-02-12 11:29:36', 20, 0, NULL),
	('KONS201J9021919X0P450IV60Y8', 'Sdr.', 'Fildzah', 3, 'Kudus', 'KUdus', NULL, '085728270035', '085728270035', '', 0, '', 0, 0, '2019-02-19 19:04:50', 26, 0, NULL),
	('KONS201J9041109262MT67H78', 'Bapak.', 'YANTO', 3, 'KUDUS', 'KUDUS', NULL, '087713981525', '087713981525', '', 0, '', 0, 0, '2019-04-11 09:26:26', 20, 0, NULL),
	('KONS201J9EZ041812M47O42I51ZK6', 'Sdr.', 'SMA AN-NIDHOM', 3, 'Kudus', 'Kudus', NULL, '081586662534', '081586662534', '', 0, '', 0, 0, '2019-04-18 12:47:42', 26, 0, NULL),
	('KONS201J9GR05301U32715B15H89K', 'Sdr.', 'Sita', 3, 'Kudus', 'Kudus', NULL, '-', '-', '', 0, '', 0, 0, '2019-05-30 13:27:15', 26, 0, NULL),
	('KONS201J9H042011320QB737K8', 'Sdr.', 'Diki Mustamu', 3, '-', '-', NULL, '-', '-', '', 0, '', 0, 0, '2019-04-20 11:32:07', 33, 0, NULL),
	('KONS201JD903041K51347454', 'Sdr.', 'Zaenal Abidin', 3, 'Kudus', 'Kudus', NULL, '085641260726', '085641260726', '', 0, '', 0, 0, '2019-03-04 15:13:47', 26, 0, NULL),
	('KONS201JF81128035Y953RW62CNACY3', 'Bapak.', 'PRO STARS', 3, 'KUDUS', 'KUDUS', NULL, '-', '-', '', 0, '', 0, 0, '2018-11-28 03:59:53', 20, 0, NULL),
	('KONS201JF9F01N31153243OL892', 'Sdr.', 'ari', 3, 'kudus', 'kudus', NULL, '-', '', '', 0, '', 0, 0, '2019-01-31 15:32:43', 21, 0, NULL),
	('KONS201JL80926J0842501343', 'Sdr.', 'KARTIKANOW', 3, 'PRAMBATAN', 'KUDUS', NULL, '081935155340', '081935155340', 'artnotonlytoday@icloud.com', 0, '', 0, 0, '2018-09-26 08:42:50', 20, 0, NULL),
	('KONS201JL8H112AG7EF095743951', 'Sdr.', 'Naufal', 3, '-', '-', NULL, '-', '-', '', 0, '', 0, 0, '2018-11-27 09:57:43', 25, 0, NULL),
	('KONS201K81213MY1335O37908', 'Bapak.', 'GRIPTA', 3, 'KUDUS', 'KUDUS', NULL, '-', '-', '', 0, '', 0, 0, '2018-12-13 13:35:37', 20, 0, NULL),
	('KONS201K81220092029F594', 'Bapak.', 'KEJAKSAAN KUDUS', 3, 'KUDUS', 'KUDUS', NULL, '085725205477', '085725205477', '', 0, '', 0, 0, '2018-12-20 09:20:29', 20, 0, NULL),
	('KONS201K81ZT21W313E304DU97D2L7E', 'Sdr.', 'Abel', 3, '-', '-', NULL, '-', '-', '', 0, '', 0, 0, '2018-12-13 13:30:49', 25, 0, NULL),
	('KONS201K8H121809O54Q0D01L3S2M2', 'Sdr.', 'NAVIDA AMALIA', 3, 'KUDUS', 'KUDUS', NULL, '-', '-', '', 0, '', 0, 0, '2018-12-18 09:54:00', 20, 0, NULL),
	('KONS201K8Z1E10P2W1037191412H', 'Ibu.', 'lia kapitan', 3, 'megawon', 'kudus', NULL, '-', '-', '', 0, '', 0, 0, '2018-11-02 10:37:19', 19, 0, NULL),
	('KONS201K9030Y8144W532144T3NU', 'Sdr.', 'Alya', 3, '-', '-', NULL, '-', '-', '', 0, '', 0, 0, '2019-03-08 14:45:32', 25, 0, NULL),
	('KONS201KA9H05F20YNM18Y09J196U56', 'Sdr.', 'iung', 3, 'kudus', 'kudus', NULL, '-', '', '', 0, '', 0, 0, '2019-05-20 18:09:19', 21, 0, NULL),
	('KONS201KF902A081315W54C14F39U', 'Sdr.', 'Tutik', 3, '-', '-', NULL, '-', '-', '', 0, '', 0, 0, '2019-02-08 13:15:54', 25, 0, NULL),
	('KONS201KY811150717251548', 'Bpk.', 'Arif Jekulo', 3, 'jekulo', 'jekulo', NULL, '-', '-', '', 0, '', 0, 0, '2018-11-15 07:17:25', 19, 0, NULL),
	('KONS201L81G2O0603S03MG38105S8', 'Sdr.', 'Nurifani', 3, '-', '-', NULL, '085780807095', '085780807095', '', 0, '', 0, 0, '2018-12-06 03:03:38', 25, 0, NULL),
	('KONS201L81U20808V36G18AIX1490', 'Bpk.', 'afif', 3, 'demak', 'demak', NULL, '081329584765', '', '', 0, '', 0, 0, '2018-12-08 08:36:18', 21, 0, NULL),
	('KONS201L9041213Y25421247', 'Sdr.', 'Derlian', 3, 'Kudus', 'Kudus', NULL, '-', '-', '', 0, '', 0, 0, '2019-04-12 13:25:42', 26, 0, NULL),
	('KONS201L90502120024B1438', 'Sdr.', 'Milda', 3, 'Kudus', 'Kudus', NULL, '-', '-', '', 0, '', 0, 0, '2019-05-02 12:00:24', 26, 0, NULL),
	('KONS201L9PK050914203211SU39T', 'Sdr.', 'Mitra Kampus', 3, '-', '-', NULL, '-', '-', '', 0, '', 0, 0, '2019-05-09 14:20:32', 25, 0, NULL),
	('KONS201LBL8B12N201148088I20', 'Saudara.', 'ANGGIT', 3, 'KUDUS', 'KUDUS', NULL, '-', '-', '', 0, '', 0, 0, '2018-12-20 11:48:08', 20, 0, NULL),
	('KONS201LD9051R41MP05R7X43142LR6', 'Ibu.', 'Tia Souvenir', 3, '-', '-', NULL, '082124468951', '082124468951', '', 0, '', 0, 0, '2019-05-14 10:57:43', 25, 0, NULL),
	('KONS201LF8111V2041138627', 'Ibu.', 'Anis', 3, '-', '-', NULL, '081325683976', '-', '', 0, '', 0, 0, '2018-11-12 04:11:38', 25, 0, NULL),
	('KONS201LG8103Q01V6E5EVPB42168T9', 'Bpk.', 'Yasinta', 3, 'kudus', 'kudus', NULL, '081325590825', '', '', 0, '', 0, 0, '2018-10-30 16:54:21', 21, 0, NULL),
	('KONS201LJ90E3191H0FV2351XR7V60', 'Sdr.', 'Dewa', 3, '-', '-', NULL, '-', '-', '', 0, '', 0, 0, '2019-03-19 10:23:51', 25, 0, NULL),
	('KONS201LM9D0X32UL71013181235', 'Sdr.', 'anugrah cctv', 3, 'kudus', 'kudus', NULL, '-', '', '', 0, '', 0, 0, '2019-03-27 10:13:18', 21, 0, NULL),
	('KONS201LZ81031101N403912AZ', 'Bpk.', 'Arif', 3, 'Kudus', 'kudus', NULL, '083843019907', '', '', 0, '', 0, 0, '2018-10-31 10:14:03', 21, 0, NULL),
	('KONS201M811010R8YOU44M1313Z51', 'Bapak.', 'SUTIKNO', 3, 'PAYAMAN', 'KUDUS', NULL, '085226186647', '085226186647', '', 0, '', 0, 0, '2018-11-01 08:44:13', 20, 0, NULL),
	('KONS201M811N051523531583', 'Bapak.', 'SHOLIKIN', 3, 'HADIPOLO', 'KUDUS', NULL, '082324800576', '082324800576', '', 0, '', 0, 0, '2018-11-05 15:23:53', 20, 0, NULL),
	('KONS201M81221S1617D41L52QKS1', 'Sdr.', 'Rendy', 3, '-', '-', NULL, '-', '-', '', 0, '', 0, 0, '2018-12-21 16:17:41', 25, 0, NULL),
	('KONS201M90MJ52M8165A8511C46H5SZC', 'Saudara.', 'NANDA', 3, 'KUDUS', 'KUDUS', NULL, '085727678719', '085727678719', '', 0, '', 0, 0, '2019-05-28 16:58:51', 20, 0, NULL),
	('KONS201M90R3BM2C21IK406558X16Z', 'Bapak.', 'Samijan', 3, 'Kudus', 'Kudus', NULL, '-', '-', '', 0, '', 0, 0, '2019-03-22 14:06:55', 26, 0, NULL),
	('KONS201M9EA010M71T52X1J1U914Q65', 'Saudara.', 'CHRIST', 3, 'PATIMURA 15', 'KUDUS', NULL, '087821700800', '087821700800', '', 0, '', 0, 0, '2019-01-07 15:21:19', 20, 0, NULL),
	('KONS201MB810OY30165MG94QI0905', 'Sdr.', 'pangerankecil', 3, 'kudus', 'kudus', NULL, '0858556645432', '', '', 0, '', 0, 0, '2018-10-30 16:59:40', 21, 0, NULL),
	('KONS201MFX9031M4R16V042S0M1V4U35', 'Saudara.', 'IPUL', 3, 'KUDUS', 'KUDUS', NULL, '081215757617', '081215757617', '', 0, '', 0, 0, '2019-03-14 16:04:20', 20, 0, NULL),
	('KONS201MN90328163Z04653U4', 'Ibu.', 'dewi cheese tea', 3, 'mlati norowito', 'kudus', NULL, '-', '-', '', 0, '', 0, 0, '2019-03-28 16:30:46', 21, 0, NULL),
	('KONS201N811CG050RQN9241P81K007', 'Ibu.', 'NILA', 3, 'NGEMBAL', 'KUDUS', NULL, '08161914675', '08161914675', '', 0, '', 0, 0, '2018-11-05 09:24:18', 20, 0, NULL),
	('KONS201N8A12J2Y911H4630V1162', 'Sdr.', 'persada', 3, 'KUDUS', 'KUDUS', NULL, '-', '', '', 0, '', 0, 0, '2018-12-29 11:46:30', 21, 0, NULL),
	('KONS201N8E1102SX18G570393V1W', 'Sdr.', 'Jiwasraya', 3, 'Jl. Pramuka no 20', 'Kudus', NULL, '087710114224', '', '', 0, '', 0, 0, '2018-11-02 18:57:03', 21, 0, NULL),
	('KONS201N902W0718F1535994', 'Sdr.', 'SHALLIANA', 3, 'KUDUS', 'KUDUS', NULL, '081286956600', '', '', 0, '', 0, 0, '2019-02-07 18:15:35', 21, 0, NULL),
	('KONS201N90410102902858Z', 'Sdr.', 'Dona (Dana Cepat)', 3, '-', '-', NULL, '-', '-', '', 0, '', 0, 0, '2019-04-10 10:29:02', 25, 0, NULL),
	('KONS201N90HK5BB17141RF14484Z2E', 'Sdr.', 'Gembel Maliter', 3, 'kudus', 'kudus', NULL, '-', '', '', 0, '', 0, 0, '2019-05-17 14:11:44', 21, 0, NULL),
	('KONS201N9O011Q81Z025101270', 'Sdr.', 'Tio', 3, '-', '-', NULL, '-', '-', '', 0, '', 0, 0, '2019-01-18 10:25:10', 25, 0, NULL),
	('KONS201N9Z020210L2708A872X', 'Sdr.', 'VINA CLAUDIA', 3, 'KUDUS', 'KUDUS', NULL, '-', '-', '', 0, '', 0, 0, '2019-02-02 10:27:08', 20, 0, NULL),
	('KONS201NA9Z0G10508594U81H1S68', 'PT.', 'PURA GROUP', 3, 'KUDUS', 'KUDUS', NULL, '085712995374', '085712995374', '', 0, '', 0, 0, '2019-01-05 08:59:48', 20, 0, NULL),
	('KONS201NC90404191RY51553Z7', 'Sdr.', 'SPBU terban', 3, 'Kudus', 'Kudus', NULL, '-', '-', '', 0, '', 0, 0, '2019-04-04 19:15:15', 26, 0, NULL),
	('KONS201NRI9J0VFZ1111I43843E110B0', 'Bpk.', 'Dawet Dekeraton', 3, '-', '-', NULL, '-', '-', '', 0, '', 0, 0, '2019-01-11 14:38:43', 25, 0, NULL),
	('KONS201O812U211056128XB25', 'Sdr.', 'Lita', 3, '-', '-', NULL, '-', '-', '', 0, '', 0, 0, '2018-12-21 10:56:12', 25, 0, NULL),
	('KONS201O81G122W1023597BO21W', 'Sdr.', 'AIM', 3, 'JEKULO', 'KUDUS', NULL, '081575744070', '', '', 0, '', 0, 0, '2018-11-22 10:23:59', 21, 0, NULL),
	('KONS201O8M1115RG082SV3N1TK476G2', 'Bapak.', 'NN', 3, 'KUDUS', 'KUDUS', NULL, '-', '-', '', 0, '', 0, 0, '2018-11-15 08:23:14', 20, 0, NULL),
	('KONS201O9010N90950NI196EIKX21', 'Sdr.', 'siana', 3, 'jepara', 'jepara', NULL, '+62 896-6912-6612', '+62 896-6912-6612', '', 0, '', 0, 0, '2019-01-09 09:50:19', 19, 0, NULL),
	('KONS201O9012ME61K332R24WI110I6', 'Saudara.', 'santoso', 3, '-', '-', NULL, '-', '-', '', 0, '', 0, 0, '2019-01-26 13:32:24', 19, 0, NULL),
	('KONS201O9040E8ZFI1317F5CGS297U2', 'Saudara.', 'ANIZAR', 3, 'KUDUS', 'KUDUS', NULL, '088215744710', '088215744710', '', 0, '', 0, 0, '2019-04-08 13:17:52', 20, 0, NULL),
	('KONS201OD8121T10J13D14M11456', 'Sdr.', 'Nanda', 3, '-', '-', NULL, '-', '-', '', 0, '', 0, 0, '2018-12-11 01:31:41', 25, 0, NULL),
	('KONS201OM8Q1229152Z321958', 'Sdr.', 'Ina', 3, '-', '-', NULL, '081392602919', '081392602919', '', 0, '', 0, 0, '2018-12-29 15:23:21', 25, 0, NULL),
	('KONS201OT90O404T140304D4U99', 'Sdr.', 'BPBD', 3, '-', '-', NULL, '-', '-', '', 0, '', 0, 0, '2019-04-04 14:03:04', 25, 0, NULL),
	('KONS201P8110117D511WT16K43', 'Sdr.', 'Devi Rocket Chicken', 3, 'Jl Hos cokro Aminoto 62b melati lor', 'Kudus', NULL, '085950769229', '085950769229', '', 0, '', 0, 0, '2018-11-01 17:51:11', 26, 0, NULL),
	('KONS201P811081S60155139X0', 'Sdr.', 'babul labib', 3, '-', '-', NULL, '085640344219', '-', '', 0, '', 0, 0, '2018-11-08 16:01:55', 25, 0, NULL),
	('KONS201P8111203451210R7H5', 'Bapak.', 'NAMIRA TOUR', 3, 'TENGGELES', 'KUDUS', NULL, '081225753030', '081225753030', '', 0, '', 0, 0, '2018-11-12 03:45:12', 20, 0, NULL),
	('KONS201P81115E1014191OH32Z9', 'Bpk.', 'Toat', 3, 'Panjang', 'Kudus', NULL, '081228463137', '081228463137', '', 0, '', 0, 0, '2018-11-15 10:14:19', 26, 0, NULL),
	('KONS201P8G11011528B17P642', 'Saudara.', 'ANGGA SMS SELULLER', 3, 'SMS SELULLER JL SUNAN KUDUS', 'KUDUS', NULL, '085647312727', '085647312727', '', 0, '', 0, 0, '2018-11-01 15:28:17', 20, 0, NULL),
	('KONS201P8J12271X24VL53G61085', 'Ib.', 'EMA', 3, 'KDUS', 'KUDUS', NULL, '085225155995', '', '', 0, '', 0, 0, '2018-12-27 12:45:36', 21, 0, NULL),
	('KONS201P9052G81135Y191264', 'Bapak.', 'Viktor', 3, 'Kudus', 'Kudus', NULL, '-', '-', '', 0, '', 0, 0, '2019-05-28 11:35:19', 26, 0, NULL),
	('KONS201P90KS4RCJ150925E3711U02M', 'Sdr.', 'Nafis', 3, '-', '-', NULL, '-', '-', '', 0, '', 0, 0, '2019-04-15 09:25:37', 25, 0, NULL),
	('KONS201P9T04121J441XP4O7G857', 'Sdr.', 'SILVIA', 3, 'KUDUS', 'KUDUS', NULL, '-', '-', '', 0, '', 0, 0, '2019-04-12 14:41:47', 20, 0, NULL),
	('KONS201PE8120309V10531222', 'Bpk.', 'Adi ariyanto', 3, 'terban', 'kudus', NULL, '085742285442', '085742285442', '', 0, '', 0, 0, '2018-12-03 09:10:53', 19, 0, NULL),
	('KONS201Q9010V51529RE1277P1', 'Sdr.', 'toriq', 3, '-', '-', NULL, '-', '', '', 0, '', 0, 0, '2019-01-05 15:29:12', 21, 0, NULL),
	('KONS201Q90WA5T3PX01515J39975', 'Sdr.', 'Saiful', 3, '-', '-', NULL, '-', '-', '', 0, '', 0, 0, '2019-05-30 15:15:39', 25, 0, NULL),
	('KONS201Q9B05T2711015N2131Q8VF', 'Sdr.', 'ELISA COM', 3, '-', '-', NULL, '-', '-', '', 0, '', 0, 0, '2019-05-27 11:01:52', 25, 0, NULL),
	('KONS201QA9021W211LF5419739', 'Sdr.', 'Yuni Etalase', 3, '-', '-', NULL, '-', '-', '', 0, '', 0, 0, '2019-02-12 11:54:19', 25, 0, NULL),
	('KONS201QQ81217165F6221260O', 'Saudara.', 'RAMADAN', 3, 'BACIN', 'KUDUS', NULL, '08970167007', '08970167007', '', 0, '', 0, 0, '2018-12-17 16:56:22', 20, 0, NULL),
	('KONS201R81O207033930Y6Z7U5', 'Bapak.', 'WIN', 3, 'MEGAWON', 'KUDUS', NULL, '081325762370', '081325762370', '', 0, '', 0, 0, '2018-12-07 03:39:30', 20, 0, NULL),
	('KONS201R8OEC11160SH62R2061014', 'Sdr.', 'Yana', 3, '-', '-', NULL, '-', '089696158458', '', 0, '', 0, 0, '2018-11-16 06:22:06', 25, 0, NULL),
	('KONS201R8R1128082B6221322', 'Ibu.', 'SIANNE', 3, 'dr. Ramelan 36', 'KUDUS', NULL, '081390898350', '081390898350', '', 0, '', 0, 0, '2018-11-28 08:26:22', 20, 0, NULL),
	('KONS201R90325TU15213JB195OW4B', 'Sdr.', 'kusaini', 3, 'kudus', 'kudus', NULL, '1', '', '', 0, '', 0, 0, '2019-03-25 15:21:31', 21, 0, NULL),
	('KONS201R905N25140010136U4R', 'Saudara.', 'THORIQ', 3, 'KUDUS', 'KUDUS', NULL, '089682012190', '089682012190', '', 0, '', 0, 0, '2019-05-25 14:00:10', 20, 0, NULL),
	('KONS201R9CP04P01115352HF925', 'Sdr.', 'Eko', 3, '-', '-', NULL, '-', '-', '', 0, '', 0, 0, '2019-04-01 11:53:52', 33, 0, NULL),
	('KONS201R9J02U1416392FD7967', 'Sdr.', 'Achi', 3, '-', '-', NULL, '-', '-', '', 0, '', 0, 0, '2019-02-14 16:39:27', 25, 0, NULL),
	('KONS201R9W0XP32612O550367W3', 'Sdr.', 'KSP Melati', 3, 'Kudus', 'Kudus', NULL, '08122926036', '08122926036', '', 0, '', 0, 0, '2019-03-26 12:55:03', 26, 0, NULL),
	('KONS201RC81O124IY0521BQ268B2B8J', 'Bapak.', 'TRI', 3, 'KUDUS', 'KUDUS', NULL, '082133540894', '082133540894', '', 0, '', 0, 0, '2018-11-24 05:21:26', 20, 0, NULL),
	('KONS201RY90X3201W2EJ3508YR1378', 'Sdr.', 'GL-Sereis', 3, 'Kudus', 'Kudus', NULL, '-', '-', '', 0, '', 0, 0, '2019-03-20 12:35:08', 26, 0, NULL),
	('KONS201S811I240S4211811V3B5', 'Bpk.', 'Arza', 3, '-', '-', NULL, '085642759144', '-', '', 0, '', 0, 0, '2018-11-24 04:21:18', 25, 0, NULL),
	('KONS201S811MH160350319N83B', 'Bapak.', 'AKHLIS', 3, 'TUMPANG KRASAK', 'KUDUS', NULL, '085642771180', '085642771180', '', 0, '', 0, 0, '2018-11-16 03:50:31', 20, 0, NULL),
	('KONS201S81P2191BZ15N61V2S1ACR336', 'Sdr.', 'Desi', 3, 'sengonbugel', 'jepara', NULL, '08157791169', '08157791169', '', 0, '', 0, 0, '2018-12-19 11:56:12', 26, 0, NULL),
	('KONS201S8E122ZY9092Z0M2888O4', 'Bpk.', 'Rais', 3, '-', '-', NULL, '-', '-', '', 0, '', 0, 0, '2018-12-29 09:20:28', 25, 0, NULL),
	('KONS201S8Y1X12904494VJ2QH82E2', 'Saudara.', 'IAN', 3, 'KUDUS', 'KUDUS', NULL, '081542614860', '', '', 0, '', 0, 0, '2018-11-29 04:49:42', 20, 0, NULL),
	('KONS201S8Z110A309271Q3JQ691', 'Ib.', 'Yanti', 3, 'getaspejaten', 'kudus', NULL, '081325964783', '', '', 0, '', 0, 0, '2018-11-03 09:27:13', 21, 0, NULL),
	('KONS201S9011W016QK243M1675', 'Saudara.', 'YUDA', 3, 'KUDUS', 'KUDUS', NULL, '-', '-', '', 0, '', 0, 0, '2019-01-10 16:24:31', 20, 0, NULL),
	('KONS201S901K2C9A1038IC0411C2D3', 'Ibu.', 'SIANE', 3, 'KUDUS', 'KUDUS', NULL, '081390898350', '081390898350', '', 0, '', 0, 0, '2019-01-29 10:38:04', 20, 0, NULL),
	('KONS201S9030Z61422111247', 'Bapak.', 'KSMADI', 3, 'KUDUS', 'KUDUS', NULL, '085712191971', '085712191971', '', 0, '', 0, 0, '2019-03-06 14:22:11', 20, 0, NULL),
	('KONS201S9052T81006L1O21343', 'Sdr.', 'Indira', 3, '-', '-', NULL, '081281390900', '081281390900', '', 0, '', 0, 0, '2019-05-28 10:06:12', 33, 0, NULL),
	('KONS201S9T02T0M41235598CJ20', 'Bpk.', 'Nugi', 3, 'JAti Kulon', 'Kudus', NULL, '08122856141', '08122856141', '', 0, '', 0, 0, '2019-02-04 12:35:59', 26, 0, NULL),
	('KONS201SH90401Q1308237D05', 'Sdr.', 'Melian', 3, '-', '-', NULL, '-', '-', '', 0, '', 0, 0, '2019-04-01 13:08:23', 33, 0, NULL),
	('KONS201SZ90J1X16H105600I1GM251VC', 'Bapak.', 'ALI MASHAR', 3, 'PERUM KALANG MALANG', 'KUDUS', NULL, '085290727720', '089679571963', '', 0, '', 0, 0, '2019-01-16 10:56:00', 20, 0, NULL),
	('KONS201T8103015383210H30', 'Bpk.', 'Ridho', 3, 'Nalum Sari', 'Jepara', NULL, '085876180823', '085876180823', '', 0, '', 0, 0, '2018-10-30 15:38:32', 26, 0, NULL),
	('KONS201T81107141HQ144459J', 'Sdr.', 'ARIN', 3, 'KUDUS', 'KUDUS', NULL, '085865734844', '', '', 0, '', 0, 0, '2018-11-07 14:11:44', 21, 0, NULL),
	('KONS201T811N0110W2256X1384', 'Sdr.', 'Anton subulussalam', 3, 'Nganguk', 'kudus', NULL, '081287788379', '081287788379', '', 0, '', 0, 0, '2018-11-01 10:22:56', 25, 0, NULL),
	('KONS201T81R1Q120U4195W1N1318', 'Sdr.', 'riyo', 3, 'mayong', 'jepara', NULL, '085866929346', '', '', 0, '', 0, 0, '2018-11-12 04:19:51', 21, 0, NULL),
	('KONS201T903161525101T1F62', 'Sdr.', 'dodi', 3, 'kudus', 'kudus', NULL, '-', '', '', 0, '', 0, 0, '2019-03-16 15:25:10', 21, 0, NULL),
	('KONS201T9052315450786A5', 'Ibu.', 'ETIK', 3, 'kudus', 'kudus', NULL, '08156565478', '08156565478', '', 0, '', 0, 0, '2019-05-23 15:45:07', 20, 0, NULL),
	('KONS201T9Z0103111647ZJ1177', 'Sdr.', 'Yus', 3, '-', '-', NULL, '-', '-', '', 0, '', 0, 0, '2019-01-03 11:16:47', 25, 0, NULL),
	('KONS201T9Z05BR1U61R0452D11QG3F86', 'Sdr.', 'Ita', 3, '-', '-', NULL, '-', '-', '', 0, '', 0, 0, '2019-05-16 10:45:21', 25, 0, NULL),
	('KONS201TJ90418U0K9461O41BTQ212', 'Bapak.', 'ALI', 3, 'KUDUS', 'KUDUS', NULL, '-', '-', '', 0, '', 0, 0, '2019-04-18 09:46:14', 20, 0, NULL),
	('KONS201TK810310910ZV12150Y8', 'Bapak.', 'NURKHAN', 3, 'BESITO', 'KUDUS', NULL, '085224565543', '085224565543', '', 0, '', 0, 0, '2018-10-31 09:10:12', 20, 0, NULL),
	('KONS201TWSJ8120311E432Q1F1445', 'Sdr.', 'ulil dinas kesehatan', 3, 'jl. diponegoro', 'KUDUS', NULL, '082324145050', '', '', 0, '', 0, 0, '2018-12-03 11:43:21', 21, 0, NULL),
	('KONS201U811071423H23BBV795Q', 'Saudara.', 'GALIH', 3, 'KALIWUNGU', 'KUDUS', NULL, '085866878077', '085866878077', '', 0, '', 0, 0, '2018-11-07 14:23:23', 20, 0, NULL),
	('KONS201U81112082T44OB8991', 'Sdr.', 'IGRA', 3, 'Kudus', 'Kudus', NULL, '-', '-', '', 0, '', 0, 0, '2018-11-12 08:24:48', 26, 0, NULL),
	('KONS201U81122JY015U95811Q33', 'Saudara.', 'CANDRA', 3, 'DAWE', 'KUDUS', NULL, '085772111079', '085772111079', '', 0, '', 0, 0, '2018-11-22 01:59:58', 20, 0, NULL),
	('KONS201U81215V13T0536S1404', 'Ibu.', 'Ila', 3, '-', '-', NULL, '-', '-', '', 0, '', 0, 0, '2018-12-15 13:05:36', 25, 0, NULL),
	('KONS201U90102M17P0UM9X59AX727', 'Saudara.', 'SYAIFURROHMAN', 3, 'SINGOCANDI', 'KUDUS', NULL, '085727135325', '085727135325', '', 0, '', 0, 0, '2019-01-02 17:09:59', 20, 0, NULL),
	('KONS201U9030514F46Z59462', 'Sdr.', 'jian', 3, 'kudus', 'kudus', NULL, '+62 838-4339-7997', '+62 838-4339-7997', '', 0, '', 0, 0, '2019-03-05 14:46:59', 21, 0, NULL),
	('KONS201U90328105VY8J1996A1', 'Sdr.', 'FITRI VJ INDOMIE', 3, 'KUDUS', 'KUDUS', NULL, '083866795207', '083866795207', '', 0, '', 0, 0, '2019-03-28 10:58:19', 20, 0, NULL),
	('KONS201U9050P810063714A78O', 'Sdr.', 'vaina', 3, '-', '-', NULL, '-', '-', '', 0, '', 0, 0, '2019-05-08 10:06:37', 25, 0, NULL),
	('KONS201U90H11411NL513714Z52X', 'Sdr.', 'Heni', 3, 'KUDUS', 'KUDUS', NULL, '085225588884', '085225588884', '', 0, '', 0, 0, '2019-01-14 11:51:37', 25, 0, NULL),
	('KONS201U9C0AX50C3161D74WN36CQ26', 'Sdr.', 'Amik', 3, 'Kudus', 'Kudus', NULL, '085 867 111 441', '085 867 111 441', '', 0, '', 0, 0, '2019-05-03 16:17:43', 26, 0, NULL),
	('KONS201UC9032H6X100RV4141233', 'Sdr.', 'Afida', 3, '-', '-', NULL, '-', '-', '', 0, '', 0, 0, '2019-03-26 10:04:14', 25, 0, NULL),
	('KONS201UQ90Q510144009804W', 'Bapak.', 'BAWASLU', 3, 'KUDUS', 'KUDUS', NULL, '-', '-', '', 0, '', 0, 0, '2019-05-10 14:40:09', 20, 0, NULL),
	('KONS201V9042Q910481Q414K40', 'Bpk.', 'Asnadi', 3, '-', '-', NULL, '-', '-', '', 0, '', 0, 0, '2019-04-29 10:48:14', 25, 0, NULL),
	('KONS201V90502Q1U7M17271J16DMT1K', 'Sdr.', 'nafsa', 3, '-', '-', NULL, '-', '', '', 0, '', 0, 0, '2019-05-02 17:17:27', 25, 0, NULL),
	('KONS201V9051515245JU3L779', 'Sdr.', 'Jawar', 3, 'Kudus', 'Kudus', NULL, '-', '-', '', 0, '', 0, 0, '2019-05-15 15:24:53', 26, 0, NULL),
	('KONS201W81129Z08320T0O611', 'Sdr.', 'mbak min', 3, 'Kudus', 'Kudus', NULL, '-', '-', '', 0, '', 0, 0, '2018-11-29 08:32:00', 26, 0, NULL),
	('KONS201W8T11U22032Y70HF91053PL', 'Sdr.', 'SMP 3 KUDUS', 3, '-', '-', NULL, '085291901680', '-', '', 0, '', 0, 0, '2018-11-22 03:27:09', 25, 0, NULL),
	('KONS201W901K16ZA1L54719S12Y92', 'Sdr.', 'Maftu', 3, 'Kudus', 'Kudus', NULL, '-', '-', '', 0, '', 0, 0, '2019-01-16 15:47:19', 26, 0, NULL),
	('KONS201W90207Z1342Y541081', 'Sdr.', 'Rena', 3, '-', '-', NULL, '-', '-', '', 0, '', 0, 0, '2019-02-07 13:42:54', 25, 0, NULL),
	('KONS201W905151629I07O1564M', 'Sdr.', 'ONE CELL', 3, 'KUDUS', 'KUDUS', NULL, '-', '', '', 0, '', 0, 0, '2019-05-15 16:29:07', 21, 0, NULL),
	('KONS201W90YA4181AX0UO5Z9021083', 'Sdr.', 'nika', 3, 'kudus', 'kudus', NULL, '-', '', '', 0, '', 0, 0, '2019-04-18 10:59:02', 21, 0, NULL),
	('KONS201WJ8103116115SP3134F1MK', 'CV.', 'SPBU CANGKRING', 3, 'CANGKRING', 'KUDUS', NULL, '-', '-', '', 0, '', 0, 0, '2018-10-31 16:11:53', 20, 0, NULL),
	('KONS201WR90T228123059X73Q4R', 'Ibu.', 'Nata Kangen Water', 3, 'Kudus', 'Kudus', NULL, '085640804100', '085640804100', '', 0, '', 0, 0, '2019-02-28 12:30:59', 26, 0, NULL),
	('KONS201WWO90119135V85013G00', 'Sdr.', 'fahdi', 3, 'kudus', 'Kudus', NULL, '-', '-', '', 0, '', 0, 0, '2019-01-19 13:58:50', 26, 0, NULL),
	('KONS201X8110310144N51199', 'Saudara.', 'LATIF', 3, 'MEJOBO', 'KUDUS', NULL, '081392767497', '081392767497', '', 0, '', 0, 0, '2018-11-03 10:14:45', 20, 0, NULL),
	('KONS201X81115070314142UP1', 'Sdr.', 'Eclips', 3, '-', '-', NULL, '-', '-', '', 0, '', 0, 0, '2018-11-15 07:03:14', 25, 0, NULL),
	('KONS201X8112L11125181369', 'Sdr.', 'Andik', 3, 'Kudus', 'Kudus', NULL, '-', '-', '', 0, '', 0, 0, '2018-11-21 11:25:18', 26, 0, NULL),
	('KONS201X811S0H21S4380X3796', 'Sdr.', 'Dani chatering', 3, '-', '-', NULL, '-', '-', '', 0, '', 0, 0, '2018-11-02 14:38:03', 25, 0, NULL),
	('KONS201X811SX3V008I222M3139C0MO', 'Sdr.', 'MEGA', 3, 'KUDUS', 'KUDUS', NULL, '-', '-', '', 0, '', 0, 0, '2018-11-30 08:22:23', 20, 0, NULL),
	('KONS201X81229144X23I41QE21DMLQ5', 'Bpk.', 'Pudianto', 3, 'Mlati Kidul', 'Kudus', NULL, '081329651424', '081329651424', '', 0, '', 0, 0, '2018-12-29 14:42:34', 26, 0, NULL),
	('KONS201X8HP11Y17M0L313061OAZ481Z', 'Sdr.', 'Mundi', 3, '-', '-', NULL, '-', '-', '', 0, '', 0, 0, '2018-11-17 03:13:06', 25, 0, NULL),
	('KONS201X8QH1G105I120816F863', 'Saudara.', 'FAIZAL', 3, 'KUDUS', 'KUDUS', NULL, '081380824550', '08978044221', '', 0, '', 0, 0, '2018-11-05 12:08:16', 20, 0, NULL),
	('KONS201X901Y031714571190', 'Sdr.', 'kuwera', 3, 'kudus', 'kudus', NULL, '-', '', '', 0, '', 0, 0, '2019-01-03 17:14:57', 21, 0, NULL),
	('KONS201X90208BS17H1030683OB', 'Sdr.', 'ali m', 3, 'mlati kidul', 'kudus', NULL, '081325739891', '', '', 0, '', 0, 0, '2019-02-08 17:10:30', 21, 0, NULL),
	('KONS201X90221Q100859540', 'Sdr.', 'Wendy', 3, '-', '-', NULL, '-', '-', '', 0, '', 0, 0, '2019-02-21 10:08:59', 25, 0, NULL),
	('KONS201X90A1221M3J49I45W10L55', 'Saudara.', 'IKSAN', 3, 'KUDUS', 'KUDUS', NULL, '085875834200', '085875834200', '', 0, '', 0, 0, '2019-01-22 13:49:45', 20, 0, NULL),
	('KONS201X90S10A7G1E015191R2V0Q3Z', 'Bpk.', 'Tekno (Geprek)', 3, '-', '-', NULL, '-', '-', '', 0, '', 0, 0, '2019-01-07 10:15:19', 25, 0, NULL),
	('KONS201X90T2071326201021', 'Bpk.', 'Purwanto', 3, 'Colo', 'Kudus', NULL, '085640969303', '085640969303', '', 0, '', 0, 0, '2019-02-07 13:26:20', 26, 0, NULL),
	('KONS201X9T04041O4224M3837', 'Saudara.', 'IVAN', 3, 'KUDUS', 'KUDUS', NULL, '082317737469', '082317737469', '', 0, '', 0, 0, '2019-04-04 14:22:43', 20, 0, NULL),
	('KONS201XEH8110312192U01S3TZK57', 'Sdr.', 'warung kudusan', 3, 'JL KYAI MOJO NO.99 JEPANG PAKIS', 'KUDUS', NULL, '085802090187', '', '', 0, '', 0, 0, '2018-11-03 12:19:20', 21, 0, NULL),
	('KONS201XL811U16022S75Q31B1H04', 'Bapak.', 'ABRORI', 3, 'JL. SUNAN KUDUS', 'KUDUS', NULL, '085225801403', '085225801403', '', 0, '', 0, 0, '2018-11-16 02:27:53', 20, 0, NULL),
	('KONS201XW9OP040511142976U6', 'Sdr.', 'RDK', 3, '-', '-', NULL, '-', '-', '', 0, '', 0, 0, '2019-04-05 11:14:29', 25, 0, NULL),
	('KONS201Y811260448471Y397', 'Sdr.', 'dilon', 3, 'kudus', 'kudus', NULL, '-', '', '', 0, '', 0, 0, '2018-11-26 04:48:47', 21, 0, NULL),
	('KONS201Y81210045E245FOH611QAJ', 'Sdr.', 'ERNIS', 3, 'JATI KULON', 'KUDUS', NULL, '085290942693', '085290942693', '', 0, '', 0, 0, '2018-12-10 04:52:45', 20, 0, NULL),
	('KONS201Y81215J143823541', 'Bapak.', 'EKAYANA 2', 3, 'KUDUS', 'KUDUS', NULL, '-', '-', '', 0, '', 0, 0, '2018-12-15 14:38:23', 20, 0, NULL),
	('KONS201Y81Y2CX0405P3938S8B58', 'Sdr.', 'TC Print', 3, 'Purwodadi', 'purwodadi', NULL, '085647960177', '', '', 0, '', 0, 0, '2018-12-04 05:39:38', 21, 0, NULL),
	('KONS201Y901191W04406638', 'Bapak.', 'MADU IDOLA', 3, 'KUDUS', 'KUDUS', NULL, '08562730700', '', '', 0, '', 0, 0, '2019-01-19 10:44:06', 20, 0, NULL),
	('KONS201Y901DA04170F80812SX1G1', 'Sdr.', 'Dana', 3, '-', '-', NULL, '-', '-', '', 0, '', 0, 0, '2019-01-04 17:08:08', 25, 0, NULL),
	('KONS201Y90315X153629730', 'Ibu.', 'IFFAT', 3, 'KUDUS', 'KUDUS', NULL, '-', '', '', 0, '', 0, 0, '2019-03-15 15:36:29', 21, 0, NULL),
	('KONS201Y90X4R2M50859591J2T8JQ5W', 'Sdr.', 'Eva', 3, '-', '-', NULL, '-', '-', '', 0, '', 0, 0, '2019-04-25 08:59:59', 25, 0, NULL),
	('KONS201Y9V01231I6T2052105V6P', 'Ib.', 'HERMAYATI', 3, 'KUDUS', 'KUDUS', NULL, '-', '', '', 0, '', 0, 0, '2019-01-23 16:20:52', 21, 0, NULL),
	('KONS201YE8A1107G180U909Q54JR7', 'Sdr.', 'Toriq Jepangpakis', 3, 'Jepangpakis rt 6/1', 'kudus', NULL, '081391341132', '', '', 0, '', 0, 0, '2018-11-07 18:09:09', 21, 0, NULL),
	('KONS201YS81119040A020V1KB4A43S', 'Bapak.', 'TIWA', 3, 'KUDUS', 'KUDUS', NULL, '-', '-', '', 0, '', 0, 0, '2018-11-19 04:00:20', 20, 0, NULL),
	('KONS201YW811081314HK3112KP26EQ', 'Sdr.', 'Raka', 3, 'Panjang', 'Kudus', NULL, '-', '-', '', 0, '', 0, 0, '2018-11-08 13:14:31', 26, 0, NULL),
	('KONS201Z810301631X041T1O62C', 'Saudara.', 'GLEMBOH', 3, 'PURWOSARI', 'KUDUS', NULL, '085802313020', '085802313020', '', 0, '', 0, 0, '2018-10-30 16:31:04', 20, 0, NULL),
	('KONS201Z81119041S4521041', 'Bapak.', 'MISBAH', 3, 'MAYONG', 'JEPARA', NULL, '085740957883', '085740957883', '', 0, '', 0, 0, '2018-11-19 04:14:52', 20, 0, NULL),
	('KONS201Z81124NJ0MJ435171H20QL0', 'Bpk.', 'Matozi', 3, 'Jati wetan Rt 3  rw2', 'Kudus', NULL, '081229559479', '081229559479', '', 0, '', 0, 0, '2018-11-24 04:35:17', 26, 0, NULL),
	('KONS201Z81130024DX9X2N86D67A', 'Bapak.', 'MAESTRO PRINTER', 3, 'KUDUS', 'KUDUS', NULL, '089652586777', '089652586777', '', 0, '', 0, 0, '2018-11-30 02:49:28', 20, 0, NULL),
	('KONS201Z8A1103132E3171608', 'Sdr.', 'AMRITA', 3, 'MLATI KIDUL', 'KUDUS', NULL, '085740047818', '085740047818', '', 0, '', 0, 0, '2018-11-03 13:23:17', 20, 0, NULL),
	('KONS201Z8E111610M05278I71', 'Sdr.', 'Captain', 3, 'kudus', 'kudus', NULL, '081271777880', '', '', 0, '', 0, 0, '2018-11-16 10:05:27', 21, 0, NULL),
	('KONS201Z8O1130MMJ09PB24TU3D01335', 'Bapak.', 'MUSAFAK', 3, 'MEJOBO', 'KUDUS', NULL, '085226183390', '085226183390', '', 0, '', 0, 0, '2018-11-30 09:24:30', 20, 0, NULL),
	('KONS201Z9022214292987A5', 'Sdr.', 'AGIK', 3, 'KUDUS', 'KUDUS', NULL, '081324174286', '', '', 0, '', 0, 0, '2019-02-22 14:29:29', 21, 0, NULL),
	('KONS201Z90Q408HU16024MF9P999', 'Sdr.', 'nur ahmad hasan', 3, 'kudus', 'kudus', NULL, '-', '', '', 0, '', 0, 0, '2019-04-08 16:02:49', 21, 0, NULL),
	('KONS201Z9Q04220C8360449X1', 'Bapak.', 'SMP BHAKTI KUDUS', 3, 'KUDUS', 'KUDUS', NULL, '08562684901', '08562684901', '', 0, '', 0, 0, '2019-04-22 08:36:04', 20, 0, NULL),
	('KONS201ZA901281J75218688', 'Ibu.', 'Santi', 3, 'Dersalam', 'Kudus', NULL, '081325703493', '081325703493', '', 0, '', 0, 0, '2019-01-28 17:52:18', 26, 0, NULL),
	('KONS201ZN9031Z91W6O1N754568N', 'Sdr.', 'VEE', 3, 'KUDUS', 'KUDUS', NULL, '085875640596', '', '', 0, '', 0, 0, '2019-03-19 16:17:54', 21, 0, NULL),
	('KONS201ZX90201140016Z1356', 'Sdr.', 'velicia', 3, 'ngembal kulon', 'kudus', NULL, '085876564495', '085876564495', '', 0, '', 0, 0, '2019-02-01 14:00:16', 25, 0, NULL),
	('KONS20A18110KZ9185832Y657', 'Sdr.', 'Nugroho', 3, 'jl pemuda', 'kudus', NULL, '081575147588', '', '', 0, '', 0, 0, '2018-11-09 18:58:32', 21, 0, NULL),
	('KONS20A18H11OI19025345N10F72', 'Bapak.', 'TRIM', 3, 'MEGAWON', 'KUDUS', NULL, '085200333606', '085200333606', '', 0, '', 0, 0, '2018-11-19 02:53:45', 20, 0, NULL),
	('KONS20A18OC11260X215G3V41104', 'Sdr.', 'AYUN', 3, 'KUDUS', 'KUDUS', NULL, '-', '-', '', 0, '', 0, 0, '2018-11-26 02:15:34', 20, 0, NULL),
	('KONS20A190Y509150L9491075RI', 'Sdr.', 'Hilya', 3, '-', '-', NULL, '-', '-', '', 0, '', 0, 0, '2019-05-09 15:09:49', 25, 0, NULL),
	('KONS20A19D040SEV6S09421L11081Y', 'Bpk.', 'Icuk', 3, '-', '-', NULL, '-', '-', '', 0, '', 0, 0, '2019-04-06 09:42:11', 25, 0, NULL),
	('KONS20A19U0L41313QHQ4S357D72U6', 'Saudara.', 'MAHENDRA', 3, 'KUDUS', 'KUDUS', NULL, '085712279800', '085712279800', '', 0, '', 0, 0, '2019-04-13 13:43:57', 20, 0, NULL),
	('KONS20AV18M11BH1508D1LO30XH91199', 'Bpk.', 'Jono PDP', 3, 'Kudus', 'kudus', NULL, '085740023746', '085740023746', '', 0, '', 0, 0, '2018-11-15 08:13:09', 1, 0, NULL),
	('KONS20B181124042E038102CU8', 'Sdr.', 'furnindo', 3, 'kalongan', 'jepara', NULL, '082220361882', '', '', 0, '', 0, 0, '2018-11-24 04:20:38', 21, 0, NULL),
	('KONS20B1812271NG0TW2725992P', 'Sdr.', 'Ayin', 3, '-', '-', NULL, '-', '-', '', 0, '', 0, 0, '2018-12-27 10:27:25', 25, 0, NULL),
	('KONS20B181BIOL11Z30E7R5911N872', 'Sdr.', 'ABUGRAH', 3, 'GEBOG MENAWAN', 'KUDUS', NULL, '085229246061', '', '', 0, '', 0, 0, '2018-11-13 07:59:11', 21, 0, NULL),
	('KONS20B18H11011703O05708', 'Sdr.', 'STIKES CENDEKIA', 3, 'KUDUS', 'KUDUS', NULL, '085727448958', '', '', 0, '', 0, 0, '2018-11-01 17:03:05', 21, 0, NULL),
	('KONS20B18H12B100232MT21N8G57', 'Ibu.', 'JINGGA', 3, 'KUDUS', 'KUDUS', NULL, '085740977184', '085740977184', '', 0, '', 0, 0, '2018-12-10 02:32:21', 20, 0, NULL),
	('KONS20B190319133J2A231170', 'Sdr.', 'Suwono', 3, '-', '-', NULL, '-', '-', '', 0, '', 0, 0, '2019-03-19 13:32:23', 25, 0, NULL),
	('KONS20B1905Q29BMM1RK6190677M1O', 'Saudara.', 'AULIA', 3, 'KUDUS', 'KUDUS', NULL, '085729878490', '085729878490', '', 0, '', 0, 0, '2019-05-29 16:19:06', 20, 0, NULL),
	('KONS20B19N04M27QTV115315831', 'Sdr.', 'MUHLISIN', 3, 'KUDUS', 'KUDUS', NULL, '-', '', '', 0, '', 0, 0, '2019-04-27 11:53:15', 21, 0, NULL),
	('KONS20B19NE0108145508778', 'Sdr.', 'ACHMAD', 3, 'KUDUS', 'KUDUS', NULL, '081328756109', '081328756109', '', 0, '', 0, 0, '2019-01-08 14:55:08', 20, 0, NULL),
	('KONS20B1O90313142WL558926', 'Sdr.', 'souveniria', 3, 'kudus', 'kudus', NULL, '-', '', '', 0, '', 0, 0, '2019-03-13 14:25:58', 21, 0, NULL),
	('KONS20BH181O0A291503111W08IGH5', 'Sdr.', 'Fitri', 3, 'mlati lor', 'kudus', NULL, '', '085803399884', '', 0, '', 0, 0, '2018-10-29 15:03:11', 19, 0, NULL),
	('KONS20BH1905271WA518I42X1TN177', 'Bapak.', 'EKO GUSYANDI', 3, 'KUDUS', 'KUDUS', NULL, '08586058697', '08586058697', '', 0, '', 0, 0, '2019-05-27 15:18:42', 20, 0, NULL),
	('KONS20BI18121BH5X1515S218Y1ZI4X', 'Sdr.', 'MONIKA', 3, 'PERUM KUDUS PERMAI', 'KUDUS', NULL, '087831835488', '087831835488', '', 0, '', 0, 0, '2018-12-15 15:15:21', 20, 0, NULL),
	('KONS20BI1O8E10311K65KX102767V', 'Ibu.', 'Titik', 3, 'Jepang Pakis', 'Kudus', NULL, '081395037095', '081395037095', '', 0, '', 0, 0, '2018-10-31 16:51:02', 26, 0, NULL),
	('KONS20BJ1901N2614WL14L1P8C1031', 'Sdr.', 'Aisah', 3, '-', '-', NULL, '-', '-', '', 0, '', 0, 0, '2019-01-26 14:14:18', 25, 0, NULL),
	('KONS20BN1C8J112905213511U22', 'Sdr.', 'rendi', 3, 'mlatinorowito', 'kudus', NULL, 'gak hafal', '', '', 0, '', 0, 0, '2018-11-29 05:21:35', 21, 0, NULL),
	('KONS20BP190316F14243KIR9138K1', 'Bapak.', 'ADI KRIS', 3, 'KUDUS', 'KUDUS', NULL, '08157705432', '08157705432', '', 0, '', 0, 0, '2019-03-16 14:24:39', 20, 0, NULL),
	('KONS20BW19K0218S1Y6BR385L99T12K', 'Saudara.', 'FAUZUL', 3, 'KUDUS', 'KUDUS', NULL, '085819014865', '085819014865', '', 0, '', 0, 0, '2019-02-18 16:38:59', 20, 0, NULL),
	('KONS20C1811220244YS3H413HY96PF', 'Bapak.', 'Ridho', 3, '-', '-', NULL, '081390390609', '-', '', 0, '', 0, 0, '2018-11-22 02:44:34', 25, 0, NULL),
	('KONS20C1811Q23015521789', 'Sdr.', 'Himawan', 3, '-', '-', NULL, '082300123444', '-', '', 0, '', 0, 0, '2018-11-23 01:55:21', 25, 0, NULL),
	('KONS20C1902251236081009D', 'Sdr.', 'Bariklana', 3, 'Kudus', 'Kudus', NULL, '-', '-', '', 0, '', 0, 0, '2019-02-25 12:36:08', 26, 0, NULL),
	('KONS20C190V33LW01LG0W300Q2323', 'Ibu.', 'Fatimah (Salon Lifina)', 3, '-', '-', NULL, '085641041878', '085641041878', '', 0, '', 0, 0, '2019-03-30 10:30:02', 25, 0, NULL),
	('KONS20C190VHS3G271GE52311OD638', 'Ibu.', 'ENI K', 3, 'KUDUS', 'KUDUS', NULL, '081902437692', '081902437692', '', 0, '', 0, 0, '2019-03-27 15:23:11', 20, 0, NULL),
	('KONS20CO1AD81KI128C0T9171091PG3', 'Bpk.', 'ROCHIM', 3, 'KUDUS', 'KUDUS', NULL, '-', '', '', 0, '', 0, 0, '2018-11-28 09:17:10', 21, 0, NULL),
	('KONS20D18111709092399B3', 'Sdr.', 'Bayu', 3, 'Karanganyar', 'Demak', NULL, '081568404316', '081568404316', '', 0, '', 0, 0, '2018-11-17 09:09:23', 26, 0, NULL),
	('KONS20D18111A5053744P729', 'Sdr.', 'faris agus', 3, 'kudus', 'kudus', NULL, '+62 822-1078-9896', '+62 822-1078-9896', '', 0, '', 0, 0, '2018-11-15 05:37:44', 19, 0, NULL),
	('KONS20D1811J0V511D1252662', 'Bapak.', 'SODIKIN', 3, 'DEMAAN', 'KUDUS', NULL, '08562711244', '08562711244', '', 0, '', 0, 0, '2018-11-05 11:12:52', 20, 0, NULL),
	('KONS20D18D1Q112FN050GBVI8411262Z', 'Bpk.', 'Toko Mulia Jaya', 3, '-', '-', NULL, '085876476304', '', '', 0, '', 0, 0, '2018-11-12 05:08:41', 25, 0, NULL),
	('KONS20D18E11081530211273', 'Sdr.', 'Dita', 3, '-', '-', NULL, '-', '-', '', 0, '', 0, 0, '2018-11-08 15:30:21', 25, 0, NULL),
	('KONS20D18V12YU2716K064HN4BJ5A92', 'Sdr.', 'Yayuk', 3, 'Ngembal', 'Kudus', NULL, '-', '-', '', 0, '', 0, 0, '2018-12-27 16:06:44', 26, 0, NULL),
	('KONS20D18V1J1011B12P65011X1N0T', 'Bapak.', 'GLOBAL AGROTECH', 3, 'CENGAKRENG', 'JAKARTA', NULL, '082330623186', '082330623186', '', 0, '', 0, 0, '2018-11-01 11:26:50', 20, 0, NULL),
	('KONS20D19022NK615K4254535PU', 'Sdr.', 'ICA', 3, 'KUDUS', 'KUDUS', NULL, '085700150626', '085700150626', '', 0, '', 0, 0, '2019-02-26 15:42:54', 20, 0, NULL),
	('KONS20D1902Z01152826993', 'Saudara.', 'FIKKY', 3, 'KUDUS', 'KUDUS', NULL, '-', '-', '', 0, '', 0, 0, '2019-02-01 15:28:26', 20, 0, NULL),
	('KONS20D190320E11I121R7I692', 'Sdr.', 'Ucok', 3, '-', '-', NULL, '-', '-', '', 0, '', 0, 0, '2019-03-20 11:12:17', 25, 0, NULL),
	('KONS20D190N109154505W580', 'Sdr.', 'Melia', 3, 'Kudus', 'Kudus', NULL, '-', '-', '', 0, '', 0, 0, '2019-01-09 15:45:05', 26, 0, NULL),
	('KONS20D190Y21XD4120722117TX7', 'Bapak.', 'Wahab', 3, 'Mejobo', 'Kudus', NULL, '085 729 658 888', '085 729 658 888', '', 0, '', 0, 0, '2019-02-14 12:07:22', 26, 0, NULL),
	('KONS20D19K0322172059720', 'Bpk.', 'Pondok Roso', 3, '-', '-', NULL, '-', '-', '', 0, '', 0, 0, '2019-03-22 17:20:59', 25, 0, NULL),
	('KONS20D1K902I271A348AX511E2VW91', 'Saudara.', 'ALDI P', 3, 'KUDUS', 'KUDUS', NULL, '085666690645', '082322586705', '', 0, '', 0, 0, '2019-02-27 13:48:51', 20, 0, NULL),
	('KONS20D1O902NJS081H625071446TGM', 'Saudara.', 'SAFIF', 3, 'KUDUS', 'KUDUS', NULL, '085740056784', '085740056784', '', 0, '', 0, 0, '2019-02-08 16:25:07', 20, 0, NULL),
	('KONS20D1Q810291F1C51081BE49R4', 'Sdr.', 'Cika Outsourching', 3, 'jl. pramuka', 'kudus', NULL, '-', '-', '', 0, '', 0, 0, '2018-10-29 11:51:08', 25, 0, NULL),
	('KONS20D1WX903Y05121NW15LL7493', 'Bpk.', 'Lucky', 3, 'kudus', 'kudus', NULL, '-', '', '', 0, '', 0, 0, '2019-03-05 12:11:57', 19, 0, NULL),
	('KONS20D1X905271OC25D3YI151Q472', 'Sdr.', 'Toha', 3, '-', '-', NULL, '-', '-', '', 0, '', 0, 0, '2019-05-27 12:53:15', 25, 0, NULL),
	('KONS20D1Y81N1RF14T085958FE9N56', 'Bapak.', 'DARMO', 3, 'KUDUS', 'KUDUS', NULL, '-', '-', '', 0, '', 0, 0, '2018-11-14 08:59:58', 20, 0, NULL),
	('KONS20DAM190P42F215454ZH6V855', 'Sdr.', 'Fera', 3, 'Kudus', 'Kudus', NULL, '0895411488984', '0895411488984', '', 0, '', 0, 0, '2019-04-22 15:45:46', 26, 0, NULL),
	('KONS20DMZ190UA1J18191F549121J1', 'Sdr.', 'Imam S', 3, 'Kaliwungu', 'Kudus', NULL, '085726935905', '085726935905', '', 0, '', 0, 0, '2019-01-18 19:15:49', 26, 0, NULL),
	('KONS20DQ190Y12NP913221O11316', 'Sdr.', 'Sanasa', 3, 'Kudus', 'Kudus', NULL, '-', '-', '', 0, '', 0, 0, '2019-01-29 13:22:11', 26, 0, NULL),
	('KONS20DQA181103E132712871', 'Sdr.', 'Ahmad', 3, '-', '-', NULL, '-', '-', '', 0, '', 0, 0, '2018-11-03 13:27:12', 25, 0, NULL),
	('KONS20DUX1QV8Q1225133430602M', 'Sdr.', 'Aida', 3, '-', '-', NULL, '-', '-', '', 0, '', 0, 0, '2018-12-25 13:34:30', 25, 0, NULL),
	('KONS20DYH19040115155E08H20', 'Saudara.', 'ALAM', 3, 'KUDUS', 'KUDUS', NULL, '085740530398', '085740530398', '', 0, '', 0, 0, '2019-04-01 15:15:50', 20, 0, NULL),
	('KONS20E18110BT9T154C7GR477KB77P', 'Sdr.', 'AJENG', 3, 'LORAM WETAN', 'KUDUS', NULL, '083843162172', '083843162172', '', 0, '', 0, 0, '2018-11-09 15:47:47', 20, 0, NULL),
	('KONS20E181208083S1566N97', 'Bpk.', 'nadzir', 3, 'kudus', 'kudus', NULL, '-', '-', '', 0, '', 0, 0, '2018-12-08 08:31:56', 19, 0, NULL),
	('KONS20E18FM1117G0835IP26L1M39Y5P', 'Bpk.', 'suroso', 3, 'mlati', 'kudus', NULL, '-', '-', '', 0, '', 0, 0, '2018-11-17 08:35:26', 19, 0, NULL),
	('KONS20E18R112J305T5O3AA5674XH1', 'Ibu.', 'Yiyin', 3, 'Kudus', 'kudus', NULL, '081575775858', '081575775858', '', 0, '', 0, 0, '2018-11-23 05:53:56', 1, 0, NULL),
	('KONS20E1901241V6WI172214J83', 'Sdr.', 'Hendrik', 3, 'Pati', 'Pati', NULL, '-', '-', '', 0, '', 0, 0, '2019-01-24 16:17:22', 26, 0, NULL),
	('KONS20E1901AI141100C21907', 'Sdr.', 'ATIK', 3, 'TENGGELES', 'KUDUS', NULL, '082221586021', '082221586021', '', 0, '', 0, 0, '2019-01-14 11:00:21', 20, 0, NULL),
	('KONS20E190406L1607281140P', 'Sdr.', 'Mala', 3, '-', '-', NULL, '-', '-', '', 0, '', 0, 0, '2019-04-06 16:07:28', 25, 0, NULL),
	('KONS20E190423H12P4W70TI3NZAP1137', 'Sdr.', 'SIKU KAYU', 3, 'Kudus', 'Kudus', NULL, '-', '-', '', 0, '', 0, 0, '2019-04-23 12:47:03', 26, 0, NULL),
	('KONS20E1905171NT318141364', 'Sdr.', 'Yudan', 3, 'Kudus', 'Kudus', NULL, '-', '-', '', 0, '', 0, 0, '2019-05-17 13:18:14', 26, 0, NULL),
	('KONS20E19OEH013017172L6I7I94U', 'Sdr.', 'Arsenal29', 3, 'Kudus', 'Kudus', NULL, '-', '-', '', 0, '', 0, 0, '2019-01-30 17:17:26', 26, 0, NULL),
	('KONS20E19S05240938181356', 'Saudara.', 'ALI BAE', 3, 'BAE', 'KUDUS', NULL, '081252871542', '081252871542', '', 0, '', 0, 0, '2019-05-24 09:38:18', 20, 0, NULL),
	('KONS20E19X050415DO17VVY421485', 'Sdr.', 'BINTANG SETIA', 3, 'KUDUS', 'KUDUS', NULL, '081227209694', '081227209694', '', 0, '', 0, 0, '2019-05-04 15:17:42', 20, 0, NULL),
	('KONS20E1MGF8P1PZ2040I501021G3L00', 'Sdr.', 'PAUD ASSIDDAH', 3, 'HONGGOSOCO', 'KUDUS', NULL, '085740535123', '085740535123', '', 0, '', 0, 0, '2018-12-04 05:01:02', 20, 0, NULL),
	('KONS20EIF18Y1225120ILXTO80F8626', 'Bpk.', 'suswantoro', 3, 'kudus', 'kudus', NULL, '-', '-', '', 0, '', 0, 0, '2018-12-25 12:08:08', 19, 0, NULL),
	('KONS20F1811B09X110108609', 'Sdr.', 'Hanin Design', 3, 'kudus', 'kudus', NULL, '+62 858-1305-9056', '+62 858-1305-9055', 'zudirenaldi@gmail.com', 0, '', 0, 0, '2018-11-09 11:01:08', 19, 0, NULL),
	('KONS20F18120T31XFBE11WE732933X', 'Bpk.', 'andi R', 3, 'prambatan', 'kudus', NULL, '081326738907', '081326738907', '', 0, '', 0, 0, '2018-12-03 11:17:32', 19, 0, NULL),
	('KONS20F1901FTZ1ZS51EU548178E6W5', 'Sdr.', 'Mayla', 3, '-', '-', NULL, '-', '-', '', 0, '', 0, 0, '2019-01-15 15:48:17', 25, 0, NULL),
	('KONS20F190227161208V821CT', 'Saudara.', 'RIVALDO', 3, 'KUDUS', 'KUDUS', NULL, '088220248132', '088220248132', '', 0, '', 0, 0, '2019-02-27 16:12:08', 20, 0, NULL),
	('KONS20F190511170Y351BJ1193', 'Sdr.', 'Eki', 3, 'Kudus', 'Kudus', NULL, '-', '-', '', 0, '', 0, 0, '2019-05-11 17:03:51', 26, 0, NULL),
	('KONS20F1905141Y13343888', 'Sdr.', 'Wafie', 3, '-', '-', NULL, '081390235050', '081390235050', '', 0, '', 0, 0, '2019-05-14 11:33:43', 33, 0, NULL),
	('KONS20F19B0W1M09E1Y552246AU02W', 'Sdr.', 'cipto wergu', 3, 'wergu wetan', 'kudus', NULL, '081326083708', '', '', 0, '', 0, 0, '2019-01-09 15:52:24', 21, 0, NULL),
	('KONS20F19L0F1041902N59IQ1VVY5U37', 'Sdr.', 'Empire', 3, 'SMA 1 kudus', 'Kudus', NULL, '-', '-', '', 0, '', 0, 0, '2019-01-04 19:02:59', 26, 0, NULL),
	('KONS20F19NJYC03181051266B97J', 'Sdr.', 'Hisyam', 3, 'Kudus', 'Kudus', NULL, '085728080085', '085728080085', '', 0, '', 0, 0, '2019-03-18 10:51:26', 14, 0, NULL),
	('KONS20F1G90V1211105ZY3H01536EI', 'Sdr.', 'Adin', 3, '-', '-', NULL, '-', '-', '', 0, '', 0, 0, '2019-01-21 11:05:30', 25, 0, NULL),
	('KONS20F1I8D111T7045Q4551393', 'Bpk.', 'supriadi', 3, 'mlati lor', 'kudus', NULL, '-', '-', '', 0, '', 0, 0, '2018-11-17 04:54:55', 19, 0, NULL),
	('KONS20F1KEOFS812L12U1622231Y43W2', 'Bapak.', 'NUR HAMID', 3, 'JEPANG PAKIS', 'KUDUS', NULL, '088216523789', '088216523789', '', 0, '', 0, 0, '2018-12-12 16:22:23', 20, 0, NULL),
	('KONS20F1T8Z1210091238F1F2D37U', 'Sdr.', 'AMBAR', 3, 'KUDUS', 'KUDUS', NULL, '-', '-', '', 0, '', 0, 0, '2018-12-10 09:12:38', 20, 0, NULL),
	('KONS20FW190509113608689', 'Sdr.', 'arfin', 3, 'kudus', 'kudus', NULL, '-', '', '', 0, '', 0, 0, '2019-05-09 11:36:08', 21, 0, NULL),
	('KONS20G181101092K9Q381380', 'Sdr.', 'LIA', 3, 'KUDUS', 'KUDUS', NULL, '08122632260', '08122632260', '', 0, '', 0, 0, '2018-11-01 09:29:38', 20, 0, NULL),
	('KONS20G181106X160350666', 'Bapak.', 'YONO', 3, 'JEPANG', 'kudus', NULL, '081228579444', '081228579444', '', 0, '', 0, 0, '2018-11-06 16:03:50', 20, 0, NULL),
	('KONS20G18112N6J02GBNO2840832', 'Sdr.', 'Mujib', 3, '-', '-', NULL, '085800003188', '-', '', 0, '', 0, 0, '2018-11-26 02:28:40', 25, 0, NULL),
	('KONS20G1811P061145031044', 'PT.', 'PT.Supra Primatama Nusantara', 3, 'jl. tanjung kudus', 'kudus', NULL, '+62 857-2744-9001', '+62 857-2744-9001', '', 0, '', 0, 0, '2018-11-06 11:45:03', 19, 0, NULL),
	('KONS20G19010215A335376X8', 'Bpk.', 'MANSUR', 3, 'PURWOSARI', '085870377114', NULL, '', '', '', 0, '', 0, 0, '2019-01-02 15:33:53', 21, 0, NULL),
	('KONS20G190201110154Y84D0', 'Ibu.', 'tin', 3, 'kudus', 'kudus', NULL, '-', '', '', 0, '', 0, 0, '2019-02-01 11:01:54', 21, 0, NULL),
	('KONS20G1902131624L05Z134L3', 'Sdr.', 'hafis', 3, 'kudus', 'kudus', NULL, '', '', '', 0, '', 0, 0, '2019-02-13 16:24:05', 21, 0, NULL),
	('KONS20G1903251F630069G79', 'Sdr.', 'Damar', 3, '-', '-', NULL, '-', '-', '', 0, '', 0, 0, '2019-03-25 16:30:06', 25, 0, NULL),
	('KONS20G19041M8ME111PN41V4494', 'Sdr.', 'Iwan Loram', 3, '-', '-', NULL, '085713944822', '085713944822', '', 0, '', 0, 0, '2019-04-18 11:14:14', 25, 0, NULL),
	('KONS20G19042YB71F6W4W61O61L143B', 'Bapak.', 'Codot', 3, 'Kudus', 'Kudus', NULL, '085878487587', '085878487587', '', 0, '', 0, 0, '2019-04-27 16:46:16', 26, 0, NULL),
	('KONS20G190U4Z131V443H24521', 'Sdr.', 'Keno', 3, 'Kudus', 'Kudus', NULL, '085641472392', '085641472392', '', 0, '', 0, 0, '2019-04-13 14:43:24', 26, 0, NULL),
	('KONS20G190UPF130P13N3H152140A9', 'Ibu.', 'Rika', 3, 'Kudus', 'Kudus', NULL, '-', '-', '', 0, '', 0, 0, '2019-01-30 13:31:52', 26, 0, NULL),
	('KONS20G19HR020O41302051378', 'Sdr.', 'rozak menara jamur', 3, 'kudus', 'kudus', NULL, '-', '', '', 0, '', 0, 0, '2019-02-04 13:02:05', 21, 0, NULL),
	('KONS20G19M0V219E151537B637', 'Bpk.', 'sudaryanto', 3, 'KUDUS', 'KUDUS', NULL, '-', '', '', 0, '', 0, 0, '2019-02-19 15:15:37', 21, 0, NULL),
	('KONS20G19Y0126L14EW28331167', 'Sdr.', 'JHON MART', 3, 'KUDUS', 'KUDUS', NULL, '08112 900 582', '', '', 0, '', 0, 0, '2019-01-26 14:28:33', 21, 0, NULL),
	('KONS20G1SZ90Y22PJ51325Q04V6A43', 'Sdr.', 'Ema', 3, '-', '-', NULL, '-', '-', '', 0, '', 0, 0, '2019-02-25 13:25:04', 25, 0, NULL),
	('KONS20GKH181103121I656105VV4', 'Bapak.', 'ijo tosca', 3, 'loram', 'kudus', NULL, '085225187547', '085225187547', 'santo.ijotoska@gmail.com', 0, '', 0, 0, '2018-11-03 12:16:56', 19, 0, NULL),
	('KONS20H18103112261Q372P6', 'Bpk.', 'Widat', 3, 'Wergu Kulon', 'kudus', NULL, '082220921110', '', '', 0, '', 0, 0, '2018-10-31 12:26:13', 21, 0, NULL),
	('KONS20H1810QMX3015K30Y32892', 'Sdr.', 'syafak', 3, 'kudus', 'kudus', NULL, '085290394587', '', '', 0, '', 0, 0, '2018-10-30 15:30:32', 21, 0, NULL),
	('KONS20H181119J090246127K0', 'Bpk.', 'Oseng pati', 3, 'pati', 'pati', NULL, '+62 895-2062-3864', '+62 895-2062-3864', '', 0, '', 0, 0, '2018-11-19 09:02:46', 19, 0, NULL),
	('KONS20H1812201W437551139', 'Ibu.', 'Ayyasha', 3, '-', '-', NULL, '-', '-', '', 0, '', 0, 0, '2018-12-20 14:37:55', 25, 0, NULL),
	('KONS20H18IGP12D1U010UQ4747P13E32', 'Ibu.', 'Tias', 3, 'Jati', 'Kudus', NULL, '081575966506', '081575966506', '', 0, '', 0, 0, '2018-12-10 10:47:47', 26, 0, NULL),
	('KONS20H190316HL112338836', 'Sdr.', 'irfan teha com', 3, 'kudus', 'kudus', NULL, '085712717217', '', '', 0, '', 0, 0, '2019-03-16 11:23:38', 21, 0, NULL),
	('KONS20H1903271MQ333U20B586', 'Bpk.', 'Muklas', 3, 'kudus', 'Kudus', NULL, '-', '-', '', 0, '', 0, 0, '2019-03-27 13:33:20', 19, 0, NULL),
	('KONS20H190418094V4EH3271GM1Q', 'Sdr.', 'Naufa', 3, '-', '-', NULL, '-', '-', '', 0, '', 0, 0, '2019-04-18 09:44:32', 33, 0, NULL),
	('KONS20H190B2221505031089', 'Sdr.', 'salon yeni', 3, 'kudus', 'kudus', NULL, '081322495758', '081322495758', '', 0, '', 0, 0, '2019-02-22 15:05:03', 14, 0, NULL),
	('KONS20H19J010310GX58DI268MX09', 'Bapak.', 'WIDI', 3, 'MLATI', 'KUDUS', NULL, '081325156979', '081325156979', '', 0, '', 0, 0, '2019-01-03 10:58:26', 20, 0, NULL),
	('KONS20HOU190201093331884', 'Saudara.', 'ASTACRAFT', 3, 'KUDUS', 'KUDUS', NULL, '081818725387', '081818725387', '', 0, '', 0, 0, '2019-02-01 09:33:31', 20, 0, NULL),
	('KONS20HRX1811L17O10SO45U381447', 'Ibu.', 'Nurus Syifa', 3, 'Jl Kudus - pati km 10', 'Kudus', NULL, '085641970949', '085641970949', '', 0, '', 0, 0, '2018-11-17 10:45:38', 26, 0, NULL),
	('KONS20HU19020Q6P114013D799', 'Sdr.', 'Supriyanto', 3, 'Sunggingan', 'Kudus', NULL, '087746384678', '087746384678', '', 0, '', 0, 0, '2019-02-06 11:40:13', 26, 0, NULL),
	('KONS20HYC1DR81P03009054O8TT1Q454', 'Saudara.', 'ANIEF', 3, 'KUDUS', 'KUDUS', NULL, '-', '-', '', 0, '', 0, 0, '2018-10-30 09:05:48', 20, 0, NULL),
	('KONS20I18103E01309449ZW38M', 'Sdr.', 'Riska', 3, 'kudus', 'kudus', NULL, '-', '085725671400', '', 0, '', 0, 0, '2018-10-30 13:09:44', 25, 0, NULL),
	('KONS20I1811030912E041525', 'Bapak.', 'PONCO', 3, 'DERSALAM', 'KUDUS', NULL, '081328447555', '081328447555', '', 0, '', 0, 0, '2018-11-03 09:12:04', 20, 0, NULL),
	('KONS20I181IK2201Q60I857Z1R379Z', 'Bpk.', 'Didik', 3, 'Gondang Manis', 'Kudus', NULL, '081225085249', '081225085249', '', 0, '', 0, 0, '2018-12-20 16:08:57', 26, 0, NULL),
	('KONS20I18DI11JT2110311N9L11X92', 'Bapak.', 'banyu', 3, 'kudus', 'kudus', NULL, '082325103343', '082325103343', '', 0, '', 0, 0, '2018-11-21 10:31:19', 19, 0, NULL),
	('KONS20I18F1103Y130Y2251579', 'Sdr.', 'Wafa', 3, '-', '-', NULL, '-', '-', '', 0, '', 0, 0, '2018-11-03 13:02:25', 25, 0, NULL),
	('KONS20I18W11B2904U5T1CVP251494UF', 'Sdr.', 'dafiq', 3, 'tenggeles', 'kudus', NULL, '', '', '', 0, '', 0, 0, '2018-11-29 04:51:25', 21, 0, NULL),
	('KONS20I19011414285788R4', 'Bpk.', 'Noor Kholis', 3, '-', '-', NULL, '-', '-', '', 0, '', 0, 0, '2019-01-14 14:28:57', 25, 0, NULL),
	('KONS20I190327PB14F133TM7494', 'Bapak.', 'ZAIM', 3, 'KUDUS', 'KUDUS', NULL, '085600226347', '085600226347', '', 0, '', 0, 0, '2019-03-27 14:13:37', 20, 0, NULL),
	('KONS20I190418L17A141Z4401', 'Sdr.', 'KRISTINA', 3, '-', '-', NULL, '-', '-', '', 0, '', 0, 0, '2019-04-18 17:14:14', 25, 0, NULL),
	('KONS20I19042ZI0084046L7TK39', 'Ibu.', 'Widyo Wati', 3, '-', '-', NULL, '-', '-', '', 0, '', 0, 0, '2019-04-20 08:40:46', 25, 0, NULL),
	('KONS20I190528122IYS318A706', 'Bpk.', 'sujadi', 3, 'kudus', 'kudus', NULL, '-', '', '', 0, '', 0, 0, '2019-05-28 12:23:18', 21, 0, NULL),
	('KONS20I1LT90K5O09145ZZI1351473', 'Sdr.', 'NIA ADIRA', 3, 'KUDUS', 'KUDUA', NULL, '-', '-', '', 0, '', 0, 0, '2019-05-09 14:51:35', 20, 0, NULL),
	('KONS20IC190P5171114L13DZ1YI1G1K4', 'Saudara.', 'GALANG', 3, 'KUDUS', 'KUDUS', NULL, '-', '-', '', 0, '', 0, 0, '2019-05-17 11:14:13', 20, 0, NULL),
	('KONS20IH18110T90S8565P41Z3F02', 'Sdr.', 'Ardi', 3, '-', '-', NULL, '-', '-', '', 0, '', 0, 0, '2018-11-09 08:56:54', 25, 0, NULL),
	('KONS20IH190504094432143XP7', 'Saudara.', 'NAUFAL', 3, 'KUDUS', 'KUDUS', NULL, '082146253789', '082146253789', '', 0, '', 0, 0, '2019-05-04 09:44:32', 20, 0, NULL),
	('KONS20IHS1812080P71Y6R0Q21033', 'Sdr.', 'Fin Hammer', 3, '-', '-', NULL, '-', '-', '', 0, '', 0, 0, '2018-12-08 07:16:02', 25, 0, NULL),
	('KONS20IM1901211Z337N0O1M810', 'Saudara.', 'JUNOT', 3, 'KUDUS', 'KUDUS', NULL, '-', '-', '', 0, '', 0, 0, '2019-01-21 13:37:01', 20, 0, NULL),
	('KONS20IR19021H6105EHN3191B254TT', 'Sdr.', 'Cholid Hidayatullah', 3, 'kudus', 'kudus', NULL, '-', '', '', 0, '', 0, 0, '2019-02-16 10:53:19', 21, 0, NULL),
	('KONS20J1811T0JC11KL64H1U2011E58', 'Sdr.', 'Betha', 3, 'purwosari', 'kudus', NULL, '+62 857-9926-7004', '+62 857-9926-7004', 'bethanm29@gmail.com', 0, '', 0, 0, '2018-11-01 16:41:20', 19, 0, NULL),
	('KONS20J18122Y9O0906241E3XX92B', 'Bapak.', 'TOTOK BETHIK', 3, 'KUDUS', 'KUDUS', NULL, '081326217849', '081326217849', '', 0, '', 0, 0, '2018-12-29 09:06:24', 20, 0, NULL),
	('KONS20J181UN11X2100944B129Q9Y', 'Bapak.', 'UDIN LEMAH GUNUNG', 3, 'LEMAH GUNUNG', 'KUDUS', NULL, '-', '-', '', 0, '', 0, 0, '2018-11-12 10:09:44', 20, 0, NULL),
	('KONS20J18C1S12303R36H041B363', 'Bapak.', 'SUWONO', 3, 'MLATI KIDUL', 'KUDUS', NULL, '081548375053', '081548375053', '', 0, '', 0, 0, '2018-11-23 03:36:04', 20, 0, NULL),
	('KONS20J1902071F00207547', 'Saudara.', 'JEVRI', 3, 'KUDUS', 'KUDUS', NULL, '081299380764', '081299380764', '', 0, '', 0, 0, '2019-02-07 10:02:07', 20, 0, NULL),
	('KONS20J19022GEW81C73U6181AI107', 'Ibu.', 'SELFI', 3, 'MELATI', 'KUDUS', NULL, '-', '', '', 0, '', 0, 0, '2019-02-28 17:36:18', 21, 0, NULL),
	('KONS20J1903R16095629133QSJ2', 'Sdr.', 'Alek', 3, '-', '-', NULL, '-', '-', '', 0, '', 0, 0, '2019-03-16 09:56:29', 25, 0, NULL),
	('KONS20J190415140107100W5NI', 'Bapak.', 'MUJID', 3, 'KUDUS', 'KUDUS', NULL, '-', '-', '', 0, '', 0, 0, '2019-04-15 14:01:07', 20, 0, NULL),
	('KONS20J1904ND16093A83M9H12A08', 'Sdr.', 'Mim', 3, '-', '-', NULL, '-', '-', '', 0, '', 0, 0, '2019-04-16 09:38:39', 33, 0, NULL),
	('KONS20J19051QQKS61W54940928', 'Sdr.', 'Aufi', 3, 'Kudus', 'Kudus', NULL, '-', '-', '', 0, '', 0, 0, '2019-05-16 15:49:40', 26, 0, NULL),
	('KONS20J19W03Q12E164ZJ7LCD2112R83', 'Sdr.', 'UD JATI JAYA', 3, 'kudus', 'kudus', NULL, '-', '', '', 0, '', 0, 0, '2019-03-12 16:47:21', 21, 0, NULL),
	('KONS20J1D81212ZTV122001880', 'Mr.', 'Ferdian YL', 3, 'Pecangaan, Jepara', 'jepara', NULL, '089669412626', '089669412626', '', 0, '', 0, 0, '2018-12-12 12:20:01', 19, 0, NULL),
	('KONS20J1E811G021UAC5M2DT632141F9', 'Sdr.', 'LaLa imut', 3, 'Mlati Lor', 'kudus', NULL, '', '082227555456', '', 0, '', 0, 0, '2018-11-02 15:26:32', 19, 0, NULL),
	('KONS20JA1905V02090Y6KJ5CU11464', 'Ib.', 'UCI', 3, 'KUDUS', 'KUDUS', NULL, '082242077333', '082242077333', '', 0, '', 0, 0, '2019-05-02 09:06:51', 20, 0, NULL),
	('KONS20JW19041EY3S1M4T2344521', 'Sdr.', 'nailal m', 3, 'kudus', 'kudus', NULL, '-', '', '', 0, '', 0, 0, '2019-04-13 14:23:44', 21, 0, NULL),
	('KONS20K181205W04U2V712X10L17J', 'Bpk.', 'sutrisno', 3, 'jepang pakis', 'kudus', NULL, '081326381587', '', '', 0, '', 0, 0, '2018-12-05 04:27:12', 21, 0, NULL),
	('KONS20K181J20407YD3625M1201', 'Sdr.', 'Rudi Nasrudin', 3, 'jepara', 'jepara', NULL, '+62 853-2835-8007', '+62 853-2835-8007', '', 0, '', 0, 0, '2018-12-04 07:36:25', 19, 0, NULL),
	('KONS20K181M031163HXM30W5E614D', 'Sdr.', 'Imam Hadi', 3, '-', '-', NULL, '-', '-', '', 0, '', 0, 0, '2018-10-31 16:33:05', 25, 0, NULL),
	('KONS20K18E112MP60I8CW1W7331318D', 'Bapak.', 'HERMAN GEREJA KATOLIK', 3, 'JL. CEMPAKA', 'KUDUS', NULL, '088806553660', '088806553660', '', 0, '', 0, 0, '2018-11-26 08:17:33', 20, 0, NULL),
	('KONS20K1901F3116023C6V1407', 'Bpk.', 'HAMZAH', 3, 'Kudus', 'Kudus', NULL, '081325117692', '081325117692', '', 0, '', 0, 0, '2019-01-31 16:02:36', 14, 0, NULL),
	('KONS20K1901R16QL091T1L331L406', 'Sdr.', 'Musthofa Kamal', 3, '-', '-', NULL, '-', '-', '', 0, '', 0, 0, '2019-01-16 09:11:33', 25, 0, NULL),
	('KONS20K1905S28091044IR624', 'Bapak.', 'RONI', 3, 'KUDUS', 'KUDUS', NULL, '08122810664', '08122810664', '', 0, '', 0, 0, '2019-05-28 09:10:44', 20, 0, NULL),
	('KONS20K190T4X24FYJ0V9D194165C8W', 'Sdr.', 'Kang Pitu', 3, '-', '-', NULL, '-', '-', '', 0, '', 0, 0, '2019-04-24 09:19:41', 33, 0, NULL),
	('KONS20K19I03F1F9122538136I3E', 'Bpk.', 'GOFUR', 3, 'PLOSO', 'KUDUS', NULL, '085641543396', '085641543396', '', 0, '', 0, 0, '2019-03-19 12:25:38', 25, 0, NULL),
	('KONS20K19POGYL03T110S95142UH1311', 'Bapak.', 'NURUT TAQWA', 3, 'KUDUS', 'KUDUS', NULL, '085725743287', '085725743287', '', 0, '', 0, 0, '2019-03-11 09:51:42', 20, 0, NULL),
	('KONS20K1L81A1270N31710668', 'Bpk.', 'WAHYU PATI', 3, 'PATI', 'PATI', NULL, '0816665540', '0816665540', '', 0, '', 0, 0, '2018-11-27 03:17:10', 20, 0, NULL),
	('KONS20K1Q901O1OKHW9O10265P01352B', 'Saudara.', 'AHMAT INDRA', 3, 'KUDUS', 'KUDUS', NULL, '-', '-', '', 0, '', 0, 0, '2019-01-19 10:26:50', 20, 0, NULL),
	('KONS20K1U902Y1409I0A802ED14FUY44', 'Sdr.', 'Atika', 3, '-', '-', NULL, '-', '-', '', 0, '', 0, 0, '2019-02-14 09:08:02', 25, 0, NULL),
	('KONS20K1X905U1OD7093X8WD171090', 'Sdr.', 'Vio', 3, '-', '-', NULL, '085227038168', '085227038168', '', 0, '', 0, 0, '2019-05-17 09:38:17', 25, 0, NULL),
	('KONS20KC1F81105090ZF0051Q28Z4', 'Saudara.', 'HUDA MIFTAHUL', 3, 'UNDAAN', 'KUDUS', NULL, '085701088589', '085701088589', '', 0, '', 0, 0, '2018-11-05 09:00:05', 20, 0, NULL),
	('KONS20KH18UIOA1108142Q224987T', 'Sdr.', 'Nur', 3, '-', '-', NULL, '-', '-', '', 0, '', 0, 0, '2018-11-08 14:22:24', 25, 0, NULL),
	('KONS20KJ1904UNFB2G51C15438LI672', 'Sdr.', 'Yulia Rahmawati', 3, '-', '-', NULL, '-', '-', '', 0, '', 0, 0, '2019-04-25 11:54:38', 33, 0, NULL),
	('KONS20KN1RUF812M1E0092S752L843', 'Sdr.', 'BUNGA', 3, 'KUDUS', 'KUDUS', NULL, '-', '-', '', 0, '', 0, 0, '2018-12-10 09:27:52', 20, 0, NULL),
	('KONS20KS19051MC81525P3U8NCW106O5', 'Sdr.', 'Dhika Jepara', 3, '-', '-', NULL, '-', '-', '', 0, '', 0, 0, '2019-05-18 15:25:38', 33, 0, NULL),
	('KONS20KVV190D117113EG43X8849', 'Sdr.', 'AFRIAN', 3, 'KUDUS', 'KUDUS', NULL, '-', '', '', 0, '', 0, 0, '2019-01-17 11:34:38', 21, 0, NULL),
	('KONS20KY1F9052XD3110B3291326', 'Sdr.', 'Enseval', 3, '-', '-', NULL, '-', '-', '', 0, '', 0, 0, '2019-05-23 11:03:29', 25, 0, NULL),
	('KONS20L1811Z13G0CRO45055828S', 'Sdr.', 'dimas', 3, 'sma 1 kudus', 'kudus', NULL, '081235154174', '', '', 0, '', 0, 0, '2018-11-13 04:50:55', 21, 0, NULL),
	('KONS20L19021F40V9P49I2XA3127J5S', 'Sdr.', 'Lia', 3, '-', '-', NULL, '-', '-', '', 0, '', 0, 0, '2019-02-14 09:49:23', 25, 0, NULL),
	('KONS20L1905GP30123GD412KKB10S35', 'Sdr.', 'Kepin', 3, 'Kudus', 'Kudus', NULL, '-', '-', '', 0, '', 0, 0, '2019-05-30 12:34:12', 26, 0, NULL),
	('KONS20L190I4B201BUY45H40613G24', 'Sdr.', 'danang kamrk', 3, 'kudus', 'kudus', NULL, '-', '', '', 0, '', 0, 0, '2019-04-20 14:54:06', 21, 0, NULL),
	('KONS20L19WG010J512371R110P7F5', 'Sdr.', 'Bintani Collection', 3, 'Mayong Singorojo', 'Jepara', NULL, '085740741074', '085740741074', '', 0, '', 0, 0, '2019-01-05 12:37:11', 26, 0, NULL),
	('KONS20L1OYP90V12WM91700FJ411O199', 'Sdr.', 'DINI', 3, 'KUDUS', 'KUDUS', NULL, '082133666500', '082133666500', '', 0, '', 0, 0, '2019-01-29 17:00:41', 20, 0, NULL),
	('KONS20LAPWL1U811F240Y55729573', 'Sdr.', 'kirene', 3, 'jati wetan', 'kudus', NULL, '085729343618', '', '', 0, '', 0, 0, '2018-11-24 05:57:29', 21, 0, NULL),
	('KONS20LW1811E2T1M0E21214533S', 'Ibu.', 'ELI', 3, 'JATI KULON', 'KUDUS', NULL, '085229932641', '085229932641', '', 0, '', 0, 0, '2018-11-21 02:12:14', 20, 0, NULL),
	('KONS20M1810Z291D41051128L6', 'Bpk.', 'ELY', 3, 'kudus', 'kudus', NULL, '+62 882-1570-8070', '+62 882-1570-8070', 'elykhadc@gmail.com', 0, '', 0, 0, '2018-10-29 14:10:51', 19, 0, NULL),
	('KONS20M18111701D55031189', 'Sdr.', 'Khairul', 3, '-', '-', NULL, '085741025775', '-', '', 0, '', 0, 0, '2018-11-17 01:55:03', 25, 0, NULL),
	('KONS20M19011415282D0109V6', 'Sdr.', 'soni', 3, 'kudus', 'kudus', NULL, '1', '', '', 0, '', 0, 0, '2019-01-14 15:28:20', 21, 0, NULL),
	('KONS20M1903Y20E170148891', 'Sdr.', 'Canggih', 3, 'Kudus', 'Kudus', NULL, '-', '-', '', 0, '', 0, 0, '2019-03-20 17:01:48', 26, 0, NULL),
	('KONS20M190DHT308F1846P461JB055', 'Sdr.', 'Landak', 3, 'Kudus', 'Kudus', NULL, '08995529135', '08995529135', '', 0, '', 0, 0, '2019-03-08 18:46:46', 26, 0, NULL),
	('KONS20M190J126A15SD1809Y81H9YII', 'Sdr.', 'Roberta', 3, 'Demak', 'Demak', NULL, '085799701770', '085799701770', '', 0, '', 0, 0, '2019-01-26 15:18:09', 14, 0, NULL),
	('KONS20M1G81OKBE1170701N291W022JL', 'Sdr.', 'Saiful', 3, 'Bakalan Krapyak', 'kudus', NULL, '085740277491', '085740277491', '', 0, '', 0, 0, '2018-11-17 07:01:29', 1, 0, NULL),
	('KONS20M1M90325U1V0DFE44303W93', 'Sdr.', 'novi mybank', 3, 'kudus', 'kudus', NULL, '-', '', '', 0, '', 0, 0, '2019-03-25 10:44:30', 21, 0, NULL),
	('KONS20M1OY9MI0413W1503S46Z12SB79', 'Sdr.', 'Kunipah', 3, '-', '-', NULL, '-', '-', '', 0, '', 0, 0, '2019-04-13 15:03:46', 25, 0, NULL),
	('KONS20M1R90Q32715M17HU31592', 'Sdr.', 'Han\'s Bakery', 3, 'Kudus', 'Kudus', NULL, '-', '-', '', 0, '', 0, 0, '2019-03-27 15:17:31', 26, 0, NULL),
	('KONS20MS181UL21O10O7G595410Z75', 'Bpk.', 'Yudi', 3, 'Mlati', 'Kudus', NULL, '085854526004', '085854526004', '', 0, '', 0, 0, '2018-12-11 07:59:54', 26, 0, NULL),
	('KONS20MX1LE81106103934112U7D', 'Ibu.', 'Bulan', 3, 'wergu', 'kudus', NULL, '+62 811-277-073', '+62 811-277-073', '', 0, '', 0, 0, '2018-11-06 10:39:34', 19, 0, NULL),
	('KONS20MZ1811ZN1202F10371WC180X', 'Ib.', 'RM SEROJA', 3, 'JEPANG', 'KUDUS', NULL, '081390152570', '081390152570', '', 0, '', 0, 0, '2018-11-12 02:10:37', 20, 0, NULL),
	('KONS20N18111607472MK3U1G2S3QO3', 'Bpk.', 'untung', 3, 'demak', 'demak', NULL, '082331849204', '', '', 0, '', 0, 0, '2018-11-16 07:47:23', 21, 0, NULL),
	('KONS20N1811V27093903531', 'Sdr.', 'Fathoni', 3, '-', '-', NULL, '-', '-', '', 0, '', 0, 0, '2018-11-27 09:39:03', 25, 0, NULL),
	('KONS20N18H11V131M127III101M361', 'Sdr.', 'nara', 3, 'dersalam', 'kudus', NULL, '085740616442', '', '', 0, '', 0, 0, '2018-11-13 11:27:10', 21, 0, NULL),
	('KONS20N18H1M2P1E9G1N72446M11Z44', 'Bapak.', 'PENGADILAN AGAMA KUDUS', 3, 'KUDUS', 'KUDUS', NULL, '085641254001', '085641254001', '', 0, '', 0, 0, '2018-12-19 17:24:46', 20, 0, NULL),
	('KONS20N18T1215D1146121249', 'Sdr.', 'BOWO BARBERSHOP', 3, 'LORAM WETAN', 'KUDUS', NULL, '085641502627', '', '', 0, '', 0, 0, '2018-12-15 11:46:12', 21, 0, NULL),
	('KONS20N190109G122433H1036', 'Sdr.', 'Nandi', 3, '-', '-', NULL, '-', '-', '', 0, '', 0, 0, '2019-01-09 12:24:33', 25, 0, NULL),
	('KONS20N1903E151451XVI0P11IS389', 'Sdr.', 'Hesa', 3, '-', '-', NULL, '-', '-', '', 0, '', 0, 0, '2019-03-15 14:51:01', 25, 0, NULL),
	('KONS20N1904081104356C64O', 'Sdr.', 'BITTERSWEET', 3, 'KUDUS', 'KUDUS', NULL, '082265565365', '082265565365', '', 0, '', 0, 0, '2019-04-08 11:04:35', 20, 0, NULL),
	('KONS20N19042H61I749Z50769', 'Sdr.', 'yanti getas', 3, 'getas', 'kudus', NULL, '-', '', '', 0, '', 0, 0, '2019-04-26 17:49:50', 21, 0, NULL),
	('KONS20N1904F2014L430R14N4NW6', 'Ibu.', 'ERA', 3, 'KUDUS', 'KUDUS', NULL, '-', '-', '', 0, '', 0, 0, '2019-04-20 14:43:01', 20, 0, NULL),
	('KONS20N19050411F5812682', 'Sdr.', 'Fanisa', 3, 'Kudus', 'Kudus', NULL, '-', '-', '', 0, '', 0, 0, '2019-05-04 11:58:12', 26, 0, NULL),
	('KONS20N1905211T30629970A', 'Ib.', 'SISWATI', 3, 'KUDUS', 'KUDUS', NULL, '087833588119', '087833588119', '', 0, '', 0, 0, '2019-05-21 13:06:29', 20, 0, NULL),
	('KONS20N19052508C49481556', 'Sdr.', 'bilal', 3, 'kudus', 'kudus', NULL, '-', '', '', 0, '', 0, 0, '2019-05-25 08:49:48', 21, 0, NULL),
	('KONS20N1I90T5ET17S16F3212G1110', 'Sdr.', 'Elis', 3, '-', '-', NULL, '-', '-', '', 0, '', 0, 0, '2019-05-17 16:32:12', 25, 0, NULL),
	('KONS20N1KN81108AUX120627854', 'Sdr.', 'Ekayana', 3, 'Jln UMK', 'Kudus', NULL, '085226096684', '085226096684', '', 0, '', 0, 0, '2018-11-08 12:06:27', 26, 0, NULL),
	('KONS20NF1904KQQ131V3B0F059Y921B', 'Sdr.', 'yasid', 3, 'kudus', 'kudus', NULL, '-', '', '', 0, '', 0, 0, '2019-04-13 13:00:59', 21, 0, NULL),
	('KONS20NN1901Z16121009V13M62G', 'Sdr.', 'AQILA', 3, 'KUDUS', 'KUDUS', NULL, '-', '', '', 0, '', 0, 0, '2019-01-16 12:10:09', 21, 0, NULL),
	('KONS20NR1902Y021V22S0531232L', 'Sdr.', 'hamdan', 3, 'kudus', 'kudus', NULL, '-', '', '', 0, '', 0, 0, '2019-02-02 12:20:53', 21, 0, NULL),
	('KONS20NR1AU811O0N2143M3U1311E39', 'Bpk.', 'Kus', 3, 'Panjang bae', 'Kudus', NULL, '082134833811', '082134833811', '', 0, '', 0, 0, '2018-11-02 14:33:13', 26, 0, NULL),
	('KONS20O1811091W25646624', 'Sdr.', 'Annas', 3, 'jurang', 'kudus', NULL, '085640307848', '085640307848', '', 0, '', 0, 0, '2018-11-09 12:56:46', 19, 0, NULL),
	('KONS20O1811R0C3143054JF1155', 'Sdr.', 'Adil', 3, '-', 'kudus', NULL, '085878520504', '085878520504', '', 0, '', 0, 0, '2018-11-03 14:30:54', 25, 0, NULL),
	('KONS20O18WE112A2114500668', 'Sdr.', 'Syas', 3, 'SMP MASEHI KUDUS', 'Kudus', NULL, '085729817447', '085729817447', '', 0, '', 0, 0, '2018-11-22 11:45:00', 26, 0, NULL),
	('KONS20O1903190E839421115', 'Sdr.', 'jiwo', 3, '-', '-', NULL, '-', '-', '', 0, '', 0, 0, '2019-03-19 08:39:42', 25, 0, NULL),
	('KONS20O19043010TG34A026EI5T8', 'Sdr.', 'Mursid', 3, '-', '-', NULL, '-', '08164257873', '', 0, '', 0, 0, '2019-04-30 10:34:02', 25, 0, NULL),
	('KONS20O1905101150417SJ0VL2', 'Bpk.', 'Indro', 3, '-', '-', NULL, '-', '-', '', 0, '', 0, 0, '2019-05-10 11:50:41', 25, 0, NULL),
	('KONS20O190U11413U134314BS31', 'Sdr.', 'Ade Roni', 3, '-', '-', NULL, '-', '', '', 0, '', 0, 0, '2019-01-14 13:13:43', 25, 0, NULL),
	('KONS20O19Q0ZP22C009FP1F021608', 'Bapak.', 'DINAS SOSIAL', 3, 'KUDUS', 'KUDUS', NULL, '085810213447', '085810213447', '', 0, '', 0, 0, '2019-02-20 09:10:21', 20, 0, NULL),
	('KONS20O1DCD9042N2153Z034J1151', 'Sdr.', 'FARIDA', 3, 'KUDUS', 'KUDUS', NULL, '-', '-', '', 0, '', 0, 0, '2019-04-22 15:30:34', 20, 0, NULL),
	('KONS20O1R81B2JO0501O54331151', 'Bpk.', 'Harsono', 3, '-', '-', NULL, '-', '-', '', 0, '', 0, 0, '2018-12-05 01:54:33', 25, 0, NULL),
	('KONS20O1T81210G0H645251359', 'Sdr.', 'Nehemia', 3, '-', '-', NULL, '082143047862', '082143047862', '', 0, '', 0, 0, '2018-12-10 06:45:25', 25, 0, NULL),
	('KONS20O1T81220133304R1341', 'Bapak.', 'ENDI', 3, 'KUDUS', 'KUDUS', NULL, '085225001950', '085225001950', '', 0, '', 0, 0, '2018-12-20 13:33:04', 20, 0, NULL),
	('KONS20O1URO81E2291F023H301K349', 'Ibu.', 'Zarofah', 3, 'Nalum Sari', 'Jepara', NULL, '-', '-', '', 0, '', 0, 0, '2018-12-29 10:23:30', 26, 0, NULL),
	('KONS20O21I111A107FB20U09755', 'sdr', 'Syamsul Barjas', 1, NULL, NULL, NULL, '0865647439', NULL, NULL, 0, NULL, 1, 0, '2021-11-11 07:20:09', NULL, 0, NULL),
	('KONS20OS19011111N56G38609', 'Sdr.', 'Ine', 3, '-', '-', NULL, '-', '-', '', 0, '', 0, 0, '2019-01-11 11:56:38', 25, 0, NULL),
	('KONS20OT18111F90701531325F', 'Bpk.', 'No', 3, '-', '-', NULL, '085740508241', '-', '', 0, '', 0, 0, '2018-11-19 07:01:53', 25, 0, NULL),
	('KONS20OV1DO81M203044U6201345', 'Sdr.', 'Abe Halim', 3, '-', '-', NULL, '-', '-', '', 0, '', 0, 0, '2018-12-03 04:46:20', 25, 0, NULL),
	('KONS20P1811CA1508372615Z01', 'Sdr.', 'Joko', 3, '-', '-', NULL, '085786448679', '085786448679', '', 0, '', 0, 0, '2018-11-15 08:37:26', 25, 0, NULL),
	('KONS20P1812G1509X47371028', 'Sdr.', 'AYU DWI', 3, 'LAU', 'KUDUS', NULL, '085743107082', '085743107082', '', 0, '', 0, 0, '2018-12-15 09:47:37', 20, 0, NULL),
	('KONS20P18GY1112A08SL2323913', 'Sdr.', 'abrar', 3, 'ngemplak', 'kudus', NULL, '085642795833', '085642795833', '', 0, '', 0, 0, '2018-11-12 08:23:23', 18, 0, NULL),
	('KONS20P19010A7T1N61711814G', 'Saudara.', 'KELVIN', 3, 'KUDUS', 'KUDUS', NULL, '-', '-', '', 0, '', 0, 0, '2019-01-07 16:17:11', 20, 0, NULL),
	('KONS20P1902061Y3Z540391W4P', 'Bpk.', 'Edi Santoso', 3, '-', '-', NULL, '085600342602', '-', '', 0, '', 0, 0, '2019-02-06 13:54:03', 25, 0, NULL),
	('KONS20P190309O10T4JE0P59808', 'Sdr.', 'kresek', 3, '-', '-', NULL, '-', '', '', 0, '', 0, 0, '2019-03-09 10:40:59', 25, 0, NULL),
	('KONS20P190401E13O40373E93', 'Sdr.', 'Imam IDE', 3, '-', '-', NULL, '-', '-', '', 0, '', 0, 0, '2019-04-01 13:40:37', 33, 0, NULL),
	('KONS20P190423V1GJ7180MV770C3HE', 'Sdr.', 'MELIANA', 3, 'KUDUS', 'KUDUS', NULL, '-', '', '', 0, '', 0, 0, '2019-04-23 17:18:07', 21, 0, NULL),
	('KONS20P190V31B8105451X121O6', 'Bpk.', 'Rozak', 3, '-', '-', NULL, '-', '-', '', 0, '', 0, 0, '2019-03-18 10:54:51', 25, 0, NULL),
	('KONS20P1I811051324386R63', 'Bapak.', 'HUDA', 3, 'MLATI NOROWITO', 'KUDUS', NULL, '-', '-', '', 0, '', 0, 0, '2018-11-05 13:24:38', 20, 0, NULL),
	('KONS20PI18EAA11160E3031BNK395W7', 'Sdr.', 'KUNTARTO', 3, '-', '-', NULL, '085641296772', '-', '', 0, '', 0, 0, '2018-11-16 03:03:13', 25, 0, NULL),
	('KONS20PS190S1M11N11223B81ST22Z0', 'Bapak.', 'ANWARUL HUDA', 3, 'KUDUS', 'KUDUS', NULL, '085225200051', '085225200051', '', 0, '', 0, 0, '2019-01-11 11:22:38', 20, 0, NULL),
	('KONS20PT190202151457147X5', 'Saudara.', 'RAMAYA print', 3, 'Jepara', 'Jepara', NULL, '085774988954', '085774988954', '', 0, '', 0, 0, '2019-02-02 15:14:57', 14, 0, NULL),
	('KONS20PZ1Q905281157B57S13O13', 'Sdr.', 'kembar jati', 3, 'kudus', 'kudus', NULL, '-', '', '', 0, '', 0, 0, '2019-05-28 11:57:57', 21, 0, NULL),
	('KONS20Q18110RX7X1213305I69', 'Ibu.', 'Indra', 3, '-', '-', NULL, '-', '-', '', 0, '', 0, 0, '2018-11-07 12:13:30', 25, 0, NULL),
	('KONS20Q1811130612Z39725', 'Sdr.', 'Anas', 3, 'Jepang', 'Kudus', NULL, '081229717477', '081229717477', '', 0, '', 0, 0, '2018-11-13 06:12:39', 26, 0, NULL),
	('KONS20Q18120408581BC654L4', 'Bpk.', 'AHMAD A', 3, 'RESTO PDKT', 'KUDUS', NULL, '085727361054', '', '', 0, '', 0, 0, '2018-12-04 08:58:16', 21, 0, NULL),
	('KONS20Q181Z1011624501R239', 'Bpk.', 'Aji', 3, '-', '-', NULL, '-', '-', '', 0, '', 0, 0, '2018-11-01 16:24:50', 25, 0, NULL),
	('KONS20Q18E112308U47361335', 'Bpk.', 'Adi', 3, 'Getas Pejaten', 'Kudus', NULL, '-', '-', '', 0, '', 0, 0, '2018-11-23 08:47:36', 26, 0, NULL),
	('KONS20Q1901J19111914151D7', 'Sdr.', 'manto', 3, 'pati', 'pati', NULL, '081391789895', '', '', 0, '', 0, 0, '2019-01-19 11:19:14', 21, 0, NULL),
	('KONS20Q1901KJ261P6W50468V17E', 'Sdr.', 'Yumna', 3, '-', '-', NULL, '-', '-', '', 0, '', 0, 0, '2019-01-26 16:50:46', 25, 0, NULL),
	('KONS20Q1NK81P215G125DQ4OU4E41045', 'Sdr.', 'udin gedang sewu', 3, 'gedang sewu', 'kudus', NULL, '08995658666', '', '', 0, '', 0, 0, '2018-12-15 12:54:44', 21, 0, NULL),
	('KONS20QI19V0Q4040T9J2F952R56V9X', 'Bpk.', 'Bello', 3, '-', '-', NULL, '-', '-', '', 0, '', 0, 0, '2019-04-04 09:29:52', 33, 0, NULL),
	('KONS20QMM181103B11E48MP15G69B1', 'Sdr.', 'Eko', 3, 'Jl Pramuka No 41', 'kudus', NULL, '082242197783', '082242197783', '', 0, '', 0, 0, '2018-11-03 11:48:15', 25, 0, NULL),
	('KONS20QN19Y0CSB1AL14142U7221190', 'Sdr.', 'VERA', 3, 'KUDUS', 'KUDUS', NULL, '-', '-', '', 0, '', 0, 0, '2019-01-14 14:27:22', 20, 0, NULL),
	('KONS20QNB1901R10Q1252FMZS371226', 'Sdr.', 'Bela', 3, '-', '-', NULL, '-', '-', '', 0, '', 0, 0, '2019-01-10 12:52:37', 25, 0, NULL),
	('KONS20QUG18112311553E3V757', 'Bpk.', 'AZIZ', 3, 'DEMAAN', 'KUDUS', NULL, '08562692212', '08562692212', '', 0, '', 0, 0, '2018-11-23 11:55:33', 20, 0, NULL),
	('KONS20R18102915105J51102C', 'Sdr.', 'DIANE', 3, 'KUDUS', 'KUDUS', NULL, '-', '-', '', 0, '', 0, 0, '2018-10-29 15:10:55', 20, 0, NULL),
	('KONS20R18111016475S3798', 'Bpk.', 'kedai grafik', 3, 'jepara', 'jepara', NULL, '+62 895-2907-3463', '+62 895-2907-3463', '', 0, '', 0, 0, '2018-11-10 16:47:53', 19, 0, NULL),
	('KONS20R18111G307L26101ZUE4RL3GK9', 'Bapak.', 'SUGIH', 3, 'NGEMBAL REJO', 'KUDUS', NULL, '08568520893', '08568520893', '', 0, '', 0, 0, '2018-11-13 07:26:10', 20, 0, NULL),
	('KONS20R18121J2L084541TD1V15FJG4', 'Saudara.', 'GUNTUR', 3, 'RENDENG', 'KUDUS', NULL, '082332229880', '082332229880', '', 0, '', 0, 0, '2018-12-12 08:45:41', 20, 0, NULL),
	('KONS20R181227093V106667', 'Sdr.', 'Anisa Jepara', 3, '-', '-', NULL, '-', '-', '', 0, '', 0, 0, '2018-12-27 09:31:06', 25, 0, NULL),
	('KONS20R1812I0H408255B0N761', 'Sdr.', 'Nining', 3, '-', '-', NULL, '-', '-', '', 0, '', 0, 0, '2018-12-04 08:25:50', 25, 0, NULL),
	('KONS20R19022K609T4926OV1489', 'Ib.', 'AINI SOUVENIR', 3, 'KUDUS', 'KUDUS', NULL, '085726082480', '085726082480', '', 0, '', 0, 0, '2019-02-26 09:49:26', 20, 0, NULL),
	('KONS20R1904181R32E5H16990', 'Ibu.', 'ERNAWATI', 3, 'KUDUS', 'KUDUS', NULL, '081226001707', '081226001707', '', 0, '', 0, 0, '2019-04-18 13:25:16', 20, 0, NULL),
	('KONS20R19041Q0M120833812', 'Sdr.', 'ABDUL M', 3, 'KUDUS', 'KUDUS', NULL, '-', '', '', 0, '', 0, 0, '2019-04-10 12:08:33', 21, 0, NULL),
	('KONS20R1904X0R80L93X6OQ1177P6M', 'Sdr.', 'Raihan Arrafi', 3, '-', '-', NULL, '085226922211', '-', '', 0, '', 0, 0, '2019-04-08 09:36:11', 33, 0, NULL),
	('KONS20R190IJ209140Z05C9941SO', 'Sdr.', 'Adi Ali', 3, 'Kudus', 'Kudus', NULL, '-', '-', '', 0, '', 0, 0, '2019-02-09 14:00:59', 26, 0, NULL),
	('KONS20R19A04B30W10E06A4T0R1117', 'Ibu.', 'DIDIK', 3, 'KUDUS', 'KUDUS', NULL, '081228706094', '081228706094', '', 0, '', 0, 0, '2019-04-30 10:06:40', 20, 0, NULL),
	('KONS20R19M0131125BC139864', 'Sdr.', 'SD Unggulan', 3, 'Kudus', 'kudus', NULL, '-', '-', '', 0, '', 0, 0, '2019-01-31 12:51:39', 26, 0, NULL),
	('KONS20R19Q052PX715014E91U424', 'Saudara.', 'TITIAN', 3, 'KUDUS', 'KUDUS', NULL, '-', '-', '', 0, '', 0, 0, '2019-05-27 15:01:49', 20, 0, NULL),
	('KONS20R1A8J1102144HN1471009', 'Bpk.', 'DARSO', 3, 'MLATINOROWITO', 'KUDUS', NULL, '085725910268', '', '', 0, '', 0, 0, '2018-11-02 14:41:47', 21, 0, NULL),
	('KONS20R1E9L05211031O28722', 'Sdr.', 'Munif', 3, '-', '-', NULL, '085641564190', '085641564190', '', 0, '', 0, 0, '2019-05-21 10:31:28', 33, 0, NULL),
	('KONS20R1H8W111505PS40471076', 'Sdr.', 'Anan', 3, '-', '-', NULL, '089668283345', '-', '', 0, '', 0, 0, '2018-11-15 05:40:47', 25, 0, NULL),
	('KONS20R1N812FH18BU1MK61I11D31071', 'Sdr.', 'Arif center', 3, '-', '-', NULL, '-', '-', '', 0, '', 0, 0, '2018-12-18 16:11:13', 25, 0, NULL),
	('KONS20R1RL811060902531158', 'Sdr.', 'Ganir', 3, '-', '-', NULL, '-', '-', '', 0, '', 0, 0, '2018-11-06 09:02:53', 25, 0, NULL),
	('KONS20R1S90422085QN20W850J2', 'Ibu.', 'Hardi Lestari', 3, '-', '-', NULL, '-', '-', '', 0, '', 0, 0, '2019-04-22 08:52:08', 25, 0, NULL),
	('KONS20R1V81219BW14043T3NI1306', 'Bapak.', 'FARAS', 3, 'DEMAK', 'DEMAK', NULL, '085226269922', '085226269922', '', 0, '', 0, 0, '2018-12-19 14:04:33', 20, 0, NULL),
	('KONS20R1W81H029J1I205H2814Z32', 'Bpk.', 'fatkhur', 3, 'kudus', 'kudus', NULL, '081918763006', '081918763006', '', 0, 'putra nj trans', 0, 0, '2018-10-29 12:05:28', 21, 0, NULL),
	('KONS20R1Z9U0227N1X021528E81D', 'Sdr.', 'Torik', 3, '-', '-', NULL, '-', '-', '', 0, '', 0, 0, '2019-02-27 10:21:52', 25, 0, NULL),
	('KONS20RH1901041YDS6O49R441364OX', 'Sdr.', 'Rifki', 3, '-', '-', NULL, '-', '-', '', 0, '', 0, 0, '2019-01-04 16:49:44', 25, 0, NULL),
	('KONS20RQ19020GF61J1573487Q0O', 'Bapak.', 'SISTOYO', 3, 'KUDUS', 'KUDUS', NULL, '-', '-', '', 0, '', 0, 0, '2019-02-06 11:57:34', 20, 0, NULL),
	('KONS20S18103108D4AP6381288', 'Bpk.', 'Aklis', 3, 'kudus', 'kudus', NULL, '08562801277', '08562801277', '', 0, '', 0, 0, '2018-10-31 08:46:38', 25, 0, NULL),
	('KONS20S1810U30FD12Y025M9M745', 'Sdr.', 'khoirun', 3, 'kudus', 'kudus', NULL, '08994883422', '08994883422', '', 0, '', 0, 0, '2018-10-30 12:02:59', 21, 0, NULL),
	('KONS20S1811031Z039X5T3115W4', 'Sdr.', 'Murtono', 3, '-', '-', NULL, '-', '-', '', 0, '', 0, 0, '2018-11-03 10:39:53', 25, 0, NULL),
	('KONS20S181S1RAO05110N42U512S97', 'Bpk.', 'Tony 4 sekawan', 3, 'kudus', 'kudus', NULL, '+62 852-9043-0935', '+62 852-9043-0935', '', 0, '', 0, 0, '2018-11-05 11:04:25', 19, 0, NULL),
	('KONS20S181V030131QHVD7169W05', 'Sdr.', 'DESTI', 3, 'PATI', 'PATI', NULL, '085740636950', '085740636950', '', 0, '', 0, 0, '2018-10-30 13:17:16', 20, 0, NULL),
	('KONS20S18L1029140PAJ6098KW07', 'Bpk.', 'ridho', 3, 'kudus', 'kudus', NULL, '-', '-', '', 0, '', 0, 0, '2018-10-29 14:06:09', 25, 0, NULL),
	('KONS20S18N11140T50O3G0ZI51M096I', 'Bpk.', 'Bang Doel', 3, 'Besito Kauman', 'Kudus', NULL, '081311023804', '081311023804', '', 0, '', 0, 0, '2018-11-14 05:03:05', 26, 0, NULL),
	('KONS20S18T11KI031012367C3G7', 'Sdr.', 'Dian 72', 3, '-', '-', NULL, '085647666702', '085647666702', '', 0, '', 0, 0, '2018-11-03 10:12:36', 25, 0, NULL),
	('KONS20S19051611315O2155QQ8', 'Sdr.', 'vino', 3, 'kudus', '-', NULL, '', '', '', 0, '', 0, 0, '2019-05-16 11:31:52', 21, 0, NULL),
	('KONS20S190I4161LR65UE34R8A1109', 'Sdr.', 'Ayuk', 3, '-', '-', NULL, '085883385810', '085883385810', '', 0, '', 0, 0, '2019-04-16 16:53:48', 25, 0, NULL),
	('KONS20S190K1I0Q8LS1V0C264U5Q930', 'Saudara.', 'HARMOKA', 3, 'KUDUS', 'KUDUS', NULL, '-', '-', '', 0, '', 0, 0, '2019-01-08 10:26:45', 20, 0, NULL),
	('KONS20S190V5U1513580V9144BUW5A', 'Sdr.', 'Niki', 3, '-', '-', NULL, '-', '-', '', 0, '', 0, 0, '2019-05-15 13:58:09', 25, 0, NULL),
	('KONS20S1K901P14L113C1331H0U6B6O', 'Bapak.', 'SUGIARTO', 3, 'KUDUS', 'KUDUS', NULL, '089626368555', '089626368555', '', 0, '', 0, 0, '2019-01-14 11:31:33', 20, 0, NULL),
	('KONS20SAABDVX1901B10MJ1611011479', 'Saudara.', 'HMKM', 3, 'KUDUS', 'KUDUS', NULL, '-', '-', '', 0, '', 0, 0, '2019-01-10 16:11:01', 20, 0, NULL),
	('KONS20SB18E11011P3271095A8', 'Sdr.', 'Dika valibri', 3, 'ds. sendangasri rt3/rw1', 'rembang', NULL, '', '', '', 0, 'karyawan', 0, 0, '2018-11-01 13:27:10', 19, 0, NULL),
	('KONS20SE190N1UFA1O01107Z1H686P5', 'Sdr.', 'Mas Pay', 3, 'kudus', 'kudus', NULL, '089685619103', '', '', 0, '', 0, 0, '2019-01-10 11:07:16', 21, 0, NULL),
	('KONS20SJX19041Q11X51224109N1', 'Sdr.', 'kefin', 3, 'kudus', 'kudus', NULL, '-', '', '', 0, '', 0, 0, '2019-04-11 15:12:24', 21, 0, NULL),
	('KONS20SPJ1C8112305101BIW2J5A82Z', 'Ibu.', 'INAY', 3, 'KUDUS', 'KUDUS', NULL, '-', '-', '', 0, '', 0, 0, '2018-11-23 05:10:12', 20, 0, NULL),
	('KONS20T181108ZC13H432P8527Z', 'Saudara.', 'BUDI', 3, 'LORAM KULON', 'KUDUS', NULL, '083843333399', '083843333399', '', 0, '', 0, 0, '2018-11-08 13:43:28', 20, 0, NULL),
	('KONS20T181129074H1381296Y', 'Saudara.', 'WKP', 3, 'JEPARA', 'JEAPARA', NULL, '-', '-', '', 0, '', 0, 0, '2018-11-29 07:41:38', 20, 0, NULL),
	('KONS20T18A1SU22TDL1113616569', 'Bpk.', 'AQIL', 3, 'KUDUS', 'KUDUS', NULL, '081902555251', '081902555251', '', 0, '', 0, 0, '2018-12-21 11:36:16', 20, 0, NULL),
	('KONS20T1902231403431FM16P4P', 'Sdr.', 'Giffary', 3, '-', '-', NULL, '082134389249', '-', '', 0, '', 0, 0, '2019-02-23 14:03:43', 25, 0, NULL),
	('KONS20T1904S0513GZ28011177', 'Bapak.', 'Sriyono', 3, 'Kudus', 'Kudus', NULL, '-', '-', '', 0, '', 0, 0, '2019-04-05 13:28:01', 26, 0, NULL),
	('KONS20T1905091032VHP096P93X', 'Sdr.', 'apotek', 3, 'kudus', 'kudus', NULL, '-', '', '', 0, '', 0, 0, '2019-05-09 10:32:09', 21, 0, NULL),
	('KONS20T190523T12042U71226', 'Sdr.', 'Adi', 3, '-', '-', NULL, '085740001312', '085740001312', '', 0, '', 0, 0, '2019-05-23 12:04:27', 33, 0, NULL),
	('KONS20T190FR308L104658XZ1427', 'Saudara.', 'JAMIL', 3, 'KUDUS', 'KUDUS', NULL, '085727441641', '085727441641', '', 0, '', 0, 0, '2019-03-08 10:46:58', 20, 0, NULL),
	('KONS20T19C052908AW38H09126BS3', 'Sdr.', 'Riki', 3, '-', '-', NULL, '-', '-', '', 0, '', 0, 0, '2019-05-29 08:38:09', 25, 0, NULL),
	('KONS20T1N9D041516V463855ZX3', 'Sdr.', 'YANU', 3, 'KUDUS', 'KUDUS', NULL, '-', '', '', 0, '', 0, 0, '2019-04-15 16:46:38', 21, 0, NULL),
	('KONS20T1SQ9032710GX08421152', 'Sdr.', 'Ulin', 3, '-', '-', NULL, '-', '-', '', 0, '', 0, 0, '2019-03-27 10:08:42', 25, 0, NULL),
	('KONS20T1V9QT03ZAYF151A1F49421102', 'Sdr.', 'IDAH', 3, 'KUDUS', 'KUDUS', NULL, '081 390 300 970', '', '', 0, '', 0, 0, '2019-03-15 11:49:42', 21, 0, NULL),
	('KONS20T1Z903P22L160MQV03O41004', 'Bapak.', 'UUT', 3, 'KUDUS', 'KUDUS', NULL, '081325212953', '081326085221', '', 0, '', 0, 0, '2019-03-22 16:00:34', 20, 0, NULL),
	('KONS20THO19013109V1H6091A151', 'Saudara.', 'PERSIKU', 3, 'KUDUS', 'KUDUS', NULL, '-', '-', '', 0, '', 0, 0, '2019-01-31 09:16:09', 20, 0, NULL),
	('KONS20TNE1F9052014202TA686O0', 'Saudara.', 'SUPRA PRIMATAMA NUSANTARA', 3, 'KUDUS', 'KUDUS', NULL, '-', '-', '', 0, '', 0, 0, '2019-05-20 14:20:26', 20, 0, NULL),
	('KONS20TP19M0226154242BNZ757', 'Ibu.', 'Retno Isna', 3, '-', '-', NULL, '085727713719', '085727713719', '', 0, '', 0, 0, '2019-02-26 15:42:42', 33, 0, NULL),
	('KONS20TP1YM8120310PS1IE31014K49', 'Sdr.', 'afif', 3, 'telukwetan', 'kudus', NULL, '085225509794', '', '', 0, '', 0, 0, '2018-12-03 10:13:10', 21, 0, NULL),
	('KONS20TR1II9F01261K1D45R32GR1419', 'Mrs.', 'Kayla', 3, 'kudus', 'kudus', NULL, '+62 822-1358-8906', '+62 822-1358-8906', '', 0, '', 0, 0, '2019-01-26 11:45:32', 19, 0, NULL),
	('KONS20TZ18111H01W330V261K2C2M2G', 'Sdr.', 'Yanto', 3, '-', '-', NULL, '087746368872', '-', '', 0, '', 0, 0, '2018-11-10 13:30:26', 25, 0, NULL),
	('KONS20U181110141242B552', 'Ibu.', 'SITI R', 3, 'KUDUS', 'KUDUS', NULL, '-', '-', '', 0, '', 0, 0, '2018-11-10 14:12:42', 20, 0, NULL),
	('KONS20U1811K1T9O0AY74158SC1Y003', 'Saudara.', 'FISCELL', 3, 'JEPARA', 'JEPARA', NULL, '089668604051', '089668604051', '', 0, '', 0, 0, '2018-11-19 07:41:58', 20, 0, NULL),
	('KONS20U18120607X585212W25PU', 'Sdr.', 'VIENA', 3, 'MLATI LOR', 'KUDUS', NULL, '085727418581', '085727418581', '', 0, '', 0, 0, '2018-12-06 07:58:52', 20, 0, NULL),
	('KONS20U181I10H5I154K52779U8X', 'Bapak.', 'HERU HOLCIM', 3, 'TUMPANG KRASAK RT 5 RW 5', 'KUDUS', NULL, '085741913303', '085741913303', '', 0, '', 0, 0, '2018-11-05 15:45:27', 20, 0, NULL),
	('KONS20U181P12804333CS7X893M', 'Bapak.', 'KARNAWI', 3, 'KUDUS', 'KUDUS', NULL, '081227370877', '081227370877', '', 0, '', 0, 0, '2018-11-28 04:33:37', 20, 0, NULL),
	('KONS20U181R211084640753', 'Sdr.', 'BAHTIAR', 3, 'KUDUS', 'KUDUS', NULL, '085113387971', '', '', 0, '', 0, 0, '2018-12-11 08:46:40', 21, 0, NULL),
	('KONS20U1905251207X32Y5IC42', 'Sdr.', 'prisma', 3, 'cendono', 'kudus', NULL, '081329525123', '081329525123', '', 0, '', 0, 0, '2019-05-25 12:07:32', 19, 0, NULL),
	('KONS20U19V042315EV034412VTM1Y4', 'Sdr.', 'TOP KUDUS', 3, 'KUDUS', 'KUDUS', NULL, '-', '', '', 0, '', 0, 0, '2019-04-23 15:03:44', 21, 0, NULL),
	('KONS20U1K811KZT031B25603LHY1513', 'Sdr.', 'Fadil', 3, 'Dersalam', 'Kudus', NULL, '082243550375', '082243550375', '', 0, '', 0, 0, '2018-11-03 12:56:03', 26, 0, NULL),
	('KONS20U1LPP903011A2RAC4755105V4', 'Ibu.', 'SULIS SODO', 3, 'KUDUS', 'KUDUS', NULL, '082136732872', '082136732872', '', 0, '', 0, 0, '2019-03-01 12:47:55', 20, 0, NULL),
	('KONS20U1Y90215ZI1YG5320S514B69I', 'Bpk.', 'Arie Sanjayawati', 3, 'kudus', 'kudus', NULL, '081380876631', '081380876631', '', 0, '', 0, 0, '2019-02-15 15:32:05', 33, 0, NULL),
	('KONS20UA19CT0502142K2GK271502', 'Sdr.', 'suhadi', 3, 'kudus', 'kudus', NULL, '-', '', '', 0, '', 0, 0, '2019-05-02 14:22:27', 21, 0, NULL),
	('KONS20UR181S0I3F0110G6578Z18', 'Sdr.', 'Farid tas', 3, 'kudus', 'kudus', NULL, '085201692233', '085201692233', '', 0, '', 0, 0, '2018-10-30 11:06:57', 25, 0, NULL),
	('KONS20UW1V81D03V0134601733G', 'Sdr.', 'Septi', 3, 'Jl. Dr. Ramlan No 19B', 'kudus', NULL, '085641112114', '085641112114', '', 0, '', 0, 0, '2018-10-30 13:46:01', 21, 0, NULL),
	('KONS20V18103013E27441579BJ', 'PT.', 'Pura', 3, 'Jl Kresna No 77 A Kudus', 'kudus', NULL, '08562657074', '08562657074', '', 0, '', 0, 0, '2018-10-30 13:27:44', 25, 0, NULL),
	('KONS20V1810P3U11S0Z1D8K18T627', 'Bapak.', 'NOVAN', 3, 'BARONGAN', 'KUDUS', NULL, '-', '-', '', 0, '', 0, 0, '2018-10-31 10:18:18', 20, 0, NULL),
	('KONS20V181103162633105H2', 'Sdr.', 'Weni Mahar', 3, 'Tanjung Karang', 'KUDUS', NULL, '085875891591', '', '', 0, '', 0, 0, '2018-11-03 16:26:33', 21, 0, NULL),
	('KONS20V18110718B02A42WV11I5M4', 'Sdr.', 'Meli', 3, 'Rejo Makmur, Wahid Hasim 54A', 'Kudus', NULL, '085799733999', '', '', 0, '', 0, 0, '2018-11-07 18:02:42', 21, 0, NULL),
	('KONS20V18110M611404W11218', 'Sdr.', 'lia souvenir', 3, 'undaan tengah', 'kudus', NULL, '085727311057', '', '', 0, '', 0, 0, '2018-11-06 11:40:41', 21, 0, NULL),
	('KONS20V18121Z514Y2I2429X0IC9', 'Sdr.', 'Adfin', 3, 'Muria Indah', 'Kudus', NULL, '-', '-', '', 0, '', 0, 0, '2018-12-15 14:22:42', 26, 0, NULL),
	('KONS20V18V11240B6N314A91305R', 'Sdr.', 'Imas', 3, '-', '-', NULL, '-', '-', '', 0, '', 0, 0, '2018-11-24 06:31:49', 25, 0, NULL),
	('KONS20V1905Y25A105Y4QPM29U7B04', 'Sdr.', 'jayani', 3, 'kudus', '-', NULL, '', '', '', 0, '', 0, 0, '2019-05-25 10:54:29', 21, 0, NULL),
	('KONS20V190Q501LJ1125331422E', 'Sdr.', 'Dayat', 3, 'Kudus', 'Kudus', NULL, '-', '-', '', 0, '', 0, 0, '2019-05-01 11:25:33', 26, 0, NULL),
	('KONS20V19DKK0530GK15UO3348N1434', 'Sdr.', 'JMA', 3, '-', '-', NULL, '-', '-', '', 0, '', 0, 0, '2019-05-30 15:33:48', 25, 0, NULL),
	('KONS20W181106111634X654', 'Sdr.', 'Ulum', 3, 'Kudus', 'Kudus', NULL, '-', '-', '', 0, '', 0, 0, '2018-11-06 11:16:34', 26, 0, NULL),
	('KONS20W181B11NP5Y0B72602911', 'CV.', 'V-Kool', 3, '-', '-', NULL, '-', '-', '', 0, '', 0, 0, '2018-11-15 07:26:02', 25, 0, NULL),
	('KONS20W181J112H092014K7XV7LK2', 'Bpk.', 'Hendri', 3, 'Perum Megawon indah blog D 23', 'Kudus', NULL, '081311594200', '081311594200', '', 0, '', 0, 0, '2018-11-12 09:20:14', 26, 0, NULL),
	('KONS20W181X1T0115V1JP53N710X83NK', 'Bpk.', 'SUWANDI PATI', 3, 'PATI', 'PATI', NULL, '081325335276', '', '', 0, '', 0, 0, '2018-11-01 15:15:37', 21, 0, NULL),
	('KONS20W19012615091XD1A1095E', 'Sdr.', 'Majid', 3, '-', '-', NULL, '-', '-', '', 0, '', 0, 0, '2019-01-26 15:09:11', 25, 0, NULL),
	('KONS20W1NN905G27085U1451FX335', 'Saudara.', 'SYARIF', 3, 'KUDUS', 'KUDUS', NULL, '-', '-', '', 0, '', 0, 0, '2019-05-27 08:51:45', 20, 0, NULL),
	('KONS20W1SBV811C03W11U2I505807RH', 'Sdr.', 'Clarissa', 3, 'Jl. Tanjung No 61', 'Kudus', NULL, '081325669927', '', '', 0, '', 0, 0, '2018-11-03 11:25:05', 21, 0, NULL),
	('KONS20W1X8122114064V7671', 'Bpk.', 'Macro', 3, 'Kudus', '-', NULL, '-', '', '', 0, '', 0, 0, '2018-12-21 14:06:47', 26, 0, NULL),
	('KONS20WL1811030935471JY051', 'Sdr.', 'Mamik', 3, '-', 'kudus', NULL, '085713765558', '085713765558', '', 0, '', 0, 0, '2018-11-03 09:35:47', 25, 0, NULL),
	('KONS20WP18112803220X3540', 'Sdr.', 'Intan', 3, '-', '-', NULL, '-', '-', '', 0, '', 0, 0, '2018-11-28 03:22:03', 25, 0, NULL),
	('KONS20X1811U01173SD4U27839', 'Sdr.', 'AYIK UNGU', 3, 'STAIN', 'KUDUS', NULL, '085233476154', '', '', 0, '', 0, 0, '2018-11-01 17:34:27', 21, 0, NULL),
	('KONS20X1812E1008S59311EA204', 'Sdr.', 'Siraj', 3, 'Mlati Kidul', 'Kudus', NULL, '-', '-', '', 0, '', 0, 0, '2018-12-10 08:59:31', 26, 0, NULL),
	('KONS20X18S1106O1314M531419', 'Bpk.', 'sulistiyono', 3, 'tumpang krasak rt 3/2', 'kudus', NULL, '081257776488', '', '', 0, '', 0, 0, '2018-11-06 13:14:53', 21, 0, NULL),
	('KONS20X1903251U158WS2FS8B5J96', 'Sdr.', 'zul', 3, 'kudus', 'kudus', NULL, '-', '', '', 0, '', 0, 0, '2019-03-25 11:58:28', 21, 0, NULL),
	('KONS20X1905091P404P5SU7E1F5S1OC3', 'Ibu.', 'NOVI TUMPANG', 3, 'TUMPANG', 'KUDUS', NULL, '081567606255', '081567606255', '', 0, '', 0, 0, '2019-05-09 14:04:57', 20, 0, NULL),
	('KONS20X190J52U0153909143X2', 'Sdr.', 'Fuat', 3, 'Kudus', 'Kudus', NULL, '-', '-', '', 0, '', 0, 0, '2019-05-20 15:39:09', 26, 0, NULL),
	('KONS20X19JW0325PW112W9L0HVN11236', 'Bapak.', 'Salim', 3, 'KUdus', 'Kudus', NULL, '-', '-', '', 0, '', 0, 0, '2019-03-25 11:29:01', 26, 0, NULL),
	('KONS20X19K03XX2316DV511P03J0U0', 'Sdr.', 'SMA AN NIDHOM', 3, 'Jl. Mlati Gang III Ds. Mlaten Rt 01, Rw 02 Mijen - Demak', 'demak', NULL, '081586662534', '', '', 0, '', 0, 0, '2019-03-23 16:51:10', 21, 0, NULL),
	('KONS20X1I812O08T035703N1186', 'Sdr.', 'Indah Tri Rejeki', 3, '-', '-', NULL, '-', '-', '', 0, '', 0, 0, '2018-12-08 03:57:03', 25, 0, NULL),
	('KONS20XJ1811OW2O10EGR939419I93', 'Ibu.', 'Yani', 3, 'Mlatinorowito gg 10', 'Kudus', NULL, '08112998288', '08112998288', '', 0, '', 0, 0, '2018-11-21 09:39:41', 26, 0, NULL),
	('KONS20XQ19022DS5SI17O194X05L59', 'Sdr.', 'anggraini', 3, 'kudus', 'kudus', NULL, '-', '', '', 0, '', 0, 0, '2019-02-25 17:19:40', 21, 0, NULL),
	('KONS20XQ1T81113P0335X5311Z81', 'Sdr.', 'eiger kudus', 3, 'jl sunan kudus', 'kudus', NULL, '085879822068', '', '', 0, '', 0, 0, '2018-11-13 03:35:53', 21, 0, NULL),
	('KONS20XW181101110S337F699', 'Bpk.', 'Mas Rizal', 3, 'Dersalam', 'Kudus', NULL, '08122830296', '08122830296', '', 0, '', 0, 0, '2018-11-01 11:03:37', 26, 0, NULL),
	('KONS20Y18111606D1B910617', 'Sdr.', 'eko telkom', 3, 'kudus', 'kudus', NULL, '082385503639', '', '', 0, '', 0, 0, '2018-11-16 06:19:10', 21, 0, NULL),
	('KONS20Y1811B021642271503', 'Sdr.', 'Farel', 3, '-', '-', NULL, '-', '-', '', 0, '', 0, 0, '2018-11-02 16:42:27', 25, 0, NULL),
	('KONS20Y1812050C2I2131820', 'Sdr.', 'AINUN', 3, 'KUDUS', 'KUDUS', NULL, '-', '-', '', 0, '', 0, 0, '2018-12-05 02:21:31', 20, 0, NULL),
	('KONS20Y18D111X0IC143102680', 'Bapak.', 'INDRA', 3, 'PURWOSARI', 'KUDUS', NULL, '082135204447', '082135204447', '', 0, '', 0, 0, '2018-11-10 14:31:02', 20, 0, NULL),
	('KONS20Y18QI1I1140G4124H4H950', 'Sdr.', 'ashar', 3, 'kalirejo', 'kudus', NULL, '081568243977', '', '', 0, '', 0, 0, '2018-11-14 04:12:44', 21, 0, NULL),
	('KONS20Y18VZ1224C17334YZ01MR422', 'Sdr.', 'Fikri', 3, 'Loram Kulon', 'Kudus', NULL, '085326826001', '08985286447', '', 0, '', 0, 0, '2018-12-24 17:33:40', 26, 0, NULL),
	('KONS20Y190207L1027501300', 'Sdr.', 'Arce', 3, 'Kudus', 'Kudus', NULL, '+62 815-6563-163', '+62 815-6563-163', '', 0, '', 0, 0, '2019-02-07 10:27:50', 14, 0, NULL),
	('KONS20Y190A5DX24130538103VXE4', 'Sdr.', 'Irhas', 3, '-', '-', NULL, '-', '-', '', 0, '', 0, 0, '2019-05-24 13:05:38', 25, 0, NULL),
	('KONS20Y190F530X104632E689', 'Sdr.', 'ANDANI', 3, 'KUDUS', 'KUDUS', NULL, '085727772040', '085727772040', '', 0, '', 0, 0, '2019-05-30 10:46:32', 20, 0, NULL),
	('KONS20Y1LX90522UT1W4323AY91431H', 'Sdr.', 'NURYATI', 3, 'KUDUS', 'KUDUS', NULL, '-', '-', '', 0, '', 0, 0, '2019-05-22 14:32:39', 20, 0, NULL),
	('KONS20YY1E90214124526Z11G11', 'Sdr.', 'Inspektorat Kudus', 3, 'Kudus', 'Kudus', NULL, '085200340605', '085200340605', '', 0, '', 0, 0, '2019-02-14 12:45:26', 26, 0, NULL),
	('KONS20Z18110Q7120457564', 'Sdr.', 'Anggoro', 3, 'Melati Kidul', 'Kudus', NULL, '085728932669', '085728932669', '', 0, '', 0, 0, '2018-11-07 12:04:57', 26, 0, NULL),
	('KONS20Z1811190805Q27Y9JB23', 'Sdr.', 'MUNA', 3, 'JETAK', 'KUDUS', NULL, '089522713413', '089522713413', '', 0, '', 0, 0, '2018-11-19 08:05:27', 20, 0, NULL),
	('KONS20Z1811IT031F04CG4D4915QQ03', 'Sdr.', 'wahyu', 3, 'kudus', 'kudus', NULL, '089655444434', '', '', 0, '', 0, 0, '2018-11-03 10:44:49', 21, 0, NULL),
	('KONS20Z18B1X0311WGO742AH3O5838', 'Bpk.', 'Agus Pawon', 3, 'Jekulo', 'Kudus', NULL, '085926162695', '085712579212', '', 0, '', 0, 0, '2018-10-31 17:42:35', 26, 0, NULL),
	('KONS20Z18DGD102V914013311Z81', 'Bpk.', 'JONI', 3, 'JEPANG MEJOBO', 'KUDUS', NULL, '085740988694', '085740988694', '', 0, '', 0, 0, '2018-10-29 14:01:33', 20, 0, NULL),
	('KONS20Z18Z11JUZ130C3N0155Q826A', 'Sdr.', 'YASMIN', 3, 'JATI KULON 3/4', 'KUDUS', NULL, '085860548983', '085860548983', '', 0, '', 0, 0, '2018-11-13 03:01:55', 20, 0, NULL),
	('KONS20Z1903LK191X401Y0S978PD2', 'Bapak.', 'GONZA', 3, 'KUDUS', 'KUDUS', NULL, '-', '-', '', 0, '', 0, 0, '2019-03-19 14:01:09', 20, 0, NULL),
	('KONS20Z1905020V9VK1SV72T71P590', 'Sdr.', 'Diana', 3, '-', '-', NULL, '-', '-', '', 0, '', 0, 0, '2019-05-02 09:17:27', 25, 0, NULL),
	('KONS20Z190KW43H0F1737081560', 'Bpk.', 'ABU SVC', 3, 'Kudus', 'Kudus', NULL, '-', '-', '', 0, '', 0, 0, '2019-04-30 17:37:08', 26, 0, NULL),
	('KONS20Z1E9P0B51B6Y11030H41XI27T8', 'Sdr.', 'Nur Khofifah', 3, '-', '-', NULL, '-', '-', '', 0, '', 0, 0, '2019-05-16 11:03:04', 25, 0, NULL),
	('KONS20Z1F90115N10432611N28W', 'Bapak.', 'MUNIS', 3, 'KUDUS', 'KUDUS', NULL, '085741892519', '085741892519', '', 0, '', 0, 0, '2019-01-15 10:43:26', 20, 0, NULL),
	('KONS20Z1I9051113Q4L502800', 'Sdr.', 'RIVIA', 3, 'KUDUS', 'KUDUS', NULL, '-', '-', '', 0, '', 0, 0, '2019-05-11 13:45:02', 20, 0, NULL),
	('KONS20ZL181O109161U82198F3J', 'Bpk.', 'Bambang', 3, 'mlati kidul', 'kudus', NULL, '082153850411', '', '', 0, '', 0, 0, '2018-11-09 16:18:21', 21, 0, NULL),
	('KONS20ZTEET1903P1617R10311X339', 'Bpk.', 'PT GLOBAL', 3, '-', '-', NULL, '08985473759', '-', '', 0, '', 0, 0, '2019-03-16 17:10:31', 25, 0, NULL),
	('KONS2A0181103105924854J', 'Bapak.', 'ISMA', 3, 'HADIPOLO', 'KUDUS', NULL, '085641641902', '085641641902', '', 0, '', 0, 0, '2018-11-03 10:59:24', 20, 0, NULL),
	('KONS2A01812IQ2D21M2X42Y5712K00H', 'Sdr.', 'Harir', 3, 'Ngembal Rejo Stain', 'Kudus', NULL, '089519564867', '089519564867', '', 0, '', 0, 0, '2018-12-22 12:42:57', 26, 0, NULL),
	('KONS2A018G10DF3114K531I3884', 'Sdr.', 'Rini', 3, 'Bae', 'Kudus', NULL, '081326420989', '081326420989', '', 0, '', 0, 0, '2018-10-31 14:53:13', 26, 0, NULL),
	('KONS2A018J1M2N080F7L0434729', 'Saudara.', 'NUR HIDAYAT', 3, 'KUDUS', 'KUDUS', NULL, '082326724461', '082326724461', '', 0, '', 0, 0, '2018-12-08 07:04:34', 20, 0, NULL),
	('KONS2A0190122103K41A09C2Z3', 'Sdr.', 'ridho', 3, 'kudus', 'kudus', NULL, '-', '', '', 0, '', 0, 0, '2019-01-22 10:34:10', 21, 0, NULL),
	('KONS2A0190N1WH0511Z4M509J74RC5P', 'Saudara.', 'ROFI', 3, 'KUDUS', 'KUDUS', NULL, '085640474171', '085640474171', '', 0, '', 0, 0, '2019-01-05 11:45:09', 20, 0, NULL),
	('KONS2A019J051X3J091S733728QX', 'Bpk.', 'Yuli Prasetyo', 3, '-', '-', NULL, '-', '-', '', 0, '', 0, 0, '2019-05-13 09:17:33', 25, 0, NULL),
	('KONS2A019Y0T40S1140954QE870', 'Sdr.', 'TONI', 3, 'KUDUS', 'KUDUS', NULL, '081325886460', '081325886460', '', 0, '', 0, 0, '2019-04-01 14:09:54', 20, 0, NULL),
	('KONS2A01A9041109P5ZOCXC6461262', 'Bapak.', 'AMIRUL', 3, 'KUDUS', 'KUDUS', NULL, '08122866609', '08122866609', '', 0, '', 0, 0, '2019-04-11 09:56:46', 20, 0, NULL),
	('KONS2A01GO902TQ271AL64S701J89R0', 'Sdr.', 'RINTA', 3, 'KUDUS', 'KUDUS', NULL, '-', '', '', 0, '', 0, 0, '2019-02-27 16:47:01', 21, 0, NULL),
	('KONS2A01X8111WL401300I0121T1', 'Saudara.', 'HAFID', 3, 'SMA 1 KUDUS', 'KUDUS', NULL, '0858658235386', '0858658235386', '', 0, '', 0, 0, '2018-11-14 01:30:00', 20, 0, NULL),
	('KONS2A0WP19B0N5R1Y0ZX11444975A0', 'Sdr.', 'Mustaqim', 3, '-', '-', NULL, '-', '-', '', 0, '', 0, 0, '2019-05-10 11:44:49', 33, 0, NULL),
	('KONS2AB01S811120924G07474', 'Saudara.', 'PIYO', 3, 'LORAM WETAN', 'KUDUS', NULL, '081326644625', '081326644625', '', 0, '', 0, 0, '2018-11-12 09:24:07', 20, 0, NULL),
	('KONS2AE018A1224QC17185X793B6X', 'Bpk.', 'Udin', 3, '-', '-', NULL, '081325508991', '081325508991', '', 0, '', 0, 0, '2018-12-24 17:18:57', 25, 0, NULL),
	('KONS2AE019020V6084PPI304Z1355X', 'Saudara.', 'FIKI', 3, 'KUDUS', 'KUDUS', NULL, '-', '-', '', 0, '', 0, 0, '2019-02-06 08:43:04', 20, 0, NULL),
	('KONS2AHK018Z11LH0314523A9922', 'Ib.', 'Tina Ridho', 3, 'Janggalan', 'kudus', NULL, '085290900515', '', '', 0, '', 0, 0, '2018-11-03 14:52:39', 21, 0, NULL),
	('KONS2AMU0181212Q13K56011W592', 'Sdr.', 'Lina', 3, 'colo', 'kudus', NULL, '085740787087', '', '', 0, '', 0, 0, '2018-12-12 13:56:01', 21, 0, NULL),
	('KONS2AS01H8P1212120908126NR0', 'PT.', 'BIZNET', 3, 'Kudus', 'Kudus', NULL, '-', '-', '', 0, '', 0, 0, '2018-12-12 12:09:08', 26, 0, NULL),
	('KONS2B0181107I1E4163463BF2', 'Saudara.', 'HERRY BNI', 3, 'PEGANJARAN 24 BAE KUDUS', 'KUDUS', NULL, '085640225201', '085640225201', '', 0, '', 0, 0, '2018-11-07 14:16:34', 20, 0, NULL),
	('KONS2B018111603573177N0', 'Sdr.', 'Ilham', 3, '-', '-', NULL, '08977700621', '-', '', 0, '', 0, 0, '2018-11-16 03:57:31', 25, 0, NULL),
	('KONS2B0190107F12T0E6L086G4N6', 'Bapak.', 'HERI MAZIID MOTOR', 3, 'KUDUS', 'KUDUS', NULL, '081357586000', '081357586000', '', 0, '', 0, 0, '2019-01-07 12:06:08', 20, 0, NULL),
	('KONS2B0190114112100R1423', 'Bpk.', 'PURTONO', 3, 'KUDUS', 'KUDUS', NULL, '-', '-', '', 0, '', 0, 0, '2019-01-14 11:21:00', 20, 0, NULL),
	('KONS2B019020717493O3586J', 'Sdr.', 'Dika', 3, 'Kudus', 'Kudus', NULL, '-', '-', '', 0, '', 0, 0, '2019-02-07 17:49:33', 26, 0, NULL),
	('KONS2B01902191630525Q01A', 'Ibu.', 'ANDRIANTO', 3, 'KUDUS', 'KUDUS', NULL, '-', '', '', 0, '', 0, 0, '2019-02-19 16:30:52', 21, 0, NULL),
	('KONS2B019032811Q09Q4K1ZIS56RTY4', 'Bpk.', 'Abdullah Yasid', 3, 'kudus', 'kudus', NULL, '+62 813-2522-3040', '+62 813-2522-3040', '', 0, '', 0, 0, '2019-03-28 11:09:41', 19, 0, NULL),
	('KONS2B0190516ZLWT1XP10510107D6', 'Sdr.', 'Warung Consept', 3, 'Jepara', 'Jepara', NULL, '082225522722', '082225522722', '', 0, '', 0, 100000, '2019-05-16 11:05:10', 33, 0, NULL),
	('KONS2B0190IGR30414IX2040K7D86NB', 'Sdr.', 'RIZQI', 3, 'KUDUS', 'KUDUS', NULL, '-', '', '', 0, '', 0, 0, '2019-03-04 14:20:40', 21, 0, NULL),
	('KONS2B019F0205165100906', 'Sdr.', 'Dandi', 3, '-', '-', NULL, '-', '-', '', 0, '', 0, 0, '2019-02-05 16:51:00', 25, 0, NULL),
	('KONS2B01P81M2S030NM6B0Z90774B6', 'Sdr.', 'LANNA', 3, 'BESITO', 'KUDUS', NULL, '089680979419', '089680979419', '', 0, '', 0, 0, '2018-12-03 06:09:07', 20, 0, NULL),
	('KONS2B01XN90525092210EEF1W446', 'Sdr.', 'Hendry', 3, '-', '-', NULL, '-', '-', '', 0, '', 0, 0, '2019-05-25 09:22:10', 25, 0, NULL),
	('KONS2B0A181AQ210115423R1183', 'Sdr.', 'gigih', 3, 'kudus', 'kudus', NULL, '085842412482', '', '', 0, '', 0, 0, '2018-12-10 11:54:23', 21, 0, NULL),
	('KONS2B0D18Y10T3JW11908501455Q', 'Sdr.', 'MUNTIRA', 3, 'JL. SUNANKUDUS', 'KUDUS', NULL, '0291439010', '', '', 0, '', 0, 0, '2018-10-31 19:08:50', 21, 0, NULL),
	('KONS2B0X190425PL1315R03TK1T268', 'Sdr.', 'PEMDES DERSALAM', 3, '-', '-', NULL, '-', '-', '', 0, '', 0, 0, '2019-04-25 13:15:03', 25, 0, NULL),
	('KONS2BBEI019041C5VP1A346GE13679', 'Sdr.', 'IMA', 3, 'KUDUS', 'KUDUS', NULL, '-', '-', '', 0, '', 0, 0, '2019-04-15 13:46:13', 20, 0, NULL),
	('KONS2BD01811WE1U90851B1U26F66M', 'Bapak.', 'TALENTA', 3, 'KUDUS', 'KUDUS', NULL, '-', '-', '', 0, '', 0, 0, '2018-11-19 08:51:12', 20, 0, NULL),
	('KONS2BF0M1811140N22000SA9S77PP', 'Ibu.', 'Noor Ainu', 3, '-', '-', NULL, '08139038411', '-', '', 0, '', 0, 0, '2018-11-14 02:20:00', 25, 0, NULL),
	('KONS2BL018110914X25131309', 'Sdr.', 'hidra', 3, 'rendeng', 'kudus', NULL, '085741083073', '', '', 0, '', 0, 0, '2018-11-09 14:25:13', 21, 0, NULL),
	('KONS2BR01NU811N0V7O171S84413X5D5', 'Sdr.', 'Ahya', 3, 'Purwosari gg 3', 'Kudus', NULL, '085740002280', '', '', 0, '', 0, 0, '2018-11-07 17:18:44', 21, 0, NULL),
	('KONS2BS01SZ90D402091E5314P92', 'Bpk.', 'Shodiq', 3, '-', '-', NULL, '-', '-', '', 0, '', 0, 0, '2019-04-02 09:15:31', 33, 0, NULL),
	('KONS2BU0190WR32ODI816191081W8', 'Saudara.', 'FAIZ SMA 1 BAE', 3, 'SMA 1 BAE', 'KUDUS', NULL, '081228635381', '081228635381', '', 0, '', 0, 0, '2019-03-28 16:19:10', 20, 0, NULL),
	('KONS2C0181031SV090Q7279EU63A', 'Ibu.', 'Erna', 3, 'loram wetan', 'kudus', NULL, '+62 822-2601-5858', '+62 822-2601-5858', '', 0, '', 0, 0, '2018-10-31 09:07:27', 19, 0, NULL),
	('KONS2C018110915N4F65Y2928', 'Sdr.', 'AJENG', 3, 'LORAM WETAN', 'KUDUS', NULL, '083843162172', '083843162172', '', 0, '', 0, 0, '2018-11-09 15:46:52', 20, 0, NULL),
	('KONS2C01811VG14N03ACS3KX112145W1', 'Ibu.', 'PATMI', 3, 'JATI KULON', 'KUDUS', NULL, '085290942693', '085290942693', '', 0, '', 0, 0, '2018-11-14 03:31:12', 20, 0, NULL),
	('KONS2C01812141032164YVFR81P', 'Sdr.', 'Hasbi', 3, '-', '-', NULL, '08978117746', '08978117746', '', 0, '', 0, 0, '2018-12-14 10:32:16', 25, 0, NULL),
	('KONS2C018B11071J10U33ND3J1ZT294Z', 'Sdr.', 'novi', 3, 'mejobo', 'kudus', NULL, '085201433476', '', '', 0, '', 0, 0, '2018-11-07 11:03:33', 21, 0, NULL),
	('KONS2C018SQ110314G45WEUF181568SU', 'Saudara.', 'TONI', 3, 'PURWOSARI', 'KUDUS', NULL, '087833833888', '087833833888', '', 0, '', 0, 0, '2018-11-03 14:45:18', 20, 0, NULL),
	('KONS2C018Y1108101932X1H206OZZ', 'Bapak.', 'HUDA SAE', 3, 'GONDOSARI RT 1 RW 4 GEBOG', 'KUDUS', NULL, '081393987171', '081393987171', '', 0, '', 0, 0, '2018-11-08 10:19:32', 20, 0, NULL),
	('KONS2C019010U9GO10154070UW1', 'Sdr.', 'BERIN', 3, 'DERSALAM', 'kudus', NULL, '085740466826', '085740466826', '', 0, '', 0, 0, '2019-01-09 10:15:40', 20, 0, NULL),
	('KONS2C0190219R1Q04654747', 'Sdr.', 'Alfatah', 3, '-', '-', NULL, '-', '-', '', 0, '', 0, 0, '2019-02-19 10:46:54', 25, 0, NULL),
	('KONS2C01903VPE2610F181552L6E', 'Sdr.', 'Beni SMA 1 BAE', 3, '-', '-', NULL, '081779459289', '081779459289', '', 0, '', 0, 0, '2019-03-26 10:18:15', 25, 0, NULL),
	('KONS2C019052308E5026624', 'Ibu.', 'Dyah Tri', 3, '-', '-', NULL, '-', '-', '', 0, '', 0, 0, '2019-05-23 08:50:26', 25, 0, NULL),
	('KONS2C0190Q528GG15143612X16U', 'Sdr.', 'Ali Mahfud', 3, 'Bakalan Krapyak', 'Kudus', NULL, '-', '-', '', 0, '', 0, 0, '2019-05-28 15:14:36', 14, 0, NULL),
	('KONS2C019G0CN30X1133338114M2K', 'Bpk.', 'supardi', 3, 'kudus', 'kudus', NULL, '-', '', '', 0, '', 0, 0, '2019-03-01 13:33:38', 21, 0, NULL),
	('KONS2C01L8IAQG11011V52B7Q54126J0', 'Bpk.', 'KECAMATAN GEBOG', 3, 'GEBOG', 'KUDUS', NULL, '05641519925', '', '', 0, '', 0, 0, '2018-11-01 15:27:54', 21, 0, NULL),
	('KONS2C01N90N109112238888', 'Ibu.', 'TAMBAH CELULLER', 3, 'MEGAWON', 'kudus', NULL, '-', '-', '', 0, '', 0, 0, '2019-01-09 11:22:38', 20, 0, NULL),
	('KONS2C0D190VOO10816500W11S1KK94', 'Saudara.', 'JKI', 3, 'KUDUS', 'KUDUS', NULL, '082240009976', '082240009976', '', 0, '', 0, 0, '2019-01-08 16:50:01', 20, 0, NULL),
	('KONS2C0OG19XT02121F121311336', 'Sdr.', 'Arina', 3, '-', '-', NULL, '-', '-', '', 0, '', 0, 0, '2019-02-12 11:21:31', 25, 0, NULL),
	('KONS2C0S18A110A91359R5485SAHJ0', 'Sdr.', 'ali sunan', 3, 'gondang manis', 'kudus', NULL, '085640685741', '', '', 0, '', 0, 0, '2018-11-09 13:59:54', 21, 0, NULL),
	('KONS2CIL0181UF1T0515CB14D59736', 'Bapak.', 'alex insta', 3, 'jekulo', 'kudus', NULL, '+62 813-2500-6381', '+62 813-2500-6381', '', 0, '', 0, 0, '2018-11-05 15:14:59', 19, 0, NULL),
	('KONS2CM01905H281G34154915', 'Sdr.', 'FINDIN', 3, 'KUDUS', 'KUDUS', NULL, '1', '', '', 0, '', 0, 0, '2019-05-28 13:41:54', 21, 0, NULL),
	('KONS2CN018110213W10371286', 'Saudara.', 'ILHAN', 3, 'KUDUS', 'KUDUS', NULL, '-', '-', '', 0, '', 0, 0, '2018-11-02 13:10:37', 20, 0, NULL),
	('KONS2CQR01B9051514193187CIUP4UR', 'Sdr.', 'Jawahir', 3, 'Kudus', 'Kudus', NULL, '-', '-', '', 0, '', 0, 0, '2019-05-15 14:19:31', 26, 0, NULL),
	('KONS2CTYY0U19QK0109S1553061291', 'Sdr.', 'Safik', 3, 'Kudus', 'Kudus', NULL, '-', '-', '', 0, '', 0, 0, '2019-01-09 15:53:06', 26, 0, NULL),
	('KONS2CW0V1Q9UN0K42R014K255761D7', 'Saudara.', 'HARIS', 3, 'KUDUS', 'KUDUS', NULL, '085803799978', '085803799978', '', 0, '', 0, 0, '2019-04-20 14:25:57', 20, 0, NULL),
	('KONS2D0181029163S244R1257', 'Sdr.', 'dylan', 3, 'kudus', 'kudus', NULL, '085', '', '', 0, '', 0, 0, '2018-10-29 16:32:44', 21, 0, NULL),
	('KONS2D018103116093Y41585', 'Sdr.', 'Ryan', 3, '-', '-', NULL, '-', '-', '', 0, '', 0, 0, '2018-10-31 16:09:34', 25, 0, NULL),
	('KONS2D01810D3W01401171219', 'Bpk.', 'SANTRI', 3, 'j. menara no 35C', 'kudus', NULL, '+62 816-665-671', '+62 816-665-671', '', 0, '', 0, 0, '2018-10-30 14:01:17', 19, 0, NULL),
	('KONS2D01811P1G50V446HR04K14B75U', 'Bapak.', '@HOM', 3, 'JL TANJUNG', 'KUDUS', NULL, '08157704993', '08157704993', '', 0, '', 0, 0, '2018-11-15 04:46:04', 20, 0, NULL),
	('KONS2D018NZ1117T08T5VB1295J34P', 'Bapak.', 'IMAM ID', 3, 'GETAS PEJATEN', 'KUDUS', NULL, '085735159999', '085735159999', '', 0, '', 0, 0, '2018-11-17 08:51:29', 20, 0, NULL),
	('KONS2D01905C250932041269', 'Sdr.', 'Yeni', 3, '-', '-', NULL, '085225924383', '08970688415', '', 0, '', 0, 0, '2019-05-25 09:32:04', 33, 0, NULL),
	('KONS2D0190Q3011A5A1UW555804X', 'Saudara.', 'ALFIAN', 3, 'KUDUS', 'KUDUS', NULL, '085641317010', '085641317010', '', 0, '', 0, 0, '2019-03-01 15:15:55', 20, 0, NULL),
	('KONS2D019AV0F31U61723C28F638', 'Sdr.', 'TOTOK', 3, 'KUDUS', 'KUDUS', NULL, '-', '', '', 0, '', 0, 0, '2019-03-16 17:23:28', 21, 0, NULL),
	('KONS2D01G90B41Z1135444446', 'Sdr.', 'evi', 3, '-', '-', NULL, '-', '-', '', 0, '', 0, 0, '2019-04-11 13:54:44', 25, 0, NULL),
	('KONS2D01L8111DO5MQ09L1915786', 'Sdr.', 'Taufik', 3, 'SMA 1 Kudus', 'Kudus', NULL, '-', '-', '', 0, '', 0, 0, '2018-11-15 09:19:15', 26, 0, NULL),
	('KONS2D01LI8122414I09411K249V', 'Sdr.', 'Wahyu', 3, '-', '-', NULL, '-', '-', '', 0, '', 0, 0, '2018-12-24 14:09:41', 25, 0, NULL),
	('KONS2D01S9020MG8G1418S38594OJ', 'Sdr.', 'Saliana', 3, '-', '-', NULL, '-', '-', '', 0, '', 0, 0, '2019-02-08 14:18:38', 25, 0, NULL),
	('KONS2D01Z90G40110LU18JJ1A9659', 'Sdr.', 'NIKEN', 3, 'KUDUS', 'KUDUS', NULL, '081226692924', '081226692924', '', 0, '', 0, 0, '2019-04-01 10:18:19', 20, 0, NULL),
	('KONS2D0AN1K812170I9A4T6Y09817N', 'Bpk.', 'Sodiq', 3, '-', '-', NULL, '-', '-', '', 0, '', 0, 0, '2018-12-17 09:46:09', 25, 0, NULL),
	('KONS2D0B181AE1HG0909E21041L231', 'Ibu.', 'Nungki', 3, 'kudus', 'kudus', NULL, '085704423999', '085704423999', '', 0, '', 0, 0, '2018-11-09 09:21:04', 19, 0, NULL),
	('KONS2D0C19L022610424W41504', 'Sdr.', 'umar hasan', 3, 'kudus', 'kudus', NULL, '-', '', '', 0, '', 0, 0, '2019-02-26 10:42:44', 21, 0, NULL),
	('KONS2D0H1MA8G121311534F7C559BC', 'Ibu.', 'Novie', 3, 'Kramat Kependen', 'Kudus', NULL, '082243556968', '082243556968', '', 0, '', 0, 0, '2018-12-13 11:53:47', 26, 0, NULL),
	('KONS2D0I1I8T11I1209NL0524636XQR', 'Sdr.', 'Mandraguna', 3, 'Purwosari', 'Kudus', NULL, '081325671112', '081325671112', '', 0, '', 0, 0, '2018-11-12 09:05:24', 26, 0, NULL),
	('KONS2D0SC190515Z10Q040J7646T', 'Bpk.', 'Agus Nuratman', 3, '-', '-', NULL, '081325638730', '081325638730', '', 0, '', 0, 0, '2019-05-15 10:04:07', 25, 0, NULL),
	('KONS2D0X1S811210P529481L145', 'Sdr.', 'SD 2 WERGU WETAN', 3, 'jl pramuka no 2', 'Kudus', NULL, '-', '-', '', 0, '', 0, 0, '2018-11-21 05:29:48', 26, 0, NULL),
	('KONS2DC019042015W11241246', 'Sdr.', 'RGC Crew', 3, 'Kudus', 'Kudus', NULL, '087705138301', '087705138301', '', 0, '', 0, 0, '2019-04-20 15:11:24', 26, 0, NULL),
	('KONS2DEG0190Y2B221UB643D541D312', 'Sdr.', 'raden joyo', 3, 'jepara', 'jepara', NULL, '082242386286', '082242386286', 'radenjoyocentre@gmail.com', 0, 'bergabung', 0, 0, '2019-02-22 16:43:54', 33, 0, NULL),
	('KONS2DN01903081A5N4906E450A', 'Bpk.', 'Sulis', 3, 'KUdus', 'Kudus', NULL, '087700988999', '087700988999', '', 0, '', 0, 0, '2019-03-08 15:49:06', 26, 0, NULL),
	('KONS2DZ01R9SVPR011617J03Z201034', 'Sdr.', 'LINDA', 3, 'KUDUS', 'KUDUS', NULL, '08122915364', '08122915364', '', 0, '', 0, 0, '2019-01-16 17:03:20', 20, 0, NULL),
	('KONS2E018110216513C81149', 'Ib.', 'LAILI A', 3, 'DESA MARGOESO', 'JEPARA', NULL, '085640588355', '085640588355', '', 0, '', 0, 0, '2018-11-02 16:51:38', 20, 0, NULL),
	('KONS2E0181127U0944571031', 'Bpk.', 'Agung Pramono', 3, '-', '-', NULL, '-', '-', '', 0, '', 0, 0, '2018-11-27 09:44:57', 25, 0, NULL),
	('KONS2E0181205J0W3V5S44486QED7', 'Saudara.', 'FAJAR', 3, 'TENGGELES', 'KUDUS', NULL, '085640369100', '085640369100', '', 0, '', 0, 0, '2018-12-05 03:54:44', 20, 0, NULL),
	('KONS2E018121212441E0773', 'Bpk.', 'Andi Tumpang', 3, 'Tumpang', 'Kudus', NULL, '08122536292', '08122536292', '', 0, '', 0, 0, '2018-12-12 12:44:10', 26, 0, NULL),
	('KONS2E01901071N0K0802837', 'Bapak.', 'SUYADI', 3, 'KESAMBI', 'KUDUS', NULL, '085326063777', '085326063777', '', 0, '', 0, 0, '2019-01-07 10:08:02', 20, 0, NULL),
	('KONS2E01901Z04N095P85D3QL987', 'Bpk.', 'Sugeng', 3, '-', '-', NULL, '-', '-', '', 0, '', 0, 0, '2019-01-04 09:58:53', 25, 0, NULL),
	('KONS2E01902180L95236BL11O6R0', 'Bpk.', 'Yanto', 3, '-', '-', NULL, '-', '-', '', 0, '', 0, 0, '2019-02-18 09:52:36', 25, 0, NULL),
	('KONS2E0190227163N4L2664P7MG', 'Ib.', 'NINA', 3, 'KUDUS', 'KUDUS', NULL, '082133911001', '082133911001', '', 0, '', 0, 0, '2019-02-27 16:34:26', 20, 0, NULL),
	('KONS2E01904051522Z28502', 'Sdr.', 'Unipah', 3, 'Bakalan krapyak', 'Kudus', NULL, '-', '-', '', 0, '', 0, 0, '2019-04-05 15:22:28', 26, 0, NULL),
	('KONS2E0190Q103132015LF129HG6', 'Bpk.', 'PR Jaleca', 3, 'Kudus', 'Kudus', NULL, '-', '-', '', 0, '', 0, 0, '2019-01-03 13:20:15', 26, 0, NULL),
	('KONS2E0190R122A141108K1R0G2B0TG', 'Sdr.', 'Leli', 3, '-', '-', NULL, '-', '-', '', 0, '', 0, 0, '2019-01-22 14:11:08', 25, 0, NULL),
	('KONS2E019W05Z221356Y0V57R71VWK', 'Ibu.', 'Bu Kafsoh', 3, '-', '-', NULL, '-', '-', '', 0, '', 0, 0, '2019-05-22 13:56:05', 25, 0, NULL),
	('KONS2E01U810291X71F8X25W906', 'Sdr.', 'Dwi Kusmawardani (94party)', 3, 'Singocandi - Kudus', 'Kudus', NULL, '+62 878-3141-7307', '+62 878-3141-7307', 'dwikusmawardani@gmail.com', 0, '', 0, 0, '2018-10-29 17:18:25', 26, 0, NULL),
	('KONS2E01ZA9Z011419065HWO7649', 'Sdr.', 'DEDI DELTALUBE', 3, 'KUDUS', 'KUDUS', NULL, '08562787652', '', '', 0, '', 0, 0, '2019-01-14 19:06:57', 21, 0, NULL),
	('KONS2E0C18U12201602X1589ZU6', 'Bapak.', 'CHILMI', 3, 'KUDUS', 'KUDUS', NULL, '082313774504', '082313774504', '', 0, '', 0, 0, '2018-12-20 16:02:15', 20, 0, NULL),
	('KONS2E0D18A110K115P2F9O35E14UF43', 'Sdr.', 'Zuma', 3, '-', '-', NULL, '-', '-', '', 0, '', 0, 0, '2018-11-01 15:29:35', 25, 0, NULL),
	('KONS2EIP01903J281V34238922', 'Sdr.', 'ERNA', 3, 'KUDUS', 'KUDUS', NULL, '-', '-', '', 0, '', 0, 0, '2019-03-28 13:42:38', 20, 0, NULL),
	('KONS2EJ01903GKE081V525T24Q536', 'Sdr.', 'RAYA PARFUM', 3, 'KUDUS', 'KUDUS', NULL, '-', '', '', 0, '', 0, 0, '2019-03-08 15:25:24', 21, 0, NULL),
	('KONS2EL01P811N19E065Q0V417CQ06', 'Bpk.', 'reza', 3, 'pati', 'pati', NULL, '-', '-', '', 0, '', 0, 0, '2018-11-19 06:50:41', 19, 0, NULL),
	('KONS2EM019X0ON216R1X0H23YQ351058', 'Sdr.', 'Hamam', 3, 'Kudus', 'Kudus', NULL, '-', '-', '', 0, '', 0, 0, '2019-02-16 10:23:35', 26, 0, NULL),
	('KONS2ESWO01904T24131W309V8L63', 'Sdr.', 'Nur Fais', 3, 'Kudus', 'Kudus', NULL, '-', '-', '', 0, '', 0, 0, '2019-04-24 13:13:09', 26, 0, NULL),
	('KONS2ET018W1211063007GALN800ZN', 'Sdr.', 'Novi', 3, 'Talun', 'Pati', NULL, '082234308033', '082234308033', '', 0, '', 0, 0, '2018-12-11 06:30:07', 26, 0, NULL),
	('KONS2EW01R90P4C01093322G844', 'Bapak.', 'RURI', 3, 'KUDUS', 'KUDUS', NULL, '', '081 228 035 007', '', 0, '', 0, 0, '2019-04-01 09:33:22', 20, 0, NULL),
	('KONS2EY01811H22AM11560J699X2', 'Sdr.', 'priska siku kayu', 3, 'rendeng', 'kudus', NULL, '087833733030', '', '', 0, '', 0, 0, '2018-11-22 11:56:06', 21, 0, NULL),
	('KONS2EY0X1901A2CM6140N8SX128J80', 'Sdr.', 'Agi', 3, '-', '-', NULL, '-', '-', '', 0, '', 0, 0, '2019-01-26 14:08:12', 25, 0, NULL),
	('KONS2F01811210R14815955', 'Sdr.', 'Imam', 3, '-', '-', NULL, '082225271317', '-', '', 0, '', 0, 0, '2018-11-21 01:48:15', 25, 0, NULL),
	('KONS2F01811G031512251125', 'Sdr.', 'RDT', 3, 'margerojo', 'kudus', NULL, '+62 858-6520-1001', '+62 858-6520-1001', '', 0, '', 0, 0, '2018-11-03 15:12:25', 19, 0, NULL),
	('KONS2F0181204AD05QX2GM23071M2', 'Bpk.', 'arif loram', 3, 'loram', 'kudus', NULL, '085290906011', '', '', 0, '', 0, 0, '2018-12-04 05:22:30', 21, 0, NULL),
	('KONS2F018S120N305H06255D33S', 'Bpk.', 'dika dental', 3, 'kudus', 'kudus', NULL, '082 337 589 547', '', '', 0, '', 0, 0, '2018-12-03 05:06:25', 21, 0, NULL),
	('KONS2F019020L609S1C1YW0558LB4', 'Bpk.', 'ALI HASAN', 3, 'KUDUS', 'KUDUS', NULL, '081392723494', '081392723494', '', 0, '', 0, 0, '2019-02-06 09:11:05', 20, 0, NULL),
	('KONS2F019021Q610S224R5F1F30F0HH', 'Sdr.', 'solikul', 3, 'megawon', 'kudus', NULL, '-', '', '', 0, '', 0, 0, '2019-02-16 10:22:45', 21, 0, NULL),
	('KONS2F019022815095HT8N13IL25', 'Sdr.', 'Maudi', 3, 'kudus', 'kudus', NULL, '081393919066', '081393919066', '', 0, '', 0, 0, '2019-02-28 15:09:58', 19, 0, NULL),
	('KONS2F01902Z0K1100H25R05UUT86', 'Sdr.', 'Soveneria', 3, '-', '-', NULL, '-', '-', '', 0, '', 0, 0, '2019-02-01 10:02:50', 25, 0, NULL),
	('KONS2F019032D9H0LP8LE563G6557', 'Saudara.', 'DUJA', 3, 'KUDUS', 'KUDUS', NULL, '-', '-', '', 0, '', 0, 0, '2019-03-29 08:56:36', 20, 0, NULL),
	('KONS2F0190UJ4HR0115294C812B23K', 'CV.', 'SPBU TERBAN', 3, 'KUDUS', 'KUDUS', NULL, '-', '-', '', 0, '', 0, 0, '2019-04-01 15:29:48', 20, 0, NULL),
	('KONS2F019VR021I5164Z9X086M78U', 'Bpk.', 'Miftah', 3, '-', '-', NULL, '-', '-', '', 0, '', 0, 0, '2019-02-15 16:49:08', 25, 0, NULL),
	('KONS2F01S8M1102175409689', 'Sdr.', 'Karin', 3, 'Melati kidul', 'Kudus', NULL, '-', '-', '', 0, '', 0, 0, '2018-11-02 17:54:09', 26, 0, NULL),
	('KONS2F01TW810311Z4K08Z4G4108RB8C', 'Bpk.', 'Kuswanto', 3, 'Mlati Kidul', 'kudus', NULL, '085713682808', '085713682808', '', 0, '', 0, 0, '2018-10-31 14:08:44', 25, 0, NULL),
	('KONS2F0G1C90M1B2512022G01FQ060', 'Sdr.', 'Tere', 3, '-', '-', NULL, '-', '-', '', 0, '', 0, 0, '2019-01-25 12:02:20', 25, 0, NULL),
	('KONS2F0H19K02161SWH0233U9UA679L', 'Sdr.', 'Hamam', 3, 'Kudus', 'Kudus', NULL, '-', '-', '', 0, '', 0, 0, '2019-02-16 10:23:39', 26, 0, NULL),
	('KONS2F0L19042515393610R40UYCAC', 'Sdr.', 'AUFA', 3, 'KUDUS', 'KUDUS', NULL, '-', '', '', 0, '', 0, 0, '2019-04-25 15:39:36', 21, 0, NULL),
	('KONS2F0O190508KK08ZQ53461209VR', 'Ibu.', 'CIELLO COKLAT', 3, 'KUDUS', 'KUDUS', NULL, '087804060432', '087804060432', '', 0, '', 0, 0, '2019-05-08 08:53:46', 20, 0, NULL),
	('KONS2F0RSR1K81F1011130K301U4HM39', 'Sdr.', 'rahma', 3, 'kudus', 'kudus', NULL, '08562663674', '', '', 0, '', 0, 0, '2018-11-01 11:30:30', 21, 0, NULL),
	('KONS2FB0190524142T9Q4H51193', 'Sdr.', 'Endri', 3, 'Kudus', 'Kudus', NULL, '-', '-', '', 0, '', 0, 0, '2019-05-24 14:29:45', 26, 0, NULL),
	('KONS2FC01I9W05WN0712420S21093', 'Sdr.', 'zuda', 3, 'kudus', 'kudus', NULL, '-', '', '', 0, '', 0, 0, '2019-05-07 12:42:02', 21, 0, NULL),
	('KONS2FDA019012T4W16A56NC111560', 'Ibu.', 'PUSKESMAS MEJOBO', 3, 'MEJOBO', 'KUDUS', NULL, '085865069822', '085865069822', '', 0, '', 0, 0, '2019-01-24 16:56:11', 20, 0, NULL),
	('KONS2FJZ01901021922A07984', 'Sdr.', 'Ryan Arda jaya', 3, 'Tanjung Karang', 'Kudus', NULL, '-', '-', '', 0, '', 0, 0, '2019-01-02 19:22:07', 26, 0, NULL),
	('KONS2FN0OH1903CA2N2D11Y0835620R', 'Bapak.', 'KAROLIN', 3, 'KUDUS', 'KUDUS', NULL, '-', '', '', 0, '', 0, 0, '2019-03-22 11:08:35', 21, 0, NULL),
	('KONS2FR019G04X051R622NPP18AB723', 'Saudara.', 'VIVI', 3, 'KUDUS', 'KUDUS', NULL, '082134263962', '082134263962', '', 0, '', 0, 0, '2019-04-05 16:22:18', 20, 0, NULL),
	('KONS2FU01L90427113X354E1FT0W12WW', 'Sdr.', 'ARIS KIRKID', 3, 'KUDUS', 'KUDUS', NULL, '08568476445', '', '', 0, '', 0, 0, '2019-04-27 11:33:54', 21, 0, NULL),
	('KONS2FX0DI1A8112QDE3V070736920V', 'Sdr.', 'nova', 3, 'getas', 'kudus', NULL, '082135164867', '', '', 0, '', 0, 0, '2018-11-23 07:07:36', 21, 0, NULL),
	('KONS2G01812Y1003Z4B84062WR8', 'Sdr.', 'PD FELEVEN', 3, 'KUDUS', 'KUDUS', NULL, '085326842182', '', '', 0, '', 0, 0, '2018-12-10 03:48:40', 21, 0, NULL),
	('KONS2G018F11T2C90F4500I41K31B9J', 'Saudara.', 'IAN', 3, 'KUDUS', 'KUDUS', NULL, '-', '-', '', 0, '', 0, 0, '2018-11-29 04:50:04', 20, 0, NULL),
	('KONS2G018K120QWI80Q925131509', 'Sdr.', 'SOFIYON', 3, 'NGEMBAL KULON', 'KUDUS', NULL, '085776190004', '', '', 0, '', 0, 0, '2018-12-08 09:25:13', 21, 0, NULL),
	('KONS2G0190211N1PR5VQW0354759', 'Sdr.', 'Utami', 3, '-', '-', NULL, '-', '-', '', 0, '', 0, 0, '2019-02-11 15:03:54', 25, 0, NULL),
	('KONS2G019031310453913B20', 'Sdr.', 'Ino', 3, 'Kudus', 'Kudus', NULL, '-', '-', '', 0, '', 0, 0, '2019-03-13 10:45:39', 26, 0, NULL),
	('KONS2G019Y01O291543171044', 'Sdr.', 'SPBU JEPARA', 3, 'JEPARA', 'JEPARA', NULL, '08156617440', '', '', 0, '', 0, 0, '2019-01-29 15:43:17', 21, 0, NULL),
	('KONS2G01K9P021M1L1K12956SET1117W', 'Sdr.', 'Najib', 3, 'Kudus', 'Kudu', NULL, '-', '-', '', 0, '', 0, 0, '2019-02-11 11:29:56', 26, 0, NULL),
	('KONS2G01KL903O11K1C42O6105A40', 'Bapak.', 'PENO VESPA', 3, 'KUDUS', 'KUDUS', NULL, '085 641 472 392', '085 641 472 392', '', 0, '', 0, 0, '2019-03-11 14:26:10', 20, 0, NULL),
	('KONS2G01M90104145W649E12Z05', 'Sdr.', 'Eko Prasetyo', 3, '-', '-', NULL, '-', '-', '', 0, '', 0, 0, '2019-01-04 14:56:49', 25, 0, NULL),
	('KONS2G01V90U31L3I1N3F1D32589X5T', 'Sdr.', 'TK MUS', 3, 'KUDUS', 'KUDUS', NULL, '-', '', '', 0, '', 0, 0, '2019-03-13 13:13:25', 21, 0, NULL),
	('KONS2GA019U051UY61S3012U01108', 'Sdr.', 'wahyudi', 3, 'kudus', 'kudus', NULL, '-', '', '', 0, '', 0, 0, '2019-05-16 13:01:20', 21, 0, NULL),
	('KONS2GE0190X1CU26112C818EM1330', 'Sdr.', 'imbar', 3, 'KUDUS', 'KUDUS', NULL, '-', '', '', 0, '', 0, 0, '2019-01-26 11:28:18', 21, 0, NULL),
	('KONS2GG01R8XS10311158211137', 'Sdr.', 'Nita', 3, 'demak', 'Demak', NULL, '-+62 823-2515-8877', '-+62 823-2515-8877', 'nitahafy212@gmail.com', 0, '', 0, 0, '2018-10-31 11:58:21', 25, 1, 19),
	('KONS2GJ0190415Z1J53848H129E3', 'Sdr.', 'FEBY', 3, 'KUDUS', 'KUDUS', NULL, '-', '-', '', 0, '', 0, 0, '2019-04-15 15:38:48', 20, 0, NULL),
	('KONS2GL0181S121095444766Y', 'Saudara.', 'LUTFI', 3, 'KLUMPIT', 'KUDUS', NULL, '085742014013', '085742014013', '', 0, '', 0, 0, '2018-11-21 09:54:44', 20, 0, NULL),
	('KONS2GX019020O61125021B388DR', 'Sdr.', 'operator', 3, 'kudus', 'kudus', NULL, '-', '-', '', 0, '', 0, 0, '2019-02-06 11:25:02', 19, 0, NULL),
	('KONS2GZT0K18120407F3121R134C1', 'Sdr.', 'ALFI', 3, 'KUDUS', 'KUDUS', NULL, '-', '-', '', 0, '', 0, 0, '2018-12-04 07:31:21', 20, 0, NULL),
	('KONS2H018111907311FS58M92', 'Bpk.', 'muhaimin', 3, 'papringan', 'kudus', NULL, '085799062064', '', '', 0, '', 0, 0, '2018-11-19 07:31:15', 21, 0, NULL),
	('KONS2H018121C4R1L2T1T2V3S284O1', 'Mr.', 'STEVEN VYESS', 3, 'KUDUS', 'KUDUS', NULL, '-', '-', '', 0, '', 0, 0, '2018-12-14 12:12:32', 20, 0, NULL),
	('KONS2H0181222H14J455513Z8V0', 'Sdr.', 'Juniwati', 3, '-', '-', NULL, '-', '-', '', 0, '', 0, 0, '2018-12-22 14:45:55', 25, 0, NULL),
	('KONS2H018M1102V194013W1RGU46RE3E', 'Sdr.', 'Habibi', 3, 'Ds Kunir', 'Demak', NULL, '087873900738', '087873900738', '', 0, '', 0, 0, '2018-11-02 19:40:13', 26, 0, NULL),
	('KONS2H018M11N2S7C1K107031436', 'CV.', 'KANISIUS', 3, 'kudus', 'kudus', NULL, '-', '-', '', 0, '', 0, 0, '2018-11-27 11:07:03', 18, 0, NULL),
	('KONS2H018ZX1Q22716T22359TO0G2B', 'Bpk.', 'CAKAP', 3, 'KUDUS', 'KUDUS', NULL, '08990834656', '0895414656317', '', 0, '', 0, 0, '2018-12-27 16:22:35', 20, 0, NULL),
	('KONS2H019040N2B1351335HRL71', 'Sdr.', 'NUR NH HIJAB', 3, 'KUDUS', 'KUDUS', NULL, '085727574645', '085727574645', '', 0, '', 0, 0, '2019-04-02 13:51:33', 20, 0, NULL),
	('KONS2H019050715T402P71WX164X', 'Bapak.', 'BAMBANG LEDOK', 3, 'LEDOK DEMAAN', 'KUDUS', NULL, '085225957726', '085225957726', '', 0, '', 0, 0, '2019-05-07 15:40:27', 20, 0, NULL),
	('KONS2H01905231U02M22ZW3840', 'Sdr.', 'Gilang', 3, '-', '-', NULL, '-', '', '', 0, '', 0, 0, '2019-05-23 10:22:23', 25, 0, NULL),
	('KONS2H0190IY2231542591081', 'Sdr.', 'mustakhim', 3, 'kudus', 'kudus', NULL, '-', '', '', 0, '', 0, 0, '2019-02-23 15:42:59', 20, 0, NULL),
	('KONS2H019B0B4I29INT123618X722', 'Sdr.', 'pink purple', 3, 'kudus', 'kudus', NULL, '-', '', '', 0, '', 0, 0, '2019-04-29 12:36:18', 21, 0, NULL),
	('KONS2H019D0226ID1Z0573S3990', 'Bpk.', 'TONI', 3, 'KUDUS', 'KUDUS', NULL, '081236099104', '081236099104', '', 0, '', 0, 0, '2019-02-26 10:57:33', 20, 0, NULL),
	('KONS2H019K01280924N001P17Y1', 'Sdr.', 'Ikom', 3, '-', '-', NULL, '-', '-', '', 0, '', 0, 0, '2019-01-28 09:24:00', 25, 0, NULL),
	('KONS2H019ZD0311140S9K181O0J52U', 'Ibu.', 'RATNA', 3, 'KUDUS', 'KUDUS', NULL, '081325783648', '081325783648', '', 0, '', 0, 0, '2019-03-11 14:09:18', 20, 0, NULL),
	('KONS2H01G90114162851886', 'Saudara.', 'SAMSURI', 3, 'KUDUS', 'KUDUS', NULL, '082227180902', '082227180902', '', 0, '', 0, 0, '2019-01-14 16:28:51', 20, 0, NULL),
	('KONS2H01I90X5N25PN123642V1083U', 'Sdr.', 'ARLIES NOOR', 3, 'KUDUS', 'KUDUS', NULL, '-', '', '', 0, '', 0, 0, '2019-05-25 12:36:42', 21, 0, NULL),
	('KONS2H01L8122417BG06U4713BJ51', 'Ibu.', 'VIO', 3, 'LANGGAR DALEM', 'KUDUS', NULL, '085334443224', '085334443224', '', 0, '', 0, 0, '2018-12-24 17:06:47', 20, 0, NULL),
	('KONS2H0A18IXYW110D21702A181314', 'Ibu.', 'MAMA MIA', 3, 'KUDUS', 'kudus', NULL, '-', '-', '', 0, '', 0, 0, '2018-11-02 17:02:18', 20, 0, NULL),
	('KONS2H0A18P120305Z34C2X7R8I1L9K', 'Bpk.', 'Ridho maulana', 3, 'Nalum sari', 'Jepara', NULL, '089669266617', '089669266617', '', 0, '', 0, 0, '2018-12-03 05:34:27', 26, 0, NULL),
	('KONS2H0F1902021056Y1112Q01M', 'Sdr.', 'bekti', 3, 'kudus', 'kudus', NULL, '-', '', '', 0, '', 0, 0, '2019-02-02 10:56:11', 21, 0, NULL),
	('KONS2H0T19021XP6Z1V027Y311311', 'Sdr.', 'DINDA', 3, 'KUDUS', 'KUDUS', NULL, '-', '-', '', 0, '', 0, 0, '2019-02-16 10:27:31', 20, 0, NULL),
	('KONS2H0U1W81030G1R51126H753', 'Ibu.', 'ALMA', 3, 'GG 4', 'KUDUS', NULL, '0895377111303', '0895377111303', '', 0, '', 0, 0, '2018-10-30 15:11:26', 20, 0, NULL),
	('KONS2HF0D1A8Q120P705F54071I396', 'Bapak.', 'DIDIK CCTV', 3, 'MLATI', 'KUDUS', NULL, '082144555550', '082144555550', '', 0, '', 0, 0, '2018-12-07 05:54:07', 20, 0, NULL),
	('KONS2HL01811150U422P1A71R452', 'Sdr.', 'VIP', 3, 'Melati Norowito', 'Kudus', NULL, '081325509210', '081325509210', '', 0, '', 0, 0, '2018-11-15 04:22:17', 26, 0, NULL),
	('KONS2HLA018103MF0151EMDL7491350', 'Sdr.', 'Orisa', 3, 'Jln lingkar jetak', 'Kudus', NULL, '081275751377', '081275751377', '', 0, '', 0, 0, '2018-10-30 15:17:49', 26, 0, NULL),
	('KONS2HM019Y0329N1EL34656939YE', 'Sdr.', 'TB Murah', 3, 'Kudus', 'Kudus', NULL, '-', '-', '', 0, '', 0, 0, '2019-03-29 13:46:56', 26, 0, NULL),
	('KONS2HN0O190B41I5180HN44J9654', 'Sdr.', 'Andrean', 3, 'Kudus', 'Kusus', NULL, '-', '-', '', 0, '', 0, 0, '2019-04-15 18:04:49', 26, 0, NULL),
	('KONS2HQ0M1G810M31Z15E4F6271Q24B7', 'PT.', 'SKM', 3, 'BAKALAN KRAPYAK', 'KUDUS', NULL, '-', '-', '', 0, '', 0, 0, '2018-10-31 15:46:27', 20, 0, NULL),
	('KONS2HR019O0D1J191W5594X78N92RW', 'Sdr.', 'Heri', 3, '-', '-', NULL, '-', '', '', 0, '', 0, 0, '2019-01-19 15:59:47', 25, 0, NULL),
	('KONS2I01810311826X1DZ41A23D4', 'Sdr.', 'Anggreini', 3, 'Loram Wetan', 'Kudus', NULL, '-', '-', '', 0, '', 0, 0, '2018-10-31 18:26:14', 26, 0, NULL),
	('KONS2I0181101OM09F362NCMK9685E', 'Bpk.', 'fido', 3, 'kudus', 'kudus', NULL, '085726044744', '085726044744', '', 0, '', 0, 0, '2018-11-01 09:36:29', 14, 0, NULL),
	('KONS2I01812271PB0P14ZX241436', 'Saudara.', 'IWAN SEBAKU', 3, 'KUDUS', 'KUDUS', NULL, '085641938270', '085641938270', '', 0, '', 0, 0, '2018-12-27 10:14:24', 20, 0, NULL),
	('KONS2I0181I119R0404M22H1G14L5', 'Ibu.', 'RISA', 3, 'GONDANG MANIS', 'KUDUS', NULL, '081310092187', '081310092187', '', 0, '', 0, 0, '2018-11-19 04:04:22', 20, 0, NULL),
	('KONS2I01901070Z916B12787', 'Bpk.', 'Gatot', 3, '-', '-', NULL, '-', '-', '', 0, '', 0, 0, '2019-01-07 09:16:12', 25, 0, NULL),
	('KONS2I0190305PQ1Z5KQU5E516115P0', 'Sdr.', 'sokoe', 3, 'kudus', 'kudus', NULL, '-', '', '', 0, '', 0, 0, '2019-03-05 15:55:16', 21, 0, NULL),
	('KONS2I01903C02R1702P48924', 'Sdr.', 'Dela', 3, '-', '-', NULL, '-', '-', '', 0, '', 0, 0, '2019-03-02 17:02:48', 25, 0, NULL),
	('KONS2I01904301058V181382', 'Sdr.', 'setiana', 3, 'kudus', 'kudus', NULL, '-', '', '', 0, '', 0, 0, '2019-04-30 10:58:18', 21, 0, NULL),
	('KONS2I01904H2L2183206YUBR9W8Y8', 'Sdr.', 'Jawalwustho', 3, 'Jepara', 'Jepara', NULL, '085727202883', '085727202883', '', 0, '', 0, 0, '2019-04-22 18:32:06', 26, 0, NULL),
	('KONS2I0190I20114Z181214B57', 'Bpk.', 'PRAS', 3, 'KUDUS', 'KUDUS', NULL, '-', '', '', 0, '', 0, 0, '2019-02-01 14:18:12', 21, 0, NULL),
	('KONS2I0B1L9VD04271VR3473W713X48', 'Sdr.', 'Ratih', 3, '-', '-', NULL, '-', '-', '', 0, '', 0, 0, '2019-04-27 13:47:37', 25, 0, NULL),
	('KONS2I0E1D81V030180F0WF1V21525', 'Sdr.', 'KOKO JEPARA', 3, 'JEPARA', 'JEPARA', NULL, '0895361618738', '', '', 0, '', 0, 0, '2018-10-30 18:00:12', 21, 0, NULL),
	('KONS2I0FB18OD111H609193Y88CZ14', 'Bapak.', 'WARDOYO', 3, 'JEPANG', 'KUDUS', NULL, '-', '-', '', 0, '', 0, 0, '2018-11-16 09:19:38', 20, 0, NULL),
	('KONS2I0K190OCI4C2I709513N3684', 'Sdr.', 'Muhammad Junaedi', 3, '-', '-', NULL, '-', '-', '', 0, '', 0, 0, '2019-04-27 09:51:33', 25, 0, NULL),
	('KONS2I0R1YU90123R1Z138127VM7JO0', 'Ibu.', 'Umi', 3, '-', '-', NULL, '08157706719', '-', '', 0, '', 0, 0, '2019-01-23 11:38:12', 25, 0, NULL),
	('KONS2IA01B8F1031183215682JN', 'Bapak.', 'Zaenudin', 3, 'Loram Kulon', 'Kudus', NULL, '-', '-', '', 0, '', 0, 0, '2018-10-31 18:32:15', 26, 0, NULL),
	('KONS2IB01903041100228G90', 'Sdr.', 'Reika', 3, '-', '-', NULL, '-', '-', '', 0, '', 0, 0, '2019-03-04 11:00:22', 25, 0, NULL),
	('KONS2IJ0A1F90HXX12210192IM694G2', 'Saudara.', 'ARDY', 3, 'KUDUS', 'KUDUS', NULL, '085740512291', '085740512291', '', 0, '', 0, 0, '2019-01-22 10:19:26', 20, 0, NULL),
	('KONS2ING01A90N11N61X120078CY67', 'Sdr.', 'Iis', 3, 'Megawon', 'Kudus', NULL, '-', '-', '', 0, '', 0, 0, '2019-01-16 11:20:07', 26, 0, NULL),
	('KONS2IQ019Y0218141I0W54934', 'Sdr.', 'jelita salon', 3, 'singocandi baru', 'kudus', NULL, '081 326 453 508', '081 326 453 508', '', 0, '', 0, 0, '2019-02-18 14:10:54', 21, 0, NULL),
	('KONS2IU0E190TG126I14HN3M0X52647', 'Ibu.', 'Ifa', 3, 'DKK', 'Kudus', NULL, '085726655264', '085726655264', '', 0, '', 0, 0, '2019-01-26 14:30:52', 26, 0, NULL),
	('KONS2IZ019N012116J5UVV85187XS5', 'Saudara.', 'UKM', 3, 'KUDUS', 'KUDUS', NULL, '085701898254', '085701898254', '', 0, '', 0, 0, '2019-01-21 16:58:51', 20, 0, NULL),
	('KONS2J0181119033U6P361398', 'Saudara.', 'Wawa', 3, 'kudus', 'Kudus', NULL, '081392519227', '081392519227', '', 0, '', 0, 0, '2018-11-19 03:36:36', 14, 0, NULL),
	('KONS2J0181130022843145G2AG', 'Sdr.', 'Muhammad Aqmal', 3, '-', '-', NULL, '085641589934', '-', '', 0, '', 0, 0, '2018-11-30 02:28:43', 25, 0, NULL),
	('KONS2J0181213093J9421449AM', 'Bapak.', 'TONO', 3, 'KUDUS', 'KUDUS', NULL, '-', '-', '', 0, '', 0, 0, '2018-12-13 09:39:42', 20, 0, NULL),
	('KONS2J0181E1ZX03J09500C6MF653', 'Sdr.', 'iqbal', 3, '-', '-', NULL, '-', '-', '', 0, '', 0, 0, '2018-11-03 09:50:06', 25, 0, NULL),
	('KONS2J018I1Z221G153VC15313T41', 'Sdr.', 'NINDIA', 3, 'TENGGELES', 'KUDUS', NULL, '085740991000', '085740991000', '', 0, '', 0, 0, '2018-12-21 15:31:53', 20, 0, NULL),
	('KONS2J01904XV151042BT551K4W0Y2', 'Sdr.', 'Vindin', 3, '-', '-', NULL, '-', '-', '', 0, '', 0, 0, '2019-04-15 10:42:55', 33, 0, NULL),
	('KONS2J019051N01JB6453I467L1', 'Sdr.', 'zufron', 3, 'kudus', 'kudus', NULL, '-', '', '', 0, '', 0, 0, '2019-05-10 16:45:34', 21, 0, NULL),
	('KONS2J01B9041E21341131318', 'Sdr.', 'synada', 3, 'kudus', 'kudus', NULL, '-', '', '', 0, '', 0, 0, '2019-04-12 13:41:13', 21, 0, NULL),
	('KONS2J01K8EV1K1091330S39C6I99', 'Sdr.', 'Diah', 3, 'KUdus', 'Kudus', NULL, '-', '-', '', 0, '', 0, 0, '2018-11-09 13:30:39', 26, 0, NULL),
	('KONS2J01L8HSX122X6121608511', 'Sdr.', 'arif', 3, 'kudus', 'kudus', NULL, '-', '', '', 0, '', 0, 0, '2018-12-26 12:16:08', 21, 0, NULL),
	('KONS2J0DH19031E4125910N461', 'Bpk.', 'sanusi', 3, 'kudus', 'kudus', NULL, '0877469490363', '', '', 0, '', 0, 0, '2019-03-14 12:59:10', 21, 0, NULL),
	('KONS2J0L190TA12W21CCO14501C1082N', 'Ibu.', 'ERY YULIANA', 3, 'KUDUS', 'KUDUS', NULL, '085727495317', '085727495317', '', 0, '', 0, 0, '2019-01-22 11:45:01', 20, 0, NULL),
	('KONS2JE01Y81031173Z62N9876', 'Mr.', 'Cakra Dirgantara', 3, 'mlatinorowito rt 3/3', 'kudus', NULL, '085291519275', '', '', 0, '', 0, 0, '2018-10-31 17:36:29', 21, 0, NULL),
	('KONS2JM01XN90V1161717X45EK1045', 'Sdr.', 'macupa', 3, 'Kudus', 'Kudus', NULL, '-', '-', '', 0, '', 0, 0, '2019-01-16 17:17:45', 26, 0, NULL),
	('KONS2JO01904081152F591U194', 'Ib.', 'MIA', 3, 'KUDUS', 'KUDUS', NULL, '-', '-', '', 0, '', 0, 0, '2019-04-08 11:52:59', 20, 0, NULL),
	('KONS2K01810291IZH4553875R4', 'Sdr.', 'Mj Souvenir', 3, 'kudus', 'kudus', NULL, '089626960620', '', '', 0, '', 0, 0, '2018-10-29 14:55:38', 25, 0, NULL),
	('KONS2K01811B0313NM4341156E0', 'Sdr.', 'Alan', 3, '-', '-', NULL, '-', '-', '', 0, '', 0, 0, '2018-11-03 13:43:41', 25, 0, NULL),
	('KONS2K018H110I7115H7F26119B4W', 'Sdr.', 'hisyam dana cepat', 3, 'kudus', 'Kudus', NULL, '085640120259', '', '', 0, '', 0, 0, '2018-11-07 11:57:26', 21, 0, NULL),
	('KONS2K01901PR041A5E09E08J678RJY', 'Sdr.', 'Wisnu', 3, '-', '-', NULL, '-', '-', '', 0, '', 0, 0, '2019-01-04 15:09:08', 25, 0, NULL),
	('KONS2K01904RD26S0R9W23Q4FSG61183', 'Sdr.', 'FIRA', 3, 'KUDUS', 'KUDUS', NULL, '-', '-', '', 0, '', 0, 0, '2019-04-26 09:23:46', 20, 0, NULL),
	('KONS2K0190I429E111F501A1223', 'Saudara.', 'AMANK', 3, 'KUDUS', 'KUDUS', NULL, '-', '-', '', 0, '', 0, 0, '2019-04-29 11:15:01', 20, 0, NULL),
	('KONS2K019QS0B5021011N5G9608', 'Sdr.', 'MTs Darul Ulum', 3, '-', '-', NULL, '-', '-', '', 0, '', 0, 0, '2019-05-02 10:11:59', 25, 0, NULL),
	('KONS2K019R01Q1URN81517061532AW', 'Sdr.', 'hilmi', 3, 'kudus', 'kudus', NULL, '-', '', '', 0, '', 0, 0, '2019-01-18 15:17:06', 21, 0, NULL),
	('KONS2K019ZV0520DZ09VN531T2O149Y5', 'Sdr.', 'PUTRI', 3, 'KUDUS', 'KUDUS', NULL, '087831700848', '087831700848', '', 0, '', 0, 0, '2019-05-20 09:53:12', 20, 0, NULL),
	('KONS2K01AE9012B9W11110Q61459', 'Bapak.', 'SUKO', 3, 'KUDUS', 'KUDUS', NULL, '082323876445', '082323876445', '', 0, '', 0, 0, '2019-01-29 11:11:06', 20, 0, NULL),
	('KONS2K01E8VU1211052E35VW810S10', 'Sdr.', 'Sabrino', 3, 'MAN 2 Kudus', 'Kudus', NULL, '-', '-', '', 0, '', 0, 0, '2018-12-11 05:23:58', 26, 0, NULL),
	('KONS2K0E18T11O0U81142I261VE3JW17', 'Bapak.', 'DURI', 3, 'JANGGALAN', 'KUDUS', NULL, '08995995980', '08995995980', '', 0, '', 0, 0, '2018-11-08 11:42:26', 20, 0, NULL),
	('KONS2K0R18V120I5072550VTMT1173', 'Saudara.', 'MANDRAGUNA', 3, 'PURWOSARI', 'KUDUS', NULL, '081325671112', '081325671112', '', 0, '', 0, 0, '2018-12-05 07:25:50', 20, 0, NULL),
	('KONS2K0VRU19021614DN1W925642', 'Sdr.', 'MIQDAD', 3, 'KUDUS', 'KUDUS', NULL, '1', '', '', 0, '', 0, 0, '2019-02-16 14:19:25', 21, 0, NULL),
	('KONS2K0XN1H8B11020S9ST4MB025985', 'Bpk.', 'Hasan', 3, '-', 'kudus', NULL, '085727662260', '085727662260', '', 0, '', 0, 0, '2018-11-02 09:40:25', 25, 0, NULL),
	('KONS2KD0Z19011H611B3K24K1IG906', 'Sdr.', 'berlian', 3, 'kudus', 'kudus', NULL, '-', '', '', 0, '', 0, 0, '2019-01-16 11:32:41', 21, 0, NULL),
	('KONS2KL0FB19G030G614F5K414B1067A', 'Bapak.', 'UBAIDILLAH', 3, 'KUDUS', 'KUDUS', NULL, '085640225799', '085640225799', '', 0, '', 0, 0, '2019-03-06 14:54:14', 20, 0, NULL),
	('KONS2KO0190L21L4W115P3101462', 'Ib.', 'Faizah', 3, '-', '-', NULL, '-', '-', '', 0, '', 0, 0, '2019-02-14 11:53:10', 25, 0, NULL),
	('KONS2KR0Z190130J1635Y50D9P0J6', 'Bpk.', 'Sam\'an', 3, 'Kirig', 'Kudus', NULL, '081380096230', '081380096230', '', 0, '', 0, 0, '2019-01-30 16:35:50', 26, 0, NULL),
	('KONS2KT0V181121X09LH140B2823', 'Bapak.', 'KUA KOTA', 3, 'MEJOBO', 'KUDUS', NULL, '-', '-', '', 0, '', 0, 0, '2018-11-21 09:14:02', 20, 0, NULL),
	('KONS2KV0I18110C81W34814M13Q6O1', 'Sdr.', 'Ulya', 3, '-', '-', NULL, '085740000294', '085740000294', '', 0, '', 0, 0, '2018-11-08 13:48:14', 25, 0, NULL),
	('KONS2KY019L03080BF917BQH261V228', 'Ibu.', 'Lily', 3, '-', '-', NULL, '-', '-', '', 0, '', 0, 0, '2019-03-08 09:17:26', 25, 0, NULL),
	('KONS2KY01H812060G43454W1497', 'Sdr.', 'najwa', 3, 'kudus', 'kudus', NULL, '085 281 203 917', '', '', 0, '', 0, 0, '2018-12-06 04:34:54', 21, 0, NULL),
	('KONS2L01811P2N3IY072435597', 'Ibu.', 'LEA', 3, 'KUDUS', 'KUDUS', NULL, '-', '-', '', 0, '', 0, 0, '2018-11-23 07:24:35', 20, 0, NULL),
	('KONS2L01812NV131249W19RJ1315', 'Sdr.', 'ani', 3, 'iain', 'kudus', NULL, '085848360698', '', '', 0, '', 0, 0, '2018-12-13 12:49:19', 21, 0, NULL),
	('KONS2L0181RQMN2X1006M122F079W9', 'Sdr.', 'Rudi', 3, 'Loram Wetan', 'Kudus', NULL, '087848312728', '087848312728', '', 0, '', 0, 0, '2018-12-10 06:12:20', 26, 0, NULL),
	('KONS2L018E1Q1G101S52IN410859', 'Sdr.', 'Angga', 3, 'Kudus', 'Kudus', NULL, '-', '-', '', 0, '', 0, 0, '2018-11-10 15:24:10', 26, 0, NULL),
	('KONS2L018EUJX112104352BG71422', 'Bapak.', 'MUSTAIN', 3, 'PIJI DAWE', 'KUDUS', NULL, '085225742728', '085225742728', '', 0, '', 0, 0, '2018-11-21 04:35:27', 20, 0, NULL),
	('KONS2L018L11150212461461', 'Bapak.', 'DANU', 3, 'PERUM MURIA INDAH', 'KUDUS', NULL, '083838995933', '083838995933', '', 0, '', 0, 0, '2018-11-15 02:12:46', 20, 0, NULL),
	('KONS2L018Q1227V113556S15Y43', 'Sdr.', 'rama', 3, 'tanjungrejo', 'kudus', NULL, '087779691347', '', '', 0, '', 0, 0, '2018-12-27 11:35:56', 21, 0, NULL),
	('KONS2L01903H211M1Z3R5I38813', 'Sdr.', 'zam zam', 3, 'kudus', 'kudus', NULL, '-', '', '', 0, '', 0, 0, '2019-03-21 11:35:38', 21, 0, NULL),
	('KONS2L019041D5R11F4942992', 'Sdr.', 'Dinas Pertanian Kudus', 3, 'Kudus', 'Kudus', NULL, '-', '-', '', 0, '', 0, 0, '2019-04-15 11:49:42', 26, 0, NULL),
	('KONS2L01GS9040813Z4932G617VA', 'Sdr.', 'Firdaus', 3, '-', '-', NULL, '-', '-', '', 0, '', 0, 0, '2019-04-08 13:49:32', 25, 0, NULL),
	('KONS2L01J81220O0907136I96', 'Bapak.', 'NUR HADI', 3, 'BAKALAN KRAPYAK', 'KUDUS', NULL, '085225464079', '085225464079', '', 0, '', 0, 0, '2018-12-20 09:07:13', 20, 0, NULL),
	('KONS2L01S8112G9C0G6020B1733', 'Sdr.', 'Isna', 3, '-', '-', NULL, '-', '-', '', 0, '', 0, 0, '2018-11-29 06:02:01', 25, 0, NULL),
	('KONS2L01V904CW10093F9331X361', 'Sdr.', 'Rika', 3, '-', '-', NULL, '-', '-', '', 0, '', 0, 0, '2019-04-10 09:39:33', 25, 0, NULL),
	('KONS2L0E19OS042EICG7X1509271279', 'Saudara.', 'MUQFA', 3, 'KUDUS', 'KUDUS', NULL, '085801717192', '085801717192', '', 0, '', 0, 0, '2019-04-27 15:09:27', 20, 0, NULL),
	('KONS2L0N18N1128073G7251E129SI', 'Saudara.', 'ABDUL MALIK', 3, 'KUDUS', 'KUDUS', NULL, '085312222850', '085312222850', '', 0, '', 0, 0, '2018-11-28 07:37:25', 20, 0, NULL),
	('KONS2L0Q18110N9135Z4O39469', 'Sdr.', 'putut adi', 3, 'perum sumber indah 1 rt 1/5 mejobo', 'kudus', NULL, '082227476182', '', '', 0, '', 0, 0, '2018-11-09 13:54:39', 21, 0, NULL),
	('KONS2L0RUPG18120403S3356O9I62L', 'Bpk.', 'kukuh', 3, 'kudus', 'kudus', NULL, '08122529511', '', '', 0, '', 0, 0, '2018-12-04 03:33:56', 21, 0, NULL),
	('KONS2LCIS018N122517O043CAG3958', 'Saudara.', 'REGA', 3, 'KUDUS', 'KUDUS', NULL, '082225209194', '082225209194', '', 0, '', 0, 0, '2018-12-25 17:04:33', 20, 0, NULL),
	('KONS2LD0U1902M0GA6122842S115SC7V', 'Sdr.', 'SMP N 2 BAE', 3, 'BAE', 'kudus', NULL, '08562508575', '08562508575', '', 0, '', 0, 0, '2019-02-06 12:28:42', 26, 0, NULL),
	('KONS2LN01K81Q1W0E810H59P144V89C', 'Sdr.', 'Posko Digital', 3, 'kudus', 'kudus', NULL, '+62 856-4176-7525', '+62 856-4176-7525', 'aku.saifulamri@gmail.com', 0, '', 0, 0, '2018-11-08 10:59:14', 19, 0, NULL),
	('KONS2LQ0K181W20402NR22S00656', 'Sdr.', 'Wawan', 3, '-', '-', NULL, '-', '-', '', 0, '', 0, 0, '2018-12-04 02:22:00', 25, 0, NULL),
	('KONS2LU018PY1122065TZ72O3666FM', 'Saudara.', 'AZAM', 3, 'KUDUS', 'KUDUS', NULL, '-', '-', '', 0, '', 0, 0, '2018-11-22 06:57:23', 20, 0, NULL),
	('KONS2LV0181D105103526718S', 'Sdr.', 'HILWA', 3, 'KUDUS', 'KUDUS', NULL, '-', '-', '', 0, '', 0, 0, '2018-11-05 10:35:26', 20, 0, NULL),
	('KONS2M01811011943J378H78Q', 'Saudara.', 'abas', 3, 'jekulo', 'kudus', NULL, '+62 857-4733-0710', '+62 857-4733-0710', '', 0, '', 0, 0, '2018-11-01 19:43:37', 18, 0, NULL),
	('KONS2M0181105K14V023R18A79', 'Bapak.', 'EGRUS', 3, 'PEGANJARAN', 'kudus', NULL, '085290224186', '085290224186', '', 0, '', 0, 0, '2018-11-05 14:02:31', 21, 0, NULL),
	('KONS2M018110T217N4J551744B', 'Sdr.', 'DIELLA', 3, 'KUDUS', 'KUDUS', NULL, '087733799100', '', '', 0, '', 0, 0, '2018-11-02 17:45:51', 21, 0, NULL),
	('KONS2M01811140B3081311R58', 'Sdr.', 'Hasna', 3, '-', '-', NULL, '-', '-', '', 0, '', 0, 0, '2018-11-14 03:08:13', 25, 0, NULL),
	('KONS2M018121006A404512T3M3B', 'Sdr.', 'Dei', 3, 'jl Kenari no 14', 'Kudus', NULL, '081939597333', '081939597333', '', 0, '', 0, 0, '2018-12-10 06:40:45', 26, 0, NULL),
	('KONS2M018O1G1VF101606171Z171', 'Ibu.', 'Handayani', 3, 'Jl menur no 82 kudus', 'Kudus', NULL, '081390654432', '081390654432', '', 0, '', 0, 0, '2018-11-10 16:06:17', 26, 0, NULL),
	('KONS2M01905301113X38690', 'Sdr.', 'ZAHWA ROTI', 3, 'BACIN', 'KUDUS', NULL, '-', '', '', 0, '', 0, 0, '2019-05-30 11:13:38', 21, 0, NULL),
	('KONS2M019DJ0110OBJ1823X1F51233', 'Sdr.', 'Raaga', 3, 'Semarang', 'Semarang', NULL, '-', '-', '', 0, '', 0, 0, '2019-01-10 18:23:15', 26, 0, NULL),
	('KONS2M019R0MJ4IRWM2716261513U76Q', 'Sdr.', 'shafira', 3, 'kudus', 'kudus', NULL, '-', '-', '', 0, '', 0, 0, '2019-04-27 16:26:15', 19, 0, NULL),
	('KONS2M019U05160940Z1R5YOR1Y28A5', 'Sdr.', 'Sinta', 3, '-', '-', NULL, '-', '-', '', 0, '', 0, 0, '2019-05-16 09:40:15', 25, 0, NULL),
	('KONS2M019VNXQ010K31S3RFL5315989', 'Sdr.', 'Rizal Setiaji', 3, '-', '-', NULL, '085712287747', '085712287747', '', 0, '', 0, 0, '2019-01-03 13:53:15', 25, 0, NULL),
	('KONS2M01L8F12X2O01Y545101084', 'Sdr.', 'NOVI GPDI', 3, 'JENDRAL SUDISMAN 75', 'KUDUS', NULL, '08118480134', '', '', 0, '', 0, 0, '2018-12-20 15:45:10', 21, 0, NULL),
	('KONS2M01M90330125006RG63P6', 'Sdr.', 'Renaldi', 3, 'Kudus', 'KUdus', NULL, '--', '-', '', 0, '', 0, 0, '2019-03-30 12:50:06', 26, 0, NULL),
	('KONS2M01O8111M306474710N92B', 'Ibu.', 'Rina Alika Kitchen', 3, '-', '-', NULL, '087835287595', '-', '', 0, '', 0, 0, '2018-11-13 06:47:47', 25, 0, NULL),
	('KONS2M01S811J0KSI81MJ6J35577S22', 'Sdr.', 'yusro', 3, 'purwosari', 'KUDUS', NULL, '085728632597', '', '', 0, '', 0, 0, '2018-11-08 16:35:57', 21, 0, NULL),
	('KONS2M01SO90M223J124H1G046G63H', 'Sdr.', 'Fatan', 3, 'Kudus', 'Kudus', NULL, '-', '-', '', 0, '', 0, 0, '2019-02-23 12:41:04', 26, 0, NULL),
	('KONS2M0A1EO81N0291TG5J5T4281B030', 'Ib.', 'LISA', 3, 'KUDUS', 'KUDUS', NULL, '-', '-', '', 0, '', 0, 0, '2018-10-29 15:54:28', 20, 0, NULL),
	('KONS2M0BO1GY812S20111039H1361E', 'Sdr.', 'Vita', 3, '-', '-', NULL, '-', '-', '', 0, '', 0, 0, '2018-12-20 11:10:39', 25, 0, NULL),
	('KONS2M0H181031X1RS356TP47135I2', 'Bapak.', 'WIBOWO', 3, 'MLATI LOR', 'KUDUS', NULL, '082311343851', '082311343851', '', 0, '', 0, 0, '2018-10-31 13:56:47', 20, 0, NULL),
	('KONS2M0I19X0QQ30C814MB03177N89', 'Bpk.', 'Frans', 3, '-', '-', NULL, '-', '-', '', 0, '', 0, 0, '2019-03-08 14:03:17', 25, 0, NULL),
	('KONS2M0JT1810300935041599', 'Sdr.', 'Aris', 3, 'mlati', 'kudus', NULL, '089619224227', '089619224227', '', 0, '', 0, 0, '2018-10-30 09:35:04', 25, 0, NULL),
	('KONS2M0P18V112810Q1Y9541416', 'Saudara.', 'KHOIRUL ANAM', 3, 'DAWE', 'KUDUS', NULL, '085703117553', '085703117553', '', 0, '', 0, 0, '2018-11-28 10:19:54', 20, 0, NULL),
	('KONS2M0S1811YT0GQ816A175B7I936', 'Sdr.', 'Dea', 3, '-', '-', NULL, '-', '-', '', 0, '', 0, 0, '2018-11-08 16:17:57', 25, 0, NULL),
	('KONS2M0W190522092L91V9616', 'Bpk.', 'Tri', 3, '-', '-', NULL, '-', '-', '', 0, '', 0, 0, '2019-05-22 09:29:19', 25, 0, NULL),
	('KONS2MHW01P812Q22X1UN54223F13W54', 'Bpk.', 'DIDIK DUTA', 3, 'PURWOSARI', 'KUDUS', NULL, '085326435526', '085326435526', '', 0, '', 0, 0, '2018-12-22 15:42:23', 20, 0, NULL),
	('KONS2MI0ZHR1I811V021637361017', 'Sdr.', 'Nurul', 3, '-', '-', NULL, '-', '-', '', 0, '', 0, 0, '2018-11-02 16:37:36', 25, 0, NULL),
	('KONS2MJ01Q8H12KWS211527561398', 'Sdr.', 'Edi Susanto', 3, '-', '-', NULL, '-', '-', '', 0, '', 0, 0, '2018-12-21 15:27:56', 25, 0, NULL),
	('KONS2MKN0K190C30DX908590WI4758', 'Bapak.', 'CAHYO', 3, 'KUDUS', 'KUDUS', NULL, '082138292329', '082138292329', '', 0, '', 0, 0, '2019-03-09 08:59:04', 20, 0, NULL),
	('KONS2MW019D0PFIM12913TPV0644897', 'Sdr.', 'Indra', 3, 'peganjaran', 'Kudus', NULL, '081335981246', '081335981246', '', 0, '', 0, 0, '2019-01-29 13:06:44', 26, 0, NULL),
	('KONS2MZ0181105102A4407MP20', 'Sdr.', 'Ina', 3, 'Ngembal', 'kudus', NULL, '085640665414', '', '', 0, '', 0, 0, '2018-11-05 10:24:40', 21, 0, NULL),
	('KONS2N018110711AM4454IFF12YU27', 'Sdr.', 'Widodo', 3, '-', '-', NULL, '-', '-', '', 0, '', 0, 0, '2018-11-07 11:44:54', 25, 0, NULL),
	('KONS2N018B11EO2K90G555V44Z670N', 'Saudara.', 'DIKI', 3, 'KUDUS', 'KUDUS', NULL, '-', '-', '', 0, '', 0, 0, '2018-11-29 05:55:44', 20, 0, NULL),
	('KONS2N019032217544I5827', 'Sdr.', 'Dinas Kesehatan', 3, 'Kudus', 'Kudus', NULL, '-', '-', '', 0, '', 0, 0, '2019-03-22 17:54:45', 26, 0, NULL),
	('KONS2N01903ZX1QD20S94X21VN81080U', 'Bpk.', 'Farkan', 3, '-', '-', NULL, '-', '-', '', 0, '', 0, 0, '2019-03-12 09:42:18', 25, 0, NULL),
	('KONS2N019W0123155203700', 'Sdr.', 'arief', 3, 'kudus', 'kudus', NULL, '-', '', '', 0, '', 0, 0, '2019-01-23 15:52:03', 21, 0, NULL),
	('KONS2N01C903PBR23153BTD008W696O', 'Ib.', 'SRI HARTINI', 3, 'KUDUS', 'KUDUS', NULL, '081290734556', '081290734556', '', 0, '', 0, 0, '2019-03-23 15:30:08', 20, 0, NULL),
	('KONS2N01K8A110H9095353822', 'Saudara.', 'Arifin', 3, 'Ngembalrejo', 'kudus', NULL, '082138008494', '082138008494', '', 0, '', 0, 0, '2018-11-09 09:53:53', 14, 0, NULL),
	('KONS2N01R8111Z4V070K10X01184F', 'Sdr.', 'Ayuk Intermedia', 3, 'demak', 'Demak', NULL, '+62 895-4136-36801', '+62 895-4136-36801', 'ayutri.astuti40@yahoo.com', 0, '', 0, 0, '2018-11-14 07:01:00', 19, 0, NULL),
	('KONS2N0T19040K5U095241Q56D1', 'Saudara.', 'PE', 3, 'KUDUS', 'KUDUS', NULL, '-', '-', '', 0, '', 0, 0, '2019-04-05 09:52:41', 20, 0, NULL),
	('KONS2N0X1812N2EV712NH15591N6X09', 'Saudara.', 'HANS CELL', 3, 'KUDUS', 'KUDUS', NULL, '-', '-', '', 0, '', 0, 0, '2018-12-27 12:15:59', 20, 0, NULL),
	('KONS2N0Y18121T8093426965', 'Bapak.', 'KHOIRUL ANWAR', 3, 'MIJEN', 'KUDUS', NULL, '085290583235', '085290583235', '', 0, '', 0, 0, '2018-12-18 09:34:26', 20, 0, NULL),
	('KONS2NC019L0121S1344441INGL22B9', 'Sdr.', 'Afit', 3, '-', '-', NULL, '-', '-', '', 0, '', 0, 0, '2019-01-21 13:44:44', 25, 0, NULL),
	('KONS2NH01ZIA9030FS90W9241KW71190', 'Sdr.', 'Leny', 3, '-', '-', NULL, '-', '-', '', 0, '', 0, 0, '2019-03-09 09:24:17', 25, 0, NULL),
	('KONS2NJ019Y052909140V7L109KE9', 'Sdr.', 'Dicky', 3, '-', '-', NULL, '-', '-', '', 0, '', 0, 0, '2019-05-29 09:14:07', 25, 0, NULL),
	('KONS2NW0181F1270EPU15E84565Z2', 'Sdr.', 'Ade', 3, '-', '-', NULL, '-', '-', '', 0, '', 0, 0, '2018-11-27 01:58:45', 25, 0, NULL),
	('KONS2NZS01Y9K0315V1O43515670', 'Sdr.', 'Fahrul', 3, 'Kudus', 'Kudus', NULL, '089676226969', '-089676226969', '', 0, '', 0, 0, '2019-03-15 14:35:15', 26, 0, NULL),
	('KONS2O0181031110506HE6H99', 'Bpk.', 'BENYAMIN', 3, 'RONGGOLAWE', 'KUDUS', NULL, '08157605202', '08157605202', '', 0, '', 0, 0, '2018-10-31 11:05:06', 20, 0, NULL),
	('KONS2O0181108S15330H3658', 'Sdr.', 'JANU', 3, 'JL HM SUBHAN ZE NO 50 PURWOSARI', 'KUDUS', NULL, '085712773519', '', '', 0, '', 0, 0, '2018-11-08 15:33:03', 21, 0, NULL),
	('KONS2O0181B2060330P12O1004', 'Sdr.', 'ITA', 3, 'KUDUS', 'KUDUS', NULL, '-', '-', '', 0, '', 0, 0, '2018-12-06 03:30:12', 20, 0, NULL),
	('KONS2O0181N208I06FZ1U4241260', 'Bpk.', 'Lukman', 3, 'Purwosari Sekaran', 'Kudus', NULL, '087833991611', '087833991611', '', 0, '', 0, 0, '2018-12-08 06:14:24', 26, 0, NULL),
	('KONS2O0181PZ1LS24EYL062W314549', 'Sdr.', 'seli', 3, 'kudus', 'kudus', NULL, '-', '', '', 0, '', 0, 0, '2018-11-24 06:23:14', 21, 0, NULL),
	('KONS2O018QN1217105H00TO11064', 'Bapak.', 'H NASRUN GULANG', 3, 'GULANG', 'KUDUS', NULL, '-', '-', '', 0, '', 0, 0, '2018-12-17 10:50:01', 20, 0, NULL),
	('KONS2O018S12171652401449', 'Sdr.', 'Laksono', 3, '-', '-', NULL, '085742778756', '', '', 0, '', 0, 0, '2018-12-17 16:52:40', 25, 0, NULL),
	('KONS2O01904M051707507HF7H3', 'Bapak.', 'TONI BULUNG', 3, 'BULUNG KULON', 'KUDUS', NULL, '085640575156', '085640575156', '', 0, '', 0, 0, '2019-04-05 17:07:50', 20, 0, NULL),
	('KONS2O019D04O10125G61K37DT77', 'Sdr.', 'Anis', 3, '-', '-', NULL, '-', '-', '', 0, '', 0, 0, '2019-04-10 12:56:13', 33, 0, NULL),
	('KONS2O019D0S11116V02251024', 'Sdr.', 'Mas Beni', 3, '-', '-', NULL, '-', '-', '', 0, '', 0, 0, '2019-01-11 16:02:25', 25, 0, NULL),
	('KONS2O01B9CR011VU515434JI389C4C', 'Bapak.', 'Yulis', 3, '-', '-', NULL, '-', '', '', 0, '', 0, 0, '2019-01-15 15:43:43', 25, 0, NULL),
	('KONS2O01M8L111C2A0T2Z28Z3F9823F', 'Sdr.', 'Surya', 3, '-', '-', NULL, '081385073428', '-', '', 0, '', 0, 0, '2018-11-12 02:28:39', 25, 0, NULL),
	('KONS2O01N902G28113AP1QWF511367X', 'Sdr.', 'safitri', 3, 'kudus', 'kudus', NULL, '+62 856-4172-3704', '+62 856-4172-3704', '', 0, '', 0, 0, '2019-02-28 11:31:51', 19, 0, NULL),
	('KONS2O01X902B2P7092952D1300S', 'Saudara.', 'MAHI', 3, 'KUDUS', 'KUDUS', NULL, '-', '-', '', 0, '', 0, 0, '2019-02-27 09:29:52', 20, 0, NULL),
	('KONS2O0R19022612G501BY7119XI9', 'Sdr.', 'ZAKA', 3, 'KUDUS', 'KUDUS', NULL, '-', '', '', 0, '', 0, 0, '2019-02-26 12:50:17', 21, 0, NULL),
	('KONS2O0Z1905E07C11190R57KGIT08P', 'Sdr.', 'KRU Sablon', 3, 'Kudus', 'Kudus', NULL, '-', '-', '', 0, '', 0, 0, '2019-05-07 11:19:05', 26, 0, NULL),
	('KONS2OC0190M424LBH13342I0734', 'Sdr.', 'IKE', 3, 'KUDUS', 'KUDUS', NULL, '-', '-', '', 0, '', 0, 0, '2019-04-24 13:34:20', 20, 0, NULL),
	('KONS2OK01811021WW70AF70Z8J1418', 'Bpk.', 'Rido', 3, 'Jepara', 'kudus', NULL, '085876180823', '085876180823', '', 0, '', 0, 0, '2018-11-02 17:07:08', 14, 0, NULL),
	('KONS2OL018H1A222172541J1T0ZS7X4', 'Sdr.', 'Ali', 3, 'pati', 'Pati', NULL, '-', '-', '', 0, '', 0, 0, '2018-12-22 17:25:41', 26, 0, NULL),
	('KONS2OMK01905K2310WX5L313680', 'Saudara.', 'KRISNA', 3, 'KUDUS', 'KUDUS', NULL, '-', '-', '', 0, '', 0, 0, '2019-05-23 10:53:13', 20, 0, NULL),
	('KONS2OP01A81N2E271700O4H1143W7', 'PT.', 'MANDIRI', 3, 'KUDUS', 'KUDUS', NULL, '-', '-', '', 0, '', 0, 0, '2018-12-27 17:00:41', 20, 0, NULL),
	('KONS2P018AQZA11C26063614D8B21A', 'Sdr.', 'Yanto', 3, 'grogol', 'kudus', NULL, '082328107631', '', '', 0, '', 0, 0, '2018-11-26 06:36:14', 21, 0, NULL),
	('KONS2P018D1107JT1T5282C61226R', 'Sdr.', 'LKP Widi', 3, 'Jl Mayor Basuno No 56', 'Kudus', NULL, '085226412116', '085226412116', '', 0, '', 0, 0, '2018-11-07 15:28:26', 26, 0, NULL),
	('KONS2P018Z10291400241XT23NA1', 'Bpk.', 'EDI', 3, 'KUDUS', 'KUDUS', NULL, '-', '-', '', 0, '-', 0, 0, '2018-10-29 14:00:24', 20, 0, NULL),
	('KONS2P01901E21UL16Y0DZ5398KO67', 'Sdr.', 'Tika', 3, '-', '-', NULL, '-', '-', '', 0, '', 0, 0, '2019-01-21 16:05:39', 25, 0, NULL),
	('KONS2P01903B16171S15B5GS865C', 'Bapak.', 'EDI Caleg', 3, 'Jepara', 'Jepara', NULL, '+62 812-2665-4005', '+62 812-2665-4005', '', 0, '', 0, 0, '2019-03-16 17:11:55', 26, 0, NULL),
	('KONS2P0190402110N0YSN2H1886A', 'Sdr.', 'maulis', 3, 'kudus', 'kudus', NULL, '-', '', '', 0, '', 0, 0, '2019-04-02 11:00:21', 21, 0, NULL),
	('KONS2P01904201M42810489', 'Bpk.', 'Yazid', 3, '-', '-', NULL, '-', '-', '', 0, '', 0, 0, '2019-04-20 14:28:10', 25, 0, NULL),
	('KONS2P01904261UQ452051142', 'Sdr.', 'Dania', 3, 'Kudus', 'Kudus', NULL, '-', '-', '', 0, '', 0, 0, '2019-04-26 14:52:05', 26, 0, NULL),
	('KONS2P0190X3L2M010C03431266', 'Sdr.', 'Candra', 3, '-', '-', NULL, '-', '-', '', 0, '', 0, 0, '2019-03-20 10:03:43', 25, 0, NULL),
	('KONS2P019M02P20O1Q51H34W640H7V', 'Sdr.', 'DEFFA', 3, 'KUDUS', 'KUDUS', NULL, '-', '', '', 0, '', 0, 0, '2019-02-20 15:13:46', 21, 0, NULL),
	('KONS2P01G9040516372G21010B', 'Sdr.', 'AULYA', 3, 'KUDUS', 'KUDUS', NULL, '-', '-', '', 0, '', 0, 0, '2019-04-05 16:37:22', 20, 0, NULL),
	('KONS2P01XRV903J1318O34Z101213', 'Sdr.', 'andreas', 3, 'kudus', 'kudus', NULL, '-', '', '', 0, '', 0, 0, '2019-03-13 18:34:10', 21, 0, NULL),
	('KONS2P0E1GL810311030VG21N11L03', 'Sdr.', 'Musa', 3, 'kudus', 'kudus', NULL, '-', '-', '', 0, '', 0, 0, '2018-10-31 10:30:21', 26, 0, NULL),
	('KONS2P0FSJU190320L1P1HR09235A65', 'Sdr.', 'Haris Mayong', 3, 'Mayong', 'Jepara', NULL, '085803799978', '085803799978', '', 0, '', 0, 0, '2019-03-20 11:09:23', 26, 0, NULL),
	('KONS2P0G1VD90521W1I022181267Q', 'Sdr.', 'Surya', 3, '-', '-', NULL, '082124318367', '082124318367', '', 0, '', 0, 0, '2019-05-21 10:22:18', 33, 0, NULL),
	('KONS2P0LR190221115OAIKZ524825', 'Sdr.', 'Risa', 3, '-', '-', NULL, '-', '-', '', 0, '', 0, 0, '2019-02-21 11:55:24', 25, 0, NULL),
	('KONS2P0P18WU11011257051C017', 'Sdr.', 'sari putri', 3, '-', '-', NULL, '-', '-', '', 0, '', 0, 0, '2018-11-01 12:57:05', 25, 0, NULL),
	('KONS2P0Q1903011333105J50', 'Sdr.', 'dupardi', 3, 'kudus', 'kudus', NULL, '-', '', '', 0, '', 0, 0, '2019-03-01 13:33:10', 21, 0, NULL),
	('KONS2P0W1902231E00DR2551313', 'Bapak.', 'NUNUN', 3, 'KUDUS', 'KUDUS', NULL, '085741569422', '085741569422', '', 0, '', 0, 0, '2019-02-23 10:02:55', 20, 0, NULL),
	('KONS2PAMSU0S1901041044451K5Z3T6', 'Bapak.', 'WAHYU', 3, 'KALIWUNGU', 'kudus', NULL, '-', '082323714792', '', 0, '', 0, 0, '2019-01-04 10:44:45', 20, 0, NULL),
	('KONS2PC018111T7T0513561F13ZJ7', 'Sdr.', 'doni', 3, 'kudus', 'kudus', NULL, '089695222455', '', '', 0, '', 0, 0, '2018-11-17 05:13:56', 21, 0, NULL),
	('KONS2PE01903011Z837001G264', 'Sdr.', 'ngampas', 3, 'kudus', 'kudus', NULL, 'ngampas_280_300x200_rpg_1x', '-', '', 0, '', 0, 0, '2019-03-01 18:37:00', 21, 0, NULL),
	('KONS2PHF01A90J1TE1Z61636471246', 'Bapak.', 'PANDAWA', 3, 'KUDUS', 'KUDUS', NULL, '082138403999', '082138403999', '', 0, '', 0, 0, '2019-01-16 16:36:47', 20, 0, NULL),
	('KONS2PM0I1T9TC0405094N8T2X7597', 'Saudara.', 'RIZKI', 3, 'KUDUS', 'KUDUS', NULL, '085714762778', '085714762778', '', 0, '', 0, 0, '2019-04-05 09:48:27', 20, 0, NULL),
	('KONS2PQ0190H5M041I0294P96A9K0', 'Sdr.', 'jun\'s', 3, 'kudus', 'kudus', NULL, '-', '', '', 0, '', 0, 0, '2019-05-04 10:29:49', 21, 0, NULL),
	('KONS2PW01R811031W5325Q9706', 'Sdr.', 'Eko Dinas', 3, '-', '-', NULL, '-', '-', '', 0, '', 0, 0, '2018-11-03 15:32:59', 25, 0, NULL),
	('KONS2Q0181115Y08J10001370', 'Sdr.', 'TK PERTIWI LORAM WETAN', 3, 'LORAM WETAN', 'KUDUS', NULL, '085740979909', '', '', 0, '', 0, 0, '2018-11-15 08:10:00', 21, 0, NULL),
	('KONS2Q0181N115030521966', 'Bapak.', 'RAHMAN', 3, 'KUDUS', 'KUDUS', NULL, '085200000747', '085200000747', '', 0, '', 0, 0, '2018-11-15 03:05:21', 20, 0, NULL),
	('KONS2Q018LS1112101H553844', 'Sdr.', 'Vanisa', 3, '-', '-', NULL, '085640070642', '-', '', 0, '', 0, 0, '2018-11-12 10:15:53', 25, 0, NULL),
	('KONS2Q01901031V0340W7QN1HKI467', 'Sdr.', 'Saifudin', 3, '-', '-', NULL, '-', '-', '', 0, '', 0, 0, '2019-01-03 10:34:07', 25, 0, NULL),
	('KONS2Q01905AX30133839140O8Q', 'Saudara.', 'ADAFA', 3, 'KUDUS', 'KUDUS', NULL, '-', '-', '', 0, '', 0, 0, '2019-05-30 13:38:39', 20, 0, NULL),
	('KONS2Q019G0HQ305T092S451B8R9A4', 'Bpk.', 'Damsix', 3, '-', '-', NULL, '085200342221', '', '', 0, '', 0, 0, '2019-03-05 09:24:51', 33, 0, NULL),
	('KONS2Q019SNES02271L8023311P0D4T', 'Sdr.', 'andrik', 3, 'kudus', 'kudus', NULL, '-', '', '', 0, '', 0, 0, '2019-02-27 18:02:33', 21, 0, NULL),
	('KONS2Q01L901PD221808AZ33132NBD1V', 'Sdr.', 'ardian', 3, 'kudus', 'kudus', NULL, '-', '', '', 0, '', 0, 0, '2019-01-22 18:08:33', 21, 0, NULL),
	('KONS2Q01V812241121W09778', 'Sdr.', 'RINA', 3, 'KUDUS', 'KUDUS', NULL, '-', '-', '', 0, '', 0, 0, '2018-12-24 11:21:09', 20, 0, NULL),
	('KONS2Q01W811W12023R1561408', 'Bapak.', 'JULIANTO', 3, 'JL GANESA', 'KUDUS', NULL, '081228424474', '081228424474', '', 0, '', 0, 0, '2018-11-12 02:31:56', 20, 0, NULL),
	('KONS2Q0H18102HI9154FQ1W03F867', 'Saudara.', 'YANCE', 3, 'DEMAK', 'DEMAK', NULL, '-', '-', '', 0, '', 0, 0, '2018-10-29 15:41:03', 20, 0, NULL),
	('KONS2Q0T190522VBC1010M161300QO', 'Sdr.', 'Baihaki', 3, '-', '-', NULL, '-', '-', '', 0, '', 0, 0, '2019-05-22 10:10:16', 25, 0, NULL),
	('KONS2Q0U190523104318633', 'Sdr.', 'Bambang setiawan', 3, '-', '-', NULL, '-', '-', '', 0, '', 0, 0, '2019-05-23 10:43:18', 25, 0, NULL),
	('KONS2QAP0190CAZ1Z14134R410H776', 'Sdr.', 'Zadan', 3, '-', '-', NULL, '-', '', '', 0, '', 0, 0, '2019-01-14 13:44:10', 25, 0, NULL),
	('KONS2QBE0181031110715QBI14T84', 'Mrs.', 'Uci', 3, 'Gribig', 'Kudus', NULL, '081326368333', '081326368333', '', 0, '', 0, 0, '2018-10-31 11:07:15', 26, 0, NULL),
	('KONS2QCX0G181D02914055F6902', 'Sdr.', 'sisna', 3, 'kudus', 'kudus', NULL, '085875680991', '', '', 0, '', 0, 0, '2018-10-29 14:05:56', 21, 0, NULL),
	('KONS2QDMJ0181126100252833', 'Sdr.', 'AIS', 3, 'KUDUS', 'KUDUS', NULL, '-', '-', '', 0, '', 0, 0, '2018-11-26 10:02:52', 20, 0, NULL),
	('KONS2QJCQ01905S2E7NH1005421151', 'Bapak.', 'KODIM', 3, 'KUDUS', 'KUDUS', NULL, '08112710047', '08112710047', '', 0, '', 0, 0, '2019-05-27 10:05:42', 20, 0, NULL),
	('KONS2QK0B190228YO111R61O0107LO1', 'Bapak.', 'IYAN', 3, 'KUDUS', 'KUDUS', NULL, '-', '-', '', 0, '', 0, 0, '2019-02-28 11:16:10', 20, 0, NULL),
	('KONS2QS018111R5070850I1403', 'Ibu.', 'IGRA', 3, 'KUDUS', 'KUDUS', NULL, '081326432990', '081326432990', '', 0, '', 0, 0, '2018-11-15 07:08:50', 20, 0, NULL),
	('KONS2QT01812N2K010112E36FJ73', 'Bpk.', 'Abu (T.CO)', 3, '-', '-', NULL, '-', '-', '', 0, '', 0, 0, '2018-12-20 10:11:23', 25, 0, NULL),
	('KONS2QV0181Z106114102NO697', 'Bpk.', 'Fauzi BM2', 3, 'mejobo', 'kudus', NULL, '+62 857-2578-4570', '+62 857-2578-4570', '', 0, '', 0, 0, '2018-11-06 11:41:02', 19, 0, NULL),
	('KONS2R01811140141R581328', 'Bpk.', 'Wisnu', 3, '-', '-', NULL, '085774980660', '-', '', 0, '', 0, 0, '2018-11-14 01:41:58', 25, 0, NULL),
	('KONS2R0190S12912413T2JH1PJF276Z', 'Sdr.', 'annisa', 3, 'kudus', 'kudus', NULL, '-', '', '', 0, '', 0, 0, '2019-01-29 12:41:32', 21, 0, NULL),
	('KONS2R019U032716B4526558K', 'Sdr.', 'trias', 3, 'kudus', 'kudus', NULL, '-', '', '', 0, '', 0, 0, '2019-03-27 16:45:26', 21, 0, NULL),
	('KONS2R01KI90131Z0927FZ3S8PE95F2', 'Sdr.', 'Reni', 3, '-', '-', NULL, '-', '-', '', 0, '', 0, 0, '2019-01-31 09:27:38', 25, 0, NULL),
	('KONS2R01NF8Q11Y2903VB15T1C9R1224', 'Sdr.', 'Raja Cetak', 3, 'jl. kh nurhadi', 'kudus', NULL, '085113342009', '', '', 0, '', 0, 0, '2018-11-29 03:15:19', 21, 0, NULL),
	('KONS2R01QL9030514MF0228H1AJ182', 'Sdr.', 'Markus stiker', 3, '-', '-', NULL, '085225010070', '', '', 0, '', 0, 0, '2019-03-05 14:02:28', 26, 0, NULL),
	('KONS2R0Q1A811V02143N85W21116', 'Sdr.', 'Dani chatering', 3, '-', '-', NULL, '-', '-', '', 0, '', 0, 0, '2018-11-02 14:38:52', 25, 1, 19),
	('KONS2RC0190T31613131179Y4', 'Bpk.', 'Khamdun', 3, 'Kudus', 'Kusu', NULL, '082210412120', '082210412120', '', 0, '', 0, 0, '2019-03-16 13:13:11', 26, 0, NULL),
	('KONS2RK01SWC81T105193W23012Y9H8', 'Bpk.', 'iza', 3, 'gebog', 'kudus', NULL, 'gak usah', '', '', 0, '', 0, 0, '2018-11-05 19:32:30', 21, 0, NULL),
	('KONS2RO01Z81031090H3M161RE16R2', 'Bapak.', 'JK MUBAROK', 3, 'LORAM KULON', 'KUDUS', NULL, '081326750584', '081326750584', '', 0, '', 0, 0, '2018-10-31 09:03:16', 20, 0, NULL),
	('KONS2RQ0181103154BO5591345', 'Mrs.', 'Lia Malicah', 3, 'Jepang', 'Kudus', NULL, '089668284323', '089668284323', '', 0, '', 0, 0, '2018-11-03 15:45:59', 26, 0, NULL),
	('KONS2S01810301005156T99', 'Bpk.', 'aris', 3, 'kudus', 'kudus', NULL, '+62 877-4619-3537', '+62 877-4619-3537', '', 0, '', 0, 0, '2018-10-30 10:05:15', 19, 0, NULL),
	('KONS2S018111011295H2873', 'Ibu.', 'WULAN', 3, 'KUDUS', 'KUDUS', NULL, '081327397641', '081327397641', '', 0, '', 0, 0, '2018-11-10 11:29:52', 20, 0, NULL),
	('KONS2S018S110316D3905T943', 'Sdr.', 'Mirna', 3, '-', 'kudus', NULL, '087735029162', '-', '', 0, '', 0, 0, '2018-11-03 16:39:05', 25, 0, NULL),
	('KONS2S01902131536GN361126', 'Sdr.', 'ARIK', 3, 'KUDUS', 'KUDUS', NULL, '', '', '', 0, '', 0, 0, '2019-02-13 15:36:36', 21, 0, NULL),
	('KONS2S01903281K02037114ZT1', 'Bpk.', 'WISKAR', 3, '-', '-', NULL, '-', '-', '', 0, '', 0, 0, '2019-03-28 10:20:37', 25, 0, NULL),
	('KONS2S01905T0M1101833103G8', 'Sdr.', 'dianing rahayu', 3, 'kudus', 'kudus', NULL, '-', '', '', 0, '', 0, 0, '2019-05-01 10:18:33', 21, 0, NULL),
	('KONS2S0190C3IF0618G02I001X358XAJ', 'Sdr.', 'Joseph', 3, 'Kudus', 'Kudus', NULL, '+62857-4957-1520', '+62857-4957-1520', '', 0, '', 0, 0, '2019-03-06 18:02:00', 26, 0, NULL),
	('KONS2S019RV05LJ100K90D1Q20879', 'Sdr.', 'BPD Getaspejaten', 3, '-', '-', NULL, '085641073023', '085641073023', '', 0, '', 0, 0, '2019-05-10 09:01:20', 25, 0, NULL),
	('KONS2S019X031FW518Y3155V835', 'Bpk.', 'hanafi', 3, 'Kudus', 'Kudus', NULL, '081 328 566 627', '081 328 566 627', '', 0, '', 0, 0, '2019-03-15 18:31:55', 26, 0, NULL),
	('KONS2S01B90420115903965', 'Sdr.', 'ERLINA', 3, 'KUDUS', 'KUDUS', NULL, '-', '-', '', 0, '', 0, 0, '2019-04-20 11:59:03', 20, 0, NULL),
	('KONS2S01C810J3115001F0979', 'Ibu.', 'Yanti', 3, 'Pedawang', 'kudus', NULL, '081237823939', '', '', 0, '', 0, 0, '2018-10-31 15:00:10', 21, 0, NULL),
	('KONS2S01JC90O2N0215I404S81306UB', 'Sdr.', 'Laili', 3, 'Mlati Norowito', 'Kudus', NULL, '-', '-', '', 0, '', 0, 0, '2019-02-02 15:40:48', 26, 0, NULL),
	('KONS2S01O9C0SO11C00953171043', 'Ibu.', 'Sofi', 3, '-', '-', NULL, '082226524340', '082226524340', '', 0, '', 0, 0, '2019-01-10 09:53:17', 25, 0, NULL),
	('KONS2S01Q8M10301232M23843G', 'Mr.', 'Nanung Valibri', 3, 'Lasem', 'Rembang', NULL, '0895391197699', '0895391197699', 'nanungarif96@gmail.com', 0, 'Karyawan Valibri', 0, 0, '2018-10-30 12:32:23', 26, 0, NULL),
	('KONS2S0D190509HH114845623', 'Sdr.', 'Endi', 3, 'Kudus', 'Kudus', NULL, '-', '-', '', 0, '', 0, 0, '2019-05-09 11:48:45', 26, 0, NULL),
	('KONS2S0G1811P011Q82L2HFN221J005R', 'Sdr.', 'edi kartika', 3, 'perum sumber indah 3', 'KUDUS', NULL, '085679549560', '', '', 0, '', 0, 0, '2018-11-01 18:22:22', 21, 0, NULL),
	('KONS2S0H19PN04I051605G1859W2', 'Saudara.', 'AGUS SETIAWAN', 3, 'KUDUS', 'KUDUS', NULL, '089637453745', '089637453745', '', 0, '', 0, 0, '2019-04-05 16:05:18', 20, 0, NULL),
	('KONS2S0Q190T308X1402041170', 'Bapak.', 'NURSAM', 3, 'KUDUS', 'KUDUS', NULL, '085226354821', '085226354821', '', 0, '', 0, 0, '2019-03-08 14:02:04', 20, 0, NULL),
	('KONS2S0V181G031LS1P004N32JQ900', 'Bapak.', 'RUMAH MADU', 3, 'RUMAH MADU', 'KUDUS', NULL, '08562730700', '08562730700', '', 0, '', 0, 0, '2018-10-31 10:04:32', 20, 0, NULL),
	('KONS2SG0WRW19040215G5158474R', 'Sdr.', 'Teresia', 3, 'Kudus', 'Kudus', NULL, '-', '-', '', 0, '', 0, 0, '2019-04-02 15:51:58', 26, 0, NULL),
	('KONS2SU0F1T8110B311F480B71X6G05', 'Saudara.', 'HABIB', 3, 'PURWOSARI', 'KUDUS', NULL, '085641264505', '085641264505', '', 0, '', 0, 0, '2018-11-03 11:48:07', 20, 0, NULL),
	('KONS2SX019030515G5CJT40AIM21L429', 'Sdr.', 'KRISTIN', 3, 'KUDUS', 'KUDUS', NULL, '-', '-', '', 0, '', 0, 0, '2019-03-05 15:54:02', 20, 0, NULL),
	('KONS2SY0XPX1HS811EJP03111951744', 'Bapak.', 'Frans', 3, 'Singo Candi', 'Kudus', NULL, '081228529646', '081228529646', '', 0, '', 0, 0, '2018-11-03 11:19:51', 26, 0, NULL),
	('KONS2T018M1N11ZF2O034WEV204L535', 'Bpk.', 'Noor Akhadi', 3, '-', '-', NULL, '-', '-', '', 0, '', 0, 0, '2018-11-12 03:42:04', 25, 0, NULL),
	('KONS2T018X12281X75549H81Y7', 'Sdr.', 'Dias', 3, 'salam asri', 'kudus', NULL, '-', '-', '', 0, '', 0, 0, '2018-12-28 17:55:49', 26, 0, NULL),
	('KONS2T019020617171359H6', 'Sdr.', 'Oke', 3, '-', '-', NULL, '-', '-', '', 0, '', 0, 0, '2019-02-06 17:17:13', 25, 0, NULL),
	('KONS2T01904X10114P3061320', 'Ibu.', 'KIKI', 3, 'KUDUS', 'KUDUS', NULL, '085266757533', '085266757533', '', 0, '', 0, 0, '2019-04-10 11:43:06', 20, 0, NULL),
	('KONS2T01905H251R5L413W7843ZJ', 'Sdr.', 'Heni Mahar', 3, 'Kudus', 'Kudus', NULL, '-', '-', '', 0, '', 0, 0, '2019-05-25 15:41:37', 26, 0, NULL),
	('KONS2T0190Q1081M22901745', 'Sdr.', 'Khoir', 3, 'Kudus', 'Kudus', NULL, '-', '-', '', 0, '', 0, 0, '2019-01-08 12:29:01', 26, 0, NULL),
	('KONS2T019L041J317093FN1CQ5H32ZA', 'Sdr.', 'fian', 3, 'kudus', 'kudus', NULL, '-', '', '', 0, '', 0, 0, '2019-04-13 17:09:31', 21, 0, NULL),
	('KONS2T01E90VU3271107RA46FKX9G35', 'Saudara.', 'YOGA MEGAWON', 3, 'MEGAWON', 'KUDUS', NULL, '085643787535', '085643787535', '', 0, '', 0, 0, '2019-03-27 11:07:46', 20, 0, NULL),
	('KONS2T01IS905G04142D602D1OZ266', 'Saudara.', 'MUSTAFID', 3, 'KUDUS', 'KUDUS', NULL, '085218668205', '085218668205', '', 0, '', 0, 0, '2019-05-04 14:26:02', 20, 0, NULL),
	('KONS2T0C18J111Y3020C5L44991', 'Sdr.', 'Dyah', 3, 'demak', 'Demak', NULL, '+62 821-3573-5820', '+62 821-3573-5820', '', 0, '', 0, 0, '2018-11-13 02:05:44', 19, 0, NULL),
	('KONS2T0N19S031314555293F9', 'Saudara.', 'PRADANDA', 3, 'KUDUS', 'KUDUS', NULL, '-', '-', '', 0, '', 0, 0, '2019-03-13 14:55:52', 20, 0, NULL),
	('KONS2T0O190Q216PP11300J89D12', 'Sdr.', 'Sasmi', 3, '-', '-', NULL, '-', '-', '', 0, '', 0, 0, '2019-02-16 11:30:08', 25, 0, NULL),
	('KONS2T0SJ181V1D061342231M298', 'Sdr.', 'echa mayong', 3, 'mayong', 'mayong', NULL, '+62 851-1332-3400', '+62 851-1332-3400', '', 0, '', 0, 0, '2018-11-06 13:42:23', 19, 0, NULL),
	('KONS2T0Z18Y1Q115094639XJ1187', 'Bapak.', 'YAKI', 3, 'KUDUS', 'KUDUS', NULL, '-', '-', '', 0, '', 0, 0, '2018-11-15 09:46:39', 20, 0, NULL),
	('KONS2TB01811130709471135V', 'Sdr.', 'Epafras', 3, '-', '-', NULL, '089669641023', '-', '', 0, '', 0, 0, '2018-11-13 07:09:47', 25, 0, NULL),
	('KONS2TI01XY812050346571444', 'Ibu.', 'Liana', 3, 'kudus', 'kudus', NULL, '081225742500', '081225742500', '', 0, '', 0, 0, '2018-12-05 03:46:57', 19, 0, NULL),
	('KONS2TT0A1901G1612IK4137N1L453JF', 'Sdr.', 'SUPRI', 3, 'KUDUS', 'KUDUS', NULL, '081568454984', '', '', 0, '', 0, 0, '2019-01-16 12:41:37', 21, 0, NULL),
	('KONS2TZRZ0E1G811M08155S71U71075', 'Saudara.', 'RIKO', 3, 'KUDUS', 'KUDUS', NULL, '-', '-', '', 0, '', 0, 0, '2018-11-08 15:57:17', 20, 0, NULL),
	('KONS2U01811101M2P0D842576UQ', 'Saudara.', 'HAIDAR', 3, 'KUDUS', 'KUDUS', NULL, '-', '-', '', 0, '', 0, 0, '2018-11-10 12:08:42', 20, 0, NULL),
	('KONS2U01811O26K07393X778A7', 'Saudara.', 'AUDI', 3, 'KUDUS', 'KUDUS', NULL, '-', '-', '', 0, '', 0, 0, '2018-11-26 07:39:37', 20, 0, NULL),
	('KONS2U0181M1031Y6212714BP34', 'Bpk.', 'Kusuma RSUD', 3, '-', 'kudus', NULL, '-', '-', '', 0, '', 0, 0, '2018-11-03 16:21:27', 25, 0, NULL),
	('KONS2U018B11RX1W7064T243141B2', 'Saudara.', 'YUNUS', 3, 'KRAMAT', 'KUDUS', NULL, '08891311744', '08891311744', '', 0, '', 0, 0, '2018-11-17 06:42:43', 20, 0, NULL),
	('KONS2U018DZ1227V14Y25J1614G02HJC', 'Sdr.', 'Tiyar', 3, '-', '-', NULL, '082133047252', '082133047252', '', 0, '', 0, 0, '2018-12-27 14:25:16', 25, 0, NULL),
	('KONS2U01901221004101356E', 'Sdr.', 'Finishing Valibri', 3, 'Melati', 'Kudus', NULL, '089655581089', '089655581089', '', 0, '', 0, 0, '2019-01-22 10:04:10', 14, 0, NULL),
	('KONS2U01903251D33953966', 'Bpk.', 'AJI TEMULUS', 3, 'TEMULUS', 'KUDUS', NULL, '085640605499', '085640605499', '', 0, '', 0, 0, '2019-03-25 13:39:53', 20, 0, NULL),
	('KONS2U019040111485912W80', 'Sdr.', 'Afif Fakhruddin', 3, 'jepara', 'jepara', NULL, '085865421934', '085865421934', '', 0, '', 0, 0, '2019-04-01 11:48:59', 18, 0, NULL),
	('KONS2U0190U202092JGYR5551054', 'Saudara.', 'NOVAL', 3, 'KUDUS', 'KUDUS', NULL, '085870250004', '085870250004', '', 0, '', 0, 0, '2019-02-02 09:25:55', 20, 0, NULL),
	('KONS2U019OW0A20U8T10495Y81XB342', 'Ibu.', 'siwi utami', 3, 'kudus', 'kudus', NULL, '', '', '', 0, '', 0, 0, '2019-02-08 10:49:58', 21, 0, NULL),
	('KONS2U01I9B0S4H15115UB1131113', 'Bapak.', 'UDIN', 3, 'KUDUS', 'KUDUS', NULL, '085799739393', '085799739393', '', 0, '', 0, 0, '2019-04-15 11:51:13', 20, 0, NULL),
	('KONS2U01Q811BM1306530Q7CXNSZ1276', 'Ibu.', 'DEWI', 3, 'SUNAN MURIA', 'KUDUS', NULL, '081288369491', '081288369491', '', 0, '', 0, 0, '2018-11-13 06:53:07', 20, 0, NULL),
	('KONS2U01SP8Z11160F229H3H11111', 'Bpk.', 'JenengMu', 3, 'kudus', 'kudus', NULL, '-', '-', '', 0, '', 0, 0, '2018-11-16 02:29:31', 19, 0, NULL),
	('KONS2U01T904020H938506J1R2A', 'Sdr.', 'Devi', 3, '-', '-', NULL, '-', '-', '', 0, '', 0, 0, '2019-04-02 09:38:50', 25, 0, NULL),
	('KONS2U0I1812121545101136', 'Ibu.', 'INDI', 3, 'KUDUS', 'KUDUS', NULL, '-', '-', '', 0, '', 0, 0, '2018-12-12 15:45:10', 20, 0, NULL),
	('KONS2U0L1903R25151V90949P1', 'Sdr.', 'Rifda', 3, 'Kudus', 'Kudus', NULL, '-', '-', '', 0, '', 0, 0, '2019-03-25 15:19:09', 26, 0, NULL),
	('KONS2U0S18N1O227C1152038D02', 'Sdr.', 'cipto mlatinorowito', 3, 'mlatinorowito', 'kudus', NULL, '082245900088', '', '', 0, '', 0, 0, '2018-12-27 11:52:03', 21, 0, NULL),
	('KONS2U0V19042LA216VH50PS3211J90', 'Saudara.', 'HMJM', 3, 'KUDUS', 'KUDUS', NULL, '082134685782', '082134685782', '', 0, '', 0, 0, '2019-04-22 16:50:32', 20, 0, NULL),
	('KONS2U0W18Z11071I44736841', 'Saudara.', 'HENDRO', 3, 'MLATI', 'KUDUS', NULL, '08995630492', '08995630492', '', 0, '', 0, 0, '2018-11-07 14:47:36', 20, 0, NULL),
	('KONS2UB018122X0144HR836811', 'Bpk.', 'ANTON', 3, 'KUDUS', 'KUDUS', NULL, '-', '', '', 0, '', 0, 0, '2018-12-20 14:48:36', 21, 0, NULL),
	('KONS2UG0190308W14LV30285L3HB4', 'Saudara.', 'ALVIAN', 3, 'KUDUS', 'KUDUS', NULL, '085641317010', '085641317010', '', 0, '', 0, 0, '2019-03-08 14:30:28', 20, 0, NULL),
	('KONS2UJ01KK8103114D3J5LH156M91Z', 'Bapak.', 'AYIK', 3, 'MEGAWON', 'KUDUS', NULL, '081390722777', '081390722777', '', 0, '', 0, 0, '2018-10-31 14:35:15', 20, 0, NULL),
	('KONS2UL019I0L5210951531178', 'Saudara.', 'VIAN', 3, 'KUDUS', 'KUDUS', NULL, '082245228085', '082245228085', '', 0, '', 0, 0, '2019-05-21 09:51:53', 20, 0, NULL),
	('KONS2UP0190510R1DK540A28OS97XX8', 'Sdr.', 'BIHAN', 3, 'KUDUS', 'KUDUS', NULL, '-', '-', '', 0, '', 0, 0, '2019-05-10 15:40:28', 20, 0, NULL),
	('KONS2US0190D325150546KL932', 'Bpk.', 'Noor Fais', 3, '-', '-', NULL, '0895384886821', '-', '', 0, '', 0, 0, '2019-03-25 15:05:46', 25, 0, NULL),
	('KONS2V018111WU2J1034M11604EO', 'Sdr.', 'Martina', 3, 'Kudus', 'KUDUS', NULL, '-', '-', '', 0, '', 0, 0, '2018-11-12 10:34:11', 26, 0, NULL),
	('KONS2V0181E1A071058021202', 'Saudara.', 'NENDRA', 3, 'KUDUS', 'KUDUS', NULL, '-', '-', '', 0, '', 0, 0, '2018-11-07 10:58:02', 20, 0, NULL),
	('KONS2V0181V123SYVH095C1F071368', 'Bapak.', 'DIKA JEPARA', 3, 'JEPARA', 'JEPARA', NULL, '082137169993', '082137169993', '', 0, '', 0, 0, '2018-11-23 09:51:07', 20, 0, NULL),
	('KONS2V018E11Z29042L751605', 'Bapak.', 'BASIR', 3, 'KUDUS', 'KUDUS', NULL, '-', '-', '', 0, '', 0, 0, '2018-11-29 04:27:51', 20, 0, NULL),
	('KONS2V0190206S14YY121B91V071', 'Sdr.', 'Petra', 3, 'Kudus', 'Kudus', NULL, '-', '-', '', 0, '', 0, 0, '2019-02-06 14:12:19', 26, 0, NULL),
	('KONS2V0190213113645L980', 'Ibu.', 'RODEX', 3, 'KUDUS', 'KUDUS', NULL, '081390280446', '081390280446', '', 0, '', 0, 0, '2019-02-13 11:36:45', 20, 0, NULL),
	('KONS2V01902B18Z16B385912Y63FD', 'Saudara.', 'FAUZUL', 3, 'KUDUS', 'KUDUS', NULL, '085819014865', '085819014865', '', 0, '', 0, 0, '2019-02-18 16:38:59', 20, 0, NULL),
	('KONS2V01903131200N34836', 'Bpk.', 'HERI TEPOS', 3, 'JEPARA', 'JEPARA', NULL, '08122801478', '08122801478', '', 0, '', 0, 0, '2019-03-13 12:00:34', 20, 0, NULL),
	('KONS2V019052011210066ZU7', 'Sdr.', 'Arif', 3, '-', '-', NULL, '-', '-', '', 0, '', 0, 0, '2019-05-20 11:21:00', 25, 0, NULL),
	('KONS2V019052U71A4122813N8S1K', 'Sdr.', 'Buya', 3, '-', '-', NULL, '-', '-', '', 0, '', 0, 0, '2019-05-27 14:12:28', 25, 0, NULL),
	('KONS2V019T0C1I11OV1024O2X4118T1', 'Bapak.', 'PUGUH', 3, 'MEJOBO', 'KUDUS', NULL, '081332181253', '081332181253', '', 0, '', 0, 0, '2019-01-11 10:24:24', 20, 0, NULL),
	('KONS2V01CAUW9021BC2JX115S145993', 'Sdr.', 'nizar', 3, 'kudus', 'kudus', NULL, '-', '', '', 0, '', 0, 0, '2019-02-12 11:51:45', 21, 0, NULL),
	('KONS2V01S9X05Y081648277L52', 'Sdr.', 'AINU Steril', 3, 'Kudus', 'Kudus', NULL, '-', '-', '', 0, '', 0, 0, '2019-05-08 16:48:27', 26, 0, NULL),
	('KONS2V0A1811U21034911V867', 'Sdr.', 'idris', 3, 'getaspejaten', 'kudus', NULL, '088227865182', '', '', 0, '', 0, 0, '2018-11-21 03:49:11', 21, 0, NULL),
	('KONS2V0C1HF90114AJA0945A3T51069R', 'Ibu.', 'Kristina', 3, '-', '-', NULL, '085225431972', '', '', 0, '', 0, 0, '2019-01-14 09:45:35', 25, 0, NULL),
	('KONS2V0QCLFA1905251259211I313', 'Sdr.', 'CHANTIQA', 3, 'KUDUS', 'KUDUS', NULL, '082331500705', '', '', 0, '', 0, 0, '2019-05-25 12:59:21', 21, 0, NULL),
	('KONS2V0X1D905131N42I2N168ZX4PA1', 'Bpk.', 'Cucun', 3, '-', '-', NULL, '-', '-', '', 0, '', 0, 0, '2019-05-13 14:22:16', 33, 0, NULL),
	('KONS2VAXF01G81K10310E31061528', 'Sdr.', 'Teguh', 3, 'Lasem', 'Rembang', NULL, '-', '-', '', 0, '', 0, 0, '2018-11-03 10:31:06', 26, 0, NULL),
	('KONS2VHZT0A1811U0110Q4Q109724', 'Bpk.', 'Riyadi', 3, 'Mlati', 'Kudus', NULL, '', '', '', 0, '', 0, 0, '2018-11-01 10:41:09', 26, 0, NULL),
	('KONS2VTV01WY811N0810V160S21425', 'Ibu.', 'Rahayu', 3, '-', '-', NULL, '082322000518', '082322000518', '', 0, '', 0, 0, '2018-11-08 10:16:02', 25, 0, NULL),
	('KONS2VU0190205CK1527206II22H', 'Sdr.', 'Aknes', 3, '-', '-', NULL, '-', '-', '', 0, '', 0, 0, '2019-02-05 15:27:20', 25, 0, NULL),
	('KONS2VV0F181109J10ZT31N5A91349', 'Sdr.', 'LARAS', 3, 'MEGAWON', 'KUDUS', NULL, '0895414597208', '0895414597208', '', 0, '', 0, 0, '2018-11-09 10:31:59', 20, 0, NULL),
	('KONS2VX019S0131P112JR74M0137A7', 'Sdr.', 'Delpi', 3, '+62 856-4332-2567', 'Kudus', NULL, '+62 856-4332-2567', '+62 856-4332-2567', '', 0, '', 0, 0, '2019-01-31 11:27:40', 14, 0, NULL),
	('KONS2W018121P318K491M06B78Y', 'Sdr.', 'Ahsin', 3, 'Kaliwungu', 'Kudus', NULL, '081391724772', '081391724772', '', 0, '', 0, 0, '2018-12-13 18:49:10', 26, 0, NULL),
	('KONS2W018EI1IN02P9134N20112T7P1', 'Bpk.', 'irsyat', 3, 'pedawang', 'kudus', NULL, '+62 853-8524-6162', '+62 853-8524-6162', 'makrufirsyad@gmail.com', 0, 'bergabung  jadi reseller sejak 26 november 2016', 0, 200000, '2018-10-29 13:42:01', 19, 0, NULL),
	('KONS2W019M0502W1729331052', 'Sdr.', 'Baktiar', 3, 'Kudus', 'Kudus', NULL, '-', '-', '', 0, '', 0, 0, '2019-05-02 17:29:33', 26, 0, NULL),
	('KONS2W01ILDX9A03S0616T3938102A1', 'Sdr.', 'HIRA', 3, 'KUDUS', 'KUDUS', NULL, '089 699 140 412', '', '', 0, '', 0, 0, '2019-03-06 16:39:38', 21, 0, NULL),
	('KONS2W01M81105153032UY7C0O7', 'PT.', 'JALECA', 3, 'KUDUS', 'KUDUS', NULL, '-', '-', '', 0, '', 0, 0, '2018-11-05 15:30:32', 20, 0, NULL),
	('KONS2W01T9O0FUD52511U4P21G6742E', 'Ibu.', 'NOVI PLOSO', 3, 'PLOSO', 'KUDUS', NULL, '081228038847', '081228038847', '', 0, '', 0, 0, '2019-05-25 11:42:16', 20, 0, NULL),
	('KONS2W0AHM1B8L11280422LW09F14Y84', 'Sdr.', 'ANDRI', 3, 'KUDUS', 'KUDUS', NULL, '085851549638', '', '', 0, '', 0, 0, '2018-11-28 04:22:09', 21, 0, NULL),
	('KONS2W0C1903I211T4G12P061B2NF49', 'Bpk.', 'Nur Akhwan', 3, '-', '-', NULL, '-', '-', '', 0, '', 0, 0, '2019-03-21 14:12:06', 25, 0, NULL),
	('KONS2W0LUJ18122A01N4NF04021343B', 'Bapak.', 'endi', 3, '-', '-', NULL, '-', '-', '', 0, '', 0, 0, '2018-12-20 14:04:02', 25, 0, NULL),
	('KONS2W0V1I8F11U070947M078K06', 'Sdr.', 'MIA M', 3, 'KUDUS', 'KUDUS', NULL, '-', '-', '', 0, '', 0, 0, '2018-11-07 09:47:07', 20, 0, NULL),
	('KONS2W0WO1903290V9G16B0VI230VW6', 'Ibu.', 'FEBTI', 3, 'KUDUS', 'KUDUS', NULL, '-', '-', '', 0, '', 0, 0, '2019-03-29 09:16:02', 20, 0, NULL),
	('KONS2WGOS0O190114U1V640J339E9C6', 'Ibu.', 'NAFSIAH', 3, 'KUDUS', 'KUDUS', NULL, '-', '-', '', 0, '', 0, 0, '2019-01-14 16:40:33', 20, 0, NULL),
	('KONS2WI019A03I0416G3OJ13688SQZ0', 'Saudara.', 'HIDAYAT', 3, 'KUDUS', 'KUDUS', NULL, '08119939913', '081325390937', '', 0, '', 0, 0, '2019-03-04 16:31:36', 20, 0, NULL),
	('KONS2WN019C04H22G09V2835636', 'Bpk.', 'Suyitno', 3, '-', '-', NULL, '-', '08122879239', '', 0, '', 0, 0, '2019-04-22 09:28:35', 25, 0, NULL),
	('KONS2WW018120CE8M03001BLN1966', 'Sdr.', 'irma', 3, 'kudus', 'kudus', NULL, '085877814940', '', '', 0, '', 0, 0, '2018-12-08 03:00:11', 21, 0, NULL),
	('KONS2WW019IS03X23Q1056R5098C2', 'Sdr.', 'iim', 3, 'jepang mjobo', 'kudus', NULL, '-', '', '', 0, '', 0, 0, '2019-03-23 10:56:50', 21, 0, NULL),
	('KONS2WY01812080T230141489', 'Sdr.', 'Puji', 3, '-', '-', NULL, '-', '-', '', 0, '', 0, 0, '2018-12-08 02:30:14', 25, 0, NULL),
	('KONS2X0181101190M4FM561600E', 'Sdr.', 'Naila', 3, 'kudus', 'kudus', NULL, '08991561867', '', '', 0, '', 0, 0, '2018-11-01 19:04:56', 21, 0, NULL),
	('KONS2X0181228154R0VO3Z11212', 'Sdr.', 'makrus', 3, 'jepara', 'jepara', NULL, '085225010070', '', '', 0, '', 0, 0, '2018-12-28 15:40:31', 21, 0, NULL),
	('KONS2X01812CH2C91129E0P890C1', 'Sdr.', 'Silfi valibri', 3, 'ngemplak menawan', 'kudus', NULL, '-', '-', '', 0, 'karyawan', 0, 0, '2018-12-29 11:29:08', 25, 0, NULL),
	('KONS2X01905201536T26QN1F310', 'Sdr.', 'agus nuratman', 3, 'kudus', 'kudus', NULL, '-', '', '', 0, '', 0, 0, '2019-05-20 15:36:26', 21, 0, NULL),
	('KONS2X0190N10P81O526151D40MIO7N', 'Sdr.', 'Martino', 3, 'SMA 1 Kudus', 'Kudus', NULL, '-', '-', '', 0, '', 0, 0, '2019-01-08 15:26:15', 26, 0, NULL),
	('KONS2X019V0520G1K00319W813', 'Bpk.', 'Riski Laundry', 3, '-', '-', NULL, '-', '-', '', 0, '', 0, 0, '2019-05-20 10:03:19', 25, 0, NULL),
	('KONS2X01OM81121T04W54151282', 'Sdr.', 'Mutia', 3, '-', '-', NULL, '-', '-', '', 0, '', 0, 0, '2018-11-21 04:54:15', 25, 0, NULL),
	('KONS2X01P811140Z72212B615D', 'Sdr.', 'wafda', 3, 'mlati kidul', 'kudus', NULL, 'gak usah di kasih', '', '', 0, '', 0, 0, '2018-11-14 07:22:12', 21, 0, NULL),
	('KONS2X01R90413EO1A318481013T', 'Sdr.', 'Zuliana', 3, 'Kudus', 'Kudus', NULL, '-', '-', '', 0, '', 0, 0, '2019-04-13 13:18:48', 26, 0, NULL),
	('KONS2X01T811P02BA10EG40441F292', 'PT.', 'Sukun', 3, '-', '-', NULL, '-', '-', '', 0, '', 0, 0, '2018-11-02 10:40:44', 25, 0, NULL),
	('KONS2X0AP1812181P112R091M069', 'PT.', 'MNM', 3, 'Kudus', 'Kudus', NULL, '082313511825', '082313511825', '', 0, '', 0, 0, '2018-12-18 11:12:09', 26, 0, NULL),
	('KONS2X0AQ1811011429VZ1O5858', 'Sdr.', 'Wibowo', 3, '-', '-', NULL, '-', '-', '', 0, '', 0, 0, '2018-11-01 14:29:15', 25, 0, NULL),
	('KONS2X0M1QB90327G1VLB554V06977', 'Sdr.', 'LAILA', 3, 'KUDUS', 'KUDUS', NULL, '085952869199', '085952869199', '', 0, '', 0, 0, '2019-03-27 15:54:06', 20, 0, NULL),
	('KONS2X0R1903200958E02E11WDK92', 'Sdr.', 'Zaki', 3, '-', '-', NULL, '-', '-', '', 0, '', 0, 0, '2019-03-20 09:58:02', 25, 0, NULL),
	('KONS2X0VJ18J1OSC215122P1J23637A', 'Sdr.', 'KARUNIA', 3, 'GETAS PEJATEN', 'KUDUS', NULL, '081574471818', '', '', 0, '', 0, 0, '2018-12-15 12:21:23', 21, 0, NULL),
	('KONS2X0W181114A055D8371EY390', 'Bpk.', 'modin', 3, 'golan tepus', 'kudus', NULL, '082137487794', '082137487794', '', 0, '', 0, 0, '2018-11-14 05:58:37', 20, 0, NULL),
	('KONS2XBA01YV905161605371HQQ44P8', 'Sdr.', 'Izam', 3, '-', '-', NULL, '-', '-', '', 0, '', 0, 0, '2019-05-16 16:05:37', 25, 0, NULL),
	('KONS2XH01901K03FH1FI61954OM1134B', 'PT.', 'PURA DEKORINDO', 3, 'KUDUS', 'KUDUS', NULL, '-', '-', '', 0, '', 0, 0, '2019-01-03 16:19:54', 20, 0, NULL),
	('KONS2XS0UJ19LA02011325V0A4727', 'Bpk.', 'Alfida', 3, 'Gajah', 'Kudus', NULL, '085325438438', '085325438438', '', 0, '', 0, 0, '2019-02-01 13:25:04', 26, 0, NULL),
	('KONS2Y01811031515Q431138', 'Sdr.', 'adib', 3, 'kudus', 'kudus', NULL, 'gakusah', '', '', 0, '', 0, 0, '2018-11-03 15:15:43', 21, 0, NULL),
	('KONS2Y01812041O02731816', 'Bpk.', 'Amin gpdi', 3, 'kudus', 'kudus', NULL, '087833622512', '', '', 0, '', 0, 0, '2018-12-04 10:27:31', 21, 0, NULL),
	('KONS2Y018121214JH52E1Y01588FF', 'Bpk.', 'Luluk', 3, 'Jepara', 'Jepara', NULL, '-', '-', '', 0, '', 0, 0, '2018-12-12 14:52:10', 26, 0, NULL),
	('KONS2Y018121510RFRD06331403', 'Sdr.', 'Iskandar', 3, 'gammahepsi', 'bekasi', NULL, '08121991545', '', '', 0, '', 0, 0, '2018-12-15 10:06:33', 21, 0, NULL),
	('KONS2Y018121KHY1N1042091T44E2W', 'Ibu.', 'zahra', 3, 'kudus', 'kudus', NULL, '085713132688', '', '', 0, '', 0, 0, '2018-12-11 10:42:09', 21, 0, NULL),
	('KONS2Y0181H1V031S64808657', 'Sdr.', 'GILANG', 3, 'KIRIG MEJOBO', 'KUDUS', NULL, '081523648134', '', '', 0, '', 0, 0, '2018-11-03 16:48:08', 21, 0, NULL),
	('KONS2Y018X1227Y17Z04X4610MOG57D', 'Sdr.', 'Puspa', 3, 'Menawan Merak', 'Demak', NULL, '087887427903', '087887427903', '', 0, '', 0, 0, '2018-12-27 17:04:46', 26, 0, NULL),
	('KONS2Y0190125155P33P8UR1261', 'Sdr.', 'ulwan hakim', 3, 'kudus', 'kudus', NULL, '081392911111', '', '', 0, '', 0, 0, '2019-01-25 15:53:38', 21, 0, NULL),
	('KONS2Y0190A1BK0Y9PF122834F12B66U', 'Bpk.', 'joko susilo', 3, 'mlati kidul', 'kudus', NULL, '0895416102466', '0895416102466', '', 0, '', 0, 0, '2019-01-09 12:28:34', 19, 0, NULL),
	('KONS2Y019C01091HD515551455T', 'Bpk.', 'Hanif SMP 1 Jekulo', 3, 'SMP 1 Jekulo', 'Kudus', NULL, '089682006178', '089682006178', '', 0, '', 0, 0, '2019-01-09 15:15:55', 26, 0, NULL),
	('KONS2Y019I01221BI301V2513X2LP5', 'Sdr.', 'muhammad', 3, 'kudus', 'kudus', NULL, '-', '', '', 0, '', 0, 0, '2019-01-22 13:01:25', 21, 0, NULL),
	('KONS2Y019MGG030Q6X184619860', 'Sdr.', 'SELERA PERSADA', 3, 'DAMAAN', 'KUDUS', NULL, '085879639769', '', '', 0, '', 0, 0, '2019-03-06 18:46:19', 21, 0, NULL),
	('KONS2Y01Q812O1105FR3U229S1206EQ', 'Sdr.', 'Dalila', 3, 'dawe', 'kudus', NULL, '087700024119', '', '', 0, '', 0, 0, '2018-12-11 05:32:29', 21, 0, NULL),
	('KONS2Y01Y9010R2K0919XQ54749', 'Sdr.', 'Lia Jaya (Pak nor salim)', 3, '-', '-', NULL, '085327328789', '-', '', 0, '', 0, 0, '2019-01-02 09:19:54', 25, 0, NULL),
	('KONS2Y0DW1B8JF1Q2LM07092308961D', 'Sdr.', 'dibyo', 3, 'kudus', 'kudus', NULL, '-', '', '', 0, '', 0, 0, '2018-12-07 09:23:08', 21, 0, NULL),
	('KONS2Y0G1901W151220EU5P31010', 'Sdr.', 'ID laundry', 3, 'Getas Pejaten', 'Kudus', NULL, '08122854737', '08122854737', '', 0, '', 0, 0, '2019-01-15 12:20:53', 26, 0, NULL),
	('KONS2YC0190CD11EA7JRK15505S0643', 'Sdr.', 'UMI', 3, 'KUDUS', 'KUDUS', NULL, '-', '085869705597', '', 0, '', 0, 0, '2019-01-17 15:50:50', 20, 0, NULL),
	('KONS2YGVF0W190325PV14K5734816', 'Ib.', 'DIANA', 3, 'KUDUS', 'KUDUS', NULL, '082324585345', '082324585345', '', 0, '', 0, 0, '2019-03-25 14:57:34', 20, 0, NULL),
	('KONS2YU01FZ91216Z2R21Q0L16490', 'Bpk.', 'andsky', 2, 'asasasdf', 'tanjungpinang', NULL, '', '', '', 0, '', 0, 0, '2019-12-16 22:10:16', 1, 0, NULL),
	('KONS2YV018O111FN911V563I2824', 'Sdr.', 'mai', 3, 'kudus', 'kudus', NULL, '-', '', '', 0, '', 0, 0, '2018-11-19 11:56:32', 21, 0, NULL),
	('KONS2Z0181029H120220886', 'Bpk.', 'Thorik', 3, 'jepang pakis', 'kudus', NULL, '-', '-', '', 0, '', 0, 0, '2018-10-29 12:02:20', 25, 0, NULL),
	('KONS2Z018110612VH4102639L', 'Sdr.', 'Udi', 3, 'kudus', 'kudus', NULL, '081329651424', '', '', 0, '', 0, 0, '2018-11-06 12:41:02', 21, 0, NULL),
	('KONS2Z018110S81651BK30X4AL87W', 'Sdr.', 'Rara', 3, '-', '-', NULL, '-', '-', '', 0, '', 0, 0, '2018-11-08 16:51:30', 25, 0, NULL),
	('KONS2Z018110Z8140O00711EPN66', 'Sdr.', 'brilian', 3, 'Klaling Kauman rt4/2', 'KUDUS', NULL, '089507092876', '', '', 0, '', 0, 0, '2018-11-08 14:00:07', 21, 0, NULL),
	('KONS2Z01812A04055C7341113', 'Sdr.', 'Nasya', 3, 'Kudus', 'Kudus', NULL, '-', '-', '', 0, '', 0, 0, '2018-12-04 05:57:34', 26, 0, NULL),
	('KONS2Z01812A0504OJ105360GXA3', 'Sdr.', 'Yunolva', 3, 'SMA 1 kudus', 'Kudus', NULL, '085257781933', '085257781933', '', 0, '', 0, 0, '2018-12-05 04:10:53', 26, 0, NULL),
	('KONS2Z01903FR2715I092611V65', 'Sdr.', 'zainur', 3, 'kudus', 'kudus', NULL, '-', '', '', 0, '', 0, 0, '2019-03-27 15:09:26', 21, 0, NULL),
	('KONS2Z0190513L1S5F05C3PS410BS93E', 'Sdr.', 'Arum', 3, '-', '-', NULL, '-', '-', '', 0, '', 0, 0, '2019-05-13 15:05:34', 25, 0, NULL),
	('KONS2Z019M01T14P1C5OO22C42883', 'Sdr.', 'mbak win', 3, 'kudus', 'kudus', NULL, '-', '', '', 0, '', 0, 0, '2019-01-14 15:22:42', 21, 0, NULL),
	('KONS2Z01L81109R151540L72L1T', 'Sdr.', 'Widi', 3, '-', '-', NULL, '-', '-', '', 0, '', 0, 0, '2018-11-09 15:15:40', 25, 0, NULL),
	('KONS2Z0D1M902021P5D41R1913ITTL01', 'Bpk.', 'Alun', 3, '-', '-', NULL, '-', '-', '', 0, '', 0, 0, '2019-02-02 15:41:19', 25, 0, NULL),
	('KONS2Z0NV18Z11ZJ011145ZN281I261Y', 'Bpk.', 'aris cukor bro', 3, 'mlati gg 1', 'kudus', NULL, '087831427300', '', '', 0, '', 0, 0, '2018-11-01 11:45:28', 21, 0, NULL),
	('KONS2ZBH0C1C811QT2TD60L75702723', 'Bpk.', 'ajik', 3, 'tumpang krasak', 'kudus', NULL, '081229203811', '081229203811', '', 0, '', 0, 0, '2018-11-26 07:57:02', 19, 0, NULL),
	('KONS2ZD01811101626531106', 'Saudara.', 'ALI NGEMBAL', 3, 'NGEMBAL', 'KUDUS', NULL, '0895389750062', '0895389750062', '', 0, '', 0, 0, '2018-11-10 16:26:53', 20, 0, NULL),
	('KONS2ZH0KSA190YQ3B221040031253', 'Sdr.', 'Nurus', 3, '-', '-', NULL, '-', '-', '', 0, '', 0, 0, '2019-03-22 10:40:03', 25, 0, NULL),
	('KONS2ZL0F1L90513B1P2562NP89O2O9', 'Saudara.', 'PANDU PRODIA', 3, 'KUDUS', 'KUDUS', NULL, '-', '-', '', 0, '', 0, 0, '2019-05-13 12:56:28', 20, 0, NULL),
	('KONS2ZU018X11CV0E515512815H60', 'Bapak.', 'BUDI', 3, 'LORAM', 'KUDUS', NULL, '0895605362421', '0895605362421', '', 0, '', 0, 0, '2018-11-05 15:51:28', 20, 0, NULL),
	('KONSA2018103119082013E85', 'Sdr.', 'CBN', 3, 'KUDUS', 'kudus', NULL, '085225258223', '085225258223', 'cbncomputer5758@gmail.com', 0, '', 0, 100000, '2018-10-31 19:08:20', 19, 0, NULL),
	('KONSA201901C241532G18EB151DZ7', 'Saudara.', 'REZA FEBRIANA', 3, 'KUDUS', 'KUDUS', NULL, '-', '-', '', 0, '', 0, 0, '2019-01-24 15:32:18', 20, 0, NULL),
	('KONSA20190E21R8H1ARC0KS2541B1003', 'Sdr.', 'naryo', 3, 'mlati kidul', 'kudus', NULL, '-', '', '', 0, '', 0, 0, '2019-02-18 10:25:41', 21, 0, NULL),
	('KONSA201PK81BH2271Y2325765GB1B', 'Sdr.', 'HAKA', 3, 'KUDUS', 'KUDUS', NULL, '-', '', '', 0, '', 0, 0, '2018-12-27 12:32:57', 21, 0, NULL),
	('KONSA20V19I0425122L6AA585Y9TD6H', 'Sdr.', 'baraka', 3, 'kudus', 'kudus', NULL, '-', '', '', 0, '', 0, 0, '2019-04-25 12:26:58', 21, 0, NULL),
	('KONSA20Y181222103I02D072I5', 'Sdr.', 'Arif', 3, '-', '-', NULL, '-', '-', '', 0, '', 0, 0, '2018-12-22 10:30:20', 25, 0, NULL),
	('KONSA20Y181H1210201GL156I6AC2', 'Sdr.', 'Spectrum', 3, '-', '-', NULL, '085747291413', '085747291413', '', 0, '', 0, 0, '2018-11-21 02:01:15', 25, 0, NULL),
	('KONSA2GH018U1VD113Z073N3X42N611', 'Sdr.', 'novan', 3, 'ploso', 'kudus', NULL, '082240169456', '', '', 0, '', 0, 0, '2018-11-13 07:33:42', 21, 0, NULL),
	('KONSA2R0190211161503986J', 'Sdr.', 'Anik', 3, '-', '-', NULL, '-', '-', '', 0, '', 0, 0, '2019-02-11 16:15:03', 25, 0, NULL),
	('KONSA2V0C190124B1I7364GP913W48', 'Sdr.', 'Macrus', 3, 'kudus', 'kudus', NULL, '--', '-', '', 0, '', 0, 0, '2019-01-24 17:36:49', 25, 0, NULL),
	('KONSA2YM0Q1Z8102OEX91331N431227', 'Bpk.', 'iwan_sg jepara', 3, 'jepara', 'jepara', NULL, '+62 852-9074-0901', '+62 852-9074-0901', 'sgjepara@gmail.com', 0, '', 0, 216500, '2018-10-29 13:31:43', 19, 0, NULL),
	('KONSAIZM20T190328OX1904409D93H', 'Sdr.', 'dodok', 3, 'Kudus', 'Kudus', NULL, '-', '-', '', 0, '', 0, 0, '2019-03-28 19:04:40', 26, 0, NULL),
	('KONSAJ2018122BJ61A2P074P41181', 'Bapak.', 'HANAFI', 3, 'KUDUS', 'KUDUS', NULL, '08587699558', '08587699558', '', 0, '', 0, 0, '2018-12-26 12:07:44', 20, 0, NULL),
	('KONSAJX2LL0U181205070450K11G2X0S', 'Sdr.', 'Efira', 3, 'Kudus', 'Kudus', NULL, '-', '-', '', 0, '', 0, 0, '2018-12-05 07:04:50', 26, 0, NULL),
	('KONSAS201T9RD01251F2A450696X2', 'Bapak.', 'SUPRAT', 3, 'KLUMPIT', 'KUDUS', NULL, '085794253021', '085794253021', '', 0, '', 0, 0, '2019-01-25 12:45:06', 20, 0, NULL),
	('KONSAV2F01R81V1021UDT83237C696', 'Sdr.', 'nur hasan', 3, 'loram wetan', 'KUDUS', NULL, '085283366721', '', '', 0, '', 0, 0, '2018-11-02 18:32:37', 21, 0, NULL),
	('KONSAYY2018B10Y3Q116L225P51501Y', 'Saudara.', 'ROMEO', 3, 'KUDUS', 'KUDUS', NULL, '-', '-', '', 0, '', 0, 0, '2018-10-31 16:22:55', 20, 0, NULL),
	('KONSB20181117RXT090153J808B', 'Sdr.', 'FIKRI KEMENSOS RI', 3, 'JL MEJOBO NO 90', 'KUDUS', NULL, '085740822203', '', '', 0, '', 0, 0, '2018-11-17 09:01:53', 21, 0, NULL),
	('KONSB201811270300441184IO', 'Bapak.', 'PRAS', 3, 'RENDENG', 'kudus', NULL, '-', '-', '', 0, '', 0, 0, '2018-11-27 03:00:44', 20, 0, NULL),
	('KONSB201811F2704N415X5WNC1015', 'Bapak.', 'SHOKIB', 3, 'KUDUS', 'KUDUS', NULL, '-', '-', '', 0, '', 0, 0, '2018-11-27 04:41:55', 20, 0, NULL),
	('KONSB201812R251V156U581045', 'Sdr.', 'NIA', 3, 'KUDUS', 'KUDUS', NULL, '-', '-', '', 0, '', 0, 0, '2018-12-25 11:56:58', 20, 0, NULL),
	('KONSB2018D1G1101306M29K865', 'Sdr.', 'Makmur jaya', 3, '-', '-', NULL, '085640028678', '085640028678', '', 0, '', 0, 0, '2018-11-10 13:06:29', 25, 0, NULL),
	('KONSB2018Z11CNM1YI90339W0WW51314', 'Sdr.', 'gilang matahari', 3, 'jati kulon rt 1/1', 'kudus', NULL, '081326444666', '', '', 0, '', 0, 0, '2018-11-19 03:39:05', 21, 0, NULL),
	('KONSB2019010516H413E2570', 'Sdr.', 'Reka', 3, '-', '-', NULL, '-', '-', '', 0, '', 0, 0, '2019-01-05 16:41:32', 25, 0, NULL),
	('KONSB201903M01H16R4A2L251GYS074', 'Sdr.', 'Fandi', 3, '-', '-', NULL, '-', '-', '', 0, '', 0, 0, '2019-03-01 16:42:25', 25, 0, NULL),
	('KONSB20190409I1B53657V631', 'Sdr.', 'malik', 3, 'kudus', 'kudus', NULL, '-', '', '', 0, '', 0, 0, '2019-04-09 15:36:57', 21, 0, NULL),
	('KONSB201904V25101738P936', 'Sdr.', 'Rudi', 3, '-', '-', NULL, '-', '-', '', 0, '', 0, 0, '2019-04-25 10:17:38', 33, 0, NULL),
	('KONSB201905U231I4124IM4894', 'Saudara.', 'MAROM', 3, 'KUDUS', 'KUDUS', NULL, '-', '-', '', 0, '', 0, 0, '2019-05-23 14:12:44', 20, 0, NULL),
	('KONSB20190H2R13M1G704I0W2T1117', 'Sdr.', 'Emilia', 3, '-', '-', NULL, '-', '-', '', 0, '', 0, 0, '2019-02-13 17:04:02', 25, 0, NULL),
	('KONSB2019SZ042R91141411ZABB540', 'Saudara.', 'ABU COY', 3, 'KUDUS', 'KUDUS', NULL, '085715157015', '085715157015', '', 0, '', 0, 0, '2019-04-29 11:41:41', 20, 0, NULL),
	('KONSB201G904271247551491J', 'Ibu.', 'Tatik', 3, 'Kudus', 'Kudus', NULL, '081225240605', '081225240605', '', 0, '', 0, 0, '2019-04-27 12:47:55', 26, 0, NULL),
	('KONSB20A18110W71K1G5853P8TAR43', 'Sdr.', 'ahmad murtodho', 3, 'kudus', 'kudus', NULL, '085806858587', '', '', 0, '', 0, 0, '2018-11-07 11:58:53', 21, 0, NULL),
	('KONSB20HG18111G20534568VMSO45', 'Sdr.', 'adi Megawon', 3, 'megawon', 'kudus', NULL, '085225949971', '085225949971', '', 0, '', 0, 0, '2018-11-12 05:34:56', 19, 0, NULL),
	('KONSB20QH190H302121830VB52YB3', 'Bpk.', 'Bagus Harsono', 3, '-', '-', NULL, '085700095959', '085700095959', '', 0, '', 0, 0, '2019-03-02 12:18:30', 33, 0, NULL),
	('KONSB20T1K81119083H503758', 'Sdr.', 'Farid UJKS', 3, 'jepara', 'jepara', NULL, '+62 822-4223-7639', '+62 822-4223-7639', '', 0, '', 0, 0, '2018-11-19 08:35:03', 19, 0, NULL),
	('KONSB2I019020M51U21UU45H0N14A20', 'Bpk.', 'Yordan', 3, 'jl. tentara pelajar no 7 pati', 'Pati', NULL, '08122942849', '08122942849', '', 0, '', 0, 0, '2019-02-05 12:14:50', 26, 0, NULL),
	('KONSB2K0W1A8110C614Y310AO71B261', 'Bpk.', 'Aris Demak', 3, 'Demak', 'Demak', NULL, '081390533100', '081390533100', '', 0, '', 0, 0, '2018-11-06 14:31:07', 25, 0, NULL),
	('KONSB2M01BV8103W11132331013H', 'Sdr.', 'Husna', 3, 'kudus', 'kudus', NULL, '+62 857-0004-5312', '+62 857-0004-5312', 'ojolalinina@gmail.com', 0, '', 0, 0, '2018-10-31 11:32:33', 19, 0, NULL),
	('KONSB2N0190V2181H3N13AH16887', 'Sdr.', 'Lana', 3, 'Kudu', 'Kudus', NULL, '-', '-', '', 0, '', 0, 0, '2019-02-18 13:13:16', 26, 0, NULL),
	('KONSB2Y0Y19D0B50F7152G10W7624', 'Sdr.', 'Muen', 3, 'kudus', 'kudus', NULL, '+62 812-2678-8197', '', '', 0, '', 0, 0, '2019-05-07 15:21:07', 21, 0, NULL),
	('KONSBF20181FD031092LE61U3E1L5R53', 'PT.', 'SPBU ngembal', 3, 'Ngembal', 'kudus', NULL, '085726961512', '085726961512', '', 0, '', 0, 0, '2018-10-31 09:26:13', 19, 0, NULL),
	('KONSBJ201811061219311130', 'Sdr.', 'Katami', 3, 'kudus', 'kudus', NULL, '085643182259', '', '', 0, '', 0, 0, '2018-11-06 12:19:31', 21, 0, NULL),
	('KONSBM2018KA11081E5P544912N5X7', 'Sdr.', 'JENI', 3, 'KUDUS', 'KUDUS', NULL, '0811276356', '', '', 0, '', 0, 0, '2018-11-08 15:54:49', 21, 0, NULL),
	('KONSBRN20Y190G3081352251373', 'Sdr.', 'nuris', 3, 'kudus', 'kudus', NULL, '-', '', '', 0, '', 0, 0, '2019-03-08 13:52:25', 21, 0, NULL),
	('KONSBV2B01811G130N3441S1J13Q05HJ', 'Bpk.', 'Ubud', 3, '-', '-', NULL, '-', '-', '', 0, '', 0, 0, '2018-11-13 03:44:11', 25, 0, NULL),
	('KONSBVN2019012L3V152832K1127', 'Sdr.', 'Glora 2', 3, 'Kudus', 'KUdus', NULL, '-', '-', '', 0, '', 0, 0, '2019-01-23 15:28:32', 26, 0, NULL),
	('KONSBW2P01M81030R1W7F51457F3K3', 'Sdr.', 'm ulinnuha', 3, 'kudus', 'kudus', NULL, '085876320205', '', '', 0, '', 0, 0, '2018-10-30 17:51:45', 21, 0, NULL),
	('KONSC20181110100941C91XJJD5', 'Ibu.', 'Sri', 3, 'Kudus', 'kudus', NULL, '-', '-', '', 0, '', 0, 0, '2018-11-10 10:09:41', 26, 0, NULL),
	('KONSC20181128PN081826K1K14P8', 'Sdr.', 'Ani', 3, 'Ds Dukuhmulyo', 'Pati', NULL, '-', '-', '', 0, '', 0, 0, '2018-11-28 08:18:26', 26, 0, NULL),
	('KONSC201811OR01W110B80C2C12V77', 'Saudara.', 'ANGGA SETYA DG', 3, 'Kayuapu Kulon, Gondangmanis, Bae, Kabupaten Kudus, Jawa Tengah 59327', 'kudus', NULL, '085 80055 4664', '085 80055 4664', 'anggasetyadg@gmail.com', 0, '', 0, 0, '2018-11-01 11:08:02', 21, 0, NULL),
	('KONSC2018122916W08411275', 'Mr.', 'andika valibri', 3, 'demak', 'demak', NULL, '-', '-', '', 0, '', 0, 0, '2018-12-29 16:08:41', 18, 0, NULL),
	('KONSC201901U3009514H512D16FCQVEA', 'Bapak.', 'SMA 1 BAE KUDUS', 3, 'KUDUS', 'KUDUS', NULL, '-', '-', '', 0, '', 0, 0, '2019-01-30 09:51:45', 20, 0, NULL),
	('KONSC201902V09R141MZL625H133J9', 'Bapak.', 'AMRI', 3, 'KUDUS', 'KUDUS', NULL, '082325850647', '082325850647', '', 0, '', 0, 0, '2019-02-09 14:16:25', 20, 0, NULL),
	('KONSC201903191433231J3J5X8', 'Bapak.', 'DANU WAHANA', 3, 'KUDUS', 'KUDUS', NULL, '082220166440', '082220166440', '', 0, '', 0, 0, '2019-03-19 14:33:23', 20, 0, NULL),
	('KONSC2019EQ0I2I20E13B29RA14137R0', 'Sdr.', 'istana pisang', 3, 'kudus', 'kudus', NULL, '-', '', '', 0, '', 0, 0, '2019-02-20 13:29:14', 21, 0, NULL),
	('KONSC2019U020A71101JD06946G', 'Sdr.', 'AYU', 3, 'KUDUS', 'KUDUS', NULL, '085701274999', '085701274999', '', 0, '', 0, 0, '2019-02-07 11:01:06', 20, 0, NULL),
	('KONSC2019Y052EV7093746701', 'Ibu.', 'NIA', 3, 'KUDUS', 'KUDUS', NULL, '085602716557', '085602716557', '', 0, '', 0, 0, '2019-05-27 09:37:46', 20, 0, NULL),
	('KONSC201G81K212U105W7W59711', 'Bpk.', 'DARMINTO', 3, 'DEMAK', 'DEMAK', NULL, '-', '-', '', 0, '', 0, 0, '2018-12-12 10:57:59', 20, 0, NULL),
	('KONSC201H90K1191536421240', 'Saudara.', 'PURNAMA PRINTING', 3, 'KUDUS', 'KUDUS', NULL, '082227568442', '082227568442', '', 0, '', 0, 0, '2019-01-19 15:36:42', 20, 0, NULL),
	('KONSC201R90N20M4162I402V1369', 'Sdr.', 'askia', 3, 'kudus', 'kudus', NULL, '-', '', '', 0, '', 0, 0, '2019-02-04 16:24:02', 21, 0, NULL),
	('KONSC201S901X11YG164LJ0EA3564N5', 'Ibu.', 'Asri', 3, 'Megawon', 'kudus', NULL, '085225031574', '085225031574', '', 0, '', 0, 0, '2019-01-11 16:40:35', 1, 0, NULL),
	('KONSC20F1903MB02H123MT00K6T936S', 'Sdr.', 'NUR ALI', 3, 'KUDUS', 'KUDUS', NULL, '-', '', '', 0, '', 0, 0, '2019-03-02 12:30:06', 21, 0, NULL),
	('KONSC20IX181227104413128V9', 'Sdr.', 'amalia', 3, 'kudus', 'kudus', NULL, '-', '', '', 0, '', 0, 0, '2018-12-27 10:44:13', 21, 0, NULL),
	('KONSC20T1W9NO01091H8040J4131H6', 'Sdr.', 'rita a', 3, 'kudus', 'kudus', NULL, '081 228 73 4966', '', '', 0, '', 0, 0, '2019-01-09 18:04:04', 21, 0, NULL),
	('KONSC2A0181U1P02NP0K91054U939', 'Bapak.', 'YULI', 3, 'NGEMBAL KULON', 'KUDUS', NULL, '081390869429', '081390869429', '', 0, '', 0, 0, '2018-11-02 09:10:54', 20, 0, NULL),
	('KONSC2A01S90C1111135L45973J', 'Sdr.', 'ikrar', 3, 'kudus', 'kudus', NULL, '-', '', '', 0, '', 0, 0, '2019-01-11 11:35:45', 21, 0, NULL),
	('KONSC2AG018S11AKZ17J0657D37712', 'Bapak.', 'MERI', 3, 'KUUDS', 'KUDUS', NULL, '-', '-', '', 0, '', 0, 0, '2018-11-17 06:57:37', 20, 0, NULL),
	('KONSC2C0M19013111DU124492Q8ZX', 'Ibu.', 'Kustini', 3, '-', '-', NULL, '081225601285', '-', '', 0, '', 0, 0, '2019-01-31 11:12:44', 25, 0, NULL),
	('KONSC2J01I8112604373I21059', 'Sdr.', 'Yuan', 3, '-', '-', NULL, '-', '-', '', 0, '', 0, 0, '2018-11-26 04:37:32', 25, 0, NULL),
	('KONSC2Y019010W7170E7111W023', 'Bapak.', 'ELIM', 3, 'KUDUS', 'KUDUS', NULL, '-', '-', '', 0, '', 0, 0, '2019-01-07 17:07:11', 20, 0, NULL),
	('KONSC2Z0CD181KD2050XS22219723W', 'Bpk.', 'Andi', 3, '-', '-', NULL, '-', '-', '', 0, '', 0, 0, '2018-12-05 02:22:19', 25, 0, NULL),
	('KONSCB201901R19X0938L12Z1246', 'Bpk.', 'KPU Kab Blora', 3, 'Blora', 'Blora', NULL, '085226327450', '085226327450', '', 0, '', 0, 0, '2019-01-19 09:38:12', 14, 0, NULL),
	('KONSCF2018J11A2W207D5U9329J3N9S', 'Ibu.', 'HANANIA', 3, 'KUDUS', 'KUDUS', NULL, '-', '-', '', 0, '', 0, 0, '2018-11-22 07:59:32', 20, 0, NULL),
	('KONSCF20190FNI32K018484A112A39', 'Sdr.', 'Olif', 3, 'Kudus', 'Kudus', NULL, '-', '-', '', 0, '', 0, 0, '2019-03-20 18:48:41', 26, 0, NULL),
	('KONSCJ20R190410Y14C2BG328O582', 'Sdr.', 'RARAS', 3, 'KUDUS', 'KUDUS', NULL, '081228405304', '081228405304', '', 0, '', 0, 0, '2019-04-10 14:23:28', 20, 0, NULL),
	('KONSCS201901J18132W4D101426', 'Sdr.', 'BU KOES', 3, 'JEPARA', 'JEPARA', NULL, '082324888950', '', '', 0, '', 0, 0, '2019-01-18 13:24:10', 21, 0, NULL),
	('KONSCS201905M151Q0451213DM5PD7', 'Sdr.', 'Nailis', 3, '-', '-', NULL, '-', '-', '', 0, '', 0, 0, '2019-05-15 10:45:12', 25, 0, NULL),
	('KONSCS2019SZ0S3H30120938D586', 'Sdr.', 'oca', 3, 'kudus', 'kudus', NULL, '-', '', '', 0, '', 0, 0, '2019-03-30 12:09:38', 21, 0, NULL),
	('KONSCZ201A81V2D1A814530D31C4EF45', 'Sdr.', 'al fida foto', 3, 'cangkring rembang', 'demak', NULL, '085325438438', '', '', 0, '', 0, 0, '2018-12-18 14:53:03', 21, 0, NULL),
	('KONSD201811E14043632Z672U', 'Saudara.', 'ALFIN MANDIRI', 3, 'KUDUS', 'KUDUS', NULL, '-', '-', '', 0, '', 0, 0, '2018-11-14 04:36:32', 20, 0, NULL),
	('KONSD201811N270PU5K2G908IWU5A18', 'Sdr.', 'Umi', 3, 'Kudus', 'Kudus', NULL, '-', '-', '', 0, '', 0, 0, '2018-11-27 05:29:08', 26, 0, NULL),
	('KONSD2018120404241493O6', 'Sdr.', 'putri masehi', 3, 'kudus', 'kudus', NULL, '085640860503', '', '', 0, '', 0, 0, '2018-12-04 04:24:14', 21, 0, NULL),
	('KONSD2018122110520R012T44', 'Sdr.', 'SELLY', 3, 'KUDUS', 'KUDUS', NULL, '-', '-', '', 0, '', 0, 0, '2018-12-21 10:52:00', 20, 0, NULL),
	('KONSD20181SB1R19094A0281NIP285', 'Sdr.', 'DWI ORISON', 3, 'COKROAMINOTO NO 10', 'KUDUS', NULL, '081326794991', '', '', 0, '', 0, 0, '2018-11-19 09:40:28', 21, 0, NULL),
	('KONSD2019020813IG2SXBW440593', 'Ibu.', 'ONNY WALUYO', 3, 'JL PRAMUKA', 'KUDUS', NULL, '081914404028', '081914404028', '', 0, '', 0, 0, '2019-02-08 13:24:40', 20, 0, NULL),
	('KONSD2019032H51R43L05X15XH4RMU8', 'Saudara.', 'REYHAN', 3, 'KUDUS', 'KUDUS', NULL, '-', '-', '', 0, '', 0, 0, '2019-03-25 14:30:51', 20, 0, NULL),
	('KONSD201903G27120G1OE4K0273LJZ', 'Sdr.', 'ENDAH', 3, 'KUDUS', 'KUDUS', NULL, '-', '-', '', 0, '', 0, 0, '2019-03-27 12:01:40', 20, 0, NULL),
	('KONSD201903H191808QD148FN37', 'Sdr.', 'azis', 3, 'kudus', 'kudus', NULL, '1', '', '', 0, '', 0, 0, '2019-03-19 18:08:14', 21, 0, NULL),
	('KONSD201H81112052511568', 'Saudara.', 'RIDWAN', 3, 'NGEMBALREJO', 'KUDUS', NULL, '-', '-', '', 0, '', 0, 0, '2018-11-12 05:25:11', 20, 0, NULL),
	('KONSD201O81I2UP131A23W6N35O861', 'Sdr.', 'PD FELEVEN', 3, 'SMA 1 Kudus', 'Kudus', NULL, '-', '-', '', 0, '', 0, 0, '2018-12-13 12:36:35', 26, 0, NULL),
	('KONSD201S903K2109I520C91VR187', 'Ibu.', 'Suparni', 3, '-', '-', NULL, '-', '-', '', 0, '', 0, 0, '2019-03-21 09:52:09', 25, 0, NULL),
	('KONSD201T81X029P114348A121TH3', 'Mr.', 'YAYUK VALIBRI', 3, 'BAE RT 02 RW 02', 'kudus', NULL, '089669350084', '089669350084', 'utomow754@gmail.com', 0, 'Pegawai Valibri', 0, 0, '2018-10-29 11:43:48', 14, 0, NULL),
	('KONSD201U811010935441T354', 'Ibu.', 'Intan Rias', 3, '-', '-', NULL, '085865871121', '-', '', 0, '', 0, 0, '2018-11-01 09:35:44', 25, 0, NULL),
	('KONSD20B190501155N5371218', 'Sdr.', 'Indrani', 3, '-', '-', NULL, '-', '-', '', 0, '', 0, 0, '2019-05-01 15:55:37', 25, 0, NULL),
	('KONSD20Z1903161148146U39', 'Ib.', 'NANIK H', 3, 'MIJEN', 'DEMAK', NULL, '082135212470', '082135212470', '', 0, '', 0, 0, '2019-03-16 11:48:14', 20, 0, NULL),
	('KONSD2E01E901N0412381F9GT1403', 'Sdr.', 'VIDIA', 3, 'KUDUS', 'KUDUS', NULL, '089617385388', '089617385388', '', 0, '', 0, 0, '2019-01-04 12:38:19', 20, 0, NULL),
	('KONSD2J0L1R811N2209M05A27581', 'Sdr.', 'Mia Maharta', 3, 'Kudus', 'Kudus', NULL, '-', '-', '', 0, '', 0, 0, '2018-11-22 09:05:27', 26, 0, NULL),
	('KONSD2N019J031J5YP124R9301151O', 'Bapak.', 'ADI K', 3, 'KUDUS', 'KUDUS', NULL, '08157704993', '08157704993', '', 0, '', 0, 0, '2019-03-15 12:49:30', 20, 0, NULL),
	('KONSD2V0B18102TR91SS9303612X52', 'Sdr.', 'Agus', 3, 'Kudus', 'kudus', NULL, '-', '-', '', 0, '', 0, 0, '2018-10-29 19:30:36', 26, 0, NULL),
	('KONSDGI2Z01NX9A012113443314L1B1', 'Sdr.', 'Afiq', 3, '-', '-', NULL, '-', '-', '', 0, '', 0, 0, '2019-01-21 13:44:33', 25, 0, NULL),
	('KONSDI20190211121U64414R40', 'Sdr.', 'Renanda', 3, 'lau rt 1 rw 4 dawe', 'kudus', NULL, '085786901431', '085786901431', '', 0, '', 0, 0, '2019-02-11 12:16:44', 26, 0, NULL),
	('KONSDN20N190F119Q143MHZ233I1012', 'Sdr.', 'Ninuk', 3, '-', '-', NULL, '-', '-', '', 0, '', 0, 0, '2019-01-19 14:32:33', 25, 0, NULL),
	('KONSDP201811M011DZ4295W7119M6', 'Bapak.', 'BURHAN', 3, 'DAWE', 'KUDUS', NULL, '083843634043', '083843634043', '', 0, '', 0, 0, '2018-11-01 14:29:57', 20, 0, NULL),
	('KONSDP2018U103110525UD91D103', 'Bapak.', 'Azim', 3, 'Kudus', 'Kudus', NULL, '-', '-', '', 0, '', 0, 0, '2018-10-31 10:52:59', 26, 0, NULL),
	('KONSDY2C01WC9022517D5X233134Z4A', 'Sdr.', 'Wilda', 3, '-', '-', NULL, '-', '-', '', 0, '', 0, 0, '2019-02-25 17:52:33', 25, 0, NULL),
	('KONSE20181T2T261HAM15J5F1373Q3', 'Sdr.', 'Manan', 3, 'Tenggeles', 'Kudus', NULL, '089669995956', '089669995956', '', 0, '', 0, 0, '2018-12-26 11:55:13', 26, 0, NULL),
	('KONSE2018C1K1K0U2095D14W3678', 'Sdr.', 'Nano', 3, '-', '-', NULL, '-', '-', '', 0, '', 0, 0, '2018-11-02 09:51:43', 25, 0, NULL),
	('KONSE2018L1220W0W91753470M', 'Sdr.', 'Lala', 3, '-', '-', NULL, '-', '-', '', 0, '', 0, 0, '2018-12-20 09:17:53', 25, 0, NULL),
	('KONSE201902K111653107Q18', 'Sdr.', 'Faruq', 3, 'Kudus', 'Kudus', NULL, '-', '-', '', 0, '', 0, 0, '2019-02-11 16:53:10', 26, 0, NULL),
	('KONSE2019030NE4M1NS1Z54O391415', 'Sdr.', 'HILDA', 3, 'KUDUS', 'KUDUS', NULL, '085740244239', '085740244239', '', 0, '', 0, 0, '2019-03-04 11:54:39', 20, 0, NULL),
	('KONSE201904O24F1142371187', 'Sdr.', 'ARSYA', 3, 'KUDUS', 'KUDUS', NULL, '-', '', '', 0, '', 0, 0, '2019-04-24 11:42:37', 21, 0, NULL),
	('KONSE201905Z111VF44MM30Z8LY96U7', 'Sdr.', 'Rikha', 3, 'Kudus', 'KUdus', NULL, '-', '-', '', 0, '', 0, 0, '2019-05-11 14:43:08', 26, 0, NULL),
	('KONSE20190BI5W20142B52A51263', 'Ibu.', 'DIRA', 3, 'KUDUS', 'KUDUS', NULL, '081281390900', '081281390900', '', 0, '', 0, 0, '2019-05-20 14:25:25', 20, 0, NULL),
	('KONSE20190F409Z130743RF814', 'Sdr.', 'azzam', 3, 'kudus', 'kudus', NULL, '-', '-', '', 0, '', 0, 0, '2019-04-09 13:07:43', 20, 0, NULL),
	('KONSE201E81ZM224T1032131050', 'Sdr.', 'Saiful', 3, '-', '-', NULL, '085865051616', '085865051616', '', 0, '', 0, 0, '2018-12-24 10:32:13', 25, 0, NULL),
	('KONSE201F8Q103W009095I71577', 'Bpk.', 'ADIN', 3, 'PURWOGONDO', 'JEPARA', NULL, '085640100209', '085640100209', '', 0, '', 0, 0, '2018-10-30 09:09:57', 20, 0, NULL),
	('KONSE201TE81R110PM1032K28C621', 'Bapak.', 'JAMIAN', 3, 'UNDAAN', 'KUDUS', NULL, '081326655184', '081326655184', '', 0, '', 0, 0, '2018-11-10 10:32:28', 20, 0, NULL),
	('KONSE20H1902011Z243B53606', 'Sdr.', 'Ertan', 3, '-', '-', NULL, '-', '-', '', 0, '', 0, 0, '2019-02-01 12:43:53', 25, 0, NULL),
	('KONSE2FJ01F9032216A1GHQ5597O1J4', 'Sdr.', 'misbahul munir', 3, 'kudus', 'kudus', NULL, '081228486246', '', '', 0, '', 0, 0, '2019-03-22 16:15:59', 21, 0, NULL),
	('KONSE2H0EF190416I11Z13Q54849', 'Ib.', 'ELYTA', 3, 'KUDUS', 'KUDUS', NULL, '082221064825', '082221064825', '', 0, '', 0, 0, '2019-04-16 11:13:54', 20, 0, NULL),
	('KONSE2M019031411211Z391F3', 'Sdr.', 'praganda', 3, 'kudus', 'kudus', NULL, '-', '', '', 0, '', 0, 0, '2019-03-14 11:21:13', 21, 0, NULL),
	('KONSE2SL01D8D1JI2V040345D2I61413', 'Saudara.', 'NANDITA', 3, 'GONDANG MANIS', 'KUDUS', NULL, '085385128000', '085385128000', '', 0, '', 0, 0, '2018-12-04 03:45:26', 20, 0, NULL),
	('KONSEB201902251Q42NX842726', 'Sdr.', 'zakia', 3, 'kudus', 'kudus', NULL, '', '', '', 0, '', 0, 0, '2019-02-25 14:28:42', 19, 0, NULL),
	('KONSEBE201NY90A30417111551LM4', 'Sdr.', 'Solikan', 3, '-', '-', NULL, '-', '-', '', 0, '', 0, 0, '2019-03-04 17:11:15', 25, 0, NULL),
	('KONSECR2P0190513GQ112G12V9W60F4', 'Sdr.', 'Dallal', 3, '-', '-', NULL, '-', '-', '', 0, '', 0, 0, '2019-05-13 11:21:29', 33, 0, NULL),
	('KONSEJU2H01810Y2M9M1644481065C', 'Sdr.', 'Dini valibri', 3, 'dersalam', 'kudus', NULL, '085728769649', '085728769649', '', 0, '', 0, 0, '2018-10-29 16:44:48', 25, 0, NULL),
	('KONSEO2G0M1812110C33NN506129D5M', 'Sdr.', 'Arip', 3, '-', '-', NULL, '-', '-', '', 0, '', 0, 0, '2018-12-11 03:35:06', 25, 0, NULL),
	('KONSEQ201903TP1Q4175N13Q8S625', 'Sdr.', 'FAJAR DESIGN', 3, 'DEMAK', 'DEMAK', NULL, '085727422276', '', '', 0, '', 0, 0, '2019-03-14 17:51:38', 21, 0, NULL),
	('KONSEQ2019MP03Z0Z614Y2L2Z511T121', 'Bapak.', 'KASMADI', 3, 'KUDUS', 'KUDUS', NULL, '085712191971', '085712191971', '', 0, '', 0, 0, '2019-03-06 14:22:51', 20, 0, NULL),
	('KONSF20181102152845115R5', 'Bapak.', 'ARLIS', 3, 'KUDUS', 'KUDUS', NULL, '-', '-', '', 0, '', 0, 0, '2018-11-02 15:28:45', 20, 0, NULL),
	('KONSF2018110AU2K0944269F72DIFE', 'Sdr.', 'SITI', 3, 'TEMULUS', 'KUDUS', NULL, '085712854662', '085712854662', '', 0, '', 0, 0, '2018-11-02 09:44:26', 20, 0, NULL),
	('KONSF201811D0214245610MO52', 'Sdr.', 'Krisna JAya', 3, 'kudus', 'kudus', NULL, '+62 856-4040-5104', '+62 856-4040-5104', '', 0, '', 0, 0, '2018-11-02 14:24:56', 19, 0, NULL),
	('KONSF2018X1029O145435L1548', 'Bpk.', 'SPBU Wonoketingal', 3, 'kudus', 'kudus', NULL, '0811299204', '-', '', 0, '', 0, 0, '2018-10-29 14:54:35', 26, 0, NULL),
	('KONSF2018X12060412261227', 'Sdr.', 'mas huda', 3, 'kudus', 'kudus', NULL, '085727999706', '', '', 0, '', 0, 0, '2018-12-06 04:12:26', 21, 0, NULL),
	('KONSF2019010H41JPQ1A17421M441R', 'Bapak.', 'SURYA CELL', 3, 'KUDUS', 'KUDUS', NULL, '085848380005', '085848380005', '', 0, '', 0, 0, '2019-01-04 11:17:42', 20, 0, NULL),
	('KONSF2019010MPJ3E105O21G9115MN5', 'Ibu.', 'Eny', 3, '-', '-', NULL, '-', '-', '', 0, '', 0, 0, '2019-01-03 10:52:19', 25, 0, NULL),
	('KONSF2019011H2160604766', 'Mrs.', 'SALSA', 3, 'MARGOREJO', 'KUDUS', NULL, '085728191405', '085728191405', '', 0, '', 0, 0, '2019-01-12 16:06:04', 18, 0, NULL),
	('KONSF20190424102P944U1440', 'Sdr.', 'Irin', 3, '-', '-', NULL, '-', '-', '', 0, '', 0, 0, '2019-04-24 10:29:44', 33, 0, NULL),
	('KONSF20190Y1E1213L17Z0810B8VP9G', 'Bpk.', 'Suyatno', 3, '-', '-', NULL, '-', '-', '', 0, '', 0, 0, '2019-01-12 13:17:08', 25, 0, NULL),
	('KONSF20N181E11E4041BZ2Z31695AWR', 'Ibu.', 'SITI KHOTIJAH', 3, 'MEJOBO', 'KUDUS', NULL, '085848331893', '085848331893', '', 0, '', 0, 0, '2018-11-14 04:12:31', 20, 0, NULL),
	('KONSF2C0181129115C8351TMM163G', 'Sdr.', 'Ojan', 3, 'Kudus', 'Kudus', NULL, '-', '-', '', 0, '', 0, 0, '2018-11-29 11:58:35', 26, 0, NULL),
	('KONSF2C01LYS90208AT09CR36Z271103', 'Bpk.', 'Pak Sudiono', 3, '-', '-', NULL, '-', '-', '', 0, '', 0, 0, '2019-02-08 09:36:27', 25, 0, NULL),
	('KONSF2N018110Z8N0942381323', 'Sdr.', 'DINIAN', 3, 'BARENG', 'KUDUS', NULL, '085740010229', '085740010229', '', 0, '', 0, 0, '2018-11-08 09:42:38', 20, 0, NULL),
	('KONSF2Q01811H1205220Q9Z94DJ8', 'Saudara.', 'ARUL', 3, 'KUDUS', 'KUDUS', NULL, '-', '-', '', 0, '', 0, 0, '2018-11-12 05:22:09', 20, 0, NULL),
	('KONSF2T01Y9U02D01Y14422X46F26Z', 'Sdr.', 'Gibran', 3, '-', '-', NULL, '-', '', '', 0, '', 0, 0, '2019-02-01 14:42:24', 25, 0, NULL),
	('KONSF2Y0N1904EA241655P5E4127OPR8', 'Sdr.', 'Aurel', 3, '-', '-', NULL, '-', '-', '', 0, '', 0, 0, '2019-04-24 16:55:54', 25, 0, NULL),
	('KONSFD20QY19G01C17A165J204953', 'Sdr.', 'frada', 3, 'kudus', 'kudus', NULL, '-', '', '', 0, '', 0, 0, '2019-01-17 16:52:04', 21, 0, NULL),
	('KONSFH2018O11U011R84951159Q9', 'Bapak.', 'Pudi', 3, 'Melati Kidul', 'Kudus', NULL, '081329651424', '081329651424', '', 0, '', 0, 0, '2018-11-01 18:49:51', 26, 0, NULL),
	('KONSFK20181116WG103833CT1Q4N01', 'Bapak.', 'Utomo', 3, 'Megawon', 'Kudus', NULL, '081215448400', '081215448400', '', 0, '', 0, 0, '2018-11-16 10:38:33', 26, 0, NULL),
	('KONSFPQKB20190329O185P942836P', 'Sdr.', 'Juminten', 3, 'Kudus', 'Kudus', NULL, '081326250687', '081326250687', '', 0, '', 0, 0, '2019-03-29 18:59:42', 26, 0, NULL),
	('KONSFQ20I190311RU15B08409J10', 'Bapak.', 'SAMAN', 3, 'KUDUS', 'KUDUS', NULL, '0813 8009 6230', '0813 8009 6230', '', 0, '', 0, 0, '2019-03-11 15:08:40', 20, 0, NULL),
	('KONSFW20I1A9032LS0S1615411MX1F39', 'Sdr.', 'rifai', 3, 'kudus', 'kudus', NULL, '-', '', '', 0, '', 0, 0, '2019-03-20 16:15:41', 21, 0, NULL),
	('KONSG20181127065504148O4', 'Bapak.', 'Darsono', 3, '-', '-', NULL, '-', '-', '', 0, '', 0, 0, '2018-11-27 06:55:04', 25, 0, NULL),
	('KONSG201811T011PG0120715R71', 'Saudara.', 'ENS KUDUS', 3, 'DERSALAM', 'KUDUS', NULL, '08980370571', '08980370571', '', 0, '', 0, 0, '2018-11-01 10:12:07', 20, 0, NULL),
	('KONSG2018121005303V6778', 'Bpk.', 'Indra Nugroho', 3, 'Puwosari', 'Kudus', NULL, '082135204447', '082135204447', '', 0, '', 0, 0, '2018-12-10 05:30:36', 26, 0, NULL),
	('KONSG20181H1260637041360', 'Sdr.', 'Yanto', 3, 'grogol', 'kudus', NULL, '082328107631', '', '', 0, '', 0, 0, '2018-11-26 06:37:04', 21, 0, NULL),
	('KONSG20181P11410U2450E663', 'Sdr.', 'Topik', 3, 'SMA 1 Kudus', 'Kudus', NULL, '-', '-', '', 0, '', 0, 0, '2018-11-14 10:24:50', 26, 0, NULL),
	('KONSG2018S1Y1051838BW03KR7X7K7', 'Sdr.', 'NAWAWI', 3, 'LORAM WETAN', 'KUDUS', NULL, '085865500347', '', '', 0, '', 0, 0, '2018-11-05 18:38:03', 21, 0, NULL),
	('KONSG2018Y1ERLC129F08V4C23H81053', 'Ibu.', 'Min', 3, '-', '-', NULL, '-', '-', '', 0, '', 0, 0, '2018-11-29 08:42:38', 25, 0, NULL),
	('KONSG2019011214553415F04', 'Mrs.', 'Yohana', 3, 'kudus permai', 'kudus', NULL, '085878220371', '085878220371', '', 0, '', 0, 0, '2019-01-12 14:55:34', 18, 0, NULL),
	('KONSG20190218143D505W1B4E05', 'Bpk.', 'siswoyo', 3, 'karangbener', 'kudus', NULL, '085740044254', '085740044254', '', 0, '', 0, 0, '2019-02-18 14:35:05', 19, 0, NULL),
	('KONSG2019NS0111111G5H3013C75P', 'Ibu.', 'Fiska (SEO)', 3, '-', '-', NULL, '082227570871', '082227570871', '', 0, '', 0, 0, '2019-01-11 11:15:30', 25, 0, NULL),
	('KONSG201P901021B43634844', 'Sdr.', 'miko', 3, 'loram kulon rt 8 / 1', 'kudus', NULL, '085540431180', '', '', 0, '', 0, 0, '2019-01-02 14:36:34', 21, 0, NULL),
	('KONSG201QJ90J32909V3039933', 'Sdr.', 'Heni', 3, '-', '-', NULL, '-', '-', '', 0, '', 0, 0, '2019-03-29 09:30:39', 25, 0, NULL),
	('KONSG201T81Q107122G052P47A1', 'Sdr.', 'lukman hakim', 3, 'kudus', 'kudus', NULL, '082135735820', '', '', 0, '', 0, 0, '2018-11-07 12:20:52', 21, 0, NULL),
	('KONSG20F18111304B4EFKM432K1K3H92', 'Bpk.', 'Uzma', 3, 'nganguk mranggen', 'kudus', NULL, '08157771757', '08157771757', '', 0, '', 0, 0, '2018-11-13 04:44:32', 19, 0, NULL),
	('KONSG20S1FE811O02S16ADV43421576', 'Bapak.', 'MUKRIM', 3, 'PATI', 'PATI', NULL, '082225937487', '082225937487', '', 0, '', 0, 0, '2018-11-02 16:43:42', 20, 0, NULL),
	('KONSG20X1811HZ0UFRH909FH26441353', 'Ibu.', 'WIWIK', 3, 'PURI ASRI', 'KUDUS', NULL, '081325139005', '081325139005', '', 0, '', 0, 0, '2018-11-09 09:26:44', 20, 0, NULL),
	('KONSG20ZI18BG1E1B01185709663S', 'Sdr.', '`yohanes', 3, 'gang seno', 'Kudus', NULL, '', '089668688696', '', 0, '', 0, 0, '2018-11-01 18:57:09', 26, 0, NULL),
	('KONSG2C01V81109O13M4C0371MS30A4', 'Sdr.', 'Media Tas Souvenir', 3, 'Gondangmanis', 'kudus', NULL, '087739324738', '-', '', 0, '', 0, 0, '2018-11-09 13:40:37', 25, 0, NULL),
	('KONSG2M01810311B4321S81294K', 'Bpk.', 'Victor', 3, 'Kudus', 'Kudus', NULL, '+6285640686023', '+6285640686023', '', 0, '-', 0, 0, '2018-10-31 14:32:18', 1, 0, NULL),
	('KONSG2O0181110F105958816', 'Bapak.', 'SUTRES', 3, 'MLATI NOROWITO', 'KUDUS', NULL, '-', '-', '', 0, '', 0, 0, '2018-11-10 10:59:58', 20, 0, NULL),
	('KONSG2P0X181M203020VM646H687XG', 'Bapak.', 'TAMBAL BAN', 3, 'KUDUS', 'KUDUS', NULL, '-', '-', '', 0, '', 0, 0, '2018-12-03 02:06:46', 20, 0, NULL),
	('KONSG2R018110D610EE1824TT8U42', 'Ibu.', 'Fony', 3, 'Singocandi', 'kudus', NULL, '085200027171', '085200027171', '', 0, '', 0, 0, '2018-11-06 10:18:24', 14, 0, NULL),
	('KONSGB201S9030Q51GZ62V9381U2PU72', 'Ibu.', 'IRA', 3, 'KUDUS', 'KUDUS', NULL, '089681207393', '089681207393', '', 0, '', 0, 0, '2019-03-05 16:29:38', 20, 0, NULL),
	('KONSGC2H01810H301M5E56R3W59SU35', 'CV.', 'TKP Coffee', 3, 'Kudus', 'Kudus', NULL, '-', '-', '', 0, '', 0, 0, '2018-10-30 15:56:35', 26, 0, NULL),
	('KONSGM2018U1105M165W2129P9PV7', 'Sdr.', 'inces dita', 3, 'tengah hutan', 'dawe', NULL, '087735244534', '087735244534', '', 0, '', 0, 0, '2018-11-05 16:52:12', 19, 0, NULL),
	('KONSGW201Z9031913L1918CR4LGY55', 'Sdr.', 'hania', 3, 'kudus', 'kudus', NULL, '-', '', '', 0, '', 0, 0, '2019-03-19 13:19:18', 21, 0, NULL),
	('KONSH201811X23P022A53614VD24', 'Bpk.', 'Priyo', 3, '-', '-', NULL, '085740655589', '-', '', 0, '', 0, 0, '2018-11-23 02:25:36', 25, 0, NULL),
	('KONSH2018KPW111708O410CG357P0', 'Bpk.', 'Neha', 3, 'kudus', 'kudus', NULL, '--', '', '', 0, '', 0, 0, '2018-11-17 08:41:03', 19, 0, NULL),
	('KONSH201901141257E14723', 'Sdr.', 'dewi masakan mami', 3, 'kudus', 'kudus', NULL, '085786414918', '', '', 0, '', 0, 0, '2019-01-14 12:57:14', 21, 0, NULL),
	('KONSH201901U281Z30759690', 'Sdr.', 'Luluk', 3, '-', '-', NULL, '-', '-', '', 0, '', 0, 0, '2019-01-28 13:07:59', 25, 0, NULL),
	('KONSH201904P2M2190535GER12J83', 'Sdr.', 'faisol', 3, 'kudus', 'kudus', NULL, '-', '', '', 0, '', 0, 0, '2019-04-22 19:05:35', 21, 0, NULL),
	('KONSH2019XY033RA011D3658577TYS', 'Sdr.', 'Sunny Videography', 3, '-', '-', NULL, '081388302922', '081388302922', '', 0, '', 0, 0, '2019-03-30 11:36:58', 33, 0, NULL),
	('KONSH201B90C51LZ11643V46603', 'Bpk.', 'Renot', 3, 'Kudus', 'Kudus', NULL, '-', '-', '', 0, '', 0, 0, '2019-05-11 16:43:46', 26, 0, NULL),
	('KONSH201F8T1123061452643', 'Sdr.', 'Fauzan', 3, 'KUDUS', 'Kudus', NULL, '-', '-', '', 0, '', 0, 0, '2018-11-23 06:14:52', 26, 0, NULL),
	('KONSH201G9F01121O136M118S0TQ8', 'Sdr.', 'Muhammad Maulana Aksan', 3, '-', '-', NULL, '-', '-', '', 0, '', 0, 0, '2019-01-12 11:36:11', 25, 0, NULL),
	('KONSH201M81205063317972', 'Bapak.', 'KRIS BESITO', 3, 'BESITO', 'KUDUS', NULL, '085226207693', '085226207693', '', 0, '', 0, 0, '2018-12-05 06:33:17', 20, 0, NULL),
	('KONSH201O81031151ICJ73D91148', 'Bapak.', 'AKSARA', 3, 'JEPANG', 'KUDUS', NULL, '087848682545', '087848682545', '', 0, '', 0, 0, '2018-10-31 15:17:39', 20, 0, NULL),
	('KONSH201USQ81LX1030NW850J309W93', 'Bapak.', 'MOCH SLAMET', 3, 'GETAS PEJATEN', 'KUDUS', NULL, '082136416625', '082136416625', '', 0, '', 0, 0, '2018-11-03 08:50:30', 20, 0, NULL),
	('KONSH20E181031NX125X80EN6N137NA7', 'Bpk.', 'TIKNO', 3, 'KUDUS', 'KUDUS', NULL, '081901691159', '', '', 0, '', 0, 0, '2018-10-31 12:58:06', 21, 0, NULL),
	('KONSH20F1812P1108K0N6121061', 'Sdr.', 'Puskesmas Ngembal', 3, '-', '-', NULL, '-', '-', '', 0, '', 0, 0, '2018-12-11 08:06:12', 25, 0, NULL),
	('KONSH20SA19Q03050VX9JA3455I898', 'Sdr.', 'Elim', 3, '-', '-', NULL, '082225573868', '', '', 0, '', 0, 0, '2019-03-05 09:34:55', 33, 0, NULL),
	('KONSH2F0N19050310DFI3O933644', 'Bpk.', 'Didik', 3, '-', '-', NULL, '-', '-', '', 0, '', 0, 0, '2019-05-03 10:39:33', 25, 0, NULL),
	('KONSH2N0190F1D0A71509B231Q0N55', 'Bpk.', 'Triharianto', 3, 'Rendeng', 'Kudus', NULL, '085291256397', '085291256397', '', 0, '', 0, 0, '2019-01-07 15:09:23', 26, 0, NULL),
	('KONSH2U018HO1106105ED2291P05S4', 'Ibu.', 'TITO', 3, 'MLATI LOR', 'KUDUS', NULL, '085290911375', '085290911375', '', 0, '', 0, 0, '2018-11-06 10:52:29', 20, 0, NULL),
	('KONSH2Y018M103C1105T42213CQQV98', 'Sdr.', 'FRANDIKA', 3, 'KUDUS', 'KUDUS', NULL, '', '', '', 0, '', 0, 0, '2018-10-31 10:54:22', 20, 0, NULL),
	('KONSHB2019RW02S08130S143646V', 'Bapak.', 'RYAN', 3, 'KUDUS', 'KUDUS', NULL, '085640945507', '085640945507', '', 0, '', 0, 0, '2019-02-08 13:01:43', 20, 0, NULL),
	('KONSHE201B8110U8X09K00525LK3QS1', 'Bpk.', 'Kholis', 3, '-', 'kudus', NULL, '085743656008', '085743656008', '', 0, '', 0, 0, '2018-11-08 09:00:52', 25, 0, NULL),
	('KONSHH20190102R12J1740995', 'Sdr.', 'Anifa', 3, '-', '-', NULL, '-', '-', '', 0, '', 0, 0, '2019-01-02 12:17:40', 25, 0, NULL),
	('KONSHR20LOD181M0291Q425A11G88U9', 'Bpk.', 'Zenal', 3, 'Kandang Mas', 'kudus', NULL, '085641465333', '085641465333', 'ulilmancunian@gmail.com', 0, '', 0, 0, '2018-10-29 14:25:11', 19, 0, NULL),
	('KONSHRT2019Z020D9U111240957', 'Bapak.', 'AYIS', 3, 'KUDUS', 'KUDUS', NULL, '-', '-', '', 0, '', 0, 0, '2019-02-09 11:12:40', 20, 0, NULL),
	('KONSHS2AS019041111471X6J9V67B', 'Ibu.', 'Noor Ismawati', 3, '-', '-', NULL, '-', '-', '', 0, '', 0, 0, '2019-04-11 11:47:16', 25, 0, NULL),
	('KONSHX20181107092F14168O7', 'Saudara.', 'AKROM', 3, 'SMA 1 KUDUS', 'KUDUS', NULL, '081393945648', '081393945648', '', 0, '', 0, 0, '2018-11-07 09:21:41', 20, 0, NULL),
	('KONSHZCME201811Z2L405C241D41095', 'Saudara.', 'HIKAM', 3, 'KUDUS', 'KUDUS', NULL, '-', '-', '', 0, '', 0, 0, '2018-11-24 05:24:14', 20, 0, NULL),
	('KONSI20181112M0J7F1459D6SU54', 'Bpk.', 'Nur Said', 3, 'Gondoharum Jekulo', 'Kudus', NULL, '085225987401', '085225987401', '', 0, '', 0, 0, '2018-11-12 07:14:59', 26, 0, NULL),
	('KONSI2018112312SU200MV0L778', 'Sdr.', 'niswa', 3, 'kudus', 'kudus', NULL, '-', '', '', 0, '', 0, 0, '2018-11-23 12:20:00', 21, 0, NULL),
	('KONSI201812101Z0B4S2L2J9L100M8', 'Sdr.', 'lilik', 3, 'umk', 'kudus', NULL, '-', '', '', 0, '', 0, 0, '2018-12-10 10:42:29', 21, 0, NULL),
	('KONSI2018E1102Q13300F410T89G', 'Saudara.', 'Afryan', 3, 'kudus', 'kudus', NULL, '+62 856-4053-5566', '+62 856-4053-5566', '', 0, '', 0, 0, '2018-11-02 13:30:04', 19, 0, NULL),
	('KONSI2018K120HS303X141214PH35Y', 'Ibu.', 'diah loka', 3, 'megawon', 'kudus', NULL, '082324343105', '', '', 0, '', 0, 0, '2018-12-03 03:14:12', 21, 0, NULL),
	('KONSI2019011Y9W1242Z27SG1K2E5Q8', 'Bpk.', 'Bagas', 3, 'Purwosari', 'Kudus', NULL, '085100291353', '085100291353', '', 0, '', 0, 0, '2019-01-19 12:42:27', 26, 0, NULL),
	('KONSI201901E0S9151005130T3', 'Sdr.', 'bimo', 3, 'kudus', 'kudus', NULL, '0895347606990', '', '', 0, '', 0, 0, '2019-01-09 15:10:05', 21, 0, NULL),
	('KONSI20190G21210143Q21504', 'Sdr.', 'rachmad', 3, 'kudus', 'kudus', NULL, '-', '', '', 0, '', 0, 0, '2019-02-12 10:14:32', 21, 0, NULL),
	('KONSI2019N0QB4041C40228860', 'Sdr.', 'Arjuna', 3, '-', '-', NULL, '-', '-', '', 0, '', 0, 0, '2019-04-04 14:02:28', 33, 0, NULL),
	('KONSI2019SN05O181613411144', 'Sdr.', 'Zulifah', 3, '-', '-', NULL, '-', '-', '', 0, '', 0, 0, '2019-05-18 16:13:41', 25, 0, NULL),
	('KONSI201F90SW415103F4421049BQCEL', 'Bapak.', 'DEDI', 3, 'KUDUS', 'KUDUS', NULL, '081226839766', '081226839766', '', 0, '', 0, 0, '2019-04-15 10:34:42', 20, 0, NULL),
	('KONSI201M9Q051X1082F754642', 'Bpk.', 'AGUS', 3, '-', '-', NULL, '-', '-', '', 0, '', 0, 0, '2019-05-11 08:27:54', 25, 0, NULL),
	('KONSI201S902D0R5123D3L05141Q1', 'Bapak.', 'Ompong', 3, 'Tumpang krasak', 'Kudus', NULL, '085 225 345 358', '085 225 345 358', '', 0, '', 0, 0, '2019-02-05 12:33:05', 26, 0, NULL),
	('KONSI20C190N52013V370O21N51B9', 'Bapak.', 'NUR AFANDI', 3, 'KUDUS', 'KUDUS', NULL, '-', '-', '', 0, '', 0, 0, '2019-05-20 13:37:02', 20, 0, NULL),
	('KONSI20F1812291418G391247', 'Sdr.', 'ROZA', 3, 'KUDUS', 'KUDUS', NULL, '-', '-', '', 0, '', 0, 0, '2018-12-29 14:18:39', 20, 0, NULL),
	('KONSI20I19VJX03050E8Q5I05713UK04', 'Sdr.', 'Andi Rex', 3, '-', '-', NULL, '-', '-', '', 0, '', 0, 0, '2019-03-05 08:50:57', 25, 0, NULL),
	('KONSI20J1KR90129F0843M4N81KI137', 'Bapak.', 'AYIK PANJUNAN', 3, 'KUDUS', 'KUDUS', NULL, '-', '-', '', 0, '', 0, 0, '2019-01-29 08:43:48', 20, 0, NULL),
	('KONSI20Q18W12T151F321191I195', 'Sdr.', 'NAUMI', 3, 'GETAS PEJATEN', 'KUDUS', NULL, '085227970124', '085227970124', '', 0, '', 0, 0, '2018-12-15 13:21:19', 20, 0, NULL),
	('KONSI20S1901K1AY21410231459QZSK', 'Sdr.', 'Hengki', 3, '-', '-', NULL, '-', '-', '', 0, '', 0, 0, '2019-01-12 14:10:23', 25, 0, NULL),
	('KONSI20WIF1812080403CC5710U23', 'Ibu.', 'NANIK', 3, 'MLATI KIDUL', 'KUDUS', NULL, '085325459006', '085325459006', '', 0, '', 0, 0, '2018-12-08 04:03:57', 20, 0, NULL),
	('KONSI20X1812WN050PEN21T3SK39624', 'Bpk.', 'Muhammad Tomi', 3, '-', 'Kudus', NULL, '0895384880378', '0895384880378', '', 0, '', 0, 0, '2018-12-05 02:13:39', 25, 0, NULL),
	('KONSI20Z190K42E3092015F571', 'Bapak.', 'ARIF H', 3, 'KUDUS', 'KUDUS', NULL, '085229699256', '085229699256', '', 0, '', 0, 0, '2019-04-23 09:20:15', 20, 0, NULL),
	('KONSI2A0X1M8111013R51518P45', 'Saudara.', 'WIDODO', 3, 'PLOSO', 'KUDUS', NULL, '085700277796', '085700277796', '', 0, '', 0, 0, '2018-11-10 13:51:51', 20, 0, NULL),
	('KONSI2HQ018GE1W2GQ06031609623', 'Sdr.', 'Nafsiyah', 3, '-', '-', NULL, '-', '-', '', 0, '', 0, 0, '2018-12-06 03:16:09', 25, 0, NULL),
	('KONSI2Q01F810Q29TV11A57B561X529K', 'Sdr.', 'Vina', 3, 'kudus', 'kudus', NULL, '-', '-', '', 0, '', 0, 0, '2018-10-29 11:57:56', 25, 0, NULL),
	('KONSI2Q0U1901R0S3Y16R1714727', 'Sdr.', 'ORBIT', 3, 'JEPANG PAKIS', 'KUDUS', NULL, '085726910023', '', '', 0, '', 0, 0, '2019-01-03 16:17:14', 21, 0, NULL),
	('KONSIAW20F190X509N11Z40M53Q8M94', 'Bapak.', 'Iriyanto', 3, 'KUdus', 'kudus', NULL, '-', '-', '', 0, '', 0, 0, '2019-05-09 11:40:53', 26, 0, NULL),
	('KONSIF201RY90Q31918U0013G6B26', 'Sdr.', 'stevan', 3, 'kudus', 'kudus', NULL, '-', '', '', 0, '', 0, 0, '2019-03-19 18:00:13', 21, 0, NULL),
	('KONSIG2V01Z81103111019D110U4', 'Bapak.', 'ALI SHODIQIN', 3, 'KUDUS', 'KUDUS', NULL, '-', '-', '', 0, '', 0, 0, '2018-11-03 11:10:19', 20, 0, NULL),
	('KONSIH2018M1BB11W7014747B1RY3C46', 'Bpk.', 'Maskuri', 3, 'megawon', 'kudus', NULL, '0817294870', '0817294870', '', 0, '', 0, 0, '2018-11-17 01:47:47', 19, 0, NULL),
	('KONSIO20E1B90Q220W1735M02149Q1V', 'Sdr.', 'Romando', 3, 'Kudus', 'Kudus', NULL, '089662147257', '089662147257', '', 0, '', 0, 0, '2019-02-20 17:35:02', 26, 0, NULL),
	('KONSIQ201901D31O094929Z1Z100', 'Bapak.', 'AGUSTA', 3, 'KUDUS', 'KUDUS', NULL, '082113951157', '082113951157', '', 0, '', 0, 0, '2019-01-31 09:49:29', 20, 0, NULL),
	('KONSJ2018110N112094JF61194', 'Bpk.', 'adi', 3, 'karang bener', 'kudus', NULL, '085640157383', '085640157383', '', 0, '', 0, 0, '2018-11-01 12:09:46', 19, 0, NULL),
	('KONSJ201811QM16UTD05V350S79I72', 'Bpk.', 'iwan valibri', 3, 'kramat', 'kudus', NULL, '+62 896-6881-6217', '+62 896-6881-6217', '', 0, '', 0, 0, '2018-11-16 05:35:07', 19, 0, NULL),
	('KONSJ20181H11F9W0354T42C628', 'Sdr.', 'Nabila', 3, '-', '-', NULL, '-', '-', '', 0, '', 0, 0, '2018-11-19 03:54:42', 25, 0, NULL),
	('KONSJ20181W218094TA440696', 'Bapak.', 'GUNUNG WISNU', 3, 'LORAM WETAN', 'KUDUS', NULL, '085727473165', '085727473165', '', 0, '', 0, 0, '2018-12-18 09:44:40', 20, 0, NULL),
	('KONSJ2019021Y61D10QV22K6451', 'Bapak.', 'EKO', 3, 'KUDUS', 'KUDUS', NULL, '08980315822', '08980315822', '', 0, '', 0, 0, '2019-02-16 11:02:26', 20, 0, NULL),
	('KONSJ20190405174145QPJ477', 'Ibu.', 'Andrea', 3, 'Purwosari', 'Kudus', NULL, '081 332 244 703', '081 332 244 703', '', 0, '', 0, 0, '2019-04-05 17:41:45', 26, 0, NULL),
	('KONSJ2019R0C3U3010WY1209Z5FD47', 'Sdr.', 'Shintya', 3, '-', '-', NULL, '-', '-', '', 0, '', 0, 0, '2019-03-30 10:12:09', 33, 0, NULL),
	('KONSJ201FG81B02ON910W48CE34633', 'Bpk.', 'Safak', 3, 'Melati', 'kudus', NULL, '085875404214', '085875404214', '', 0, '', 0, 0, '2018-10-29 10:48:34', 14, 1, 14),
	('KONSJ2H0Q1C8121DE51X12H727798', 'CV.', 'SD KANISIUS', 3, 'kudus', 'kudus', NULL, '-', '-', '', 0, '', 0, 0, '2018-12-15 11:27:27', 19, 0, NULL),
	('KONSJ2K019XI0X50317Q36S2780QA4K', 'Sdr.', 'Ovan', 3, 'Kudus', 'Kudus', NULL, '-', '-', '', 0, '', 0, 0, '2019-05-03 17:36:27', 26, 0, NULL),
	('KONSJ2M0BI19W052DS50K906251543', 'Sdr.', 'situ', 3, 'kudus', 'kudus', NULL, '-', '', '', 0, '', 0, 0, '2019-05-25 09:06:25', 21, 0, NULL),
	('KONSJ2Y01905O031NM8070Z413L8K5', 'Sdr.', 'IOS', 3, 'KUDUS', 'KUDUS', NULL, '-', '', '', 0, '', 0, 0, '2019-05-03 18:07:04', 21, 0, NULL),
	('KONSJA2Z019021816W12O3F8M8V04', 'Saudara.', 'TYO', 3, 'KUDUS', 'KUDUS', NULL, '085641663927', '085641663927', '', 0, '', 0, 0, '2019-02-18 16:12:38', 20, 0, NULL),
	('KONSJF201901151J8DOE5HA33712S86G', 'Bpk.', 'JADI SUBUR', 3, 'Jepang', 'Kudus', NULL, '085347654150', '085347654150', '', 0, '', 0, 0, '2019-01-15 18:53:37', 26, 0, NULL),
	('KONSJH20181206PY0426111FH012A', 'Saudara.', 'IRCHAM', 3, 'KUDUS', 'KUDUS', NULL, '085802406645', '085802406645', '', 0, '', 0, 0, '2018-12-06 04:26:11', 20, 0, NULL),
	('KONSJS2019K01P22BO1306UNG56S1571', 'Sdr.', 'SYIFA', 3, 'KUDUS', 'KUDUS', NULL, '-', '', '', 0, '', 0, 0, '2019-01-22 13:06:56', 21, 0, NULL),
	('KONSJU20W181DT0X3W112564261S7J', 'Bapak.', 'DEDY', 3, 'KUDUS', 'KUDUS', NULL, '-', '-', '', 0, '', 0, 0, '2018-10-31 12:56:42', 20, 0, NULL),
	('KONSJY2019DK0X51S61122F091017LN', 'Sdr.', 'Afa', 3, 'Kudus', 'Kudus', NULL, '-', '-', '', 0, '', 0, 0, '2019-05-16 11:22:09', 33, 0, NULL),
	('KONSK20181T224Q1E6Y091M6736', 'Sdr.', 'haidar', 3, 'kudus', 'kudus', NULL, '085870178388', '', '', 0, '', 0, 0, '2018-12-24 16:09:16', 21, 0, NULL),
	('KONSK20181XJ1M0210F355JE19NGX39', 'Bpk.', 'Dwi', 3, 'Jl Menur 419', 'Kudus', NULL, '081325510291', '081325510291', '', 0, '', 0, 0, '2018-11-02 10:35:51', 25, 0, NULL),
	('KONSK2018Z11EG1I6OQD09G1731O647', 'Bpk.', 'Erik', 3, 'Melati Kidul', 'Kudus', NULL, '085290007558', '085290007558', '', 0, '', 0, 0, '2018-11-16 09:17:31', 26, 0, NULL),
	('KONSK20190102ZP19H43181W316', 'Bpk.', 'Romli', 3, 'FIF Group', 'Kudus', NULL, '-', '-', '', 0, '', 0, 0, '2019-01-02 19:43:18', 26, 0, NULL),
	('KONSK201901080F95O72QC7854LY', 'Bpk.', 'MAMAN', 3, 'KUDUS', 'KUDUS', NULL, '085523966855', '085523966855', '', 0, '', 0, 0, '2019-01-08 09:57:27', 20, 0, NULL),
	('KONSK201903131135211275M', 'Bpk.', 'Irsyad', 3, 'Kudus', 'Kudus', NULL, '082313075215', '082313075215', '', 0, '', 0, 0, '2019-03-13 11:35:21', 26, 0, NULL),
	('KONSK201903181702I23491', 'Saudara.', 'ARIKA', 3, 'KUDUS', 'KUDUS', NULL, '082134484432', '082134484432', '', 0, '', 0, 0, '2019-03-18 17:02:23', 20, 0, NULL),
	('KONSK201905D2912201B08M85', 'Bapak.', 'HARIS', 3, 'KUDUS', 'KUDUS', NULL, '082322246950', '082322246950', '', 0, '', 0, 0, '2019-05-29 12:20:10', 20, 0, NULL),
	('KONSK20190U5240929161495WL', 'Sdr.', 'Ageng', 3, '-', '-', NULL, '085866116999', '085866116999', '', 0, '', 0, 0, '2019-05-24 09:29:16', 33, 0, NULL),
	('KONSK2019E012415573512NH09', 'Sdr.', 'caca', 3, 'kudus', 'kudus', NULL, '-', '', '', 0, '', 0, 0, '2019-01-24 15:57:35', 21, 0, NULL),
	('KONSK2019MS0308154U0061361', 'Bpk.', 'Attabika', 3, 'Jepara', 'Jepara', NULL, '', '085640862646', '', 0, '', 0, 0, '2019-03-08 15:40:06', 33, 0, NULL),
	('KONSK2019PB01N1WZV8L1747251458', 'Bapak.', 'Rumani', 3, 'Tambirejo', 'Demak', NULL, '085640945507', '085640945507', '', 0, '', 0, 0, '2019-01-18 17:47:25', 26, 0, NULL),
	('KONSK2019Q05171X74212MT1R1B55', 'Sdr.', 'valen', 3, 'kudus', 'kudus', NULL, '-', '', '', 0, '', 0, 0, '2019-05-17 17:42:12', 21, 0, NULL),
	('KONSK2019Y04B0909V45MS37599', 'Ibu.', 'Rini', 3, '-', '-', NULL, '-', '-', '', 0, '', 0, 0, '2019-04-09 09:45:37', 25, 0, NULL),
	('KONSK201PI8110114DH3936A1398', 'Sdr.', 'Dafa', 3, '-', '-', NULL, '-', '-', '', 0, '', 0, 0, '2018-11-01 14:39:36', 25, 0, NULL),
	('KONSK201S90204V104EXB226674', 'Ibu.', 'Markamah', 3, '-', '-', NULL, '-', '-', '', 0, '', 0, 0, '2019-02-04 10:42:26', 25, 0, NULL),
	('KONSK201SAN90G21W1W11L52T56864', 'Bpk.', 'solekhan', 3, 'kudus', 'kudus', NULL, '-', '', '', 0, '', 0, 0, '2019-02-11 11:52:56', 21, 0, NULL),
	('KONSK201X9NKJ0107ZS1O2W1408781', 'Sdr.', 'Kotino', 3, 'Kudus', 'Kudus', NULL, '-', '-', '', 0, '', 0, 0, '2019-01-07 12:14:08', 26, 0, NULL),
	('KONSK201XQ902K1BZ210210BC2935', 'Sdr.', 'NUR', 3, 'KUDUS', 'KUDUS', NULL, '081511005582', '081511005582', '', 0, '', 0, 0, '2019-02-12 10:21:02', 20, 0, NULL),
	('KONSK201Y9011A71FN317041G056D', 'Sdr.', 'AN NAJWA', 3, 'KUDUS', 'KUDUS', NULL, '-', '', '', 0, '', 0, 0, '2019-01-17 13:17:04', 21, 0, NULL),
	('KONSK20C1901211424381034', 'Sdr.', 'Mely', 3, '-', '-', NULL, '-', '-', '', 0, '', 0, 0, '2019-01-21 14:24:38', 25, 0, NULL),
	('KONSK20L1902150B84J1271N048', 'Saudara.', 'SYAIFUDIN', 3, 'KUDUS', 'KUDUS', NULL, '085741380340', '085741380340', '', 0, '', 0, 0, '2019-02-15 08:41:27', 20, 0, NULL),
	('KONSK20O18103BIT01W6Q5Z35614D73R', 'Saudara.', 'MANUN', 3, 'KUDUS', 'KUDUS', NULL, '-', '-', '', 0, '', 0, 0, '2018-10-30 16:53:56', 20, 0, NULL),
	('KONSK20O190520P16G1425154VX5', 'Sdr.', 'KHUSNUL', 3, 'KUDUS', 'KUDUS', NULL, '085866656293', '085866656293', '', 0, '', 0, 0, '2019-05-20 16:14:25', 20, 0, NULL),
	('KONSK20R1904D0118354331S0', 'Sdr.', 'hifni', 3, 'kudus', 'kudus', NULL, '1', '', '', 0, '', 0, 0, '2019-04-01 18:35:43', 21, 0, NULL),
	('KONSK2B01904301107536Y5R4', 'Sdr.', 'RAISA', 3, 'KUDUS', 'KUDUS', NULL, '-', '', '', 0, '', 0, 0, '2019-04-30 11:07:53', 21, 0, NULL),
	('KONSK2N0Y1G90ZJ10UI9135W9381326', 'Bapak.', 'ALIFADI', 3, 'KUDUS', 'KUDUS', NULL, '08112588821', '08112588821', '', 0, '', 0, 0, '2019-01-09 13:59:38', 20, 0, NULL),
	('KONSKB2019XPV0Q1F02J111556F623', 'Sdr.', 'KB Firdaus', 3, '-', '-', NULL, '085747875899', '-', '', 0, '', 0, 0, '2019-01-02 11:15:56', 25, 0, NULL),
	('KONSKD201DN90424155736V1290LO', 'Sdr.', 'Bella', 3, 'Kudus', 'kudus', NULL, '-', '', '', 0, '', 0, 0, '2019-04-24 15:57:36', 21, 0, NULL),
	('KONSKDS2018HKP1G02YG91C90516748', 'Bpk.', 'mustofa', 3, 'kudus', 'kudus', NULL, '-', '-', '', 0, '', 0, 0, '2018-10-29 19:05:16', 26, 0, NULL),
	('KONSKH201E9052014I3250130B5', 'Sdr.', 'MAULIA', 3, 'KUDUS', 'KUDUS', NULL, '089682009953', '089682009953', '', 0, '', 0, 0, '2019-05-20 14:32:50', 20, 0, NULL),
	('KONSKIWPI201B90D10315003LW51338', 'Ibu.', 'INDAH', 3, 'KAEYEN', 'PATI', NULL, '081390854644', '081548082717', '', 0, '', 0, 0, '2019-01-03 15:00:35', 20, 0, NULL),
	('KONSKN201905M2X21F1DW44251222G', 'Ibu.', 'Nanik', 3, '-', '-', NULL, '-', '-', '', 0, '', 0, 0, '2019-05-22 11:44:25', 25, 0, NULL),
	('KONSKX2J01F9021YCWSR9191128874', 'Sdr.', 'nida', 3, 'jepang', 'kudus', NULL, '-', '', '', 0, '', 0, 0, '2019-02-19 19:11:28', 21, 0, NULL),
	('KONSKY201812I0KD70723G25G608', 'Sdr.', 'FELISIA', 3, 'KUDUS', 'KUDUS', NULL, '085876564495', '', '', 0, '', 0, 0, '2018-12-07 07:23:25', 21, 0, NULL),
	('KONSKZ2019031109W2804ZTF529DK', 'Bapak.', 'AHMAD', 3, 'KUDUS', 'KUDUS', NULL, '-', '-', '', 0, '', 0, 0, '2019-03-11 09:28:04', 20, 0, NULL),
	('KONSL20181108135433802D', 'Bapak.', 'PUSAT SOUVENIR', 3, 'MIJEN', 'DEMAK', NULL, '081575354678', '081575354678', '', 0, '', 0, 0, '2018-11-08 13:54:33', 20, 0, NULL),
	('KONSL201811141FUUN043341V0F46', 'PT.', 'BPR Duta Bhakti', 3, 'jln. A ayani ruko pjka', 'Kudus', NULL, '081575147588', '081575147588', '', 0, '', 0, 0, '2018-11-14 10:43:34', 26, 0, NULL),
	('KONSL20181E031BA150212147X0KK', 'Sdr.', 'Tomy', 3, 'Gebog', 'Kudus', NULL, '081901297289', '081901297289', '', 0, '', 0, 0, '2018-10-31 15:02:12', 26, 0, NULL),
	('KONSL201901031440BAM2F3Q1365', 'Ibu.', 'NURITA', 3, 'KUDUS', 'KUDUS', NULL, '-', '-', '', 0, '', 0, 0, '2019-01-03 14:40:23', 20, 0, NULL),
	('KONSL2019010809132510H81Y', 'Ib.', 'DIVA', 3, 'GETAS PEJATEN', 'kudus', NULL, '-', '-', '', 0, '', 0, 0, '2019-01-08 09:13:25', 20, 0, NULL),
	('KONSL201902RHC0709O5XH0421244', 'Sdr.', 'Oza', 3, '-', '-', NULL, '085740272210', '-', '', 0, '', 0, 0, '2019-02-07 09:50:42', 25, 0, NULL),
	('KONSL201903191J6F22461232', 'Sdr.', 'aan', 3, '-', '-', NULL, '-', '-', '', 0, '', 0, 0, '2019-03-19 16:22:46', 25, 0, NULL),
	('KONSL20190321YA1611S40Z1329', 'Sdr.', 'epul', 3, 'kudus', 'kudus', NULL, '-', '', '', 0, '', 0, 0, '2019-03-21 16:11:40', 21, 0, NULL),
	('KONSL20190501I1V0R4543IG83Q3', 'Bapak.', 'TEGUH', 3, 'KUDUS', 'KUDUS', NULL, '082225462159', '082225462159', '', 0, '', 0, 0, '2019-05-01 10:45:43', 20, 0, NULL),
	('KONSL201905231S0101W41407', 'Bpk.', 'Dodik purnomo', 3, '-', '-', NULL, '-', '-', '', 0, '', 0, 0, '2019-05-23 10:10:14', 25, 0, NULL),
	('KONSL2019BLM02F0S71CB016E461078', 'Sdr.', 'YASSAR', 3, 'KUDUS', 'KUDUS', NULL, '085867656119', '', '', 0, '', 0, 0, '2019-02-07 10:16:46', 21, 0, NULL),
	('KONSL201AG81N227121440925', 'Sdr.', 'Arya', 3, '-', '-', NULL, '089655696400', '089655696400', '', 0, '', 0, 0, '2018-12-27 12:14:40', 25, 0, NULL),
	('KONSL201PL9Q0S1261K2T2M72V91153', 'Sdr.', 'Zulfa', 3, 'Demak', 'Demak', NULL, '085640223913', '085640223913', '', 0, '', 0, 0, '2019-01-26 12:27:29', 26, 0, NULL),
	('KONSL201Z9011515C56Q031S56U2', 'Ibu.', 'Bu Joko', 3, 'Kudus', 'Kudus', NULL, '-', '-', '', 0, '', 0, 0, '2019-01-15 15:56:03', 26, 0, NULL),
	('KONSL20K1B8L1N2060644U45612T', 'Bapak.', 'ALI MLATI KIDUL', 3, 'MLATI KIDUL', 'KUDUS', NULL, '081325739891', '081325739891', '', 0, '', 0, 0, '2018-12-06 06:44:45', 20, 0, NULL),
	('KONSL20N19052414Z2VB024Z698', 'Sdr.', 'TRI HARYANTO', 3, 'KUDUS', 'KUDUS', NULL, '-', '', '', 0, '', 0, 0, '2019-05-24 14:20:24', 21, 0, NULL),
	('KONSL20O1O81NMX20J60K757221SW071', 'Sdr.', 'Hammam', 3, '-', '-', NULL, '082326550550', '-', '', 0, '', 0, 0, '2018-12-06 07:57:22', 25, 0, NULL),
	('KONSL20Q190103092O0D3K15P9TP1', 'Sdr.', 'Lintang', 3, '-', '-', NULL, '-', '-', '', 0, '', 0, 0, '2019-01-03 09:20:31', 25, 0, NULL),
	('KONSL2AN0AXE190308JP08G59S16838', 'Sdr.', 'STC', 3, '-', '-', NULL, '-', '-', '', 0, '', 0, 0, '2019-03-08 08:59:16', 25, 0, NULL),
	('KONSL2O0190T4I1017IP2U35C711WJ55', 'Sdr.', 'coker', 3, 'kudus', 'kudus', NULL, '-', '', '', 0, '', 0, 0, '2019-04-10 17:23:57', 21, 0, NULL),
	('KONSL2UO01U812040851581382', 'Bapak.', 'KRIS BACIN', 3, 'BACIN', 'KUDUS', NULL, '081326080667', '081326080667', '', 0, '', 0, 0, '2018-12-04 08:51:58', 20, 0, NULL),
	('KONSL2W0190416151S21K6LTN895', 'Sdr.', 'Franky', 3, 'Kudus', 'Kudus', NULL, '081 229 181 62', '081 229 181 62', '', 0, '', 0, 0, '2019-04-16 15:12:16', 26, 0, NULL),
	('KONSLB20L19QYJ0V515093EL4N10963', 'Ibu.', 'Lili', 3, '-', '-', NULL, '082133812363', '082133812363', '', 0, '', 0, 0, '2019-05-15 09:34:10', 33, 0, NULL),
	('KONSLC2019030WB81135546E35', 'Ibu.', 'Yanti', 3, '-', '-', NULL, '085742932396', '085742932396', '', 0, '', 0, 0, '2019-03-08 11:35:54', 25, 0, NULL),
	('KONSLG2P0J181U115Z040S74Q3C8J47', 'Sdr.', 'Fajar Erlangga', 3, 'Ploso rt 5 rq 2', 'Kudus', NULL, '085225835335', '085225835335', '', 0, '', 0, 0, '2018-11-15 04:07:43', 26, 0, NULL),
	('KONSLJS201G8M122N115D332963M8', 'Sdr.', 'STEVANO', 3, 'JANGGALAN', 'KUDUS', NULL, '08970562398', '', '', 0, '', 0, 0, '2018-12-21 15:33:29', 21, 0, NULL),
	('KONSLK2018111F20652VCD5G5493', 'Sdr.', 'Ela', 3, '-', '-', NULL, '-', '-', '', 0, '', 0, 0, '2018-11-12 06:52:55', 25, 0, NULL),
	('KONSLMN2018LA11120O90XX503G716G', 'Sdr.', 'Musholla Al Hadi', 3, '-', '-', NULL, '085604062000', '-', '', 0, '', 0, 0, '2018-11-12 09:05:03', 25, 0, NULL),
	('KONSLP201811150233121428', 'Saudara.', 'ZAHIN', 3, 'KUDUS', 'KUDUS', NULL, '-', '-', '', 0, '', 0, 0, '2018-11-15 02:33:12', 20, 0, NULL),
	('KONSLQ201811E0316GP5522A1391', 'Bpk.', 'Eli', 3, '-', 'kudus', NULL, '-', '-', '', 0, '', 0, 0, '2018-11-03 16:55:22', 25, 0, NULL),
	('KONSLQ2018O11N12Y11530EML7950', 'Sdr.', 'faris', 3, 'jurang', 'kudus', NULL, '08221078989896', '', '', 0, '', 0, 0, '2018-11-12 11:53:07', 21, 0, NULL),
	('KONSLS20181121WW1H1GQ18321FV159G', 'Bpk.', 'Alek', 3, 'Tumpang Krasak', 'Kudus', NULL, '082138722720', '082138722720', '', 0, '', 0, 0, '2018-11-21 11:18:32', 26, 0, NULL),
	('KONSLUPZ201Z811QG0614102587VJ7', 'Sdr.', 'Ulil', 3, '-', 'kudus', NULL, '-', '085606147427', '', 0, '', 0, 0, '2018-11-06 14:10:25', 25, 0, NULL),
	('KONSM2018102N9Y13G393510G38', 'Saudara.', 'mim printing', 3, 'jepara', 'jepara', NULL, '-', '+62 858-7871-9013', 'mimprintingjepara@gmail.com', 0, 'sudah bergabung jadi reseller valibri sejak 11/11/16', 0, 200000, '2018-10-29 13:39:35', 19, 0, NULL),
	('KONSM20181129D062B244806', 'Sdr.', 'Supri', 3, '-', '-', NULL, '081568454984', '-', '', 0, '', 0, 0, '2018-11-29 06:22:44', 25, 0, NULL),
	('KONSM201903290936535F2R5T', 'Bapak.', 'NUR ANWAS', 3, 'KUDUS', 'KUDUS', NULL, '-', '-', '', 0, '', 0, 0, '2019-03-29 09:36:53', 20, 0, NULL),
	('KONSM2019032T60859Y077K3E9JS', 'Sdr.', 'WHINNY', 3, 'KUDUS', 'KUDUS', NULL, '081227363377', '081227363377', '', 0, '', 0, 0, '2019-03-26 08:59:07', 20, 0, NULL),
	('KONSM2019042213Y07371101', 'Sdr.', 'SMK Hasyim Asy\'ari 1', 3, '-', '-', NULL, '-', '-', '', 0, '', 0, 0, '2019-04-22 13:07:37', 33, 0, NULL),
	('KONSM201N8U112906CGK19H21876NV', 'PT.', 'PT. TTT', 3, 'kalbar', 'kalbar', NULL, '', '', '', 0, '', 0, 0, '2018-11-29 06:19:21', 19, 0, NULL),
	('KONSM20A18L1228V1X4253652J4', 'Sdr.', 'CITRA', 3, 'MEJOBO', 'KUDUS', NULL, '081545515535', '081545515535', '', 0, '', 0, 0, '2018-12-28 14:25:36', 20, 0, NULL),
	('KONSM20FV18M11R0J3N1413291118', 'Bapak.', 'TIYO', 3, 'KUDUS', 'KUDUS', NULL, '-', '-', '', 0, '', 0, 0, '2018-11-03 14:13:29', 20, 0, NULL),
	('KONSM20K1ZA8W121C104F360E4XX1218', 'Bapak.', 'MUALI', 3, 'HADIPOLO', 'KUDUS', NULL, '085290376006', '085290376006', '', 0, '', 0, 0, '2018-12-11 04:36:04', 20, 0, NULL),
	('KONSM20MK1905P271D03KV60D9W1446', 'Sdr.', 'Dita UMK', 3, '-', '-', NULL, '-', '-', '', 0, '', 0, 0, '2019-05-27 10:36:09', 25, 0, NULL),
	('KONSM20O1BL8121S7155903Q1DN095', 'Saudara.', 'BOWO', 3, 'KUDUS', 'KUDUS', NULL, '-', '-', '', 0, '', 0, 0, '2018-12-17 15:59:03', 20, 0, NULL),
	('KONSM20YJ1812121M9J0S3HB1S8709', 'Bpk.', 'Hazama', 3, 'Dawe', 'Kudus', NULL, '081575646817', '081575646817', '', 0, '', 0, 0, '2018-12-12 19:03:18', 26, 0, NULL),
	('KONSM2GS0181VK20402451R6KO57KY7', 'Bapak.', 'ARI', 3, 'KUDUS', 'KUDUS', NULL, '-', '-', '', 0, '', 0, 0, '2018-12-04 02:45:16', 20, 0, NULL),
	('KONSM2I018U12J1GJ510B0020X837Z', 'Bpk.', 'Zulherman', 3, '-', '-', NULL, '-', '-', '', 0, '', 0, 0, '2018-12-15 10:00:20', 25, 0, NULL),
	('KONSMA2Y0190G41T3YV112228Z6Z05', 'Ibu.', 'TINA AHE', 3, 'KUDUS', 'KUDUS', NULL, '0895335029721', '0895335029721', '', 0, '', 0, 0, '2019-04-13 11:22:28', 20, 0, NULL),
	('KONSMD2Y0D181GNZZI204080004789L', 'Sdr.', 'Ilham', 3, '-', '-', NULL, '085710642500', '085710642500', '', 0, '', 0, 0, '2018-12-04 08:00:04', 25, 0, NULL),
	('KONSMK201U8P112Z6045U2E4R41274', 'Saudara.', 'ULIN NIAM', 3, 'MARGOREJO', 'KUDUS', NULL, '085226414526', '085226414526', '', 0, '', 0, 0, '2018-11-26 04:52:44', 20, 0, NULL),
	('KONSMP2G01811260818X0H1757', 'Bpk.', 'mbarsidi', 3, 'mijen', 'kudus', NULL, '081327168834', '', '', 0, '', 0, 0, '2018-11-26 08:18:01', 21, 0, NULL),
	('KONSMR201811IB011O427121266', 'Bpk.', 'Rohim', 3, 'Kudus', 'Kudus', NULL, '082388803634', '', '', 0, '', 0, 0, '2018-11-01 14:27:12', 21, 0, NULL),
	('KONSMS201T90308113138G6M88L', 'Ibu.', 'Yanti AHE', 3, 'Kudus', 'Kudus', NULL, '085866150806', '085866150806', '', 0, '', 0, 0, '2019-03-08 11:31:38', 26, 0, NULL),
	('KONSMW20181203PNK073M0CG20120SX0', 'Sdr.', 'JUNDAN', 3, 'PUCANGKEREP RT6/1', 'KUDUS', NULL, '085713307703', '', '', 0, '', 0, 0, '2018-12-03 07:30:20', 21, 0, NULL),
	('KONSN201810W3114P01541K4I33', 'Bapak.', 'SOHIB', 3, 'LORAM', 'KUDUS', NULL, '-', '-', '', 0, '', 0, 0, '2018-10-31 14:01:54', 20, 0, NULL),
	('KONSN20181103091055FMA772', 'Sdr.', 'Teo', 3, '-', '-', NULL, '-', '-', '', 0, '', 0, 0, '2018-11-03 09:10:55', 25, 0, NULL),
	('KONSN201811260Q51URXRXG70683X1', 'Sdr.', 'TITIK ZULAIKAH', 3, 'KUDUS', 'KUDUS', NULL, '082148483823', '082148483823', '', 0, '', 0, 0, '2018-11-26 05:17:06', 20, 0, NULL),
	('KONSN201811T2N7KT03L0Z437YO70Z9', 'Bapak.', 'YUDHO', 3, 'KUDUS', 'KUDUS', NULL, '-', '-', '', 0, '', 0, 0, '2018-11-27 03:04:37', 20, 0, NULL),
	('KONSN2018L111P4Q02K03B42IH9H63', 'Sdr.', 'NANA', 3, 'TUMPANG', 'KUDUS', NULL, '085227602202', '085642225403', '', 0, '', 0, 0, '2018-11-14 02:03:42', 20, 0, NULL),
	('KONSN2018O11F220S5I5Y147THU488', 'Sdr.', 'Gani', 3, '-', '-', NULL, '-', '-', '', 0, '', 0, 0, '2018-11-22 05:51:47', 25, 0, NULL),
	('KONSN20190FB420124X652754', 'Sdr.', 'Awang', 3, 'Kudus', 'Kudus', NULL, '089503195417', '089503195417', '', 0, '', 0, 0, '2019-04-20 12:46:52', 26, 0, NULL),
	('KONSN20190WL322102904ZP666', 'Saudara.', 'ARIF LORAM', 3, 'LORAM WETAN', 'KUDUS', NULL, '082324583779', '082324583779', '', 0, '', 0, 0, '2019-03-22 10:29:04', 20, 0, NULL),
	('KONSN201IZ9EXW02271416XK3412T03O', 'Sdr.', 'niko', 3, 'kudus', 'kudus', NULL, '-', '', '', 0, '', 0, 0, '2019-02-27 14:16:34', 21, 0, NULL),
	('KONSN201P8C11E280654S3114X6G3', 'Sdr.', 'LUSIANA', 3, 'KUDUS', 'KUDUS', NULL, '-', '-', '', 0, '', 0, 0, '2018-11-28 06:54:31', 20, 0, NULL),
	('KONSN201V901101441011555', 'Sdr.', 'YAHYA', 3, 'KUDUS', 'KUDUS', NULL, '081227591544', '081227591544', '', 0, '', 0, 0, '2019-01-10 14:41:01', 26, 0, NULL),
	('KONSN201X90X2A2110303011A46', 'Sdr.', 'Seren', 3, '-', '-', NULL, '-', '-', '', 0, '', 0, 0, '2019-02-21 10:30:30', 25, 0, NULL),
	('KONSN20F1Z904041X23O5K26545', 'Sdr.', 'ulfa', 3, 'kudus', 'kudus', NULL, '', '', '', 0, '', 0, 0, '2019-04-04 12:35:26', 21, 0, NULL),
	('KONSN20G18111A010I1906142GD2', 'Sdr.', 'Basyir', 3, 'Singocandi', 'Kudus', NULL, '085225712972', '085643193672', '', 0, '', 0, 0, '2018-11-10 10:19:06', 26, 0, NULL),
	('KONSN20QASZ1D90103W150824861Q', 'Saudara.', 'MILOR', 3, 'KUDUS', 'KUDUS', NULL, '085727710161', '085727710161', '', 0, '', 0, 0, '2019-01-03 15:08:24', 20, 0, NULL),
	('KONSN2A0190S11E7142745O12MV51', 'Sdr.', 'UNGGUL', 3, 'KUDUS', 'KUDUS', NULL, '085878833803', '', '', 0, '', 0, 0, '2019-01-17 14:27:45', 21, 0, NULL),
	('KONSN2PU0WN1905L09WS1224J24133Q9', 'Sdr.', 'Narra', 3, '-', '-', NULL, '-', '-', '', 0, '', 0, 0, '2019-05-09 12:24:24', 33, 0, NULL),
	('KONSN2Q01902201613074XN08', 'Sdr.', 'Fetra', 3, 'Kudus', 'Kudus', NULL, '083124027812', '083124027812', '', 0, '', 0, 0, '2019-02-20 16:13:07', 26, 0, NULL),
	('KONSN2QT0P19AI05211108P4979VM8', 'Sdr.', 'Izzil', 3, '-', '-', NULL, '-', '-', '', 0, '', 0, 0, '2019-05-21 11:08:49', 25, 0, NULL),
	('KONSN2Y018N1030HR130949SU110V2R', 'Sdr.', 'MAULIDA', 3, 'JEKULO', 'KUDUS', NULL, '085878655558', '085870232845', '', 0, '', 0, 0, '2018-10-30 13:09:49', 20, 0, NULL),
	('KONSN2Y019T02A05S1527ZWB24G810Z', 'Sdr.', 'Rifa', 3, 'Kudus', 'Kudus', NULL, '-', '-', '', 0, '', 0, 0, '2019-02-05 15:27:24', 26, 0, NULL),
	('KONSNA20C18Z12C04V07BT03Z02944E', 'Sdr.', 'ALNI', 3, 'KUDUS', 'KUDUS', NULL, '089627746965', '089627746965', '', 0, '', 0, 0, '2018-12-04 07:03:02', 20, 0, NULL),
	('KONSNG2CO0181M225R141D33P4926G', 'Sdr.', 'Vivi', 3, '-', '-', NULL, '-', '-', '', 0, '', 0, 0, '2018-12-25 14:13:34', 25, 0, NULL),
	('KONSNJ201812260920P399H09', 'Bpk.', 'M Abdul W', 3, 'sudimoro', 'Kudus', NULL, '081390844833', '', '', 0, '', 0, 0, '2018-12-26 09:20:39', 21, 0, NULL),
	('KONSNJC20K19D0AM5071K6291113A71F', 'Sdr.', 'Muafiah', 3, '-', '-', NULL, '-', '-', '', 0, '', 0, 0, '2019-05-07 16:29:11', 25, 0, NULL),
	('KONSNQ2W0R19T02SM161236LP07654', 'Sdr.', 'Sabrina', 3, 'Kudus', 'Kudus', NULL, '-', '-', '', 0, '', 0, 0, '2019-02-16 12:36:07', 26, 0, NULL),
	('KONSNR20B19U05131043FVQ14U1532', 'Sdr.', 'Najwa', 3, '-', '-', NULL, '089670168686', '089670168686', '', 0, '', 0, 0, '2019-05-13 10:43:14', 33, 0, NULL),
	('KONSNX20181218F18TS2AV6J51F927', 'Sdr.', 'Ofan', 3, 'Dersalam', 'Kudus', NULL, '-', '-', '', 0, '', 0, 0, '2018-12-18 18:26:51', 26, 0, NULL),
	('KONSNX2019010XM4092V4209ZX15', 'Sdr.', 'Budi', 3, '-', '-', NULL, '-', '-', '', 0, '', 0, 0, '2019-01-04 09:24:20', 25, 0, NULL),
	('KONSNX20X18P11280XZW700591312', 'Bapak.', 'IMAM JEKULO', 3, 'JEKULO', 'KUDUS', NULL, '-', '-', '', 0, '', 0, 0, '2018-11-28 07:00:59', 20, 0, NULL),
	('KONSNZT20YSO18O12K05080857A89P5', 'Sdr.', 'Kartika', 3, 'Dawe', 'Kudus', NULL, '-', '-', '', 0, '', 0, 0, '2018-12-05 08:08:57', 26, 0, NULL),
	('KONSO2018110509303Z014QG34', 'Saudara.', 'VIDO', 3, 'GONDANG MANIS', 'KUDUS', NULL, '085726044744', '085726044744', '', 0, '', 0, 0, '2018-11-05 09:30:30', 20, 0, NULL),
	('KONSO2018111D90610358Z9UI7', 'Sdr.', 'Marbel', 3, 'Pecangaan', 'Jepara', NULL, '085225452546', '', '', 0, '', 0, 0, '2018-11-19 06:10:35', 21, 0, NULL),
	('KONSO20181LL22016VF17QE131M19C0', 'Sdr.', 'Gank coffee', 3, '-', '-', NULL, '-', '-', '', 0, '', 0, 0, '2018-12-20 16:17:13', 25, 0, NULL),
	('KONSO201903040921N481338', 'Ib.', 'IRA', 3, 'PERUM SINGOCANDI', 'KUDUS', NULL, '085326595939', '085326595939', '', 0, '', 0, 0, '2019-03-04 09:21:48', 20, 0, NULL),
	('KONSO20190521Z1E4584V0M1V132', 'Sdr.', 'Faza', 3, '-', '-', NULL, '081229857456', '081229857456', '', 0, '', 0, 0, '2019-05-21 14:58:40', 25, 0, NULL),
	('KONSO201905250948441394U', 'Sdr.', 'Kuncoro', 3, '-', '-', NULL, '085741337433', '085741337433', '', 0, '', 0, 0, '2019-05-25 09:48:44', 33, 0, NULL),
	('KONSO201905251X255Y12ZA1432X', 'Bpk.', 'Edi Polytron', 3, '-', '-', NULL, '-', '-', '', 0, '', 0, 0, '2019-05-25 12:55:12', 25, 0, NULL),
	('KONSO2019A01QT0Z8H18J0155144V1VH', 'Sdr.', 'budi ganesha', 3, 'jl. ganesha 2 no 1', 'kudus', NULL, '081325711110', '', '', 0, '', 0, 0, '2019-01-08 18:01:55', 21, 0, NULL),
	('KONSO2019E011711PSO3528698', 'Saudara.', 'UMPINK', 3, 'KUDUS', 'KUDUS', NULL, '-', '-', '', 0, '', 0, 0, '2019-01-17 11:35:28', 20, 0, NULL),
	('KONSO201O811270352M449W87', 'Sdr.', 'hafiy', 3, 'kudus', 'kudus', NULL, '082242991518', '', '', 0, '', 0, 0, '2018-11-27 03:52:44', 21, 0, NULL),
	('KONSO201Y9Z0A1140V91J5271G55Y2', 'Bpk.', 'JUMADI', 3, 'KUDUS', 'KUDUS', NULL, '-', '-', '', 0, '', 0, 0, '2019-01-14 09:15:27', 20, 0, NULL),
	('KONSO20G1901L0411W4E736TWK10Q81', 'Sdr.', 'Dwi', 3, '-', '-', NULL, '085640762289', '-', '', 0, '', 0, 0, '2019-01-04 11:47:36', 25, 0, NULL),
	('KONSO20JCS181122033828E853', 'Bpk.', 'Nur', 3, '-', '-', NULL, '085786946165', '-', '', 0, '', 0, 0, '2018-11-22 03:38:28', 25, 0, NULL),
	('KONSO20K1D9032VRB7A15Y4C250326Y', 'Sdr.', 'KAMILA', 3, 'KUDUS', 'KUDUS', NULL, '087708554038', '087708554038', '', 0, '', 0, 0, '2019-03-27 15:42:50', 20, 0, NULL),
	('KONSO20NX18W11091NP5T1R22C91270', 'Sdr.', 'ARI WERGU', 3, 'WERGU', 'KUDUS', NULL, '085712733404', '085712733404', '', 0, '', 0, 0, '2018-11-09 15:12:29', 20, 0, NULL),
	('KONSO20O19M0121L12T3W7U47M1X131', 'Sdr.', 'Lukman', 3, 'kudus', 'kudus', NULL, '083849902048', '', '', 0, '', 0, 0, '2019-01-21 12:37:47', 21, 0, NULL),
	('KONSO20R190529J0K917291498', 'Saudara.', 'INSAN', 3, 'KUDUS', 'KUDUS', NULL, '08966997903', '08966997903', '', 0, '', 0, 0, '2019-05-29 09:17:29', 20, 0, NULL),
	('KONSO20UR18I1D2030XG7O46451009M', 'Ibu.', 'THALIBAN', 3, 'MLATI LOR', 'KUDUS', NULL, '085640591571', '085640591571', '', 0, '', 0, 0, '2018-12-03 07:46:45', 20, 0, NULL),
	('KONSO2E0D190308VC151T729127V2Y', 'Sdr.', 'AICE KUDUS', 3, 'KUDUS', 'KUDUS', NULL, '-', '', '', 0, '', 0, 0, '2019-03-08 15:17:29', 21, 0, NULL),
	('KONSO2F01K812M1AN0060328114PH9', 'Sdr.', 'WAFI', 3, 'PURWOSARI', 'KUDUS', NULL, '085640488818', '', '', 0, '', 0, 0, '2018-12-10 06:03:28', 21, 0, NULL),
	('KONSO2G0BD181Q11C40S5340271Z7', 'Sdr.', 'EMMA', 3, 'MLATI LOR', 'KUDUS', NULL, '085875564264', '085875564264', '', 0, '', 0, 0, '2018-11-14 05:34:02', 20, 0, NULL),
	('KONSO2P018GU11A10M1G61K625461ES', 'Sdr.', 'Fatur', 3, '-', '-', NULL, '-', '-', '', 0, '', 0, 0, '2018-11-10 16:16:25', 25, 0, NULL),
	('KONSO2S019W04241825NC01YN8E67PM', 'Sdr.', 'smp 1 undaan', 3, 'kudus', 'kudus', NULL, '-', '', '', 0, '', 0, 0, '2019-04-24 18:25:01', 21, 0, NULL),
	('KONSO2SQIDB01Y90Y1031U0364R5877', 'Bapak.', 'CIKAL', 3, 'KUDUS', 'KUDUS', NULL, '081575150842', '081575150842', '', 0, '', 0, 0, '2019-01-03 10:36:45', 20, 0, NULL),
	('KONSOAGY2019051W4TG1236181445D', 'Sdr.', 'Toric', 3, 'Kudus', 'Kudus', NULL, '-', '-', '', 0, '', 0, 0, '2019-05-14 12:36:18', 26, 0, NULL),
	('KONSOB20G18WCG110Z5P0915J341121', 'Bpk.', 'Adik', 3, 'Ngembal', 'Kudus', NULL, '082243539303', '', '', 0, '', 0, 0, '2018-11-05 09:15:34', 25, 0, NULL),
	('KONSOD2M018DU12100642GVSC5G81396', 'Sdr.', 'SAHARA', 3, 'TUMPANG KRASAK', 'KUDUS', NULL, '085865639447', '', '', 0, '', 0, 0, '2018-12-10 06:42:58', 21, 0, NULL),
	('KONSOG2019031213A522I11192', 'Sdr.', 'Deni', 3, '-', '-', NULL, '-', '-', '', 0, '', 0, 0, '2019-03-12 13:52:21', 25, 0, NULL),
	('KONSOJ2019032009U170EWD41WQ342', 'Sdr.', 'Abas', 3, '-', '-', NULL, '-', '-', '', 0, '', 0, 0, '2019-03-20 09:17:04', 25, 0, NULL),
	('KONSOM20JJAH190521OZ11583X41L091', 'Bapak.', 'Pri', 3, 'Kudus', 'Kudus`', NULL, '--', '-', '', 0, '', 0, 0, '2019-05-21 11:58:34', 26, 0, NULL),
	('KONSORG20G18103B01040091267X', 'Bpk.', 'Duta', 3, 'kudus', 'kudus', NULL, '085326435526', '085326435526', '', 0, '', 0, 0, '2018-10-30 10:40:09', 25, 0, NULL),
	('KONSP2018111705H481S5918', 'Sdr.', 'HARI', 3, 'JEPARA', 'JEPARA', NULL, '085349454644', '', '', 0, '', 0, 0, '2018-11-17 05:48:15', 21, 0, NULL),
	('KONSP201812060220015V33', 'Sdr.', 'Borgol', 3, 'kudus', 'kudus', NULL, '+62 857-2697-7666', '+62 857-2697-7666', '', 0, 'BUKAN RESELLER!!!', 0, 0, '2018-12-06 02:20:01', 19, 0, NULL),
	('KONSP20181217T1JN2185757E9', 'Bapak.', 'Kholis', 3, 'klaling 33 jekulo', 'kudus', NULL, '085225780285', '', '', 0, '', 0, 0, '2018-12-17 12:18:57', 19, 0, NULL),
	('KONSP2018QQ1G21513S47371035VM', 'Saudara.', 'ARUL GULANG', 3, 'GULANG', 'KUDUS', NULL, '-', '-', '', 0, '', 0, 0, '2018-12-15 13:47:37', 20, 0, NULL),
	('KONSP20190111180V8Y5E98UQ66CM', 'Sdr.', 'Urva', 3, 'Kudus', 'Kudus', NULL, '-', '-', '', 0, '', 0, 0, '2019-01-11 18:08:59', 26, 0, NULL),
	('KONSP2019012N8D17491UN9X87U7', 'Sdr.', 'Gelora Foto', 3, 'kudus', 'kudus', NULL, '-', '', '', 0, '', 0, 100000, '2019-01-28 17:49:19', 21, 0, NULL),
	('KONSP2019021N6V0931107S63', 'Saudara.', 'ARI', 3, 'KUDUS', 'KUDUS', NULL, '-', '-', '', 0, '', 0, 0, '2019-02-16 09:31:10', 20, 0, NULL),
	('KONSP201904J151C437086P7Z3', 'Sdr.', 'rizaq', 3, 'kudus', 'kudus', NULL, '-', '', '', 0, '', 0, 0, '2019-04-15 14:37:08', 21, 0, NULL),
	('KONSP20190CU20Z7N12R0622V1363W', 'Sdr.', 'LISA', 3, 'KUDUS', 'KUDUS', NULL, '085868912015', '085868912015', '', 0, '', 0, 0, '2019-02-07 12:06:22', 20, 0, NULL),
	('KONSP2019D01161Q15Q31014HHXT1R5O', 'Sdr.', 'SODRI', 3, 'KUDUS', 'KUDUS', NULL, '082324739544', '', '', 0, '', 0, 0, '2019-01-16 11:53:10', 21, 0, NULL),
	('KONSP201E905WJ2O2154838Y1437', 'Saudara.', 'SUMARDIYANTO', 3, 'KUDUS', 'KUDUS', NULL, '-', '-', '', 0, '', 0, 0, '2019-05-22 15:48:38', 20, 0, NULL),
	('KONSP201H81114I0IV7E4937JF1334N', 'Bapak.', 'NUR TAS', 3, 'KUDUS', 'KUDUS', NULL, '-', '-', '', 0, '', 0, 0, '2018-11-14 07:49:37', 20, 0, NULL),
	('KONSP201R811U0T7NH1D5U5S94V4726', 'Saudara.', 'ALFIN', 3, 'JEPARA', 'JEPARA', NULL, '081329318121', '081329318121', '', 0, '', 0, 0, '2018-11-07 15:59:44', 20, 0, NULL),
	('KONSP201Z811051G551001010', 'Sdr.', 'Anisa', 3, '-', '-', NULL, '-', '-', '', 0, '', 0, 0, '2018-11-05 15:51:00', 25, 0, NULL),
	('KONSP20C1904TJ091437V5212LQ7M3', 'Sdr.', 'LIA', 3, 'KUDUS', 'KUDUS', NULL, '085773371121', '085773371121', '', 0, '', 0, 0, '2019-04-09 14:37:52', 20, 0, NULL),
	('KONSP20D190201153729608', 'Sdr.', 'Souveneria', 3, 'Jurang', 'Kudus', NULL, '085641276987', '085641276987', '', 0, '', 0, 0, '2019-02-01 15:37:29', 26, 0, NULL),
	('KONSP20JC18110113FSF35Z511O60S7', 'Bapak.', 'HERI', 3, 'KUDUS', 'KUDUS', NULL, '-', '-', '', 0, '', 0, 0, '2018-11-01 13:35:51', 20, 0, NULL),
	('KONSP20U190513141617JI14S4N3', 'Sdr.', 'KAFID', 3, 'KUDUS', 'KUDUS', NULL, '-', '', '', 0, '', 0, 0, '2019-05-13 14:16:17', 21, 0, NULL),
	('KONSP2N0190104T1G102T25W1G365X', 'Sdr.', 'Josephine', 3, '-', '-', NULL, '-', '-', '', 0, '', 0, 0, '2019-01-04 11:02:25', 25, 0, NULL),
	('KONSPAEX201Y81109174EE9Y061447YB', 'Sdr.', 'JUNI', 3, 'GETAS PEJATEN', 'KUDUS', NULL, '081325622468', '', '', 0, '', 0, 0, '2018-11-09 17:49:06', 21, 0, NULL),
	('KONSPE20190BC10HM31741479R3LP2', 'Sdr.', 'WARUNK UPNORMAL', 3, 'PURWOSARI', 'KUDUS', NULL, '085712773519', '', '', 0, '', 0, 0, '2019-01-03 17:41:47', 21, 0, NULL),
	('KONSPH20N1903R1S917J09J25DKT1284', 'Sdr.', 'beo', 3, 'kudus', 'kudus', NULL, '-', '', '', 0, '', 0, 0, '2019-03-19 17:09:25', 21, 0, NULL),
	('KONSPHVV2Y018P11300743425VS4QE6', 'Bpk.', 'Hisyam Indie Print', 3, 'undaan', 'kudus', NULL, '085799413203', '085799413203', 'khusnia_fauzul@yahoo.co.id', 0, '', 0, 100000, '2018-11-30 07:43:42', 19, 0, NULL),
	('KONSPJAX2P019040Y11653419O36V', 'Sdr.', 'Denz', 3, '-', '-', NULL, '-', '-', '', 0, '', 0, 0, '2019-04-01 16:53:41', 25, 0, NULL),
	('KONSPK2J0190H22CYW31701A0192J4', 'Sdr.', 'aliyana', 3, 'kudus', 'kudus', NULL, '', '', '', 0, '', 0, 0, '2019-02-23 17:01:01', 21, 0, NULL),
	('KONSPO2R019Y0NO11012070G41VJ47O9', 'Sdr.', 'DENA', 3, 'UMK', 'KUDUS', NULL, '-', '', '', 0, '', 0, 0, '2019-01-10 12:07:04', 21, 0, NULL),
	('KONSPT201J9S01Z2114455G68F42', 'Sdr.', 'NAILI', 3, 'KUDUS', 'KUDUS', NULL, '-', '-', '', 0, '', 0, 0, '2019-01-21 14:45:56', 20, 0, NULL),
	('KONSPT201V902V07A13R1A0161U4TV70', 'Sdr.', 'rojul', 3, 'kudus', 'kudus', NULL, '081542814105', '', '', 0, '', 0, 0, '2019-02-07 13:10:16', 21, 0, NULL),
	('KONSPT2E0B19032513Z332VBY152J7', 'Bapak.', 'TUGINO', 3, 'KUDUS', 'KUDUS', NULL, '085291536171', '085291536171', '', 0, '', 0, 0, '2019-03-25 13:33:21', 20, 0, NULL),
	('KONSPV2W0X1811061739X1SY51W235SB', 'Bpk.', 'inti photo', 3, 'besito', 'kudus', NULL, '085740508225', '085740508225', '', 0, '', 0, 0, '2018-11-06 17:39:15', 18, 0, NULL),
	('KONSQ2018103011K28X02R10E5T4', 'Bpk.', 'Marlan', 3, 'Kudus', 'Kudus', NULL, '-', '', '', 0, '', 0, 0, '2018-10-30 11:28:02', 26, 0, NULL),
	('KONSQ201811011Q11356751', 'Saudara.', 'TOMY', 3, 'GONDOSARI', 'kudus', NULL, '085641124206', '085641124206', '', 0, '', 0, 0, '2018-11-01 11:13:56', 20, 0, NULL),
	('KONSQ2018110YY111YO02W3796X3', 'Sdr.', 'Tatang DNS', 3, '-', '-', NULL, '-', '-', '', 0, '', 0, 0, '2018-11-01 11:02:37', 25, 0, NULL),
	('KONSQ2018121UT5E1OY52O416119C5', 'Sdr.', 'Himam', 3, '-', '-', NULL, '-', '-', '', 0, '', 0, 0, '2018-12-15 15:24:16', 25, 0, NULL),
	('KONSQ20181D2060915121208', 'Bpk.', 'budi utomo', 3, 'kudus', 'kudus', NULL, '081325358090', '', '', 0, '', 0, 0, '2018-12-06 09:15:12', 21, 0, NULL),
	('KONSQ20181QP1Y140X94547M980', 'Sdr.', 'Iwan', 3, 'Kudus', 'Kudus', NULL, '--', '-', '', 0, '', 0, 0, '2018-11-14 09:45:47', 26, 0, NULL),
	('KONSQ201901M1M216V1G35T9S1343', 'Sdr.', 'Bonang', 3, '-', '-', NULL, '085335519432', '-', '', 0, '', 0, 0, '2019-01-12 16:13:59', 25, 0, NULL),
	('KONSQ2019041216115013D11Y', 'Saudara.', 'LUTFI', 3, 'KUDUS', 'KUDUS', NULL, '085740531132', '085740531132', '', 0, '', 0, 0, '2019-04-12 16:11:50', 20, 0, NULL),
	('KONSQ20190524B10K3N740768', 'Saudara.', 'HABIBUR ROHMAN', 3, 'KUDUS', 'KUDUS', NULL, '-', '-', '', 0, '', 0, 0, '2019-05-24 10:37:40', 20, 0, NULL),
	('KONSQ20190G21517O540964A4', 'Sdr.', 'Anggun', 3, 'Kudus', 'Kudus', NULL, '-', '-', '', 0, '', 0, 0, '2019-02-15 17:54:09', 26, 0, NULL),
	('KONSQ2019EJ0M12M21Y156BS23A1281', 'Sdr.', 'Edhie Wibowo', 3, 'mlatinorowito', 'kudus', NULL, '081329960945', '', '', 0, '', 0, 0, '2019-01-22 11:56:23', 21, 0, NULL),
	('KONSQ2019O031510502E79QA21', 'Ibu.', 'FAHMA', 3, 'KUDUS', 'KUDUS', NULL, '-', '-', '', 0, '', 0, 0, '2019-03-15 10:50:27', 20, 0, NULL),
	('KONSQ201N811260630ME30477', 'Sdr.', 'Afandi', 3, '-', '-', NULL, '-', '-', '', 0, '', 0, 0, '2018-11-26 06:30:30', 25, 0, NULL),
	('KONSQ201Z8MKD1Z208094327755H', 'Sdr.', 'BSC', 3, 'Kalinyamatan', 'Jepara', NULL, '085641873849', '085641873849', '', 0, '', 0, 0, '2018-12-08 09:43:27', 26, 0, NULL),
	('KONSQ20L18112M603I253898G6', 'Bapak.', 'HARTONO', 3, 'KUDUIS', 'KUDUS', NULL, '08122802229', '08122802229', '', 0, '', 0, 0, '2018-11-26 03:25:38', 20, 0, NULL),
	('KONSQ20X1905101C008331573', 'Bpk.', 'maji', 3, 'kudus', 'kudus', NULL, '-', '', '', 0, '', 0, 0, '2019-05-10 10:08:33', 21, 0, NULL),
	('KONSQ20YI181VF2N2410V27R241031W', 'Sdr.', 'Iska', 3, '-', '-', NULL, '082278127628', '082278127628', '', 0, '', 0, 0, '2018-12-24 10:27:24', 25, 0, NULL),
	('KONSQ2EG0190Y2ITSX2114202T9990P', 'Sdr.', 'rokhim', 3, 'kudus', 'kudus', NULL, '-', '', '', 0, '', 0, 0, '2019-02-21 14:20:29', 21, 0, NULL),
	('KONSQ2X01901KDLR0R2G1615V11V1006', 'Bpk.', 'DAWET DE KERATON', 3, 'KUDUS', 'KUDUS', NULL, '-', '-', '', 0, '', 0, 0, '2019-01-02 16:15:11', 20, 0, NULL),
	('KONSQ2X0V181K10212445PX9R1N4L9U2', 'Sdr.', 'Yasir', 3, 'Getassrabi', 'kudus', NULL, '085740667924', '085740667924', '', 0, '', 0, 0, '2018-11-02 12:44:59', 25, 0, NULL),
	('KONSQA2A0Q190X208H13485GIE49B95', 'Mrs.', 'Filia Valibri', 3, 'Kudus', 'Kudus', NULL, '085740543506', '085740543506', '', 0, '', 0, 0, '2019-02-08 13:48:54', 14, 0, NULL),
	('KONSQC201U81114N1017141I0X15L', 'Sdr.', 'ALIA', 3, 'KUDUS', 'KUDUS', NULL, '-', '-', '', 0, '', 0, 0, '2018-11-14 10:17:14', 20, 0, NULL),
	('KONSQX2Y01901231I009J4114Z3IPP2', 'Saudara.', 'YAYAN', 3, 'KUDUS', 'KUDUS', NULL, '-', '-', '', 0, '', 0, 0, '2019-01-23 10:09:41', 20, 0, NULL),
	('KONSR2018111302E2209748N', 'Bapak.', 'KRISTIANTO', 3, 'MLATI KIDUL', 'KUDUS', NULL, '085641528682', '085641528682', '', 0, '', 0, 0, '2018-11-13 02:22:09', 20, 0, NULL),
	('KONSR20181Z2R0508YO1H92FJ196M4', 'Sdr.', 'Rejo makmur', 3, 'Wahid Hasim 54a', 'kudus', NULL, '085799733999', '', '', 0, '', 0, 0, '2018-12-05 08:19:21', 21, 0, NULL),
	('KONSR2018S11160AXRBE2R35W36I771', 'Sdr.', 'SD Birrul Walidain', 3, '-', '-', NULL, '089685894200', '-', '', 0, '', 0, 0, '2018-11-16 02:35:36', 25, 0, NULL),
	('KONSR201905R1O0Q14544513W2LTW5', 'Bpk.', 'Abu Mansyur', 3, 'kudus', 'kudus', NULL, '-', '', '', 0, '', 0, 0, '2019-05-10 14:54:45', 21, 0, NULL),
	('KONSR20190P3Q091A23H2271B152', 'Sdr.', 'Manunggal', 3, 'Demak', 'Demak', NULL, '082242386286', '085700095959', '', 0, '', 0, 0, '2019-03-09 12:32:27', 14, 0, NULL),
	('KONSR20H19J04W1P2Y1142387S1L7', 'Saudara.', 'INGGAR', 3, 'KUDUS', 'KUDUS', NULL, '-', '-', '', 0, '', 0, 0, '2019-04-12 11:42:38', 20, 0, NULL),
	('KONSR20J190304Z1051A1113V1C1M', 'Saudara.', 'Ulfan', 3, '-', 'kudus', NULL, '08562806169', '08562806169', '', 0, '', 0, 0, '2019-03-04 10:51:11', 14, 0, NULL),
	('KONSR20T1812L2F410155D81T413AN', 'Sdr.', 'Yenny (APHP)', 3, '-', '-', NULL, '085740038481', '085740038481', '', 0, '', 0, 0, '2018-12-24 10:15:58', 25, 0, NULL),
	('KONSR2B019C0P4R12S17070Y54U47', 'Bapak.', 'Arifin', 3, 'Kudus', 'Kudus', NULL, '-', '082335744771', '', 0, '', 0, 0, '2019-04-12 17:07:05', 26, 0, NULL),
	('KONSR2C0181U2241006391128', 'Ibu.', 'UTAMI', 3, 'KUDUS', 'KUDUS', NULL, '085647471629', '085647471629', '', 0, '', 0, 0, '2018-12-24 10:06:39', 20, 0, NULL),
	('KONSR2P01L81Q12X7R08393911G5R3L', 'Sdr.', 'Titis', 3, '-', '-', NULL, '-', '-', '', 0, '', 0, 0, '2018-11-27 08:39:39', 25, 0, NULL),
	('KONSR2R0190328O08NA572874K4CLN', 'Ibu.', 'HENI MUSTIKANINGATI', 3, 'KUDUS', 'KUDUS', NULL, '081228720960', '081228720960', '', 0, '', 0, 0, '2019-03-28 08:57:28', 20, 0, NULL),
	('KONSR2S018N1A10308E54F50ME639', 'Sdr.', 'Muflih', 3, '-', '-', NULL, '-', '-', '', 0, '', 0, 0, '2018-11-03 08:54:50', 25, 0, NULL),
	('KONSR2ZD0181KT20804PYW16RX221109', 'Sdr.', 'tegar', 3, 'kudus', 'kudus', NULL, '085727984220', '', '', 0, '', 0, 0, '2018-12-08 04:16:22', 21, 0, NULL),
	('KONSRG201811150W7290684R2', 'Bapak.', 'MI JATI', 3, 'JATI', 'KUDUS', NULL, '089541609112', '089541609112', '', 0, '', 0, 0, '2018-11-15 07:29:06', 20, 0, NULL),
	('KONSRH201V8122X110385B31Q029', 'Ibu.', 'candra sari', 3, 'perum sumber indah 1', 'Kudus', NULL, '08978117746', '08978117746', '', 0, '', 0, 0, '2018-12-21 10:38:53', 14, 0, NULL),
	('KONSRJB2JR01905G2211002R3119B7Q', 'Saudara.', 'JAKFAR', 3, 'KUDUS', 'KUDUS', NULL, '-', '-', '', 0, '', 0, 0, '2019-05-22 11:00:23', 20, 0, NULL),
	('KONSRT201901B2913UX413X157A9YT', 'Ibu.', 'Maria', 3, 'kudus', 'kudus', NULL, '-', '-', '', 0, '', 0, 0, '2019-01-29 13:41:31', 19, 0, NULL),
	('KONSRV201NW8110T614YI231U81G1A17', 'Sdr.', 'Wanda', 3, '-', 'kudus', NULL, '083862979946', '083862979946', '', 0, '', 0, 0, '2018-11-06 14:23:18', 25, 0, NULL),
	('KONSS20181S203044U42O9605', 'Saudara.', 'DIKA DENTAL', 3, 'JUWANA', 'PATI', NULL, '-', '-', '', 0, '', 0, 0, '2018-12-03 04:44:29', 20, 0, NULL),
	('KONSS2018Q11090829HIFZ4D61016', 'Ibu.', 'ANA', 3, 'BANK MEGA', 'KUDUS', NULL, '085647090044', '085647090044', '', 0, '', 0, 0, '2018-11-09 08:29:46', 20, 0, NULL),
	('KONSS20190205X142ZN63ST3944', 'Sdr.', 'MKS', 3, 'KUDUS', 'KUDUS', NULL, '082220166251', '082220166251', '', 0, '', 0, 0, '2019-02-05 14:26:33', 20, 0, NULL),
	('KONSS201902L19XK13551478D0', 'Bapak.', 'IIT', 3, 'KUDUS', 'KUDUS', NULL, '-', '-', '', 0, '', 0, 0, '2019-02-19 13:55:14', 20, 0, NULL),
	('KONSS2019042X716O1LP501130N8', 'Sdr.', 'VALENTCIA', 3, 'KUDUS', 'KUDUS', NULL, '087865223666', '087865223666', '', 0, '', 0, 0, '2019-04-27 16:15:01', 20, 0, NULL),
	('KONSS201904A1110ISSHY434Z59J51', 'Sdr.', 'ANDA LAUNDRY', 3, 'KUDUS', 'KUDUS', NULL, '087839943255', '087839943255', '', 0, '', 0, 0, '2019-04-11 10:43:45', 20, 0, NULL),
	('KONSS20190Q3U081O62HO43013TWT61', 'Saudara.', 'SUNNY', 3, 'KUDUS', 'KUDUS', NULL, '-', '-', '', 0, '', 0, 0, '2019-03-08 16:24:30', 20, 0, NULL),
	('KONSS2019B021AV11A01GW851118K8', 'Ibu.', 'Siti', 3, '-', '-', NULL, '087733835337', '-', '', 0, '', 0, 0, '2019-02-11 10:18:51', 25, 0, NULL),
	('KONSS2019F0Y20119333790AVQ5SD', 'Sdr.', 'Osin', 3, 'Kajeksan', 'Kudus', NULL, '085740275606', '085740275606', '', 0, '', 0, 0, '2019-02-01 19:33:37', 26, 0, NULL),
	('KONSS2019K03E18V165X3101176S', 'Sdr.', 'gofar', 3, '-', '-', NULL, '-', '-', '', 0, '', 0, 0, '2019-03-18 16:53:10', 25, 0, NULL),
	('KONSS2019V0202KV1XX608C10X1OK474', 'Sdr.', 'Pasea', 3, '-', '-', NULL, '-', '-', '', 0, '', 0, 0, '2019-02-02 16:08:10', 25, 0, NULL),
	('KONSS201F8B12J04R022441S997Z', 'Ibu.', 'IMA', 3, 'JATI KULON', 'KUDUS', NULL, '082135626495', '082135626495', '', 0, '', 0, 0, '2018-12-04 02:24:41', 20, 0, NULL),
	('KONSS20KU1M81Z12B3B09162853I9', 'Sdr.', 'Unsa', 3, 'Lau - Dawe', 'Kudus', NULL, '-', '-', '', 0, '', 0, 0, '2018-11-23 09:16:28', 26, 0, NULL),
	('KONSS20Q190413DM1655GYA2311D48JA', 'Sdr.', 'andre', 3, 'kudus', 'kudus', NULL, '-', '', '', 0, '', 0, 0, '2019-04-13 16:55:23', 21, 0, NULL),
	('KONSS20S1812L03054S807S102X2', 'Sdr.', 'genz parfume', 3, 'pedawang', 'kudus', NULL, '089633151010', '', '', 0, '', 0, 0, '2018-12-03 05:48:07', 21, 0, NULL),
	('KONSS2E019041010052EQ113M25', 'Sdr.', 'Nia', 3, '-', '-', NULL, '-', '-', '', 0, '', 0, 0, '2019-04-10 10:05:21', 25, 0, NULL),
	('KONSS2H019X02W23W13RG162J01A401E', 'Sdr.', 'Agung', 3, '-', '-', NULL, '-', '-', '', 0, '', 0, 0, '2019-02-23 13:16:20', 25, 0, NULL),
	('KONSS2L0F1904S2316572610M76W', 'Sdr.', 'rian', 3, 'kudus', 'kudus', NULL, '-', '', '', 0, '', 0, 0, '2019-04-23 16:57:26', 21, 0, NULL),
	('KONSS2O01AA9C0F32O511434K91247', 'Sdr.', 'kohar', 3, 'kudus', 'kudus', NULL, '-', '', '', 0, '', 0, 0, '2019-03-25 11:43:49', 21, 0, NULL),
	('KONSS2T019022S2J160133979', 'Sdr.', 'rafi', 3, 'kudus', 'kudus', NULL, '-', '', '', 0, '', 0, 0, '2019-02-22 16:01:33', 21, 0, NULL),
	('KONSS2W01903O2708O5DTS5K30431', 'Bpk.', 'Sutekno', 3, '-', '-', NULL, '-', '-', '', 0, '', 0, 0, '2019-03-27 08:55:30', 25, 0, NULL),
	('KONSS2Y01W902R2K51313JS2W75U66I', 'Bapak.', 'ALEX', 3, 'KUDUS', 'KUDUS', NULL, '085225651149', '085225651149', '', 0, '', 0, 0, '2019-02-25 13:13:27', 20, 0, NULL),
	('KONSSC2019022616081G2O1466', 'Sdr.', 'yanuar', 3, 'kudus', 'kudus', NULL, '-', '', '', 0, '', 0, 0, '2019-02-26 16:08:12', 21, 0, NULL),
	('KONSSF2E01AI811E14Z054524927', 'Sdr.', 'muhaimin', 3, 'papringan', 'KUDUS', NULL, '085799062064', '085799062064', '', 0, '', 0, 0, '2018-11-14 05:45:24', 20, 0, NULL),
	('KONSSH2F0190W1211459G59O94QY6', 'Ibu.', 'Ana', 3, '-', '-', NULL, '-', '-', '', 0, '', 0, 0, '2019-01-21 14:59:59', 25, 0, NULL),
	('KONSSK20181Q03C0154349848', 'Ibu.', 'NUNGKHI', 3, 'KUDUS', 'KUDUS', NULL, '-', '-', '', 0, '', 0, 0, '2018-10-30 15:43:49', 20, 0, NULL),
	('KONSSL2018C1KZ13U0050Q6I4351S1', 'Sdr.', 'baobao tea', 3, 'jati kulon gg 2 c2', 'kudus', NULL, '08122815408', '', '', 0, '', 0, 0, '2018-11-30 05:06:43', 21, 0, NULL),
	('KONSSM2N01IB811S16XU06J25T471473', 'PT.', 'MAP', 3, 'Demak', 'Demak', NULL, '085226137500', '085226137500', '', 0, '', 0, 0, '2018-11-16 06:25:47', 26, 0, NULL),
	('KONSSQD2L01810Q31120W9178K46', 'Ib.', 'Apriliani', 3, 'Jl. Raya Muria KM 12', 'Kudus', NULL, '085879120576', '085879120576', '', 0, '', 0, 0, '2018-10-31 12:09:17', 21, 0, NULL),
	('KONSSU20H19Q0A12216A155Z78KQH80', 'Sdr.', 'Yoga', 3, '-', '-', NULL, '-', '-', '', 0, '', 0, 0, '2019-01-22 16:15:57', 25, 0, NULL),
	('KONST2018121I710L19481071G', 'Bpk.', 'SHOLIHAN', 3, '-', '-', NULL, '-', '-', '', 0, '', 0, 0, '2018-12-17 10:19:48', 25, 0, NULL),
	('KONST201812J2Z017215Z0742YH', 'Sdr.', 'gayuh', 3, 'ngemplak, gg 3 undaan kudus', 'KUDUS', NULL, '085725325169', '', '', 0, '', 0, 0, '2018-12-20 17:21:50', 21, 0, NULL),
	('KONST2018B1Z21211284X5995G', 'Sdr.', 'SAKA', 3, 'sma n 1 kudus', 'kudus', NULL, '085866827104', '', '', 0, '', 0, 0, '2018-12-12 11:28:45', 21, 0, NULL),
	('KONST201903O091U056F22598', 'Sdr.', 'Mustofa', 3, '-', '-', NULL, '-', '-', '', 0, '', 0, 0, '2019-03-09 10:56:22', 25, 0, NULL),
	('KONST20190426170357152A5', 'Sdr.', 'Novi', 3, '-', '-', NULL, '--', '-', '', 0, '', 0, 0, '2019-04-26 17:03:57', 33, 0, NULL),
	('KONST201904D09151908699G', 'Ibu.', 'Dian', 3, '-', '-', NULL, '-', '-', '', 0, '', 0, 0, '2019-04-09 15:19:08', 33, 0, NULL),
	('KONST201904FW0211354Q6OM51A8F', 'Ibu.', 'HANIA', 3, 'KUDUS', 'KUDUS', NULL, '087833689002', '087833689002', '', 0, '', 0, 0, '2019-04-02 11:35:46', 20, 0, NULL),
	('KONST201Q90Y30213343S71078', 'Sdr.', 'Ari H', 3, '-', '-', NULL, '08562763649', '-', '', 0, '', 0, 0, '2019-03-02 13:34:37', 25, 0, NULL),
	('KONST20E1903N05162944782', 'Sdr.', 'Tisa', 3, '-', '-', NULL, '-', '-', '', 0, '', 0, 0, '2019-03-05 16:29:44', 25, 0, NULL),
	('KONST20R190P1CW16170148H732', 'Sdr.', 'Zaki', 3, '-', '-', NULL, '085641898298', '085641898298', '', 0, '', 0, 0, '2019-01-16 17:01:48', 25, 0, NULL),
	('KONST20UA1810V291F5O015K21050', 'Ibu.', 'Wenny', 3, 'tanjung karang', 'kudus', NULL, '+62 858-7589-1591', '+62 858-7589-1591', '', 0, '', 0, 0, '2018-10-29 15:01:52', 19, 0, NULL),
	('KONST20W18U12J070L51A706HR131J9', 'Sdr.', 'YUNITA', 3, 'PRAMBATAN KIDUL NO 57', 'KUDUS', NULL, '089652858767', '089652858767', '', 0, '', 0, 0, '2018-12-07 05:17:06', 20, 0, NULL),
	('KONST20X1S9L021JR8W093S92S01A235', 'Bpk.', 'Astho', 3, '-', '-', NULL, '-', '-', '', 0, '', 0, 0, '2019-02-18 09:39:20', 25, 0, NULL),
	('KONST2F0IZ1X8Z1129031V221Y11P39L', 'Bpk.', 'Hadi', 3, '-', '-', NULL, '-', '-', '', 0, '', 0, 0, '2018-11-29 03:12:21', 25, 0, NULL),
	('KONST2N019042613J0F5L39757', 'Sdr.', 'Fajar Hadanal', 3, '-', '-', NULL, '-', '-', '', 0, '', 0, 0, '2019-04-26 13:05:39', 33, 0, NULL),
	('KONST2R018120T4030930D14N18', 'Bpk.', 'totok pura', 3, 'kudus', 'kudus', NULL, '085712995374', '', '', 0, '', 0, 0, '2018-12-04 03:09:30', 21, 0, NULL),
	('KONST2Y01WL8W1206084A90X7V644V', 'Bapak.', 'H2S', 3, 'KUDUS', 'KUDUS', NULL, '-', '-', '', 0, '', 0, 0, '2018-12-06 08:49:07', 20, 0, NULL),
	('KONSTEC2019YA040EP61P5462F2751', 'Bpk.', 'Budi', 3, '-', '-', NULL, '-', '-', '', 0, '', 0, 0, '2019-04-06 15:46:22', 25, 0, NULL),
	('KONSTJ2O01IC90C3221024E1IA6777', 'Sdr.', 'black blankon', 3, 'kudus', 'kudus', NULL, '085693983569', '', '', 0, '', 0, 0, '2019-03-22 10:24:16', 21, 0, NULL),
	('KONSTUMGW201811101I4ZX3955637', 'Sdr.', 'SARI', 3, 'KUDUS', 'KUDUS', NULL, '-', '-', '', 0, '', 0, 0, '2018-11-10 14:39:55', 20, 0, NULL),
	('KONSU20181106J14J15446G61', 'Sdr.', 'Nila', 3, 'Megawon', 'Kudus', NULL, '085866453881', '', '', 0, '', 0, 0, '2018-11-06 14:15:44', 21, 0, NULL),
	('KONSU20181U1031O30812867', 'Bapak.', 'DANI', 3, 'KUDUS', 'KUDUS', NULL, '-', '-', '', 0, '', 0, 0, '2018-11-03 13:08:12', 20, 0, NULL),
	('KONSU2018J11D02190729UP758', 'Sdr.', 'Rozi', 3, 'Loram Wetan', 'Kudus', NULL, '085640606016', '085640606016', '', 0, '', 0, 0, '2018-11-02 19:07:29', 26, 0, NULL),
	('KONSU2018NHM110H6CY1BR4503173C0', 'Sdr.', 'syahrul', 3, 'jekulo', 'kudus', NULL, '081368350912', '', '', 0, '', 0, 0, '2018-11-06 14:50:31', 21, 0, NULL),
	('KONSU20190320171Y746115E9', 'Bpk.', 'MANIK', 3, 'KUDUS', 'KUDUS', NULL, '-', '', '', 0, '', 0, 0, '2019-03-20 17:17:46', 21, 0, NULL),
	('KONSU201905J2H4144226FY1440', 'Sdr.', 'ghani', 3, 'kudus', 'kudus', NULL, '-', '', '', 0, '', 0, 0, '2019-05-24 14:42:26', 21, 0, NULL),
	('KONSU20190Y115155950R1059', 'Sdr.', 'sonny', 3, 'kudus', 'kudus', NULL, '082227472737', '', '', 0, '', 0, 0, '2019-01-15 15:59:50', 21, 0, NULL),
	('KONSU2019F0313I1414IB58H9W2FMJ0', 'Bapak.', 'JOKO', 3, 'KUDUS', 'KUDUS', NULL, '081390502433', '081390502433', '', 0, '', 0, 0, '2019-03-13 14:14:58', 20, 0, NULL),
	('KONSU201AXLK902011520R57W958', 'Sdr.', 'Jumban', 3, 'Kudus', 'Kudus', NULL, '-', '-', '', 0, '', 0, 0, '2019-02-01 15:20:57', 26, 0, NULL),
	('KONSU201B9022R5151635851D', 'Sdr.', 'Libaphoto', 3, 'tanjung rejo', 'kudus', NULL, '', '', '', 0, '', 0, 0, '2019-02-25 15:16:35', 19, 0, NULL),
	('KONSU201F8I12BH0TA70921071G58B5N', 'Sdr.', 'Bayu Mlati', 3, 'Mlati Kidul', 'Kudus', NULL, '08988948598', '08988948598', '', 0, '', 0, 0, '2018-12-07 09:21:07', 26, 0, NULL),
	('KONSU201G90125L0M91B8P0C11V308', 'Sdr.', 'Imbar', 3, '-', '-', NULL, '-', '-', '', 0, '', 0, 0, '2019-01-25 09:18:01', 25, 0, NULL),
	('KONSU20UL190L41U3093829380', 'Sdr.', 'Galih', 3, '-', '-', NULL, '081818725387', '-', '', 0, '', 0, 0, '2019-04-13 09:38:29', 33, 0, NULL),
	('KONSU20V1V9U0F518M15293N37NCQ08', 'Sdr.', 'PUSPA', 3, 'KUDUS', 'KUDUS', NULL, '-', '-', '', 0, '', 0, 0, '2019-05-18 15:29:33', 20, 0, NULL),
	('KONSU2I0181102K1045W24M96Q5', 'Ibu.', 'Elly Tupperwere', 3, 'gang 3 no 38', 'kudus', NULL, '085290307577', '085290307577', '', 0, '-', 0, 0, '2018-11-02 10:45:24', 1, 0, NULL),
	('KONSU2KI018121S511485M0J14LY23', 'Sdr.', 'Indah', 3, '-', '-', NULL, '-', '-', '', 0, '', 0, 0, '2018-12-15 11:48:50', 25, 0, NULL),
	('KONSU2R0190N4091227K518K01', 'Sdr.', 'Dewi', 3, '-', '-', NULL, '-', '-', '', 0, '', 0, 0, '2019-04-09 12:27:51', 33, 0, NULL),
	('KONSU2UH0190N112K095338LA6C8GA0', 'Sdr.', 'SILFIA', 3, 'KUDUS', 'KUDUS', NULL, '-', '', '', 0, '', 0, 0, '2019-01-12 09:53:38', 21, 0, NULL),
	('KONSUA201O9LIR0O4161B64214114A8', 'Ib.', 'TRI SOSTEL', 3, 'KUDUS', 'KUDUS', NULL, '08562727819', '08562727819', '', 0, '', 0, 0, '2019-04-16 16:42:14', 20, 0, NULL),
	('KONSUCJ20181224104828118PZB8O', 'Sdr.', 'Riswanda', 3, '-', '-', NULL, '-', '-', '', 0, '', 0, 0, '2018-12-24 10:48:28', 25, 0, NULL),
	('KONSUF201902251K54214G1161G', 'Bpk.', 'AHLA Sablon', 3, 'Ngabul Tahunan', 'Jepara', NULL, '085225672028', '085225672028', '', 0, '', 0, 0, '2019-02-25 15:42:14', 26, 0, NULL),
	('KONSUIOW2019S0124Z1652A59H1199', 'Sdr.', 'Salma', 3, 'Kauman Menara', 'Kudus', NULL, '085728667667', '085728667667', '', 0, '', 0, 0, '2019-01-24 16:52:59', 26, 0, NULL),
	('KONSUM20181W206DX06AN484015Z6O9', 'Bapak.', 'SUHERMAN', 3, 'KUDUS', 'KUDUS', NULL, '087833899008', '087833899008', '', 0, '', 0, 0, '2018-12-06 06:48:40', 20, 0, NULL),
	('KONSUW2Z0IZ190LQWF4291142541D203', 'Sdr.', 'Afif', 3, '-', '-', NULL, '-', '-', '', 0, '', 0, 0, '2019-04-29 11:42:54', 33, 0, NULL),
	('KONSUY201901L121OCV41933840', 'Sdr.', 'Mia', 3, '-', '-', NULL, '089662997004', '-', '', 0, '', 0, 0, '2019-01-12 14:19:33', 25, 0, NULL),
	('KONSUY2019J0B5X1HVX7X1651021580', 'Sdr.', 'pandan wangi', 3, 'kudus', '-', NULL, '-', '', '', 0, '', 0, 0, '2019-05-17 16:51:02', 21, 0, NULL),
	('KONSV20181103104131A10E0K2', 'Ibu.', 'SRI INDAH', 3, 'KUDUS', 'KUDUS', NULL, '081390434376', '081390434376', '', 0, '', 0, 0, '2018-11-03 10:41:31', 20, 0, NULL),
	('KONSV20181105104AI45111O10AMRA', 'Sdr.', 'Nuryanti', 3, '-', '-', NULL, '-', '-', '', 0, '', 0, 0, '2018-11-05 10:44:51', 25, 0, NULL),
	('KONSV20181129072743125R5', 'Saudara.', 'FAISAL HADI', 3, 'KALIWUNGU', 'KUDUS', NULL, '085290855474', '085290855474', '', 0, '', 0, 0, '2018-11-29 07:27:43', 20, 0, NULL),
	('KONSV2018112QS802DI1930520', 'Bapak.', 'BANK MEGA', 3, 'KUDUS', 'KUDUS', NULL, '085884108788', '085884108788', '', 0, '', 0, 0, '2018-11-28 02:19:30', 20, 0, NULL),
	('KONSV2018121210505C6609', 'Saudara.', 'ZAMRIS', 3, 'KUDUS', 'KUDUS', NULL, '-', '-', '', 0, '', 0, 0, '2018-12-12 10:50:56', 20, 0, NULL),
	('KONSV2018K1031C13GI0139ZI71B9', 'Sdr.', 'Muntira', 3, '-', '-', NULL, '-', '-', '', 0, '', 0, 0, '2018-10-31 13:01:39', 25, 0, NULL),
	('KONSV2018Z120405V225014N29', 'CV.', 'Akper Krida', 3, 'kudus', 'kudus', NULL, '085726727429', '085726727429', '', 0, '', 0, 0, '2018-12-04 05:22:50', 19, 0, NULL),
	('KONSV2019011I816144G61191', 'Bapak.', 'Sofian', 3, 'Kudus', 'Kudus', NULL, '-', '-', '', 0, '', 0, 0, '2019-01-18 16:14:46', 26, 0, NULL),
	('KONSV20190124PW1242O07P1311', 'Sdr.', 'RS Aisyiyah', 3, 'Kudus', 'Kudus', NULL, '087833779224', '087833779224', '', 0, '', 0, 0, '2019-01-24 12:42:07', 26, 0, NULL),
	('KONSV2019012N6105H72U4S777', 'Sdr.', 'ADLAN N', 3, 'KUDUS', 'KUDUS', NULL, '-', '-', '', 0, '', 0, 0, '2019-01-26 10:57:24', 20, 0, NULL),
	('KONSV201902XZ1DEM81M04TJ1311106', 'Sdr.', 'zema', 3, 'smasa', 'kudus', NULL, '-', '', '', 0, '', 0, 0, '2019-02-18 10:41:31', 21, 0, NULL),
	('KONSV2019052VVC8C1H43817QW731', 'Saudara.', 'Zakiya', 3, '-', '-', NULL, '-', '-', '', 0, '', 0, 0, '2019-05-28 14:38:17', 33, 0, NULL),
	('KONSV2019T0W5X24102107L63Q5S', 'Sdr.', 'Yefi', 3, '-', '-', NULL, '-', '-', '', 0, '', 0, 0, '2019-05-24 10:21:07', 25, 0, NULL),
	('KONSV201F811230L90723124L3V', 'Sdr.', 'LIA LORAM', 3, 'LORAM WETAN', 'KUDUS', NULL, '0895426238000', '0895426238000', '', 0, '', 0, 0, '2018-11-23 09:07:23', 20, 0, NULL),
	('KONSV201L90F50K81G52B941111Y7', 'Sdr.', 'zawahir', 3, 'kudus', 'kudus', NULL, '-', '', '', 0, '', 0, 0, '2019-05-08 15:29:41', 21, 0, NULL),
	('KONSV201R811280940A24CT1WAFU425', 'Bpk.', 'MODERN JAYA', 3, 'KUDUS', 'KUDUS', NULL, '-', '-', '', 0, '', 0, 0, '2018-11-28 09:40:24', 20, 0, NULL),
	('KONSV20BZ18R1RL22A81A047U1K71049', 'Sdr.', 'Aswirusani', 3, '-', '-', NULL, '081914020218', '-', '', 0, '', 0, 0, '2018-12-28 10:47:17', 25, 0, NULL),
	('KONSV20V1901231I3Y05QQLT2512J31', 'Sdr.', 'Yaya', 3, '-', '-', NULL, '085875621261', '-', '', 0, '', 0, 0, '2019-01-23 13:05:25', 25, 0, NULL),
	('KONSV2CG018F111M50924361347', 'Mr.', 'mas mud', 3, 'mlati', 'kudus', NULL, '+62 822-4242-4347', '+62 822-4242-4347', 'zirmuda@gmail.com', 0, '100000', 0, 0, '2018-11-15 09:24:36', 19, 0, NULL),
	('KONSV2Q01A903O301XW140Z551SG12T6', 'Saudara.', 'SABA', 3, 'SMA 1 BAE', 'KUDUS', NULL, '-', '-', '', 0, '', 0, 0, '2019-03-30 11:40:55', 20, 0, NULL),
	('KONSV2YXZ01P903U0B614FB084186Z1', 'Saudara.', 'AISAH COMP', 3, 'KUDUS', 'KUDUS', NULL, '085743222640', '085743222640', '', 0, '', 0, 0, '2019-03-06 14:08:41', 20, 0, NULL),
	('KONSVB2I0L181030144ZFVE40H41122', 'Bpk.', 'Yudhi', 3, 'Demak', 'Demak', NULL, '081390455658', '', '', 0, '', 0, 0, '2018-10-30 14:44:04', 21, 0, NULL),
	('KONSVIKN201810HA311ID117G15I852', 'Saudara.', 'EDI LORAM WETAN', 3, 'LORAM WETAN', 'KUDUS', NULL, '-', '-', '', 0, '', 0, 0, '2018-10-31 11:17:15', 20, 0, NULL),
	('KONSVJ20W1809X2YW416S474C37T0A9', 'Bpk.', 'Alim', 3, 'Demak', 'Demak', NULL, '-', '', 'alimprinting@yahoo.com', 0, '-', 0, 0, '2018-09-24 16:47:43', 1, 0, NULL),
	('KONSVO2019011F412025NHPJ613Q84', 'Saudara.', 'TIPIS', 3, 'KUDUS', 'KUDUS', NULL, '089615382793', '089615382793', '', 0, '', 0, 0, '2019-01-14 12:02:56', 20, 0, NULL),
	('KONSVP201Z901X1NK115151P766A5F', 'Bapak.', 'ROHIM', 3, 'KUDUS', 'KUDUS', NULL, '082622622786', '082622622786', '', 0, '', 0, 0, '2019-01-11 15:15:17', 20, 0, NULL),
	('KONSVU201811X011O13712105IC7N', 'Bapak.', 'Juminto', 3, 'Bulung Cangkring rt 1 rw 13', 'Kudus', NULL, '085878530166', '', '', 0, '', 0, 0, '2018-11-01 11:37:12', 26, 0, NULL),
	('KONSVU201G9O050716I3O6T4B7K8L49', 'Sdr.', 'ADRIK', 3, 'KUDUS', 'KUDUS', NULL, '08977136172', '08977136172', '', 0, '', 0, 0, '2019-05-07 16:36:47', 20, 0, NULL),
	('KONSW20181031Z165034956', 'Bpk.', 'heru arfapaperbag', 3, 'sadang', 'kudus', NULL, '-', '+62 895-4231-48900', 'heruarfapaperbag@gmail.com', 0, '-', 0, 0, '2018-10-31 16:50:34', 19, 0, NULL),
	('KONSW2018112Y3100ZJ9Q251331TTT', 'Sdr.', 'RESA', 3, 'JEPANG', 'KUDUS', NULL, '085782877095', '085782877095', '', 0, '', 0, 0, '2018-11-23 10:09:25', 20, 0, NULL),
	('KONSW20181224J1643041422DB', 'Sdr.', 'Emi', 3, 'Panjang', 'Kudus', NULL, '-', '-', '', 0, '', 0, 0, '2018-12-24 16:43:04', 26, 0, NULL),
	('KONSW20181A0301134001081', 'Saudara.', 'NUR', 3, 'DAWE', 'KUDUS', NULL, '081511005582', '081511005582', '', 0, '', 0, 0, '2018-10-30 11:34:00', 20, 0, NULL),
	('KONSW2018TB1214100L051746', 'Sdr.', 'gifonmi', 3, '-', 'kudus', NULL, '+62 857-2769-2595', '+62 857-2769-2595', 'gifonmi@gmail.com', 0, '', 0, 0, '2018-12-14 10:00:51', 19, 0, NULL),
	('KONSW20190111141747R682', 'Bpk.', 'SITI UMAROH', 3, 'KUDUS', 'KUDUS', NULL, '085641552204', '085641552204', '', 0, '', 0, 0, '2019-01-11 14:17:47', 20, 0, NULL),
	('KONSW2019021510X2605650', 'Bapak.', 'ISKANDAR', 3, 'KUDUS', 'KUDUS', NULL, '081219991545', '081219991545', '', 0, '', 0, 0, '2019-02-15 10:26:05', 20, 0, NULL),
	('KONSW201902JN1217N2M9B171Q385X', 'Bpk.', 'RADIT', 3, 'KUDUS', 'KUDUS', NULL, '-', '', '', 0, '', 0, 0, '2019-02-12 17:29:17', 21, 0, NULL),
	('KONSW201902Z1E61A722J44816', 'Sdr.', 'Ayuni', 3, 'Kudus', 'Kudus', NULL, '-', '-', '', 0, '', 0, 0, '2019-02-16 17:22:44', 26, 0, NULL),
	('KONSW20190306B17I2R430L6F1ZHHQ4', 'Saudara.', 'wilhelmina', 3, 'kudus', 'kudus', NULL, '', '', '', 0, '', 0, 0, '2019-03-06 17:24:30', 19, 0, NULL),
	('KONSW201903251ZZK7061JS7902', 'Sdr.', 'Kfood', 3, '-', '-', NULL, '-', '-', '', 0, '', 0, 0, '2019-03-25 17:06:17', 25, 0, NULL),
	('KONSW201903FVM2L8NBA110W5368Z86', 'Bpk.', 'Kentis', 3, '-', '-', NULL, '-', '-', '', 0, '', 0, 0, '2019-03-28 11:05:36', 33, 0, NULL),
	('KONSW201903V25130210W86F0', 'Sdr.', 'HARIYADI', 3, 'UMK', 'KUDUS', NULL, '082 893592568', '', '', 0, '', 0, 0, '2019-03-25 13:02:10', 21, 0, NULL),
	('KONSW20190CU3TC0G91Y03222606', 'Bpk.', 'Solikin', 3, '-', '-', NULL, '-', '-', '', 0, '', 0, 0, '2019-03-09 10:32:22', 25, 0, NULL),
	('KONSW20190D11818P3903919', 'Sdr.', 'nagaswara', 3, 'kudus', 'kudus', NULL, '081226839766', '', '', 0, '', 0, 0, '2019-01-18 18:39:03', 21, 0, NULL),
	('KONSW20190I315142K30Y41248', 'Saudara.', 'NOPAL', 3, 'KUDUS', 'KUDUS', NULL, '-', '-', '', 0, '', 0, 0, '2019-03-15 14:23:04', 20, 0, NULL),
	('KONSW20190X4Z25113943Z79LVWO8', 'Ib.', 'LILIES', 3, 'KUDUS', 'KUDUS', NULL, '085726832539', '', '', 0, '', 0, 0, '2019-04-25 11:39:43', 21, 0, NULL),
	('KONSW201IRX81E1170609091DD1A13', 'Sdr.', 'Grace', 3, '-', '-', NULL, '-', '-', '', 0, '', 0, 0, '2018-11-17 06:09:09', 25, 0, NULL),
	('KONSW201K8LP1B1120952471211', 'Sdr.', 'fahrul setiawan', 3, 'kudus', 'kudus', NULL, '+62 858-0175-4132', '+62 858-0175-4132', '', 0, '', 0, 0, '2018-11-12 09:52:47', 19, 0, NULL),
	('KONSW201Y9QT0DH10W714E5N32194M9', 'Sdr.', 'PUTRI', 3, 'COLO', 'KUDUS', NULL, '085869833393', '085869833393', '', 0, '', 0, 0, '2019-01-07 14:53:21', 20, 0, NULL),
	('KONSW20A1903RS2N5142034578', 'Sdr.', 'Niam', 3, '-', '-', NULL, '-', '-', '', 0, '', 0, 0, '2019-03-25 14:20:34', 25, 0, NULL),
	('KONSW20Q1902D0213Z52W2813Y90', 'Bpk.', 'SIDIQ', 3, 'BAE', 'KUDUD', NULL, '', '', '', 0, '', 0, 0, '2019-02-02 13:52:28', 14, 0, NULL),
	('KONSW2D01811I08115V0TS208O30E', 'PT.', 'SPBU Prambatan', 3, 'Prambatan', 'KUDUS', NULL, '-', '085726908808', '', 0, '', 0, 0, '2018-11-08 11:50:20', 25, 0, NULL),
	('KONSW2IC0181UQ22X71112209W85', 'Bpk.', 'Suwarno', 3, '-', '-', NULL, '085878548962', '', '', 0, '', 0, 0, '2018-12-27 11:12:20', 25, 0, NULL),
	('KONSW2U01811P19B040454766', 'Sdr.', 'nurifani', 3, 'getaspejaten', 'kudus', NULL, '085780807095', '', '', 0, '', 0, 0, '2018-11-19 04:04:54', 21, 0, NULL),
	('KONSW2U01905040835C101151', 'Sdr.', 'YENI', 3, 'KUDUS', 'KUDUS', NULL, '085740839451', '085740839451', '', 0, '', 0, 0, '2019-05-04 08:35:10', 20, 0, NULL),
	('KONSW2W01G9ED042A0092531U885', 'Sdr.', 'SMK Ma\'arif 3', 3, '-', '-', NULL, '-', '-', '', 0, '', 0, 0, '2019-04-20 09:25:31', 33, 0, NULL),
	('KONSW2Z01A9011DU410X463B313SHI97', 'Sdr.', 'Amar', 3, '-', '-', NULL, '081229826997', '', '', 0, '', 0, 0, '2019-01-14 10:46:33', 25, 0, NULL),
	('KONSWC201FIY9W05201G4E02V54729', 'Saudara.', 'NUNING', 3, 'KUDUS', 'KUDUS', NULL, '085290664525', '085290664525', '', 0, '', 0, 0, '2019-05-20 14:02:54', 20, 0, NULL),
	('KONSWDT2019041W0AZA11E0W627542', 'Sdr.', 'SUBONO', 3, '-', '-', NULL, '-', '-', '', 0, '', 0, 0, '2019-04-10 11:06:27', 25, 0, NULL),
	('KONSWF201M8112Y3021SQ8348S51QO', 'Ibu.', 'SIAS', 3, 'KALIPUTU', 'KUDUS', NULL, '085729817447', '085729817447', '', 0, '', 0, 0, '2018-11-23 02:18:34', 20, 0, NULL),
	('KONSWF2XH018120D7D08183P3703', 'Sdr.', 'RAFLA', 3, 'KUDUS', 'KUDUS', NULL, '0895422881160', '', '', 0, '', 0, 0, '2018-12-07 08:18:33', 21, 0, NULL),
	('KONSWI201K9SO0107V13NGN5Z912820', 'Ibu.', 'Monel', 3, '-', '-', NULL, '-', '-', '', 0, '', 0, 0, '2019-01-07 13:59:12', 25, 0, NULL),
	('KONSWKF2019050414H3629F1T0F06', 'Ibu.', 'Gotri', 3, '-', '-', NULL, '-', '-', '', 0, '', 0, 0, '2019-05-04 14:36:29', 25, 0, NULL),
	('KONSWLY20I1904I161N1NB200J2946', 'Sdr.', 'eduard', 3, 'kudus', 'kudus', NULL, '-', '', '', 0, '', 0, 0, '2019-04-16 11:20:02', 21, 0, NULL),
	('KONSWM201902J22152KU34N313T41C', 'Sdr.', 'HANUN', 3, 'KUDUS', 'KUDUS', NULL, '-', '-', '', 0, '', 0, 0, '2019-02-22 15:23:43', 20, 0, NULL),
	('KONSWPSP20190329A18H2J023U7H70', 'Sdr.', 'dayu', 3, 'kudus', 'kudus', NULL, '-', '', '', 0, '', 0, 0, '2019-03-29 18:20:23', 21, 0, NULL),
	('KONSWS20181Y1I120623581307', 'Bpk.', 'Zemi', 3, '-', '-', NULL, '085225122107', '-', '', 0, '', 0, 0, '2018-11-12 06:23:58', 25, 0, NULL),
	('KONSWW20HZ190I30LQ2093G703778', 'Sdr.', 'rangga', 3, 'kudus', 'kudus', NULL, '08122864705', '08122864705', '', 0, '', 0, 0, '2019-03-02 09:37:03', 21, 0, NULL),
	('KONSWZ20X181X217133B03847W7', 'Sdr.', 'Frendi', 3, '-', '-', NULL, '-', '-', '', 0, '', 0, 0, '2018-12-17 13:30:38', 25, 0, NULL),
	('KONSX20181107O18101HSC87I46', 'Sdr.', 'Hapsi', 3, 'SMA1  kudus', 'Kudus', NULL, '-', '-', '', 0, '', 0, 0, '2018-11-07 18:10:18', 26, 0, NULL),
	('KONSX201811100923349W35', 'Ibu.', 'SRI WASONOWATI', 3, 'kudus', 'kudus', NULL, '085740101280', '', '', 0, '', 0, 0, '2018-11-10 09:23:34', 21, 0, NULL),
	('KONSX2018111605280911W3U7', 'Sdr.', 'UDIN', 3, 'KUDUS', 'KUDUS', NULL, '081390434376', '081390434376', '', 0, '', 0, 0, '2018-11-16 05:28:09', 21, 0, NULL),
	('KONSX201811190213B2FB5YK987', 'Bapak.', 'SUMARNO', 3, 'KUDUS', 'KUDUS', NULL, '-', '-', '', 0, '', 0, 0, '2018-11-19 02:13:25', 20, 0, NULL),
	('KONSX2018111C6051800139O9', 'Sdr.', 'ISLMIYAH', 3, 'KUDUS', 'KUDUS', NULL, '-', '085643043678', '', 0, '', 0, 0, '2018-11-16 05:18:00', 20, 0, NULL),
	('KONSX20181U1E05R1403311371', 'Sdr.', 'Ocean Printing', 3, 'jepara', 'jepara', NULL, '+62 858-7911-8799', '+62 858-7911-8799', 'oceancetak@gmail.com', 0, '', 0, 0, '2018-11-05 14:03:31', 19, 0, NULL),
	('KONSX20190425M182818745', 'Sdr.', 'fagas', 3, 'kudus', 'kudus', NULL, '-', '', '', 0, '', 0, 0, '2019-04-25 18:28:18', 21, 0, NULL),
	('KONSX201904L22100EZ8T331020EP', 'Sdr.', 'Zainuri', 3, '-', '-', NULL, '-', '-', '', 0, '', 0, 0, '2019-04-22 10:08:33', 33, 0, NULL),
	('KONSX201905201QX03D4NDA0S0P1119', 'Bpk.', 'Fastrata', 3, '-', '-', NULL, '-', '-', '', 0, '', 0, 0, '2019-05-20 10:34:00', 25, 0, NULL),
	('KONSX201G901Z231936WUV19140T5G', 'Bpk.', 'Edo', 3, 'Pati', 'Pati', NULL, '-', '-', '', 0, '', 0, 0, '2019-01-23 19:36:19', 26, 0, NULL),
	('KONSX201I9K01221010W02A1XS034', 'Sdr.', 'SMK BHAKTI', 3, '-', '-', NULL, '08562684901', '-', '', 0, '', 0, 0, '2019-01-22 10:10:02', 25, 0, NULL),
	('KONSX201WFS90305174CO805KZ947T', 'Sdr.', 'Raden', 3, 'Kudus', 'Kudus', NULL, '085713128982', '085713128982', '', 0, '', 0, 0, '2019-03-05 17:48:05', 26, 0, NULL),
	('KONSX20K1903E01184J633BB934', 'Bapak.', 'iril', 3, 'kudus', 'kudus', NULL, '', '', '', 0, '', 0, 0, '2019-03-01 18:46:33', 18, 0, NULL),
	('KONSX20N1O9050OJXV4SL155610154M2', 'Ibu.', 'SRI HASTUTIK', 3, 'KUDUS', 'KUDUS', NULL, '085 713 226 888', '085 713 226 888', '', 0, '', 0, 0, '2019-05-04 15:56:10', 20, 0, NULL),
	('KONSX20S1P811X240Y33RV838124A1', 'CV.', 'SPBU HADIPOLO', 3, 'HADIPOLO', 'KUDUS', NULL, '085741210727', '', '', 0, '', 0, 0, '2018-11-24 03:38:38', 21, 0, NULL),
	('KONSX20V1811Q14IY07P18K28947Z', 'Saudara.', 'FUAD TAS', 3, 'KUDUS', 'KUDUS', NULL, '-', '-', '', 0, '', 0, 0, '2018-11-14 07:18:28', 20, 0, NULL),
	('KONSX2CV01T90WV32B6111BS4041194', 'Ib.', 'THERESIA', 3, 'KUDUS', 'KUDUS', NULL, '087878172318', '087878172318', '', 0, '', 0, 0, '2019-03-26 11:14:04', 20, 0, NULL),
	('KONSXEUW201UE8M1102154I0238Y33X', 'PT.', 'POM Ngembal', 3, '-', 'kudus', NULL, '085726961512', '085726961512', '', 0, '', 0, 0, '2018-11-02 15:40:23', 25, 0, NULL),
	('KONSXF20190Y2YQ04093B7311103', 'Bapak.', 'Didik (SMA 2 BAE)', 3, '-', '-', NULL, '082134799588', '-', '', 0, '', 0, 0, '2019-02-04 09:37:31', 25, 0, NULL),
	('KONSXN2V019031B8131F4U0W6WM96P8', 'Ibu.', 'Risa(sun flower)', 3, '-', '-', NULL, '081 310 092 187', '085 729 516 503', '', 0, '', 0, 0, '2019-03-18 13:14:06', 25, 0, NULL),
	('KONSXT20XMP1904M2B61302M08DD922', 'Saudara.', 'DAVID', 3, 'KUDUS', 'KUDUS', NULL, '085713813671', '085713813671', '', 0, '', 0, 0, '2019-04-26 13:02:08', 20, 0, NULL),
	('KONSXV2L01I90422O1559211R276', 'Sdr.', 'SASA', 3, 'KUDUS', 'KUDUS', NULL, '-', '-', '', 0, '', 0, 0, '2019-04-22 15:59:21', 20, 0, NULL),
	('KONSXV2Y01X902121445266NQ92', 'Ibu.', 'ENI', 3, 'KUDUS', 'KUDUS', NULL, '08122522648', '08122522648', '', 0, '', 0, 0, '2019-02-12 14:45:26', 20, 0, NULL),
	('KONSY201811061L80J8076P58', 'Mr.', 'candra valibri', 3, 'jepara', 'jepara', NULL, '', '', '', 0, '', 0, 0, '2018-11-06 18:08:07', 18, 0, NULL),
	('KONSY2018121F510324WC7I1324', 'Sdr.', 'Safi\'i', 3, '-', '-', NULL, '085741240198', '085741240198', '', 0, '', 0, 0, '2018-12-15 10:32:47', 25, 0, NULL),
	('KONSY2018122C7145524TGYSD51H3', 'Sdr.', 'KURNIA HANDMADE', 3, 'GAJAH', 'DEMAK', NULL, '081585844147', '', '', 0, '', 0, 0, '2018-12-27 14:55:24', 21, 0, NULL),
	('KONSY20181S13002443471Q1M', 'Bapak.', 'SYAFIK', 3, 'KUDUS', 'KUDUS', NULL, '-', '-', '', 0, '', 0, 0, '2018-11-30 02:44:34', 20, 0, NULL),
	('KONSY20181WU21CD21M545F331257EYL', 'Sdr.', 'KUA Dawe', 3, 'dawe', 'kudus', NULL, '-', '', '', 0, '', 0, 0, '2018-12-12 15:45:33', 21, 0, NULL),
	('KONSY2018N11Y1KH410224AGYD313Y82', 'Ibu.', 'Novi (Gladys Hijab)', 3, '-', '-', NULL, '085740148164', '-', '', 0, '', 0, 0, '2018-11-14 10:22:43', 25, 0, NULL),
	('KONSY2019042914545ZB2B1OR439', 'Sdr.', 'rohadi', 3, 'kudus', 'kudus', NULL, '-', '', '', 0, '', 0, 0, '2019-04-29 14:54:52', 21, 0, NULL),
	('KONSY2019043L01134Q34LL7ZE91', 'Sdr.', 'MELKI', 3, 'KUDUS', 'KUDUS', NULL, '-', '', '', 0, '', 0, 0, '2019-04-30 11:34:34', 21, 0, NULL),
	('KONSY20190Z2S0P71HC5371479O6', 'Sdr.', 'Chick \'n rush', 3, '-', '-', NULL, '-', '-', '', 0, '', 0, 0, '2019-02-07 15:37:14', 25, 0, NULL),
	('KONSY201D9S042609264N7OSKD1442', 'Sdr.', 'Baiq', 3, '-', '-', NULL, '-', '-', '', 0, '', 0, 0, '2019-04-26 09:26:47', 33, 0, NULL),
	('KONSY201DT903181254S37479', 'Sdr.', 'jihan', 3, 'kudus', 'kudus', NULL, '085725296203', '085725296203', '', 0, '', 0, 0, '2019-03-18 12:54:37', 14, 0, NULL),
	('KONSY201QR8112304E3PY348I970', 'Sdr.', 'Deni', 3, 'Demak', 'Demak', NULL, '082242871345', '082242871345', '', 0, '', 0, 0, '2018-11-23 04:33:48', 26, 0, NULL),
	('KONSY201RO812O281115H1P353X9', 'Bapak.', 'POLSEK BAE', 3, 'BAE', 'KUDUS', NULL, '08157907691', '08157907691', '', 0, '', 0, 0, '2018-12-28 11:15:13', 20, 0, NULL),
	('KONSY201W9051V012T2550813', 'Sdr.', 'Edi', 3, '-', '-', NULL, '081227474991', '081227474991', '', 0, '', 0, 0, '2019-05-10 12:25:50', 25, 0, NULL),
	('KONSY201Z90409MM133530YQ89G0AO', 'Ibu.', 'ISTIQLAL', 3, 'KUDUS', 'KUDUS', NULL, '085742078330', '085742078330', '', 0, '', 0, 0, '2019-04-09 13:35:30', 20, 0, NULL),
	('KONSY20EZX19042Y0102853B99Z0', 'Ibu.', 'Miskarolin', 3, 'Kudus', 'Kudus', NULL, '-', '-', '', 0, '', 0, 0, '2019-04-20 10:28:53', 26, 0, NULL),
	('KONSY20FU18Q11MR02140441864I', 'Sdr.', 'PT ADINAGA', 3, 'KUDUS', 'KUDUS', NULL, '087832078318', '', '', 0, '', 0, 0, '2018-11-02 14:04:41', 21, 0, NULL),
	('KONSY20K181130110510137RVHE3', 'Sdr.', 'samuel', 3, 'kudus', 'kudus', NULL, '-', '', '', 0, '', 0, 0, '2018-11-30 11:05:10', 21, 0, NULL),
	('KONSY20OL1H811140F7KB50D03101T3', 'Ib.', 'mbak Kayah', 3, 'Dersalam', 'Kudus', NULL, '-', '-', '', 0, '', 0, 0, '2018-11-14 07:50:03', 26, 0, NULL),
	('KONSY2D0190R2211703271I051', 'Sdr.', 'Rafa', 3, '-', '-', NULL, '-', '-', '', 0, '', 0, 0, '2019-02-21 17:03:27', 25, 0, NULL),
	('KONSY2H019L0326HE1T8360G1667', 'Sdr.', 'BRI', 3, 'Kudus', 'Kudus', NULL, '-', '-', '', 0, '', 0, 0, '2019-03-26 18:36:01', 26, 0, NULL),
	('KONSY2NM01810301408481270X', 'Bpk.', 'ARIF KARANG TARUNA', 3, 'WERGU', 'KUDUS', NULL, '085800004115', '085800004115', '', 0, '', 0, 0, '2018-10-30 14:08:48', 20, 0, NULL),
	('KONSY2T0I1Z90F4091R70G626652J', 'Sdr.', 'LIDIA', 3, 'KUDUS', 'KUDUS', NULL, '-', '-', '', 0, '', 0, 0, '2019-04-09 17:06:26', 20, 0, NULL),
	('KONSY2V019D02D2U0Q1L1304911J5E1', 'Sdr.', 'TK PERTIWI JEPANGPAKIS', 3, 'JEPANGPAKIS', 'KUDUS', NULL, '-', '', '', 0, '', 0, 0, '2019-02-20 11:30:49', 21, 0, NULL),
	('KONSYH201810V29R1N604D0310C2J1U', 'Ib.', 'TITO', 3, 'KUDUS', 'KUDUS', NULL, '-', '-', '', 0, '', 0, 0, '2018-10-29 16:04:03', 20, 0, NULL),
	('KONSYJH20M190N22RM21358441F13DY8', 'Bpk.', 'Minka', 3, 'Kudus', 'Kudus', NULL, '085742794784', '085742794784', '', 0, '', 0, 0, '2019-02-22 13:58:44', 26, 0, NULL),
	('KONSYP2Y01M90122R18445V497Y4I', 'Sdr.', 'matthew', 3, 'kudus', 'kudus', NULL, '-', '', '', 0, '', 0, 0, '2019-01-22 18:44:54', 21, 0, NULL),
	('KONSYRW20181P22609H5435CF1P3I90', 'Sdr.', 'rizki', 3, 'kudus', '087848355335', NULL, '', '', '', 0, '', 0, 0, '2018-12-26 09:54:35', 21, 0, NULL),
	('KONSZ201811230X2TN5700L1I26Z6', 'Bapak.', 'Arif Panjunan', 3, '-', '-', NULL, '081328358877', '081328358877', '', 0, '', 0, 0, '2018-11-23 02:57:00', 25, 0, NULL),
	('KONSZ2018112I80WTK6150KJ8138GM6', 'Sdr.', 'Erwin', 3, '-', '-', NULL, '-', '-', '', 0, '', 0, 0, '2018-11-28 06:15:08', 25, 0, NULL),
	('KONSZ20181F1V120558127EE29H', 'Mr.', 'Kocil', 3, 'Kudus', 'Kudus', NULL, '-', '-', '', 0, '', 0, 0, '2018-11-12 05:58:12', 26, 0, NULL),
	('KONSZ20181P115D055356105T5', 'Sdr.', 'MIla', 3, 'umk', 'kudus', NULL, '081567803473', '', '', 0, '', 0, 0, '2018-11-15 05:53:56', 21, 0, NULL),
	('KONSZ2018F1L1170RQG949D477KR66', 'Saudara.', 'HITAM', 3, 'KUDUS', 'KUDUS', NULL, '-', '-', '', 0, '', 0, 0, '2018-11-17 09:49:47', 20, 0, NULL),
	('KONSZ20190107161QT21QM3781', 'Bapak.', 'HARJO', 3, 'KUDUS', 'KUDUS', NULL, '-', '-', '', 0, '', 0, 0, '2019-01-07 16:12:13', 20, 0, NULL),
	('KONSZ2019010X415AWJ19111VHB269', 'Bpk.', 'Ahyar', 3, '-', '-', NULL, '-', '-', '', 0, '', 0, 0, '2019-01-04 15:19:11', 25, 0, NULL),
	('KONSZ20190207XB093859681', 'Bpk.', 'Ali Albar', 3, 'Jepara', 'Jepara', NULL, '+62 819-1984-1456', '+62 819-1984-1456', '', 0, '', 0, 0, '2019-02-07 09:38:59', 14, 0, NULL),
	('KONSZ201902U27O145904478U', 'Ibu.', 'SOFIAH', 3, 'KUDUS', 'KUDUS', NULL, '081326342420', '081326342420', '', 0, '', 0, 0, '2019-02-27 14:59:04', 20, 0, NULL),
	('KONSZ201903CIY01120G5371198', 'Sdr.', 'Enka', 3, '-', '-', NULL, '-', '-', '', 0, '', 0, 0, '2019-03-01 12:05:37', 25, 0, NULL),
	('KONSZ201904ECU04A12Y54H13U8J34', 'Sdr.', 'ferdi', 3, 'kudus', 'kudus', NULL, '-', '', '', 0, '', 0, 0, '2019-04-04 12:54:13', 21, 0, NULL),
	('KONSZ20190508R1K514D081P4R24', 'Ib.', 'tri smk 4 pati', 3, 'pati', 'pati', NULL, '-', '', '', 0, '', 0, 0, '2019-05-08 15:14:08', 21, 0, NULL),
	('KONSZ20190JG32IO51342SD26D8M12', 'Sdr.', 'HIMATUL', 3, 'KUDUS', 'KUDUS', NULL, '-', '-', '', 0, '', 0, 0, '2019-03-25 13:42:26', 20, 0, NULL),
	('KONSZ2019M0H1081K2312057Y2', 'Sdr.', 'Lazisnu', 3, '-', '-', NULL, '-', '-', '', 0, '', 0, 0, '2019-01-08 12:31:20', 25, 0, NULL),
	('KONSZ201H8WO11B09X13SZE58151277R', 'Bpk.', 'Rully', 3, 'Tumpang Krasak', 'Kudus', NULL, '081251723616', '081251723616', '', 0, '', 0, 0, '2018-11-09 13:58:15', 26, 0, NULL),
	('KONSZ201N8121UP91H41408848', 'Sdr.', 'Ifana', 3, 'sukolilo', 'pati', NULL, '-', '-', '', 0, '', 0, 0, '2018-12-19 14:14:08', 26, 0, NULL),
	('KONSZ201N9022F312S19A061070', 'Sdr.', 'Via', 3, 'Kudus', 'Kudu', NULL, '-', '-', '', 0, '', 0, 0, '2019-02-23 12:19:06', 26, 0, NULL),
	('KONSZ201TNR8L122910Z4843139Y1', 'Bapak.', 'ISTIYANTO', 3, 'KUDUS', 'KUDUS', NULL, '08121500021', '08121500021', '', 0, '', 0, 0, '2018-12-29 10:48:43', 20, 0, NULL),
	('KONSZ20M181121J1VO119IA34WR761', 'Sdr.', 'FENDI', 3, 'KUDUS', 'KUDUS', NULL, '-', '', '', 0, '', 0, 0, '2018-11-21 11:19:34', 21, 0, NULL),
	('KONSZ20PE1811091335L4472GDTI1G', 'Bapak.', 'RULLY', 3, 'TUMPANG KRASAK', 'KUDUS', NULL, '081251723616', '081251723616', '', 0, '', 0, 0, '2018-11-09 13:35:44', 20, 0, NULL),
	('KONSZ20RBNB181D212132115626N', 'Bpk.', 'FARKHAN', 3, 'KUDUS', 'KUDUS', NULL, '085225712670', '085225712670', '', 0, '', 0, 0, '2018-12-12 13:21:15', 20, 0, NULL),
	('KONSZ20RK1902041Y6102J1B1Q439G', 'Bpk.', 'KPRI Bina Karya', 3, '-', '-', NULL, '-', '-', '', 0, '', 0, 0, '2019-02-04 16:10:21', 25, 0, NULL),
	('KONSZ20U1XVU8110T51C515O1O81540Y', 'Mrs.', 'Silvi (Fokus)', 3, '-', '-', NULL, '-', '-', '', 0, '', 0, 0, '2018-11-05 15:15:18', 26, 0, NULL),
	('KONSZ2A0P1F9052I311584US115L5EG3', 'Sdr.', 'ali g', 3, 'kudus', 'kudus', NULL, '-', '', '', 0, '', 0, 0, '2019-05-23 11:58:41', 21, 0, NULL),
	('KONSZ2B01902KC0W51431NI20WW118M4', 'Sdr.', 'YUDHA', 3, 'KUDUS', 'KUDUS', NULL, '085769295943', '085769295943', '', 0, '', 0, 0, '2019-02-05 14:31:20', 20, 0, NULL),
	('KONSZ2F0W1Z811T16075125879', 'Bpk.', 'Dodi (d\'season)', 3, '-', 'Jepara', NULL, '085695076118', '085695076118', '', 0, '', 0, 0, '2018-11-16 07:51:25', 21, 0, NULL),
	('KONSZ2G01KC8111OD604P13051CYN574', 'Sdr.', 'yosi', 3, 'prambatan lor', 'kudus', NULL, '085712724088', '', '', 0, '', 0, 0, '2018-11-16 04:13:05', 21, 0, NULL),
	('KONSZ2H0O190112F1000X561B2TH73ZI', 'Sdr.', 'sodik', 3, 'kudus', 'kudus', NULL, '085290858689', '', '', 0, '', 0, 0, '2019-01-12 10:00:56', 21, 0, NULL),
	('KONSZ2K01F811Z061110391234', 'Bpk.', 'ULUM', 3, 'Ngeling Pecangaan Jepara', 'jepara', NULL, '+62 852-7355-6446', '+62 852-7355-6446', '', 0, '', 0, 0, '2018-11-06 11:10:39', 19, 0, NULL),
	('KONSZ2KS0J18110V3F14B3A32O01408', 'Bpk.', 'Ahmad', 3, '-', '-', NULL, '089667775671', '089667775671', '', 0, '', 0, 0, '2018-11-03 14:33:20', 25, 0, NULL),
	('KONSZD2PY0190VNX131173456580', 'Bpk.', 'Donal', 3, 'Demak', 'Demak', NULL, '082137005848', '082137005848', '', 0, '', 0, 0, '2019-01-31 17:34:56', 26, 0, NULL),
	('KONSZI20VC18110J1131751S672', 'Sdr.', 'Pepito', 3, 'Loram Wetan', 'kudus', NULL, '085226123146', '', '', 0, '', 0, 0, '2018-11-01 13:17:51', 21, 0, NULL),
	('KONSZK20H1V9042011L3023575H', 'Sdr.', 'Latif', 3, '-', '-', NULL, '085235432353', '-', '', 0, '', 0, 0, '2019-04-20 11:30:23', 33, 0, NULL),
	('KONSZM201902PXD1FY4Z1L74D520905', 'Bpk.', 'Pais Kemenag', 3, 'Kudus', 'Kudus', NULL, '08122563011', '08122563011', '', 0, '', 0, 0, '2019-02-14 17:45:20', 26, 0, NULL),
	('KONSZM2Z01812A12M1724V201224', 'Sdr.', 'Yoana', 3, '-', '-', NULL, '081325854819', '', '', 0, '', 0, 0, '2018-12-12 17:24:20', 25, 0, NULL),
	('KONSZPQG2O019B0112W163N554929', 'Saudara.', 'REFANDI', 3, 'KUDUS', 'KUDUS', NULL, '085740189999', '085740189999', '', 0, '', 0, 0, '2019-01-12 16:35:54', 20, 0, NULL),
	('KONSZQ2O0181G2241S62320581', 'Sdr.', 'ARUM S', 3, 'KUDUS', 'KUDUS', NULL, '-', '-', '', 0, '', 0, 0, '2018-12-24 16:23:21', 20, 0, NULL),
	('KONSZR20181122NC064R03FALLX3698', 'Bpk.', 'Sholikan', 3, '-', '-', NULL, '08818175814', '-', '', 0, '', 0, 0, '2018-11-22 06:40:33', 25, 0, NULL),
	('KONSZVE20B181030093621102M4', 'Bpk.', 'Alam', 3, 'Ngembal', 'kudus', NULL, '085740530398', '085740530398', '', 0, '', 0, 0, '2018-10-30 09:36:21', 14, 0, NULL),
	('KONSZX2V01VGVN8W1101125024L973', 'Bapak.', 'ALFIAN', 3, 'DINAS PERTANIAN', 'KUDUS', NULL, '08562664436', '08562664436', '', 0, '', 0, 0, '2018-11-01 12:50:24', 20, 0, NULL);
/*!40000 ALTER TABLE `konsumen` ENABLE KEYS */;

-- Dumping structure for table webapp_ci_printing.konsumen_detail_worksheet
CREATE TABLE IF NOT EXISTS `konsumen_detail_worksheet` (
  `idkonsumen_detail_worksheet` varchar(50) NOT NULL,
  `id_worksheet` int(11) NOT NULL COMMENT 'hanya diisi jika \nstatusnya : \nMandor / Supervisor, Operator\n',
  `ket` text,
  PRIMARY KEY (`idkonsumen_detail_worksheet`)
) ENGINE=InnoDB DEFAULT CHARSET=latin1 COMMENT='hanya diisi jika status karyawan mandor / supervisor / operator';

-- Dumping data for table webapp_ci_printing.konsumen_detail_worksheet: ~0 rows (approximately)
/*!40000 ALTER TABLE `konsumen_detail_worksheet` DISABLE KEYS */;
/*!40000 ALTER TABLE `konsumen_detail_worksheet` ENABLE KEYS */;

-- Dumping structure for table webapp_ci_printing.konversi_satuan
CREATE TABLE IF NOT EXISTS `konversi_satuan` (
  `id_konversi` int(11) NOT NULL AUTO_INCREMENT,
  `st_tipe` tinyint(1) DEFAULT NULL COMMENT '0 = satuan barang [pcs, roll, biji, box ]\n1 = panjang [ cm, m, kaki ]\n2 = berat [kg , ons, gram]\n3 = luas [cm2, m2]\n4 = waktu [jam, menit, detik]',
  `jml_besar` float DEFAULT NULL,
  `satuan_besar` varchar(50) DEFAULT NULL,
  `jml_kecil` float DEFAULT NULL,
  `id_satuan_terkecil` int(11) DEFAULT NULL,
  `st_fix` tinyint(1) DEFAULT '0' COMMENT '0 = Boleh dihapus\n1 = Tidak Boleh dihapus',
  `created_on` datetime DEFAULT NULL,
  `created_by` bigint(20) DEFAULT NULL,
  `deleted` tinyint(4) DEFAULT '0',
  `deleted_by` bigint(20) DEFAULT NULL,
  PRIMARY KEY (`id_konversi`)
) ENGINE=InnoDB AUTO_INCREMENT=25 DEFAULT CHARSET=utf8;

-- Dumping data for table webapp_ci_printing.konversi_satuan: ~20 rows (approximately)
/*!40000 ALTER TABLE `konversi_satuan` DISABLE KEYS */;
INSERT INTO `konversi_satuan` (`id_konversi`, `st_tipe`, `jml_besar`, `satuan_besar`, `jml_kecil`, `id_satuan_terkecil`, `st_fix`, `created_on`, `created_by`, `deleted`, `deleted_by`) VALUES
	(1, 3, 1, 'MM<sup>2</sup>', 1, 6, 1, NULL, NULL, 0, NULL),
	(2, 3, 1, 'CM<sup>2</sup>', 100, 6, 1, NULL, NULL, 0, NULL),
	(3, 3, 1, 'M<sup>2</sup>', 1000000, 6, 1, NULL, NULL, 0, NULL),
	(8, 0, 1, 'PCS', 1, 1, 1, NULL, NULL, 0, NULL),
	(9, 0, 1, 'ROLL', 1, 5, 1, NULL, NULL, 0, NULL),
	(10, 1, 1, 'MM', 1, 4, 1, NULL, NULL, 0, NULL),
	(11, 1, 1, 'CM', 10, 4, 1, NULL, NULL, 0, NULL),
	(12, 1, 1, 'M', 1000, 4, 1, NULL, NULL, 0, NULL),
	(13, 2, 1, 'GRAM', 1, 2, 1, NULL, NULL, 0, NULL),
	(14, 2, 1, 'KG', 1000, 2, 1, NULL, NULL, 0, NULL),
	(15, 0, 1, 'PAK 250', 250, 1, 0, '2018-07-31 17:09:56', 1, 0, NULL),
	(16, 0, 1, 'PAK 500', 500, 1, 0, '2018-07-31 17:10:27', 1, 0, NULL),
	(17, 0, 1, 'PAK 100', 100, 1, 0, '2018-07-31 17:11:01', 1, 0, NULL),
	(18, 0, 1, 'ROLL LAM', 6000, 1, 0, '2018-07-31 17:12:17', 1, 0, NULL),
	(19, 2, 1, 'Liter', 1000, 3, 0, '2018-09-24 16:04:44', 1, 0, NULL),
	(20, 2, 1, 'ML', 1, 3, 0, '2018-09-24 16:12:19', 1, 0, NULL),
	(21, 0, 1, 'PAK 1440', 1440, 1, 0, '2019-01-02 10:48:56', 1, 0, NULL),
	(22, 0, 1, 'RIM', 500, 1, 0, '2019-01-31 12:42:56', 1, 0, NULL),
	(23, 4, 1, 'DETIK', 1, 7, 1, NULL, 1, 0, NULL),
	(24, 4, 1, 'MENIT', 60, 7, 1, NULL, 1, 0, NULL);
/*!40000 ALTER TABLE `konversi_satuan` ENABLE KEYS */;

-- Dumping structure for table webapp_ci_printing.link_tutorial
CREATE TABLE IF NOT EXISTS `link_tutorial` (
  `idlink_tutorial` int(11) NOT NULL AUTO_INCREMENT COMMENT 'untuk menampung alamat link tutorial',
  `judul` text,
  `alamat` varchar(45) DEFAULT NULL,
  `tgl_update` date DEFAULT NULL,
  PRIMARY KEY (`idlink_tutorial`)
) ENGINE=InnoDB AUTO_INCREMENT=19 DEFAULT CHARSET=latin1;

-- Dumping data for table webapp_ci_printing.link_tutorial: ~18 rows (approximately)
/*!40000 ALTER TABLE `link_tutorial` DISABLE KEYS */;
INSERT INTO `link_tutorial` (`idlink_tutorial`, `judul`, `alamat`, `tgl_update`) VALUES
	(1, 'cara membuat transaksi order PO / SO', 'https://youtu.be/l2qrxLIC4-g', '2018-12-18'),
	(2, 'cara membuat transaksi order instansi', 'https://youtu.be/wZ6LA4fg2_w', '2018-12-18'),
	(3, 'cara rekap penggunaan bahan - baku produksi', 'https://youtu.be/I6Ac1j0eLeU', '2018-12-27'),
	(4, 'pembelian part1 - Tahapan Pembelian Barang', 'https://youtu.be/5WRGMMXS8ss', '2018-01-22'),
	(5, 'pembelian part2 - Gudang Order', 'https://youtu.be/_Rt4z2NOxGE', '2018-01-22'),
	(6, 'pembelian part3 - PO', 'https://youtu.be/ytS5FP6LWYY', '2018-01-22'),
	(7, 'pembelian part4 - Proses Pembelian', 'https://youtu.be/gG1K01FMbts', '2018-01-22'),
	(8, 'pembelian part5 - Retur Pembelian', 'https://youtu.be/24Sf08-2atw', '2018-01-22'),
	(9, 'Mutasi atau Perpindahan Barang ', 'https://youtu.be/DXmB5OCcXTU', '2018-01-22'),
	(10, 'Cicilan Transaksi Kasir', 'https://youtu.be/8Fnt9sJDEU8', '2019-01-30'),
	(11, 'Penjualan Barang', 'https://youtu.be/44cYPtfnVA4', '2019-01-30'),
	(12, 'Collecting', 'https://youtu.be/PhKrSfFCvQo', '2019-01-31'),
	(13, 'Setting Jam Kerja', 'https://youtu.be/7I3K-osgrGo', '2019-04-30'),
	(14, 'Update Closing Kas Kasir', 'https://youtu.be/bPrj-XXDyzM', '2019-04-30'),
	(15, 'Approval PO', 'https://youtu.be/fTufGldilso', '2019-04-30'),
	(16, 'Approval Delete Order', 'https://youtu.be/ZqTM8CtcKHU', '2019-04-30'),
	(17, 'Deposit', 'https://youtu.be/hiRwC0BUu8w', '2019-04-30'),
	(18, 'Jaminan', 'https://youtu.be/aokPdr_qmUk', '2019-04-30');
/*!40000 ALTER TABLE `link_tutorial` ENABLE KEYS */;

-- Dumping structure for table webapp_ci_printing.log_aktifitas
CREATE TABLE IF NOT EXISTS `log_aktifitas` (
  `idlog` varchar(50) NOT NULL,
  `kode_universal` varchar(50) DEFAULT NULL,
  `fasilitas` int(11) DEFAULT NULL,
  `ket` text COMMENT 'keterangan log / uraian kondisi',
  `jumlah` double DEFAULT NULL COMMENT 'jumlah nominal jika memang terdapat jumlah nominal',
  `sql` text COMMENT 'menyimpan perintah SQL yang dieksekusi\n',
  `status` tinyint(1) DEFAULT NULL,
  `created_on` datetime DEFAULT NULL,
  `created_by` bigint(20) DEFAULT NULL,
  PRIMARY KEY (`idlog`)
) ENGINE=InnoDB DEFAULT CHARSET=utf8;

-- Dumping data for table webapp_ci_printing.log_aktifitas: ~178 rows (approximately)
/*!40000 ALTER TABLE `log_aktifitas` DISABLE KEYS */;
INSERT INTO `log_aktifitas` (`idlog`, `kode_universal`, `fasilitas`, `ket`, `jumlah`, `sql`, `status`, `created_on`, `created_by`) VALUES
	('2019061F71O0T0253801', 'DETO20190OD61710P0252960', 114, 'SUKSES, tambah data detail order, dengan ID : DETO20190OD61710P0252960', 1, 'INSERT INTO `order_produk_detail` (`id_detail_produk_order`, `kode_universal`, `id_order`, `nama_pekerjaan`, `id_kategori`, `id_produk`, `st_urgent`, `tgl_permintaan_selesai`, `gambar`, `thumbnail`, `st_dimensi`, `p`, `l`, `id_satuan`, `detail_gambar`, `jml_cetak`, `harga_by`, `id_konversi_jml_cetak`, `qty_cetak_by`, `satuan_cetak_by`, `harga_cetak_persatuan_terkecil`, `biaya_design`, `biaya_cetak`, `kenaikan_value`, `kenaikan_persen`, `biaya_finishing`, `sub_total`, `catatan`, `st_finishing`, `st_finishing_standart`, `target_server`, `created_on`, `created_by`) VALUES (\'DETO20190OD61710P0252960\', \'DETO20190OD61710P0252960\', \'201Z906171F0J0252S627\', \'Zenal TAS 2_300x110_280_LES_2x cetak.tif\', \'2\', \'Pfsh-201P8092EA41553W44934E\', 0, \'\', \'upload//2019/06/17/TRX_2019_0617_00001D1/Zenal-TAS-2_300x110_280_LES_2x-cetak.tif\', \'upload//2019/06/17/TRX_2019_0617_00001D1/thumb/Zenal-TAS-2_300x110_280_LES_2x-cetak.jpg\', 0, \'303.04\', \'113.03\', \'11\', \'Width : 8590px  Height: 3204px (71.9999771118164,71.9999771118164)DPI\', \'4\', \'1\', \'8\', NULL, \'3\', \'13000\', \'0\', \'178113.57824\', \'0\', \'\', 0, 178113.57824, \'\', \'0\', 0, \'0\', \'2019-06-17 10:02:52\', \'1\')\n\nINSERT INTO `m_order_produk_detail` (`id_detail_produk_order`, `kode_universal`, `id_order`, `nama_pekerjaan`, `id_kategori`, `id_produk`, `st_urgent`, `tgl_permintaan_selesai`, `gambar`, `thumbnail`, `st_dimensi`, `p`, `l`, `id_satuan`, `detail_gambar`, `jml_cetak`, `harga_by`, `id_konversi_jml_cetak`, `qty_cetak_by`, `satuan_cetak_by`, `harga_cetak_persatuan_terkecil`, `biaya_design`, `biaya_cetak`, `kenaikan_value`, `kenaikan_persen`, `biaya_finishing`, `sub_total`, `catatan`, `st_finishing`, `st_finishing_standart`, `target_server`, `created_on`, `created_by`) VALUES (\'DETO20190OD61710P0252960\', \'DETO20190OD61710P0252960\', \'201Z906171F0J0252S627\', \'Zenal TAS 2_300x110_280_LES_2x cetak.tif\', \'2\', \'Pfsh-201P8092EA41553W44934E\', 0, \'\', \'upload//2019/06/17/TRX_2019_0617_00001D1/Zenal-TAS-2_300x110_280_LES_2x-cetak.tif\', \'upload//2019/06/17/TRX_2019_0617_00001D1/thumb/Zenal-TAS-2_300x110_280_LES_2x-cetak.jpg\', 0, \'303.04\', \'113.03\', \'11\', \'Width : 8590px  Height: 3204px (71.9999771118164,71.9999771118164)DPI\', \'4\', \'1\', \'8\', NULL, \'3\', \'13000\', \'0\', \'178113.57824\', \'0\', \'\', 0, 178113.57824, \'\', \'0\', 0, \'0\', \'2019-06-17 10:02:52\', \'1\')', 1, '2019-06-17 10:02:53', 1),
	('2019070109285I45A9H2', '2019070A1092JI30X9826', 115, 'SUKSES, Update data Total Order : 2019070A1092JI30X9826', 1, 'UPDATE `order_produk` SET `total_value_order` = 5343407.3472\nWHERE `id_order` = \'2019070A1092JI30X9826\'', 1, '2019-07-01 09:28:54', 1),
	('2019070116555X5X1035', '2019070A1092JI30X9826', 115, 'SUKSES, Update data Total Order : 2019070A1092JI30X9826', 1, 'UPDATE `order_produk` SET `total_value_order` = 5545507.3472\nWHERE `id_order` = \'2019070A1092JI30X9826\'', 1, '2019-07-01 16:55:55', 1),
	('2019070209UH33311051', 'spk201F907B02093331238', 174, 'Sukses, simpan spk id = spk201F907B02093331238', 0, 'INSERT INTO `spk` (`idspk`, `id_worksheet`, `id_order`, `id_detail_produk_order`, `jml_cetak`, `id_konversi_jml_cetak`, `st_revisi`, `st_ref`, `kode_universal`, `created_on`) VALUES (\'spk201F907B02093331238\', \'3\', \'S20190B7Z0O20M91F40753L4P\', \'DETOX201907Z02093B3XI311RU0B45\', \'12\', \'8\', 0, 0, \'DETOX201907Z02093B3XI311RU0B45\', \'2019-07-02 09:33:31\')\n\nUPDATE `m_order_produk_detail` SET `st_acc_produksi` = 1, `id_spk` = \'spk201F907B02093331238\'\nWHERE `id_detail_produk_order` = \'DETOX201907Z02093B3XI311RU0B45\'', 1, '2019-07-02 09:33:31', 1),
	('20190702O0C91Y8Y2949NL7B', 'DETO201907X0NE2ZW09UGJ18296H51E', 114, 'SUKSES, tambah data detail order, dengan ID : DETO201907X0NE2ZW09UGJ18296H51E', 1, '\n\nINSERT INTO `m_order_produk_detail` (`id_detail_produk_order`, `kode_universal`, `id_order`, `nama_pekerjaan`, `id_kategori`, `id_produk`, `st_urgent`, `tgl_permintaan_selesai`, `gambar`, `thumbnail`, `st_dimensi`, `p`, `l`, `id_satuan`, `detail_gambar`, `jml_cetak`, `harga_by`, `id_konversi_jml_cetak`, `qty_cetak_by`, `satuan_cetak_by`, `harga_cetak_persatuan_terkecil`, `biaya_design`, `biaya_cetak`, `kenaikan_value`, `kenaikan_persen`, `biaya_finishing`, `sub_total`, `catatan`, `st_finishing`, `st_finishing_standart`, `target_server`, `created_on`, `created_by`) VALUES (\'DETO201907X0NE2ZW09UGJ18296H51E\', \'DETO201907X0NE2ZW09UGJ18296H51E\', \'S20190B7Z0O20M91F40753L4P\', \'Zenal TAS 2_300x110_280_LES_2x cetak.tif\', \'2\', \'Pfsh-2018110915K2117136K4\', 0, \'2019-07-02 14:18\', \'upload//2019/07/02/TRX_2019_0702_00002D1/Zenal-TAS-2_300x110_280_LES_2x-cetak.tif\', \'upload//2019/07/02/TRX_2019_0702_00002D1/thumb/Zenal-TAS-2_300x110_280_LES_2x-cetak.jpg\', 0, \'303.04\', \'113.03\', \'11\', \'Width : 8590px  Height: 3204px (71.9999771118164,71.9999771118164)DPI\', \'20\', \'1\', \'8\', NULL, \'3\', \'34000\', \'0\', \'2329177.5616\', \'0\', \'\', 0, 2329177.5616, \'\', \'0\', 0, \'0\', \'2019-07-02 09:18:29\', \'1\')', 1, '2019-07-02 09:18:29', 1),
	('2019070415015H03F6K1', 'SHV2NO0U190704R15F015067A2', 0, 'Sukses tambah data setting harga, untuk produkPfsh-O2STZIA019070415004UXN93U13', 0, 'INSERT INTO `setting_harga` (`idsettingharga`, `st_produk`, `idproduk`, `idkategori_harga`, `st_range_harga`, `qty`, `id_konversi`, `harga`, `qty_hitung`, `harga_by`, `id_konversi_harga_by`, `qty_harga_by`, `created_on`, `created_by`) VALUES (\'SHV2NO0U190704R15F015067A2\', \'0\', \'Pfsh-O2STZIA019070415004UXN93U13\', \'1\', \'1\', \'1\', \'8\', \'100000\', 1, \'1\', \'8\', 1, \'2019-07-04 15:01:50\', \'1\')', 1, '2019-07-04 15:01:50', 1),
	('2019070B209TN3819792', 'TMPP20E1MJ907020938K19540E', 130, 'SUKSES, Tambah Data tmp_produksi dengan ID : TMPP20E1MJ907020938K19540E', 1, 'INSERT INTO `tmp_produksi` (`idtmp_produksi`, `id_transaksi`, `id_order`, `id_detail_order`, `idspk`, `created_on`, `created_by`) VALUES (\'TMPP20E1MJ907020938K19540E\', \'2019V0G702091430812\', \'S20190B7Z0O20M91F40753L4P\', \'DETOK20T190O702093443742\', \'spk20L190702093D443J6I3I6\', \'2019-07-02 09:38:19\', \'1\')', 1, '2019-07-02 09:38:19', 1),
	('2019070F1A0928U541032', 'spk2F0UP19A07V0109262373BH6', 179, 'Sukses, Delete spk id = spk2F0UP19A07V0109262373BH6', 1, 'UPDATE `spk` SET `deleted` = 1\nWHERE `idspk` = \'spk2F0UP19A07V0109262373BH6\'', 1, '2019-07-01 09:28:54', 1),
	('2019070I2093P443LX2B7VCZ4', 'spk20L190702093D443J6I3I6', 174, 'Sukses, simpan spk id = spk20L190702093D443J6I3I6', 0, 'INSERT INTO `spk` (`idspk`, `id_worksheet`, `id_order`, `id_detail_produk_order`, `jml_cetak`, `id_konversi_jml_cetak`, `st_revisi`, `st_ref`, `kode_universal`, `created_on`) VALUES (\'spk20L190702093D443J6I3I6\', \'1\', \'S20190B7Z0O20M91F40753L4P\', \'DETOK20T190O702093443742\', \'12\', \'8\', 0, 0, \'DETOK20T190O702093443742\', \'2019-07-02 09:34:43\')\n\nUPDATE `m_order_produk_detail` SET `st_acc_produksi` = 1, `id_spk` = \'spk20L190702093D443J6I3I6\'\nWHERE `id_detail_produk_order` = \'DETOK20T190O702093443742\'', 1, '2019-07-02 09:34:43', 1),
	('2019070S1W0C92309A961E', '2019070A1092JI30X9826', 115, 'SUKSES, Update data Total Order : 2019070A1092JI30X9826', 1, 'UPDATE `order_produk` SET `total_value_order` = 5343407.3472\nWHERE `id_order` = \'2019070A1092JI30X9826\'', 1, '2019-07-01 09:23:09', 1),
	('201907C010Y95608886', '20190I70109F255592A2', 162, 'SUKSES, close data kasir, id = 20190I70109F255592A2', 0, 'UPDATE `kas_kasir` SET `st_close` = 1, `waktu_close` = \'2019-07-01 09:56:08\', `total_masuk` = \'0\', `total_keluar` = \'0\', `total_debit` = \'0\', `total_transfer` = \'0\', `total_dp` = \'0\', `total_piutang` = \'5405600\', `total_pelunasan` = \'\', `saldo_akhir_system` = \'1000000\', `saldo_revisi` = \'\', `selisih` = 0, `st_selisih` = 0, `saldo_akhir_final` = \'1000000\', `ket_saldo_revisi` = \'\', `total_omset_nota` = \'5405600\', `total_omset_nota_bb` = \'\', `total_piutang_nota_bb` = \'\', `total_pelunasan_nota_bb` = \'\', `total_bayar_hari_ini` = \'0\'\nWHERE `idkas_kasir` = \'20190I70109F255592A2\'\n\nINSERT INTO `kas_kasir_closing_detail` (`created_by`, `created_on`, `id`, `idkas_kasir`, `idkategori`, `value`) VALUES (\'1\',\'2019-07-01 09:56:08\',\'20190MS701095F60X84H8Q1\',\'20190I70109F255592A2\',\'1\',\'62100\'), (\'1\',\'2019-07-01 09:56:08\',\'20N190WUY7UKRE010956KL08870\',\'20190I70109F255592A2\',\'2\',\'5343407.3472\')\n\nINSERT INTO `alurkas` (`created_by`, `created_on`, `id_account_kas`, `id_bank`, `idalurkas`, `ket`, `model_transaksi`, `status`, `total`, `waktu`) VALUES (\'1\',\'2019-07-01 09:56:08\',\'1\',NULL,\'2019V0N7J0EX1095TJ60V883W5U\',\'Saldo Awal\',\'0\',\'1\',\'1000000\',\'2019-07-01 09:56:08\'), (\'1\',\'2019-07-01 09:56:08\',2,NULL,\'YIK20IW19070M109B56E08M23I6\',\'Pelunasan transaksi revisi untuk transaksi : VLB/2019/07/01-00002\',\'0\',\'1\',\'0\',\'2019-07-01 09:56:08\')', 1, '2019-07-01 09:56:08', 1),
	('201907CX02093819394', 'spk20L190702093D443J6I3I6', 130, 'SUKSES, Update st_ambail SPK, dengan ID : spk20L190702093D443J6I3I6', 1, 'UPDATE `spk` SET `st_ambil` = 1, `id_user` = \'1\', `waktu_ambil` = \'2019-07-02 09:38:19\'\nWHERE `idspk` = \'spk20L190702093D443J6I3I6\'', 1, '2019-07-02 09:38:19', 1),
	('201907D020X918B29BT8LR8UL7', 'S20190B7Z0O20M91F40753L4P', 115, 'SUKSES, Update data Total Order : S20190B7Z0O20M91F40753L4P', 1, 'UPDATE `order_produk` SET `total_value_order` = 2352177.5616\nWHERE `id_order` = \'S20190B7Z0O20M91F40753L4P\'', 1, '2019-07-02 09:18:29', 1),
	('201907F010P9G2Q623899L', 'spk2F0UP19A07V0109262373BH6', 174, 'Sukses, simpan spk id = spk2F0UP19A07V0109262373BH6', 0, 'INSERT INTO `spk` (`idspk`, `id_worksheet`, `id_order`, `id_detail_produk_order`, `jml_cetak`, `id_konversi_jml_cetak`, `st_revisi`, `st_ref`, `kode_universal`, `created_on`, `created_by`) VALUES (\'spk2F0UP19A07V0109262373BH6\', \'3\', \'2019070A1092JI30X9826\', \'DETOESC20Y1D90J701092309584\', \'120\', \'8\', 0, 0, \'DETOESC20Y1D90J701092309584\', \'2019-07-01 09:26:23\', \'1\')\n\nUPDATE `m_order_produk_detail` SET `st_acc_produksi` = 1, `id_spk` = \'spk2F0UP19A07V0109262373BH6\'\nWHERE `id_detail_produk_order` = \'DETOESC20Y1D90J701092309584\'', 1, '2019-07-01 09:26:23', 1),
	('201907LV0209QJ003BH6610', '201907020RQS90G036C2P80W', 115, 'SUKSES, Update data Total Order : 201907020RQS90G036C2P80W', 1, 'UPDATE `order_produk` SET `total_value_order` = 30000\nWHERE `id_order` = \'201907020RQS90G036C2P80W\'', 1, '2019-07-02 09:00:36', 1),
	('201907R020B93819HDP573', 'spk2019070C209143145JP2', 130, 'SUKSES, Update st_ambail SPK, dengan ID : spk2019070C209143145JP2', 1, 'UPDATE `spk` SET `st_ambil` = 1, `id_user` = \'1\', `waktu_ambil` = \'2019-07-02 09:38:19\'\nWHERE `idspk` = \'spk2019070C209143145JP2\'', 1, '2019-07-02 09:38:19', 1),
	('201907YH0J209U003695M5', 'DETOV20Z190702090036352', 114, 'SUKSES, tambah data detail order, dengan ID : DETOV20Z190702090036352', 1, 'INSERT INTO `order_produk_detail` (`id_detail_produk_order`, `kode_universal`, `id_order`, `nama_pekerjaan`, `id_kategori`, `id_produk`, `st_urgent`, `tgl_permintaan_selesai`, `gambar`, `thumbnail`, `st_dimensi`, `p`, `l`, `id_satuan`, `detail_gambar`, `jml_cetak`, `harga_by`, `id_konversi_jml_cetak`, `qty_cetak_by`, `satuan_cetak_by`, `harga_cetak_persatuan_terkecil`, `biaya_design`, `biaya_cetak`, `kenaikan_value`, `kenaikan_persen`, `biaya_finishing`, `sub_total`, `catatan`, `st_finishing`, `st_finishing_standart`, `target_server`, `created_on`, `created_by`) VALUES (\'DETOV20Z190702090036352\', \'DETOV20Z190702090036352\', \'201907020RQS90G036C2P80W\', \'the-worlds-end-23118-1024x600.jpg\', \'1\', \'Pfsh-20180730112308Z482\', 0, \'2019-07-02 14:00\', \'upload//2019/07/02/TRX_2019_0702_00001D1/the-worlds-end-23118-1024x600.jpg\', \'upload//2019/07/02/TRX_2019_0702_00001D1/thumb/the-worlds-end-23118-1024x600.jpg\', 0, \'36.12\', \'21.17\', \'11\', \'Width : 1024px  Height: 600px (72,72)DPI\', \'20\', \'1\', \'8\', NULL, \'8\', \'1500\', \'0\', \'30000\', \'0\', \'\', 0, 30000, \'\', \'0\', 0, \'0\', \'2019-07-02 09:00:36\', \'1\')\n\nINSERT INTO `m_order_produk_detail` (`id_detail_produk_order`, `kode_universal`, `id_order`, `nama_pekerjaan`, `id_kategori`, `id_produk`, `st_urgent`, `tgl_permintaan_selesai`, `gambar`, `thumbnail`, `st_dimensi`, `p`, `l`, `id_satuan`, `detail_gambar`, `jml_cetak`, `harga_by`, `id_konversi_jml_cetak`, `qty_cetak_by`, `satuan_cetak_by`, `harga_cetak_persatuan_terkecil`, `biaya_design`, `biaya_cetak`, `kenaikan_value`, `kenaikan_persen`, `biaya_finishing`, `sub_total`, `catatan`, `st_finishing`, `st_finishing_standart`, `target_server`, `created_on`, `created_by`) VALUES (\'DETOV20Z190702090036352\', \'DETOV20Z190702090036352\', \'201907020RQS90G036C2P80W\', \'the-worlds-end-23118-1024x600.jpg\', \'1\', \'Pfsh-20180730112308Z482\', 0, \'2019-07-02 14:00\', \'upload//2019/07/02/TRX_2019_0702_00001D1/the-worlds-end-23118-1024x600.jpg\', \'upload//2019/07/02/TRX_2019_0702_00001D1/thumb/the-worlds-end-23118-1024x600.jpg\', 0, \'36.12\', \'21.17\', \'11\', \'Width : 1024px  Height: 600px (72,72)DPI\', \'20\', \'1\', \'8\', NULL, \'8\', \'1500\', \'0\', \'30000\', \'0\', \'\', 0, 30000, \'\', \'0\', 0, \'0\', \'2019-07-02 09:00:36\', \'1\')', 1, '2019-07-02 09:00:36', 1),
	('2019081G9063H937217', '201C908190V639J3795X8', 110, 'Sukses, simpan data transaksi referensi, id = 201C908190V639J3795X8', 0, '\n\nUPDATE `transaksi` SET `st_history` = 1\nWHERE `id_trans_ref_asli` = \'2019V0G702091430812\'\n\nUPDATE `transaksi` SET `st_ref` = 1\nWHERE `id_transaksi` = \'2019V0G702091430812\'\n\nINSERT INTO `transaksi` (`id_transaksi`, `waktu`, `no_faktur`, `id_order`, `st_trans_master`, `id_trans_ref_asli`, `lama_tempo`, `tgl_tempo`, `total`, `diskon`, `potongan`, `pajak`, `grand_total`, `st_metode_bayar`, `nilai_dp`, `bayar`, `kurang_bayar`, `lebih_bayar`, `st_produksi`, `st_lunas`, `created_on`, `created_by`) VALUES (\'201C908190V639J3795X8\', \'2019-08-19 06:39:37\', \'VLB/2019/08/19-00001\', \'S20190B7Z0O20M91F40753L4P\', 0, \'2019V0G702091430812\', \'1\', \'2019-07-02\', \'3244144\', \'\', \'\', NULL, \'3244200\', \'4\', \'0\', \'0\', 0, \'0\', 1, 0, \'2019-08-19 06:39:37\', \'1\')\n\nINSERT INTO `transaksi_detail` (`biaya_cetak`, `biaya_design`, `biaya_finishing`, `created_by`, `created_on`, `diskon`, `harga_by_satuan`, `id_detail_produk_order`, `id_transaksi`, `id_transaksi_detail`, `pot_kecil`, `potongan`, `satuan_harga_by`, `st_ubahan`, `subtotal`) VALUES (\'23000\',\'0\',\'0\',\'1\',\'2019-08-19 06:39:37\',\'0\',\'2300\',\'DETO2XW019070ZVZR2091S4A07Z237\',\'201C908190V639J3795X8\',\'V2019081A906KP39375RW11\',\'0\',\'0\',\'8\',\'0\',\'23000\'), (\'28800\',\'0\',\'0\',\'1\',\'2019-08-19 06:39:37\',\'0\',\'2400\',\'DETOK20T190O702093443742\',\'201C908190V639J3795X8\',\'2019081906I39373MTO87LV\',\'0\',\'0\',\'8\',\'0\',\'28800\'), (\'2329177.5616\',\'0\',\'0\',\'1\',\'2019-08-19 06:39:37\',\'0\',\'34000\',\'DETO201907X0NE2ZW09UGJ18296H51E\',\'201C908190V639J3795X8\',\'U20190819063937B674\',\'0\',\'0\',\'3\',\'0\',\'2329177.5616\'), (\'863165.80224\',\'0\',\'0\',\'1\',\'2019-08-19 06:39:37\',\'0\',\'21000\',\'DETOX201907Z02093B3XI311RU0B45\',\'201C908190V639J3795X8\',\'2XY0YO190819U063XI93792WY8Z\',\'0\',\'0\',\'3\',\'0\',\'863165.80224\')\n\nUPDATE `order_produk` SET `st_revisi` = 2\nWHERE `id_order` = \'S20190B7Z0O20M91F40753L4P\'', 0, '2019-08-19 06:39:37', 1),
	('201909160R9030270R6', 'spk2019070C209143145JP2', 176, 'SUKSES, tambah data produksi dengan ID SPK : spk2019070C209143145JP2', 1, 'INSERT INTO `produksi` (`idproduksi`, `kode_universal`, `idspk`, `jml_cetak`, `created_on`, `created_by`) VALUES (\'PROD20190T91P60U9030213S16\', \'DETO2XW019070ZVZR2091S4A07Z237\', \'spk2019070C209143145JP2\', \'0\', \'2019-09-16 09:03:02\', \'1\')/n/nINSERT INTO `produksi_detail` (`created_by`, `created_on`, `id_konversi`, `idbarang_bb`, `iddetail_produksi`, `idproduksi`, `qty`, `tipe`) VALUES (\'1\',\'2019-09-16 09:03:02\',\'1\',\'BB20180730100759G547\',\'DPRODA201L909160P90302106VC8\',\'PROD20190T91P60U9030213S16\',\'0\',0), (\'1\',\'2019-09-16 09:03:02\',\'1\',\'2\',\'DPROD20190U9D1X60VQ9S03L0Y282X3\',\'PROD20190T91P60U9030213S16\',0,0), (\'1\',\'2019-09-16 09:03:02\',\'1\',\'BB20180730100759G547\',\'DPROD2B0U1909160N90G30C2741\',\'PROD20190T91P60U9030213S16\',5,0), (\'1\',\'2019-09-16 09:03:02\',\'1\',\'2\',\'DPROD2019P091609HBPXT030N21F02IO1\',\'PROD20190T91P60U9030213S16\',10,0)', 1, '2019-09-16 09:03:02', 1),
	('20190D7A0509I3B73F9947', '20190F70509Q37AX38649', 115, 'SUKSES, Update data Total Order : 20190F70509Q37AX38649', 1, 'UPDATE `order_produk` SET `total_value_order` = 255000\nWHERE `id_order` = \'20190F70509Q37AX38649\'', 1, '2019-07-05 09:37:39', 1),
	('20190H701200919389K', '2019070A1092JI30X9826', 115, 'SUKSES, Update data Total Order : 2019070A1092JI30X9826', 1, 'UPDATE `order_produk` SET `total_value_order` = 5545507.3472\nWHERE `id_order` = \'2019070A1092JI30X9826\'', 1, '2019-07-01 20:09:19', 1),
	('20190H91Q609N031UJR869W4', 'spk201F907B02093331238', 176, 'SUKSES, tambah data produksi dengan ID SPK : spk201F907B02093331238', 1, 'INSERT INTO `produksi` (`idproduksi`, `kode_universal`, `idspk`, `jml_cetak`, `created_on`, `created_by`) VALUES (\'PRODQ201A90916090Z318CQ1024\', \'DETOX201907Z02093B3XI311RU0B45\', \'spk201F907B02093331238\', \'0\', \'2019-09-16 09:03:18\', \'1\')/n/nINSERT INTO `produksi_detail` (`created_by`, `created_on`, `id_konversi`, `idbarang_bb`, `iddetail_produksi`, `idproduksi`, `qty`, `tipe`) VALUES (\'1\',\'2019-09-16 09:03:18\',\'5\',\'BB20180730103024J483\',\'DPROD2SI0L190NK91609031813H65\',\'PRODQ201A90916090Z318CQ1024\',0,0), (\'1\',\'2019-09-16 09:03:18\',\'5\',\'BB20180730103024J483\',\'DPROD20190L9160903186J0W1\',\'PRODQ201A90916090Z318CQ1024\',41103133.44,0)', 1, '2019-09-16 09:03:18', 1),
	('20190KJ7FN0Z10928PJ55X395I', 'DETOESC20Y1D90J701092309584', 198, 'GAGAL, Update detail List order, dengan ID : DETOESC20Y1D90J701092309584', 1, '/n/nSELECT *\nFROM `log_aktifitas`\nWHERE `log_aktifitas`.`idlog` = \'2019070F1A0928U541032\'/n/nINSERT INTO `revisi_list_order` (`idrevisi_list_order`, `old_id_detail_produk_order`, `new_id_detail_produk_order`, `st_revisi`, `ket`, `created_on`, `created_by`) VALUES (\'REVLO2APL01J90S70109H285O4457\', \'DETOESC20Y1D90J701092309584\', \'DETOX20CFU19070109ET28M545V1P9\', 0, \'teas\', \'2019-07-01 09:28:54\', \'1\')/n/nINSERT INTO `m_order_produk_detail` (`id_detail_produk_order`, `kode_universal`, `id_order`, `nama_pekerjaan`, `id_kategori`, `id_produk`, `st_urgent`, `tgl_permintaan_selesai`, `gambar`, `thumbnail`, `st_dimensi`, `p`, `l`, `id_satuan`, `detail_gambar`, `jml_cetak`, `harga_by`, `id_konversi_jml_cetak`, `qty_cetak_by`, `satuan_cetak_by`, `harga_cetak_persatuan_terkecil`, `biaya_design`, `biaya_cetak`, `kenaikan_value`, `kenaikan_persen`, `biaya_finishing`, `sub_total`, `catatan`, `st_finishing`, `st_finishing_standart`, `target_server`, `st_acc_produksi`, `id_spk`, `created_on`, `created_by`) VALUES (\'DETOX20CFU19070109ET28M545V1P9\', \'DETOESC20Y1D90J701092309584\', \'2019070A1092JI30X9826\', \'Zenal TAS 2_300x110_280_LES_2x cetak.tif\', \'2\', \'Pfsh-201P8092EA41553W44934E\', \'0\', NULL, \'upload//2019/07/01/TRX_2019_0701_00002D1/Zenal-TAS-2_300x110_280_LES_2x-cetak.tif\', \'upload//2019/07/01/TRX_2019_0701_00002D1/thumb/Zenal-TAS-2_300x110_280_LES_2x-cetak.jpg\', \'0\', \'303.04\', \'113.03\', \'11\', \'Width : 8590px  Height: 3204px (71.9999771118164,71.9999771118164)DPI\', \'200\', \'1\', \'8\', NULL, \'3\', \'13000\', \'0\', \'5343407.347200001\', \'0\', \'0\', \'0\', \'5343407.3472\', NULL, \'0\', \'0\', \'0\', 1, \'spk2F0UP19A07V0109262373BH6\', \'2019-07-01 09:28:54\', \'1\')/n/nUPDATE `m_order_produk_detail` SET `deleted` = 1, `deleted_by` = \'1\'\nWHERE `id_detail_produk_order` = \'DETOESC20Y1D90J701092309584\'/n/nUPDATE `order_produk` SET `st_revisi` = 1\nWHERE `id_order` = \'2019070A1092JI30X9826\'', 0, '2019-07-01 09:28:55', 1),
	('20190PW617100253935R', '201Z906171F0J0252S627', 115, 'SUKSES, Update data Total Order : 201Z906171F0J0252S627', 1, 'UPDATE `order_produk` SET `total_value_order` = 178113.57824\nWHERE `id_order` = \'201Z906171F0J0252S627\'', 1, '2019-06-17 10:02:53', 1),
	('201912141815V5NYMP0834B', 'B201O91214VTD18F155E0737', 115, 'SUKSES, Update data Total Order : B201O91214VTD18F155E0737', 1, 'UPDATE `order_produk` SET `total_value_order` = 60000\nWHERE `id_order` = \'B201O91214VTD18F155E0737\'', 1, '2019-12-14 18:15:50', 1),
	('20191214E181550132O6', 'DETOE201T91214181550109P4B', 114, 'SUKSES, tambah data detail order, dengan ID : DETOE201T91214181550109P4B', 1, 'INSERT INTO `order_produk_detail` (`id_detail_produk_order`, `kode_universal`, `id_order`, `nama_pekerjaan`, `id_kategori`, `id_produk`, `st_urgent`, `tgl_permintaan_selesai`, `gambar`, `thumbnail`, `st_dimensi`, `p`, `l`, `id_satuan`, `detail_gambar`, `jml_cetak`, `harga_by`, `id_konversi_jml_cetak`, `qty_cetak_by`, `satuan_cetak_by`, `harga_cetak_persatuan_terkecil`, `biaya_design`, `biaya_cetak`, `kenaikan_value`, `kenaikan_persen`, `biaya_finishing`, `sub_total`, `catatan`, `st_finishing`, `st_finishing_standart`, `target_server`, `created_on`, `created_by`) VALUES (\'DETOE201T91214181550109P4B\', \'DETOE201T91214181550109P4B\', \'B201O91214VTD18F155E0737\', \'design_meja_kayu.jpg\', \'1\', \'Pfsh-20180730111840M460\', 0, \'2019-12-14 23:15\', \'upload//2019/12/14/TRX_2019_1214_00006D1/design_meja_kayu.jpg\', \'upload//2019/12/14/TRX_2019_1214_00006D1/thumb/design_meja_kayu.jpg\', 1, \'42.00\', \'29.70\', \'11\', \'\', \'12\', \'1\', \'8\', NULL, \'8\', \'5000\', \'0\', \'60000\', \'0\', \'\', 0, 60000, \'\', \'0\', 0, \'0\', \'2019-12-14 18:15:50\', \'1\')\n\nINSERT INTO `m_order_produk_detail` (`id_detail_produk_order`, `kode_universal`, `id_order`, `nama_pekerjaan`, `id_kategori`, `id_produk`, `st_urgent`, `tgl_permintaan_selesai`, `gambar`, `thumbnail`, `st_dimensi`, `p`, `l`, `id_satuan`, `detail_gambar`, `jml_cetak`, `harga_by`, `id_konversi_jml_cetak`, `qty_cetak_by`, `satuan_cetak_by`, `harga_cetak_persatuan_terkecil`, `biaya_design`, `biaya_cetak`, `kenaikan_value`, `kenaikan_persen`, `biaya_finishing`, `sub_total`, `catatan`, `st_finishing`, `st_finishing_standart`, `target_server`, `created_on`, `created_by`) VALUES (\'DETOE201T91214181550109P4B\', \'DETOE201T91214181550109P4B\', \'B201O91214VTD18F155E0737\', \'design_meja_kayu.jpg\', \'1\', \'Pfsh-20180730111840M460\', 0, \'2019-12-14 23:15\', \'upload//2019/12/14/TRX_2019_1214_00006D1/design_meja_kayu.jpg\', \'upload//2019/12/14/TRX_2019_1214_00006D1/thumb/design_meja_kayu.jpg\', 1, \'42.00\', \'29.70\', \'11\', \'\', \'12\', \'1\', \'8\', NULL, \'8\', \'5000\', \'0\', \'60000\', \'0\', \'\', 0, 60000, \'\', \'0\', 0, \'0\', \'2019-12-14 18:15:50\', \'1\')', 1, '2019-12-14 18:15:50', 1),
	('20191214V1SV8OH1R55945W9', 'B201O91214VTD18F155E0737', 114, 'SUKSES, tambah data order, dengan ID : B201O91214VTD18F155E0737', 1, 'UPDATE `order_produk` SET `no_transaksi` = \'TRX/2019/1214-00006D1\', `id_konsumen` = \'KONS2D01811P1G50V446HR04K14B75U\', `tgl_order` = \'2019-12-14\', `no_tlp` = \'08157704993\', `no_po` = \'\', `lampiran` = NULL, `st_simpan` = 1, `total_value_order` = 60000, `st_po` = \'0\'\nWHERE `id_order` = \'B201O91214VTD18F155E0737\'', 1, '2019-12-14 18:15:59', 1),
	('20191214W181J550502', 'B201O91214VTD18F155E0737', 115, 'SUKSES, Update data list harga order dengan id_order : B201O91214VTD18F155E0737', 1, '\n\nUPDATE `order_produk_detail` SET `harga_cetak_persatuan_terkecil` = \'5000\', `qty_cetak_by` = \'1\', `satuan_cetak_by` = \'8\', `harga_by` = \'1\', `kenaikan_value` = 0, `biaya_cetak` = 60000, `sub_total` = 60000\nWHERE `id_detail_produk_order` = \'DETOE201T91214181550109P4B\'\n\nUPDATE `m_order_produk_detail` SET `harga_cetak_persatuan_terkecil` = \'5000\', `qty_cetak_by` = \'1\', `satuan_cetak_by` = \'8\', `harga_by` = \'1\', `kenaikan_value` = 0, `biaya_cetak` = 60000, `sub_total` = 60000\nWHERE `id_detail_produk_order` = \'DETOE201T91214181550109P4B\'', 1, '2019-12-14 18:15:50', 1),
	('2019121RZMO722K2343110Q8', '2019FF1X21PZ72223QL43658', 115, 'SUKSES, Update data list harga order dengan id_order : 2019FF1X21PZ72223QL43658', 1, '\n\nUPDATE `order_produk_detail` SET `harga_cetak_persatuan_terkecil` = \'2500\', `qty_cetak_by` = \'1\', `satuan_cetak_by` = \'8\', `harga_by` = \'1\', `kenaikan_value` = 0, `biaya_cetak` = 250000, `sub_total` = 250000\nWHERE `id_detail_produk_order` = \'DETO201VC912E17222343526\'\n\nUPDATE `m_order_produk_detail` SET `harga_cetak_persatuan_terkecil` = \'2500\', `qty_cetak_by` = \'1\', `satuan_cetak_by` = \'8\', `harga_by` = \'1\', `kenaikan_value` = 0, `biaya_cetak` = 250000, `sub_total` = 250000\nWHERE `id_detail_produk_order` = \'DETO201VC912E17222343526\'', 1, '2019-12-17 22:23:43', 1),
	('2019121T418165H312Y32', 'spk2019121418O165D3C1002P', 174, 'Sukses, simpan spk id = spk2019121418O165D3C1002P', 0, 'INSERT INTO `spk` (`idspk`, `id_worksheet`, `id_order`, `id_detail_produk_order`, `jml_cetak`, `id_konversi_jml_cetak`, `st_revisi`, `st_ref`, `kode_universal`, `created_on`, `created_by`) VALUES (\'spk2019121418O165D3C1002P\', \'1\', \'B201O91214VTD18F155E0737\', \'DETOE201T91214181550109P4B\', \'12\', \'8\', 0, 0, \'DETOE201T91214181550109P4B\', \'2019-12-14 18:16:53\', \'1\')\n\nUPDATE `m_order_produk_detail` SET `st_acc_produksi` = 1, `id_spk` = \'spk2019121418O165D3C1002P\'\nWHERE `id_detail_produk_order` = \'DETOE201T91214181550109P4B\'', 1, '2019-12-14 18:16:53', 1),
	('2019121U72110019R15', 'D20YBOJ191A21721095C3Z712IN', 114, 'SUKSES, tambah data order, dengan ID : D20YBOJ191A21721095C3Z712IN', 1, 'UPDATE `order_produk` SET `no_transaksi` = \'TRX/2019/1217-00001D1\', `id_konsumen` = \'KONS2019030X4114605R655\', `tgl_order` = \'2019-12-17\', `no_tlp` = \'-\', `no_po` = \'\', `lampiran` = NULL, `st_simpan` = 1, `total_value_order` = 4000, `st_po` = \'0\'\nWHERE `id_order` = \'D20YBOJ191A21721095C3Z712IN\'', 1, '2019-12-17 21:10:01', 1),
	('201912D172109B5311AO98', 'D20YBOJ191A21721095C3Z712IN', 115, 'SUKSES, Update data list harga order dengan id_order : D20YBOJ191A21721095C3Z712IN', 1, '\n\nUPDATE `order_produk_detail` SET `harga_cetak_persatuan_terkecil` = \'4000\', `qty_cetak_by` = \'1\', `satuan_cetak_by` = \'8\', `harga_by` = \'1\', `kenaikan_value` = 0, `biaya_cetak` = 4000, `sub_total` = 4000\nWHERE `id_detail_produk_order` = \'DETOH201H91217R210ZDV9E5G341R7\'\n\nUPDATE `m_order_produk_detail` SET `harga_cetak_persatuan_terkecil` = \'4000\', `qty_cetak_by` = \'1\', `satuan_cetak_by` = \'8\', `harga_by` = \'1\', `kenaikan_value` = 0, `biaya_cetak` = 4000, `sub_total` = 4000\nWHERE `id_detail_produk_order` = \'DETOH201H91217R210ZDV9E5G341R7\'', 1, '2019-12-17 21:09:53', 1),
	('201912G1I4XC1O1UX42Z29V1116', 'DETOM20O191214NH1142VQZ2985O9', 114, 'SUKSES, tambah data detail order, dengan ID : DETOM20O191214NH1142VQZ2985O9', 1, 'INSERT INTO `order_produk_detail` (`id_detail_produk_order`, `kode_universal`, `id_order`, `nama_pekerjaan`, `id_kategori`, `id_produk`, `st_urgent`, `tgl_permintaan_selesai`, `gambar`, `thumbnail`, `st_dimensi`, `p`, `l`, `id_satuan`, `detail_gambar`, `jml_cetak`, `harga_by`, `id_konversi_jml_cetak`, `qty_cetak_by`, `satuan_cetak_by`, `harga_cetak_persatuan_terkecil`, `biaya_design`, `biaya_cetak`, `kenaikan_value`, `kenaikan_persen`, `biaya_finishing`, `sub_total`, `catatan`, `st_finishing`, `st_finishing_standart`, `target_server`, `created_on`, `created_by`) VALUES (\'DETOM20O191214NH1142VQZ2985O9\', \'DETOM20O191214NH1142VQZ2985O9\', \'20191U214114229W141A0Y\', \'Eventus-Studio-016-e1525136662501.jpg\', \'1\', \'Pfsh-20180730111215O514\', 0, \'2019-12-14 16:42\', \'upload//2019/12/14/TRX_2019_1214_00005D1/Eventus-Studio-016-e1525136662501.jpg\', \'upload//2019/12/14/TRX_2019_1214_00005D1/thumb/Eventus-Studio-016-e1525136662501.jpg\', 1, \'42.00\', \'29.70\', \'11\', \'\', \'12\', \'1\', \'8\', NULL, \'8\', \'3000\', \'0\', \'36000\', \'0\', \'\', 0, 36000, \'\', \'0\', 0, \'0\', \'2019-12-14 11:42:29\', \'1\')\n\nINSERT INTO `m_order_produk_detail` (`id_detail_produk_order`, `kode_universal`, `id_order`, `nama_pekerjaan`, `id_kategori`, `id_produk`, `st_urgent`, `tgl_permintaan_selesai`, `gambar`, `thumbnail`, `st_dimensi`, `p`, `l`, `id_satuan`, `detail_gambar`, `jml_cetak`, `harga_by`, `id_konversi_jml_cetak`, `qty_cetak_by`, `satuan_cetak_by`, `harga_cetak_persatuan_terkecil`, `biaya_design`, `biaya_cetak`, `kenaikan_value`, `kenaikan_persen`, `biaya_finishing`, `sub_total`, `catatan`, `st_finishing`, `st_finishing_standart`, `target_server`, `created_on`, `created_by`) VALUES (\'DETOM20O191214NH1142VQZ2985O9\', \'DETOM20O191214NH1142VQZ2985O9\', \'20191U214114229W141A0Y\', \'Eventus-Studio-016-e1525136662501.jpg\', \'1\', \'Pfsh-20180730111215O514\', 0, \'2019-12-14 16:42\', \'upload//2019/12/14/TRX_2019_1214_00005D1/Eventus-Studio-016-e1525136662501.jpg\', \'upload//2019/12/14/TRX_2019_1214_00005D1/thumb/Eventus-Studio-016-e1525136662501.jpg\', 1, \'42.00\', \'29.70\', \'11\', \'\', \'12\', \'1\', \'8\', NULL, \'8\', \'3000\', \'0\', \'36000\', \'0\', \'\', 0, 36000, \'\', \'0\', 0, \'0\', \'2019-12-14 11:42:29\', \'1\')', 1, '2019-12-14 11:42:29', 1),
	('201912QD1FU72SU1095X31066', 'DETOH201H91217R210ZDV9E5G341R7', 114, 'SUKSES, tambah data detail order, dengan ID : DETOH201H91217R210ZDV9E5G341R7', 1, 'INSERT INTO `order_produk_detail` (`id_detail_produk_order`, `kode_universal`, `id_order`, `nama_pekerjaan`, `id_kategori`, `id_produk`, `st_urgent`, `tgl_permintaan_selesai`, `gambar`, `thumbnail`, `st_dimensi`, `p`, `l`, `id_satuan`, `detail_gambar`, `jml_cetak`, `harga_by`, `id_konversi_jml_cetak`, `qty_cetak_by`, `satuan_cetak_by`, `harga_cetak_persatuan_terkecil`, `biaya_design`, `biaya_cetak`, `kenaikan_value`, `kenaikan_persen`, `biaya_finishing`, `sub_total`, `catatan`, `st_finishing`, `st_finishing_standart`, `target_server`, `created_on`, `created_by`) VALUES (\'DETOH201H91217R210ZDV9E5G341R7\', \'DETOH201H91217R210ZDV9E5G341R7\', \'D20YBOJ191A21721095C3Z712IN\', \'gold-shield-icon-psd-material-39314.jpg\', \'1\', \'Pfsh-20180730111215O514\', 0, \'2019-12-18 02:09\', \'upload//2019/12/17/TRX_2019_1217_00001D1/gold-shield-icon-psd-material-39314.jpg\', \'upload//2019/12/17/TRX_2019_1217_00001D1/thumb/gold-shield-icon-psd-material-39314.jpg\', 1, \'42.00\', \'29.70\', \'11\', \'\', \'1\', \'\', \'8\', NULL, \'\', \'\', \'0\', \'\', \'\', \'\', 0, 0, \'\', \'0\', 0, \'0\', \'2019-12-17 21:09:53\', \'1\')\n\nINSERT INTO `m_order_produk_detail` (`id_detail_produk_order`, `kode_universal`, `id_order`, `nama_pekerjaan`, `id_kategori`, `id_produk`, `st_urgent`, `tgl_permintaan_selesai`, `gambar`, `thumbnail`, `st_dimensi`, `p`, `l`, `id_satuan`, `detail_gambar`, `jml_cetak`, `harga_by`, `id_konversi_jml_cetak`, `qty_cetak_by`, `satuan_cetak_by`, `harga_cetak_persatuan_terkecil`, `biaya_design`, `biaya_cetak`, `kenaikan_value`, `kenaikan_persen`, `biaya_finishing`, `sub_total`, `catatan`, `st_finishing`, `st_finishing_standart`, `target_server`, `created_on`, `created_by`) VALUES (\'DETOH201H91217R210ZDV9E5G341R7\', \'DETOH201H91217R210ZDV9E5G341R7\', \'D20YBOJ191A21721095C3Z712IN\', \'gold-shield-icon-psd-material-39314.jpg\', \'1\', \'Pfsh-20180730111215O514\', 0, \'2019-12-18 02:09\', \'upload//2019/12/17/TRX_2019_1217_00001D1/gold-shield-icon-psd-material-39314.jpg\', \'upload//2019/12/17/TRX_2019_1217_00001D1/thumb/gold-shield-icon-psd-material-39314.jpg\', 1, \'42.00\', \'29.70\', \'11\', \'\', \'1\', \'\', \'8\', NULL, \'\', \'\', \'0\', \'\', \'\', \'\', 0, 0, \'\', \'0\', 0, \'0\', \'2019-12-17 21:09:53\', \'1\')', 1, '2019-12-17 21:09:53', 1),
	('201912R141816538QP7C5', '2O01U9BS1214181653871', 110, 'Sukses, simpan data transaksi id = 2O01U9BS1214181653871', 100000, 'INSERT INTO `transaksi` (`id_transaksi`, `waktu`, `no_faktur`, `id_order`, `id_trans_ref_asli`, `lama_tempo`, `tgl_tempo`, `total`, `diskon`, `potongan`, `pajak`, `grand_total`, `st_metode_bayar`, `nilai_dp`, `bayar`, `kurang_bayar`, `lebih_bayar`, `st_produksi`, `st_lunas`, `created_on`, `created_by`) VALUES (\'2O01U9BS1214181653871\', \'2019-12-14 18:16:53\', \'VLB/2019/12/14-00001\', \'B201O91214VTD18F155E0737\', \'2O01U9BS1214181653871\', 0, NULL, \'60000\', \'\', \'\', NULL, \'60000\', 0, \'0\', \'100000\', 0, 40000, \'1\', 1, \'2019-12-14 18:16:53\', \'1\')\n\nUPDATE `order_produk` SET `st_kasir` = 1, `st_nota` = 1, `st_revisi` = 0\nWHERE `id_order` = \'B201O91214VTD18F155E0737\'\n\nINSERT INTO `transaksi_detail` (`biaya_cetak`, `biaya_design`, `biaya_finishing`, `created_by`, `created_on`, `diskon`, `harga_by_satuan`, `id_detail_produk_order`, `id_transaksi`, `id_transaksi_detail`, `pot_kecil`, `potongan`, `satuan_harga_by`, `st_ubahan`, `subtotal`) VALUES (\'60000\',\'0\',\'0\',\'1\',\'2019-12-14 18:16:53\',\'0\',\'5000\',\'DETOE201T91214181550109P4B\',\'2O01U9BS1214181653871\',\'2Y019121418165P3947\',\'0\',\'0\',\'8\',\'0\',\'60000\')\n\nINSERT INTO `log_status_proses` (`idlog_status_proses`, `id_detail_produk_order`, `kode_universal`, `idlokasi_proses`, `idket_proses_order`, `jml_cetak`, `created_on`, `created_by`) VALUES (\'201NN912141816531227\', \'DETOE201T91214181550109P4B\', \'DETOE201T91214181550109P4B\', 1, 1, 0, \'2019-12-14 18:16:53\', \'1\')', 0, '2019-12-14 18:16:53', 1),
	('201912U14103014MP56VR5D', 'DETO2M01912Y1N410X30144K75N', 114, 'SUKSES, tambah data detail order, dengan ID : DETO2M01912Y1N410X30144K75N', 1, 'INSERT INTO `order_produk_detail` (`id_detail_produk_order`, `kode_universal`, `id_order`, `nama_pekerjaan`, `id_kategori`, `id_produk`, `st_urgent`, `tgl_permintaan_selesai`, `gambar`, `thumbnail`, `st_dimensi`, `p`, `l`, `id_satuan`, `detail_gambar`, `jml_cetak`, `harga_by`, `id_konversi_jml_cetak`, `qty_cetak_by`, `satuan_cetak_by`, `harga_cetak_persatuan_terkecil`, `biaya_design`, `biaya_cetak`, `kenaikan_value`, `kenaikan_persen`, `biaya_finishing`, `sub_total`, `catatan`, `st_finishing`, `st_finishing_standart`, `target_server`, `created_on`, `created_by`) VALUES (\'DETO2M01912Y1N410X30144K75N\', \'DETO2M01912Y1N410X30144K75N\', \'201912141030J141030ZTGT\', \'Eventus-Studio-016-e1525136662501.jpg\', \'1\', \'Pfsh-20180730112308Z482\', 0, \'2019-12-14 15:30\', \'upload//2019/12/14/TRX_2019_1214_00001D1/Eventus-Studio-016-e1525136662501.jpg\', \'upload//2019/12/14/TRX_2019_1214_00001D1/thumb/Eventus-Studio-016-e1525136662501.jpg\', 0, \'42.00\', \'29.70\', \'11\', \'\', \'12\', \'1\', \'8\', NULL, \'8\', \'1500\', \'0\', \'18000\', \'0\', \'\', 0, 18000, \'\', \'0\', 0, \'0\', \'2019-12-14 10:30:14\', \'1\')\n\nINSERT INTO `m_order_produk_detail` (`id_detail_produk_order`, `kode_universal`, `id_order`, `nama_pekerjaan`, `id_kategori`, `id_produk`, `st_urgent`, `tgl_permintaan_selesai`, `gambar`, `thumbnail`, `st_dimensi`, `p`, `l`, `id_satuan`, `detail_gambar`, `jml_cetak`, `harga_by`, `id_konversi_jml_cetak`, `qty_cetak_by`, `satuan_cetak_by`, `harga_cetak_persatuan_terkecil`, `biaya_design`, `biaya_cetak`, `kenaikan_value`, `kenaikan_persen`, `biaya_finishing`, `sub_total`, `catatan`, `st_finishing`, `st_finishing_standart`, `target_server`, `created_on`, `created_by`) VALUES (\'DETO2M01912Y1N410X30144K75N\', \'DETO2M01912Y1N410X30144K75N\', \'201912141030J141030ZTGT\', \'Eventus-Studio-016-e1525136662501.jpg\', \'1\', \'Pfsh-20180730112308Z482\', 0, \'2019-12-14 15:30\', \'upload//2019/12/14/TRX_2019_1214_00001D1/Eventus-Studio-016-e1525136662501.jpg\', \'upload//2019/12/14/TRX_2019_1214_00001D1/thumb/Eventus-Studio-016-e1525136662501.jpg\', 0, \'42.00\', \'29.70\', \'11\', \'\', \'12\', \'1\', \'8\', NULL, \'8\', \'1500\', \'0\', \'18000\', \'0\', \'\', 0, 18000, \'\', \'0\', 0, \'0\', \'2019-12-14 10:30:14\', \'1\')', 1, '2019-12-14 10:30:14', 1),
	('20191OUJ2141F030141K44F3', '201912141030J141030ZTGT', 115, 'SUKSES, Update data list harga order dengan id_order : 201912141030J141030ZTGT', 1, '\n\nUPDATE `order_produk_detail` SET `harga_cetak_persatuan_terkecil` = \'1500\', `qty_cetak_by` = \'1\', `satuan_cetak_by` = \'8\', `harga_by` = \'1\', `kenaikan_value` = 0, `biaya_cetak` = 18000, `sub_total` = 18000\nWHERE `id_detail_produk_order` = \'DETO2M01912Y1N410X30144K75N\'\n\nUPDATE `m_order_produk_detail` SET `harga_cetak_persatuan_terkecil` = \'1500\', `qty_cetak_by` = \'1\', `satuan_cetak_by` = \'8\', `harga_by` = \'1\', `kenaikan_value` = 0, `biaya_cetak` = 18000, `sub_total` = 18000\nWHERE `id_detail_produk_order` = \'DETO2M01912Y1N410X30144K75N\'', 1, '2019-12-14 10:30:14', 1),
	('20191Z214X10C32W471399', '2L0G191214103231857', 115, 'SUKSES, Update data Total Order : 2L0G191214103231857', 1, 'UPDATE `order_produk` SET `total_value_order` = 64800\nWHERE `id_order` = \'2L0G191214103231857\'', 1, '2019-12-14 10:32:47', 1),
	('20191Z217K222343474', '2019FF1X21PZ72223QL43658', 115, 'SUKSES, Update data Total Order : 2019FF1X21PZ72223QL43658', 1, 'UPDATE `order_produk` SET `total_value_order` = 250000\nWHERE `id_order` = \'2019FF1X21PZ72223QL43658\'', 1, '2019-12-17 22:23:43', 1),
	('2019ADQL0705O0AB9I3028171H', 'SH2P019021E910253J31W192J', 0, 'Sukses, update data setting harga, id = SH2P019021E910253J31W192J', 0, 'INSERT INTO `setting_harga_detail` (`created_by`, `created_on`, `harga`, `harga_by`, `id_konversi`, `id_konversi_harga_by`, `idsettingharga`, `idsettingharga_detail`, `qty_harga_by`, `range_a`, `range_a_qty`, `range_b`, `range_b_qty`) VALUES (\'1\',\'2019-07-05 09:30:28\',\'300000\',\'1\',\'8\',\'8\',\'SH2P019021E910253J31W192J\',\'2NA0190705F0930287BUY0W2\',\'1\',\'1\',\'1\',\'10\',\'10\'), (\'1\',\'2019-07-05 09:30:28\',\'330000\',\'1\',\'8\',\'8\',\'SH2P019021E910253J31W192J\',\'20190705O0Y9P302K8632\',\'1\',\'11\',\'11\',\'25\',\'25\')', 1, '2019-07-05 09:30:28', 1),
	('2019C070ZJTM50927PZV0V11096', '20190N2OX191L6D2942D4B23', 0, 'sukses delete data range harga, id = 20190N2OX191L6D2942D4B23', 0, 'UPDATE `setting_harga_detail` SET `deleted` = 1, `deleted_by` = \'1\'\nWHERE `idsettingharga_detail` = \'20190N2OX191L6D2942D4B23\'', 1, '2019-07-05 09:27:01', 1),
	('2019DNI121V41047Z00K13A46J', '20191214O104V70T01405', 115, 'SUKSES, Update data Total Order : 20191214O104V70T01405', 1, 'UPDATE `order_produk` SET `total_value_order` = 27600\nWHERE `id_order` = \'20191214O104V70T01405\'', 1, '2019-12-14 10:47:00', 1),
	('2019G0701L092309QT8X6J9', 'DETOESC20Y1D90J701092309584', 114, 'SUKSES, tambah data detail order, dengan ID : DETOESC20Y1D90J701092309584', 1, 'INSERT INTO `order_produk_detail` (`id_detail_produk_order`, `kode_universal`, `id_order`, `nama_pekerjaan`, `id_kategori`, `id_produk`, `st_urgent`, `tgl_permintaan_selesai`, `gambar`, `thumbnail`, `st_dimensi`, `p`, `l`, `id_satuan`, `detail_gambar`, `jml_cetak`, `harga_by`, `id_konversi_jml_cetak`, `qty_cetak_by`, `satuan_cetak_by`, `harga_cetak_persatuan_terkecil`, `biaya_design`, `biaya_cetak`, `kenaikan_value`, `kenaikan_persen`, `biaya_finishing`, `sub_total`, `catatan`, `st_finishing`, `st_finishing_standart`, `target_server`, `created_on`, `created_by`) VALUES (\'DETOESC20Y1D90J701092309584\', \'DETOESC20Y1D90J701092309584\', \'2019070A1092JI30X9826\', \'Zenal TAS 2_300x110_280_LES_2x cetak.tif\', \'2\', \'Pfsh-201P8092EA41553W44934E\', 0, \'2019-07-01 14:23\', \'upload//2019/07/01/TRX_2019_0701_00002D1/Zenal-TAS-2_300x110_280_LES_2x-cetak.tif\', \'upload//2019/07/01/TRX_2019_0701_00002D1/thumb/Zenal-TAS-2_300x110_280_LES_2x-cetak.jpg\', 0, \'303.04\', \'113.03\', \'11\', \'Width : 8590px  Height: 3204px (71.9999771118164,71.9999771118164)DPI\', \'120\', \'1\', \'8\', NULL, \'3\', \'13000\', \'0\', \'5343407.347200001\', \'0\', \'\', 0, 5343407.3472, \'\', \'0\', 0, \'0\', \'2019-07-01 09:23:09\', \'1\')\n\nINSERT INTO `m_order_produk_detail` (`id_detail_produk_order`, `kode_universal`, `id_order`, `nama_pekerjaan`, `id_kategori`, `id_produk`, `st_urgent`, `tgl_permintaan_selesai`, `gambar`, `thumbnail`, `st_dimensi`, `p`, `l`, `id_satuan`, `detail_gambar`, `jml_cetak`, `harga_by`, `id_konversi_jml_cetak`, `qty_cetak_by`, `satuan_cetak_by`, `harga_cetak_persatuan_terkecil`, `biaya_design`, `biaya_cetak`, `kenaikan_value`, `kenaikan_persen`, `biaya_finishing`, `sub_total`, `catatan`, `st_finishing`, `st_finishing_standart`, `target_server`, `created_on`, `created_by`) VALUES (\'DETOESC20Y1D90J701092309584\', \'DETOESC20Y1D90J701092309584\', \'2019070A1092JI30X9826\', \'Zenal TAS 2_300x110_280_LES_2x cetak.tif\', \'2\', \'Pfsh-201P8092EA41553W44934E\', 0, \'2019-07-01 14:23\', \'upload//2019/07/01/TRX_2019_0701_00002D1/Zenal-TAS-2_300x110_280_LES_2x-cetak.tif\', \'upload//2019/07/01/TRX_2019_0701_00002D1/thumb/Zenal-TAS-2_300x110_280_LES_2x-cetak.jpg\', 0, \'303.04\', \'113.03\', \'11\', \'Width : 8590px  Height: 3204px (71.9999771118164,71.9999771118164)DPI\', \'120\', \'1\', \'8\', NULL, \'3\', \'13000\', \'0\', \'5343407.347200001\', \'0\', \'\', 0, 5343407.3472, \'\', \'0\', 0, \'0\', \'2019-07-01 09:23:09\', \'1\')', 1, '2019-07-01 09:23:09', 1),
	('2019G0V7O02FL093G819F8MXD71', 'TMPP20E1MJ907020938K19540E', 130, 'SUKSES, Tambah Data tmp_produksi dengan ID : TMPP20E1MJ907020938K19540E', 1, 'INSERT INTO `tmp_produksi_detail` (`created_by`, `created_on`, `id_konversi`, `idbarang_bb`, `idtmp_produksi`, `idtmp_produksi_detail`, `qty`, `tipe`) VALUES (\'1\',\'2019-07-02 09:38:19\',\'1\',\'BB20180730100845V507\',\'TMPP20E1MJ907020938K19540E\',\'DTMPB201V9L07020GF938VT19X9X07\',12,0), (\'1\',\'2019-07-02 09:38:19\',\'1\',\'1\',\'TMPP20E1MJ907020938K19540E\',\'DTMP20190702Z0938M197J9WY0\',12,0)', 1, '2019-07-02 09:38:19', 1),
	('2019M0702L09LR14UV07F7K55', 'DETO2XW019070ZVZR2091S4A07Z237', 114, 'SUKSES, tambah data detail order, dengan ID : DETO2XW019070ZVZR2091S4A07Z237', 1, 'INSERT INTO `order_produk_detail` (`id_detail_produk_order`, `kode_universal`, `id_order`, `nama_pekerjaan`, `id_kategori`, `id_produk`, `st_urgent`, `tgl_permintaan_selesai`, `gambar`, `thumbnail`, `st_dimensi`, `p`, `l`, `id_satuan`, `detail_gambar`, `jml_cetak`, `harga_by`, `id_konversi_jml_cetak`, `qty_cetak_by`, `satuan_cetak_by`, `harga_cetak_persatuan_terkecil`, `biaya_design`, `biaya_cetak`, `kenaikan_value`, `kenaikan_persen`, `biaya_finishing`, `sub_total`, `catatan`, `st_finishing`, `st_finishing_standart`, `target_server`, `created_on`, `created_by`) VALUES (\'DETO2XW019070ZVZR2091S4A07Z237\', \'DETO2XW019070ZVZR2091S4A07Z237\', \'S20190B7Z0O20M91F40753L4P\', \'the-worlds-end-23118-1024x6001.jpg\', \'1\', \'Pfsh-20180730112606G542\', 0, \'2019-07-02 14:14\', \'upload//2019/07/02/TRX_2019_0702_00002D1/the-worlds-end-23118-1024x6001.jpg\', \'upload//2019/07/02/TRX_2019_0702_00002D1/thumb/the-worlds-end-23118-1024x6001.jpg\', 0, \'36.12\', \'21.17\', \'11\', \'Width : 1024px  Height: 600px (72,72)DPI\', \'10\', \'1\', \'8\', NULL, \'8\', \'2300\', \'0\', \'23000\', \'0\', \'\', 0, 23000, \'\', \'0\', 0, \'0\', \'2019-07-02 09:14:07\', \'1\')\n\nINSERT INTO `m_order_produk_detail` (`id_detail_produk_order`, `kode_universal`, `id_order`, `nama_pekerjaan`, `id_kategori`, `id_produk`, `st_urgent`, `tgl_permintaan_selesai`, `gambar`, `thumbnail`, `st_dimensi`, `p`, `l`, `id_satuan`, `detail_gambar`, `jml_cetak`, `harga_by`, `id_konversi_jml_cetak`, `qty_cetak_by`, `satuan_cetak_by`, `harga_cetak_persatuan_terkecil`, `biaya_design`, `biaya_cetak`, `kenaikan_value`, `kenaikan_persen`, `biaya_finishing`, `sub_total`, `catatan`, `st_finishing`, `st_finishing_standart`, `target_server`, `created_on`, `created_by`) VALUES (\'DETO2XW019070ZVZR2091S4A07Z237\', \'DETO2XW019070ZVZR2091S4A07Z237\', \'S20190B7Z0O20M91F40753L4P\', \'the-worlds-end-23118-1024x6001.jpg\', \'1\', \'Pfsh-20180730112606G542\', 0, \'2019-07-02 14:14\', \'upload//2019/07/02/TRX_2019_0702_00002D1/the-worlds-end-23118-1024x6001.jpg\', \'upload//2019/07/02/TRX_2019_0702_00002D1/thumb/the-worlds-end-23118-1024x6001.jpg\', 0, \'36.12\', \'21.17\', \'11\', \'Width : 1024px  Height: 600px (72,72)DPI\', \'10\', \'1\', \'8\', NULL, \'8\', \'2300\', \'0\', \'23000\', \'0\', \'\', 0, 23000, \'\', \'0\', 0, \'0\', \'2019-07-02 09:14:07\', \'1\')', 1, '2019-07-02 09:14:07', 1),
	('2019NI0TRH7HL0209V143Y1P878', 'spk2019070C209143145JP2', 174, 'Sukses, simpan spk id = spk2019070C209143145JP2', 0, 'INSERT INTO `spk` (`idspk`, `id_worksheet`, `id_order`, `id_detail_produk_order`, `jml_cetak`, `id_konversi_jml_cetak`, `st_revisi`, `st_ref`, `kode_universal`, `created_on`, `created_by`) VALUES (\'spk2019070C209143145JP2\', \'1\', \'S20190B7Z0O20M91F40753L4P\', \'DETO2XW019070ZVZR2091S4A07Z237\', \'10\', \'8\', 0, 0, \'DETO2XW019070ZVZR2091S4A07Z237\', \'2019-07-02 09:14:31\', \'1\')\n\nUPDATE `m_order_produk_detail` SET `st_acc_produksi` = 1, `id_spk` = \'spk2019070C209143145JP2\'\nWHERE `id_detail_produk_order` = \'DETO2XW019070ZVZR2091S4A07Z237\'', 1, '2019-07-02 09:14:31', 1),
	('2019P0701093415267J', '20190HK7E010934144J77B', 110, 'Sukses, simpan data transaksi referensi, id = 20190HK7E010934144J77B', 0, '\n\nUPDATE `transaksi` SET `st_history` = 1\nWHERE `id_trans_ref_asli` = \'2019FZ07B01092623X605\'\n\nUPDATE `transaksi` SET `st_ref` = 1\nWHERE `id_transaksi` = \'2019FZ07B01092623X605\'\n\nINSERT INTO `transaksi` (`id_transaksi`, `waktu`, `no_faktur`, `id_order`, `st_trans_master`, `id_trans_ref_asli`, `lama_tempo`, `tgl_tempo`, `total`, `diskon`, `potongan`, `pajak`, `grand_total`, `st_metode_bayar`, `nilai_dp`, `bayar`, `kurang_bayar`, `lebih_bayar`, `st_produksi`, `st_lunas`, `created_on`, `created_by`) VALUES (\'20190HK7E010934144J77B\', \'2019-07-01 09:34:14\', \'VLB/2019/07/01-00002\', \'2019070A1092JI30X9826\', 0, \'2019FZ07B01092623X605\', \'1\', \'2019-07-01\', \'5405507\', \'\', \'\', NULL, \'5405600\', \'4\', \'0\', \'0\', 0, \'0\', 1, 0, \'2019-07-01 09:34:14\', \'1\')\n\nINSERT INTO `transaksi_detail` (`biaya_cetak`, `biaya_design`, `biaya_finishing`, `created_by`, `created_on`, `diskon`, `harga_by_satuan`, `id_detail_produk_order`, `id_transaksi`, `id_transaksi_detail`, `pot_kecil`, `potongan`, `satuan_harga_by`, `st_ubahan`, `subtotal`) VALUES (\'62100\',\'0\',\'0\',\'1\',\'2019-07-01 09:34:15\',\'0\',\'2700\',\'DETO20FHCRL19Q0701Q0930T2667B2\',\'20190HK7E010934144J77B\',\'2W01A90KC70QZ1PM09341J41114\',\'0\',\'0\',\'8\',\'0\',\'62100\'), (\'5343407.347200001\',\'0\',\'0\',\'1\',\'2019-07-01 09:34:15\',\'0\',\'13000\',\'DETOX20CFU19070109ET28M545V1P9\',\'20190HK7E010934144J77B\',\'TX2019L0H7010934158N79\',\'0\',\'0\',\'3\',\'0\',\'5343407.3472\')\n\nUPDATE `order_produk` SET `st_revisi` = 2\nWHERE `id_order` = \'2019070A1092JI30X9826\'', 0, '2019-07-01 09:34:15', 1),
	('2019PG070R109S2555U7GVT5W2', '-', 161, 'SUKSES, SUKSES, simpan data kasir, id = 20190I70109F255592A2', 1000000, ';\n\nINSERT INTO `kas_kasir` (`idkas_kasir`, `waktu_buat`, `saldo_awal`, `created_on`, `created_by`) VALUES (\'20190I70109F255592A2\', \'2019-07-01 09:25:55\', \'1000000\', \'2019-07-01 09:25:55\', \'1\');\n\nINSERT INTO `kas_kasir_detail` (`idkas_kasir_detail`, `idkas_kasir`, `st_saldo_awal`, `waktu`, `ket`, `jumlah`, `status`, `saldo`, `created_on`, `created_by`) VALUES (\'20B19070109PP2WV55C5E9C86I\', \'20190I70109F255592A2\', \'1\', \'2019-07-01 09:25:55\', \'Saldo Awal\', \'1000000\', \'1\', 1000000, \'2019-07-01 09:25:55\', \'1\')', 1, '2019-07-01 09:25:55', 1),
	('2019Q070L2M09B0010TA217', 'DETOR201907020YKJ90P0V10Y4GZ1E9', 114, 'SUKSES, tambah data detail order, dengan ID : DETOR201907020YKJ90P0V10Y4GZ1E9', 1, 'INSERT INTO `order_produk_detail` (`id_detail_produk_order`, `kode_universal`, `id_order`, `nama_pekerjaan`, `id_kategori`, `id_produk`, `st_urgent`, `tgl_permintaan_selesai`, `gambar`, `thumbnail`, `st_dimensi`, `p`, `l`, `id_satuan`, `detail_gambar`, `jml_cetak`, `harga_by`, `id_konversi_jml_cetak`, `qty_cetak_by`, `satuan_cetak_by`, `harga_cetak_persatuan_terkecil`, `biaya_design`, `biaya_cetak`, `kenaikan_value`, `kenaikan_persen`, `biaya_finishing`, `sub_total`, `catatan`, `st_finishing`, `st_finishing_standart`, `target_server`, `created_on`, `created_by`) VALUES (\'DETOR201907020YKJ90P0V10Y4GZ1E9\', \'DETOR201907020YKJ90P0V10Y4GZ1E9\', \'20U1907020RE90010540\', \'search_team_by_alexjjessup-d6gkryb.jpg\', \'1\', \'Pfsh-20180730112308Z482\', 0, \'2019-07-02 14:00\', \'upload//2019/07/02/TRX_2019_0702_00001D1/search_team_by_alexjjessup-d6gkryb.jpg\', \'upload//2019/07/02/TRX_2019_0702_00001D1/thumb/search_team_by_alexjjessup-d6gkryb.jpg\', 0, \'13.55\', \'6.58\', \'11\', \'Width : 1600px  Height: 777px (300,300)DPI\', \'12\', \'1\', \'8\', NULL, \'8\', \'1500\', \'0\', \'18000\', \'0\', \'\', 0, 18000, \'\', \'0\', 0, \'0\', \'2019-07-02 09:00:10\', \'1\')\n\nINSERT INTO `m_order_produk_detail` (`id_detail_produk_order`, `kode_universal`, `id_order`, `nama_pekerjaan`, `id_kategori`, `id_produk`, `st_urgent`, `tgl_permintaan_selesai`, `gambar`, `thumbnail`, `st_dimensi`, `p`, `l`, `id_satuan`, `detail_gambar`, `jml_cetak`, `harga_by`, `id_konversi_jml_cetak`, `qty_cetak_by`, `satuan_cetak_by`, `harga_cetak_persatuan_terkecil`, `biaya_design`, `biaya_cetak`, `kenaikan_value`, `kenaikan_persen`, `biaya_finishing`, `sub_total`, `catatan`, `st_finishing`, `st_finishing_standart`, `target_server`, `created_on`, `created_by`) VALUES (\'DETOR201907020YKJ90P0V10Y4GZ1E9\', \'DETOR201907020YKJ90P0V10Y4GZ1E9\', \'20U1907020RE90010540\', \'search_team_by_alexjjessup-d6gkryb.jpg\', \'1\', \'Pfsh-20180730112308Z482\', 0, \'2019-07-02 14:00\', \'upload//2019/07/02/TRX_2019_0702_00001D1/search_team_by_alexjjessup-d6gkryb.jpg\', \'upload//2019/07/02/TRX_2019_0702_00001D1/thumb/search_team_by_alexjjessup-d6gkryb.jpg\', 0, \'13.55\', \'6.58\', \'11\', \'Width : 1600px  Height: 777px (300,300)DPI\', \'12\', \'1\', \'8\', NULL, \'8\', \'1500\', \'0\', \'18000\', \'0\', \'\', 0, 18000, \'\', \'0\', 0, \'0\', \'2019-07-02 09:00:10\', \'1\')', 1, '2019-07-02 09:00:10', 1),
	('2019U0819063W75494X2P', '-', 161, 'SUKSES, SUKSES, simpan data kasir, id = J2V01X90819063KX754T464', 100000, ';\n\nINSERT INTO `kas_kasir` (`idkas_kasir`, `waktu_buat`, `saldo_awal`, `created_on`, `created_by`) VALUES (\'J2V01X90819063KX754T464\', \'2019-08-19 06:37:54\', \'100000\', \'2019-08-19 06:37:54\', \'1\');\n\nINSERT INTO `kas_kasir_detail` (`idkas_kasir_detail`, `idkas_kasir`, `st_saldo_awal`, `waktu`, `ket`, `jumlah`, `status`, `saldo`, `created_on`, `created_by`) VALUES (\'B20OA19081LDP9063QZ75Q4208\', \'J2V01X90819063KX754T464\', \'1\', \'2019-08-19 06:37:54\', \'Saldo Awal\', \'100000\', \'1\', 100000, \'2019-08-19 06:37:54\', \'1\')', 1, '2019-08-19 06:37:54', 1),
	('2019W12Q1D4X103231X1190', 'DETOF20191E214D103B231648', 114, 'SUKSES, tambah data detail order, dengan ID : DETOF20191E214D103B231648', 1, 'INSERT INTO `order_produk_detail` (`id_detail_produk_order`, `kode_universal`, `id_order`, `nama_pekerjaan`, `id_kategori`, `id_produk`, `st_urgent`, `tgl_permintaan_selesai`, `gambar`, `thumbnail`, `st_dimensi`, `p`, `l`, `id_satuan`, `detail_gambar`, `jml_cetak`, `harga_by`, `id_konversi_jml_cetak`, `qty_cetak_by`, `satuan_cetak_by`, `harga_cetak_persatuan_terkecil`, `biaya_design`, `biaya_cetak`, `kenaikan_value`, `kenaikan_persen`, `biaya_finishing`, `sub_total`, `catatan`, `st_finishing`, `st_finishing_standart`, `target_server`, `created_on`, `created_by`) VALUES (\'DETOF20191E214D103B231648\', \'DETOF20191E214D103B231648\', \'2L0G191214103231857\', \'Eventus-Studio-016-e1525136662501.jpg\', \'1\', \'Pfsh-20180730111215O514\', 0, \'2019-12-14 15:32\', \'upload//2019/12/14/TRX_2019_1214_00002D1/Eventus-Studio-016-e1525136662501.jpg\', \'upload//2019/12/14/TRX_2019_1214_00002D1/thumb/Eventus-Studio-016-e1525136662501.jpg\', 0, \'42.00\', \'29.70\', \'11\', \'\', \'12\', \'1\', \'8\', NULL, \'8\', \'3000\', \'0\', \'36000\', \'0\', \'\', 0, 36000, \'\', \'0\', 0, \'0\', \'2019-12-14 10:32:31\', \'1\')\n\nINSERT INTO `m_order_produk_detail` (`id_detail_produk_order`, `kode_universal`, `id_order`, `nama_pekerjaan`, `id_kategori`, `id_produk`, `st_urgent`, `tgl_permintaan_selesai`, `gambar`, `thumbnail`, `st_dimensi`, `p`, `l`, `id_satuan`, `detail_gambar`, `jml_cetak`, `harga_by`, `id_konversi_jml_cetak`, `qty_cetak_by`, `satuan_cetak_by`, `harga_cetak_persatuan_terkecil`, `biaya_design`, `biaya_cetak`, `kenaikan_value`, `kenaikan_persen`, `biaya_finishing`, `sub_total`, `catatan`, `st_finishing`, `st_finishing_standart`, `target_server`, `created_on`, `created_by`) VALUES (\'DETOF20191E214D103B231648\', \'DETOF20191E214D103B231648\', \'2L0G191214103231857\', \'Eventus-Studio-016-e1525136662501.jpg\', \'1\', \'Pfsh-20180730111215O514\', 0, \'2019-12-14 15:32\', \'upload//2019/12/14/TRX_2019_1214_00002D1/Eventus-Studio-016-e1525136662501.jpg\', \'upload//2019/12/14/TRX_2019_1214_00002D1/thumb/Eventus-Studio-016-e1525136662501.jpg\', 0, \'42.00\', \'29.70\', \'11\', \'\', \'12\', \'1\', \'8\', NULL, \'8\', \'3000\', \'0\', \'36000\', \'0\', \'\', 0, 36000, \'\', \'0\', 0, \'0\', \'2019-12-14 10:32:31\', \'1\')', 1, '2019-12-14 10:32:31', 1),
	('2019Z121622QMV0PQU35U4O679W', 'spk2019121418O165D3C1002P', 130, 'SUKSES, Update st_ambail SPK, dengan ID : spk2019121418O165D3C1002P', 1, 'UPDATE `spk` SET `st_ambil` = 1, `id_user` = \'1\', `waktu_ambil` = \'2019-12-16 22:03:54\'\nWHERE `idspk` = \'spk2019121418O165D3C1002P\'', 1, '2019-12-16 22:03:54', 1),
	('201C907M0TU2G0O914J118N4K5', 'S20190B7Z0O20M91F40753L4P', 114, 'SUKSES, tambah data order, dengan ID : S20190B7Z0O20M91F40753L4P', 1, 'UPDATE `order_produk` SET `no_transaksi` = \'TRX/2019/0702-00002D1\', `id_konsumen` = \'KONS2018102A91B0482075E2\', `tgl_order` = \'2019-07-02\', `no_tlp` = \'085875404214\', `no_po` = \'\', `lampiran` = \'LAMP201N907RP0209R14D1I1G89B7C.\', `st_simpan` = 1, `total_value_order` = 23000, `st_po` = \'0\'\nWHERE `id_order` = \'S20190B7Z0O20M91F40753L4P\'', 1, '2019-07-02 09:14:11', 1),
	('201G90E70G109141R0137', '2019070109141V0I995', 115, 'SUKSES, Update data Total Order : 2019070109141V0I995', 1, 'UPDATE `order_produk` SET `total_value_order` = 890567.8912\nWHERE `id_order` = \'2019070109141V0I995\'', 1, '2019-07-01 09:14:10', 1),
	('201H9070209O3819P879', 'TMPP2019B070X2D09381959U4', 130, 'SUKSES, Tambah Data tmp_produksi dengan ID : TMPP2019B070X2D09381959U4', 1, 'INSERT INTO `tmp_produksi_detail` (`created_by`, `created_on`, `id_konversi`, `idbarang_bb`, `idtmp_produksi`, `idtmp_produksi_detail`, `qty`, `tipe`) VALUES (\'1\',\'2019-07-02 09:38:19\',\'1\',\'BB20180730100759G547\',\'TMPP2019B070X2D09381959U4\',\'DTMP201907T0209R3WYR819AS9P02\',10,0), (\'1\',\'2019-07-02 09:38:19\',\'1\',\'2\',\'TMPP2019B070X2D09381959U4\',\'DTMPC20J1907P020QL9X3KE8192N12\',20,0)', 1, '2019-07-02 09:38:19', 1),
	('201IT907041500O4Z9355', 'Pfsh-O2STZIA019070415004UXN93U13', 61, 'SUKSES, tambah data produk', 0, 'INSERT INTO `produk` (`idproduk`, `barcode`, `nm_produk`, `idkategori`, `st_produk`, `st_fix`, `ket`, `st_minimal_order`, `st_tipe`, `jml_minimal`, `id_konversi_jml`, `panjang_minimal`, `lebar_minimal`, `id_konversi_ukuran`, `id_worksheet`, `created_on`, `created_by`) VALUES (\'Pfsh-O2STZIA019070415004UXN93U13\', \'\', \'Custom book\', \'1\', 0, 0, \'\', \'0\', \'0\', 0, 0, 0, 0, 0, \'1\', \'2019-07-04 15:00:49\', \'1\')\n\nINSERT INTO `produk_detail_penyusun` (`created_by`, `created_on`, `id_konversi_jml`, `id_konversi_panjang`, `idbarang_bb`, `idjenis_bb`, `idproduk`, `idproduk_detail_penyusun`, `jml_pakai`, `ket`, `lebar`, `panjang`, `st_target_cetakan`, `st_tipe`) VALUES (\'1\',\'2019-07-04 15:00:49\',0,0,\'BB20180730100908V481\',\'1\',\'Pfsh-O2STZIA019070415004UXN93U13\',\'Pfsh-O2STZIA019070415004UXN93U130\',0,\'cover\',0,0,\'1\',\'2\'), (\'1\',\'2019-07-04 15:00:49\',\'\',0,\'BB20180730100845V507\',\'1\',\'Pfsh-O2STZIA019070415004UXN93U13\',\'Pfsh-O2STZIA019070415004UXN93U131\',\'0\',\'isi\',0,0,\'0\',\'0\')\n\nINSERT INTO `produk_detail_finishing_pakai` (`created_by`, `created_on`, `idproduk`, `idproduk_detail_finishing_pakai`, `idproduk_finishing`, `jml_pakai`, `ket`) VALUES (\'1\',\'2019-07-04 15:00:49\',\'Pfsh-O2STZIA019070415004UXN93U13\',\'Pfsh-O2STZIA019070415004UXN93U130\',\'Pfsh-2018Y1102102412S7N15\',\'1\',\'laminasi\'), (\'1\',\'2019-07-04 15:00:49\',\'Pfsh-O2STZIA019070415004UXN93U13\',\'Pfsh-O2STZIA019070415004UXN93U131\',\'Pfsh-20180730143518D464\',\'1\',\'jilid\')', 1, '2019-07-04 15:00:49', 1),
	('201J9VZ121410J3231107I5', '2L0G191214103231857', 115, 'SUKSES, Update data Total Order : 2L0G191214103231857', 1, 'UPDATE `order_produk` SET `total_value_order` = 36000\nWHERE `id_order` = \'2L0G191214103231857\'', 1, '2019-12-14 10:32:31', 1),
	('201M909G16X034739539DA', 'TMPP2I0190YH9Y1603Q4739126QJ5', 130, 'SUKSES, Tambah Data tmp_produksi dengan ID : TMPP2I0190YH9Y1603Q4739126QJ5', 1, 'INSERT INTO `tmp_produksi_detail` (`created_by`, `created_on`, `id_konversi`, `idbarang_bb`, `idtmp_produksi`, `idtmp_produksi_detail`, `qty`, `tipe`) VALUES (\'1\',\'2019-09-16 03:47:39\',\'5\',\'BB20180730103024J483\',\'TMPP2I0190YH9Y1603Q4739126QJ5\',\'DTMP20R1909B16034739882\',41103133.44,0), (\'1\',\'2019-09-16 03:47:39\',\'5\',\'BB20180730103024J483\',\'TMPP2I0190YH9Y1603Q4739126QJ5\',\'DTMP201A909160347P3993B1J\',12000,0)', 1, '2019-09-16 03:47:39', 1),
	('201Q9070W10W9A4Q1016H2W8M', 'spk201AYBZV907GI0109L2854499', 130, 'SUKSES, Update st_ambail SPK, dengan ID : spk201AYBZV907GI0109L2854499', 1, 'UPDATE `spk` SET `st_ambil` = 1, `id_user` = \'1\', `waktu_ambil` = \'2019-07-01 09:41:01\'\nWHERE `idspk` = \'spk201AYBZV907GI0109L2854499\'', 1, '2019-07-01 09:41:01', 1),
	('201Q9I0705093E73O81025', 'DETOZ201I907I050KG9373D81P94', 114, 'SUKSES, tambah data detail order, dengan ID : DETOZ201I907I050KG9373D81P94', 1, 'INSERT INTO `order_produk_detail` (`id_detail_produk_order`, `kode_universal`, `id_order`, `nama_pekerjaan`, `id_kategori`, `id_produk`, `st_urgent`, `tgl_permintaan_selesai`, `gambar`, `thumbnail`, `st_dimensi`, `p`, `l`, `id_satuan`, `detail_gambar`, `jml_cetak`, `harga_by`, `id_konversi_jml_cetak`, `qty_cetak_by`, `satuan_cetak_by`, `harga_cetak_persatuan_terkecil`, `biaya_design`, `biaya_cetak`, `kenaikan_value`, `kenaikan_persen`, `biaya_finishing`, `sub_total`, `catatan`, `st_finishing`, `st_finishing_standart`, `target_server`, `created_on`, `created_by`) VALUES (\'DETOZ201I907I050KG9373D81P94\', \'DETOZ201I907I050KG9373D81P94\', \'20190F70509Q37AX38649\', \'Zenal TAS 2_300x110_280_LES_2x cetak.tif\', \'1\', \'Pfsh-20180730111840M460\', 0, \'2019-07-05 14:37\', \'upload//2019/07/05/TRX_2019_0705_00001D1/Zenal-TAS-2_300x110_280_LES_2x-cetak.tif\', \'upload//2019/07/05/TRX_2019_0705_00001D1/thumb/Zenal-TAS-2_300x110_280_LES_2x-cetak.jpg\', 0, \'303.04\', \'113.03\', \'11\', \'Width : 8590px  Height: 3204px (71.9999771118164,71.9999771118164)DPI\', \'30\', \'1\', \'8\', NULL, \'8\', \'5000\', \'0\', \'150000\', \'0\', \'\', 105000, 255000, \'\', \'1\', 1, \'0\', \'2019-07-05 09:37:38\', \'1\')\n\nINSERT INTO `m_order_produk_detail` (`id_detail_produk_order`, `kode_universal`, `id_order`, `nama_pekerjaan`, `id_kategori`, `id_produk`, `st_urgent`, `tgl_permintaan_selesai`, `gambar`, `thumbnail`, `st_dimensi`, `p`, `l`, `id_satuan`, `detail_gambar`, `jml_cetak`, `harga_by`, `id_konversi_jml_cetak`, `qty_cetak_by`, `satuan_cetak_by`, `harga_cetak_persatuan_terkecil`, `biaya_design`, `biaya_cetak`, `kenaikan_value`, `kenaikan_persen`, `biaya_finishing`, `sub_total`, `catatan`, `st_finishing`, `st_finishing_standart`, `target_server`, `created_on`, `created_by`) VALUES (\'DETOZ201I907I050KG9373D81P94\', \'DETOZ201I907I050KG9373D81P94\', \'20190F70509Q37AX38649\', \'Zenal TAS 2_300x110_280_LES_2x cetak.tif\', \'1\', \'Pfsh-20180730111840M460\', 0, \'2019-07-05 14:37\', \'upload//2019/07/05/TRX_2019_0705_00001D1/Zenal-TAS-2_300x110_280_LES_2x-cetak.tif\', \'upload//2019/07/05/TRX_2019_0705_00001D1/thumb/Zenal-TAS-2_300x110_280_LES_2x-cetak.jpg\', 0, \'303.04\', \'113.03\', \'11\', \'Width : 8590px  Height: 3204px (71.9999771118164,71.9999771118164)DPI\', \'30\', \'1\', \'8\', NULL, \'8\', \'5000\', \'0\', \'150000\', \'0\', \'\', 105000, 255000, \'\', \'1\', 1, \'0\', \'2019-07-05 09:37:38\', \'1\')', 1, '2019-07-05 09:37:38', 1),
	('201U907NH01094123156', 'PROD2019R07SM01H0N9412337WI9', 176, 'SUKSES, tambah data produksi dengan ID : PROD2019R07SM01H0N9412337WI9', 1, 'INSERT INTO `produksi` (`idproduksi`, `kode_universal`, `idspk`, `jml_cetak`, `created_on`, `created_by`) VALUES (\'PROD2019R07SM01H0N9412337WI9\', \'DETOESC20Y1D90J701092309584\', \'spk201AYBZV907GI0109L2854499\', \'30\', \'2019-07-01 09:41:23\', \'1\')/n/nINSERT INTO `produksi_detail` (`created_by`, `created_on`, `id_konversi`, `idbarang_bb`, `iddetail_produksi`, `idproduksi`, `qty`, `tipe`) VALUES (\'1\',\'2019-07-01 09:41:23\',\'5\',\'BB20180730103406B508\',\'DPROD201907010941I2379RHQ8\',\'PROD2019R07SM01H0N9412337WI9\',102757833.6,0)', 1, '2019-07-01 09:41:23', 1),
	('201W9Z12E172224P261U1A90', '2019FF1X21PZ72223QL43658', 114, 'SUKSES, tambah data order, dengan ID : 2019FF1X21PZ72223QL43658', 1, 'UPDATE `order_produk` SET `no_transaksi` = \'TRX/2019/1217-00002D1\', `id_konsumen` = \'KONS2019030X4114605R655\', `tgl_order` = \'2019-12-17\', `no_tlp` = \'-\', `no_po` = \'\', `lampiran` = NULL, `st_simpan` = 1, `total_value_order` = 250000, `st_po` = \'0\'\nWHERE `id_order` = \'2019FF1X21PZ72223QL43658\'', 1, '2019-12-17 22:24:26', 1),
	('2020011814J47431076W', '35', 7, 'SUKSES, ubah data user Nurul ihwan, dengan ID : 35', 1, 'UPDATE `users` SET `username` = \'resellers\', `ip` = \'182.253.90.38\', `st_aktif` = \'1\', `password` = \'$2y$10$EiTFmOwZLwYdFg//Blp0oel2zWyE6bS4iIfQhiZArjgBULx8qkFSm\', `modified_on` = \'2020-01-18 14:47:43\'\nWHERE `id_user` = \'35\'', 1, '2020-01-18 14:47:43', 1),
	('202003031S11FO239150GHT5CS', 'DETO20200303110D53AT81324', 198, 'GAGAL, Update detail List order, dengan ID : DETO20200303110D53AT81324', 1, '/n/nINSERT INTO `revisi_list_order` (`idrevisi_list_order`, `old_id_detail_produk_order`, `new_id_detail_produk_order`, `st_revisi`, `ket`, `created_on`, `created_by`) VALUES (\'REVLO202Y003031J1S12K3W9OZ659\', \'DETO20200303110D53AT81324\', \'DETOX202003B0U31F1WV1B2S3A998V6\', 0, \'gege\', \'2020-03-03 11:12:39\', \'1\')/n/nINSERT INTO `m_order_produk_detail` (`id_detail_produk_order`, `kode_universal`, `id_order`, `nama_pekerjaan`, `id_kategori`, `id_produk`, `st_urgent`, `tgl_permintaan_selesai`, `gambar`, `thumbnail`, `st_dimensi`, `p`, `l`, `id_satuan`, `detail_gambar`, `jml_cetak`, `harga_by`, `id_konversi_jml_cetak`, `qty_cetak_by`, `satuan_cetak_by`, `harga_cetak_persatuan_terkecil`, `biaya_design`, `biaya_cetak`, `kenaikan_value`, `kenaikan_persen`, `biaya_finishing`, `sub_total`, `catatan`, `st_finishing`, `st_finishing_standart`, `target_server`, `st_acc_produksi`, `id_spk`, `created_on`, `created_by`) VALUES (\'DETOX202003B0U31F1WV1B2S3A998V6\', \'DETO20200303110D53AT81324\', \'2J020Z03HW031Q1WYK05381J507\', \'WhatsApp Image 2020-03-03 at 06.46.58.jpeg\', \'2\', \'Pfsh-201P8092EA41553W44934E\', \'0\', NULL, \'upload//2020/03/03/TRX_2020_0303_00001D1/WhatsApp-Image-2020-03-03-at-06.46.58.jpeg\', \'upload//2020/03/03/TRX_2020_0303_00001D1/thumb/WhatsApp-Image-2020-03-03-at-06.jpg\', \'1\', \'200\', \'100\', \'11\', \'\', \'2\', \'1\', \'8\', \'1000000\', \'3\', \'15000\', \'15000\', \'30000\', \'30000\', \'100\', \'0\', \'75000\', NULL, \'0\', \'0\', \'0\', 1, NULL, \'2020-03-03 11:12:39\', \'1\')/n/nUPDATE `m_order_produk_detail` SET `deleted` = 1, `deleted_by` = \'1\'\nWHERE `id_detail_produk_order` = \'DETO20200303110D53AT81324\'/n/nUPDATE `order_produk` SET `st_revisi` = 1\nWHERE `id_order` = \'2J020Z03HW031Q1WYK05381J507\'', 0, '2020-03-03 11:12:39', 1),
	('202003L031122E01861', '16', 7, 'SUKSES, ubah data user operator, dengan ID : 16', 1, 'UPDATE `users` SET `username` = \'operator\', `ip` = \'182.253.90.32\', `st_aktif` = \'1\', `password` = \'$2y$10$/HvnUZQ/b0qJPYMdSK4lnObwwqOSEQzdViUmWQran/0Ke1cTC8sjy\', `modified_on` = \'2020-03-03 11:22:01\'\nWHERE `id_user` = \'16\'', 1, '2020-03-03 11:22:01', 1),
	('202009051P824I261056', '18', 7, 'SUKSES, ubah data user nunung, dengan ID : 18', 1, 'UPDATE `users` SET `username` = \'nunung\', `ip` = \'114.125.100.60\', `st_aktif` = \'1\', `password` = \'$2y$10$eQ34wd2aeMJugH7TvhPwC.IdI2gOh0R3sQaf30HWS.u82XZn/dcfK\', `modified_on` = \'2020-09-05 18:24:26\'\nWHERE `id_user` = \'18\'', 1, '2020-09-05 18:24:26', 1),
	('20200UI30311O123A9585H', '2J020Z03HW031Q1WYK05381J507', 115, 'SUKSES, Update data list harga order dengan id_order : 2J020Z03HW031Q1WYK05381J507', 1, '\n\nUPDATE `m_order_produk_detail` SET `harga_cetak_persatuan_terkecil` = \'14000\', `qty_cetak_by` = \'1000000\', `satuan_cetak_by` = \'3\', `harga_by` = \'1\', `kenaikan_value` = 56000, `biaya_cetak` = 56000, `sub_total` = 127000\nWHERE `id_detail_produk_order` = \'DETOX202003B0U31F1WV1B2S3A998V6\'', 1, '2020-03-03 11:12:39', 1),
	('20200W30311F0H538605', '2J020Z03HW031Q1WYK05381J507', 115, 'SUKSES, Update data Total Order : 2J020Z03HW031Q1WYK05381J507', 1, 'UPDATE `order_produk` SET `total_value_order` = 75000\nWHERE `id_order` = \'2J020Z03HW031Q1WYK05381J507\'', 1, '2020-03-03 11:05:38', 1),
	('2020A0M3031105B38B897', 'DETO20200303110D53AT81324', 114, 'SUKSES, tambah data detail order, dengan ID : DETO20200303110D53AT81324', 1, 'INSERT INTO `order_produk_detail` (`id_detail_produk_order`, `kode_universal`, `id_order`, `nama_pekerjaan`, `id_kategori`, `id_produk`, `st_urgent`, `tgl_permintaan_selesai`, `gambar`, `thumbnail`, `st_dimensi`, `p`, `l`, `id_satuan`, `detail_gambar`, `jml_cetak`, `harga_by`, `id_konversi_jml_cetak`, `qty_cetak_by`, `satuan_cetak_by`, `harga_cetak_persatuan_terkecil`, `biaya_design`, `biaya_cetak`, `kenaikan_value`, `kenaikan_persen`, `biaya_finishing`, `sub_total`, `catatan`, `st_finishing`, `st_finishing_standart`, `target_server`, `created_on`, `created_by`) VALUES (\'DETO20200303110D53AT81324\', \'DETO20200303110D53AT81324\', \'2J020Z03HW031Q1WYK05381J507\', \'WhatsApp Image 2020-03-03 at 06.46.58.jpeg\', \'2\', \'Pfsh-201P8092EA41553W44934E\', 1, \'2020-03-03 16:05\', \'upload//2020/03/03/TRX_2020_0303_00001D1/WhatsApp-Image-2020-03-03-at-06.46.58.jpeg\', \'upload//2020/03/03/TRX_2020_0303_00001D1/thumb/WhatsApp-Image-2020-03-03-at-06.jpg\', 1, \'200.00\', \'100.00\', \'11\', \'\', \'1\', \'1\', \'8\', NULL, \'3\', \'15000\', \'15000\', \'30000\', \'30000\', \'100\', 0, 75000, \'finishing yang rapi\', \'0\', 0, \'0\', \'2020-03-03 11:05:38\', \'1\')\n\nINSERT INTO `m_order_produk_detail` (`id_detail_produk_order`, `kode_universal`, `id_order`, `nama_pekerjaan`, `id_kategori`, `id_produk`, `st_urgent`, `tgl_permintaan_selesai`, `gambar`, `thumbnail`, `st_dimensi`, `p`, `l`, `id_satuan`, `detail_gambar`, `jml_cetak`, `harga_by`, `id_konversi_jml_cetak`, `qty_cetak_by`, `satuan_cetak_by`, `harga_cetak_persatuan_terkecil`, `biaya_design`, `biaya_cetak`, `kenaikan_value`, `kenaikan_persen`, `biaya_finishing`, `sub_total`, `catatan`, `st_finishing`, `st_finishing_standart`, `target_server`, `created_on`, `created_by`) VALUES (\'DETO20200303110D53AT81324\', \'DETO20200303110D53AT81324\', \'2J020Z03HW031Q1WYK05381J507\', \'WhatsApp Image 2020-03-03 at 06.46.58.jpeg\', \'2\', \'Pfsh-201P8092EA41553W44934E\', 1, \'2020-03-03 16:05\', \'upload//2020/03/03/TRX_2020_0303_00001D1/WhatsApp-Image-2020-03-03-at-06.46.58.jpeg\', \'upload//2020/03/03/TRX_2020_0303_00001D1/thumb/WhatsApp-Image-2020-03-03-at-06.jpg\', 1, \'200.00\', \'100.00\', \'11\', \'\', \'1\', \'1\', \'8\', NULL, \'3\', \'15000\', \'15000\', \'30000\', \'30000\', \'100\', 0, 75000, \'finishing yang rapi\', \'0\', 0, \'0\', \'2020-03-03 11:05:38\', \'1\')', 1, '2020-03-03 11:05:38', 1),
	('2020I0303K1111P04E1IS54T9', 'A20G200303111I10099Y5', 114, 'SUKSES, tambah data order, dengan ID : A20G200303111I10099Y5', 1, 'UPDATE `order_produk` SET `no_transaksi` = \'TRX/2020/0303-00002D1\', `id_konsumen` = \'KONSL201903191J6F22461232\', `tgl_order` = \'2020-03-03\', `no_tlp` = \'-08123452027\', `no_po` = \'123\', `lampiran` = NULL, `st_simpan` = 1, `total_value_order` = 8000, `st_po` = \'1\'\nWHERE `id_order` = \'A20G200303111I10099Y5\'', 1, '2020-03-03 11:11:04', 1),
	('2020II01U1814MG490H51311', '30', 7, 'SUKSES, ubah data user dekky, dengan ID : 30', 1, 'UPDATE `users` SET `username` = \'administrator\', `ip` = \'182.253.90.38\', `st_aktif` = \'1\', `password` = \'$2y$10$iO9j3rdEoM3OuV5wBCy0t.L3mOca9cxrj3l6sFNHuc6dwEUKzSbRe\', `modified_on` = \'2020-01-18 14:49:05\'\nWHERE `id_user` = \'30\'', 1, '2020-01-18 14:49:05', 1),
	('2020L01181421161DU499', 'spk2019121418O165D3C1002P', 176, 'SUKSES, tambah data produksi dengan ID SPK : spk2019121418O165D3C1002P', 1, 'INSERT INTO `produksi` (`idproduksi`, `kode_universal`, `idspk`, `jml_cetak`, `created_on`, `created_by`) VALUES (\'PROD20J20011G81TF421I16V1170\', \'DETOE201T91214181550109P4B\', \'spk2019121418O165D3C1002P\', \'0\', \'2020-01-18 14:21:16\', \'1\')/n/nINSERT INTO `produksi_detail` (`created_by`, `created_on`, `id_konversi`, `idbarang_bb`, `iddetail_produksi`, `idproduksi`, `qty`, `tipe`) VALUES (\'1\',\'2020-01-18 14:21:16\',\'1\',\'BB20180730100759G547\',\'DPROD202H0H0BNV118142S1S16859N\',\'PROD20J20011G81TF421I16V1170\',\'0\',0), (\'1\',\'2020-01-18 14:21:16\',\'1\',\'1\',\'DPROD202I0011814AY2116S1175\',\'PROD20J20011G81TF421I16V1170\',0,0), (\'1\',\'2020-01-18 14:21:16\',\'1\',\'BB20180730100759G547\',\'DPROD2O0I20011H81T42116117HCN2\',\'PROD20J20011G81TF421I16V1170\',11,0), (\'1\',\'2020-01-18 14:21:16\',\'1\',\'1\',\'DPROD2020N011Q81421161421UC\',\'PROD20J20011G81TF421I16V1170\',22,0)', 1, '2020-01-18 14:21:16', 1),
	('2020O0303111X1001007', 'DETO2B020030311R1P1001539J', 114, 'SUKSES, tambah data detail order, dengan ID : DETO2B020030311R1P1001539J', 1, 'INSERT INTO `order_produk_detail` (`id_detail_produk_order`, `kode_universal`, `id_order`, `nama_pekerjaan`, `id_kategori`, `id_produk`, `st_urgent`, `tgl_permintaan_selesai`, `gambar`, `thumbnail`, `st_dimensi`, `p`, `l`, `id_satuan`, `detail_gambar`, `jml_cetak`, `harga_by`, `id_konversi_jml_cetak`, `qty_cetak_by`, `satuan_cetak_by`, `harga_cetak_persatuan_terkecil`, `biaya_design`, `biaya_cetak`, `kenaikan_value`, `kenaikan_persen`, `biaya_finishing`, `sub_total`, `catatan`, `st_finishing`, `st_finishing_standart`, `target_server`, `created_on`, `created_by`) VALUES (\'DETO2B020030311R1P1001539J\', \'DETO2B020030311R1P1001539J\', \'A20G200303111I10099Y5\', \'WhatsApp Image 2020-03-03 at 06.46.58.jpeg\', \'1\', \'Pfsh-20180730111215O514\', 0, \'2020-03-03 16:11\', \'upload//2020/03/03/TRX_2020_0303_00002D1/WhatsApp-Image-2020-03-03-at-06.46.58.jpeg\', \'upload//2020/03/03/TRX_2020_0303_00002D1/thumb/WhatsApp-Image-2020-03-03-at-06.jpg\', 1, \'1.00\', \'1.00\', \'11\', \'\', \'2\', \'1\', \'8\', NULL, \'8\', \'4000\', \'0\', \'8000\', \'0\', \'\', 0, 8000, \'\', \'0\', 0, \'0\', \'2020-03-03 11:11:00\', \'1\')\n\nINSERT INTO `m_order_produk_detail` (`id_detail_produk_order`, `kode_universal`, `id_order`, `nama_pekerjaan`, `id_kategori`, `id_produk`, `st_urgent`, `tgl_permintaan_selesai`, `gambar`, `thumbnail`, `st_dimensi`, `p`, `l`, `id_satuan`, `detail_gambar`, `jml_cetak`, `harga_by`, `id_konversi_jml_cetak`, `qty_cetak_by`, `satuan_cetak_by`, `harga_cetak_persatuan_terkecil`, `biaya_design`, `biaya_cetak`, `kenaikan_value`, `kenaikan_persen`, `biaya_finishing`, `sub_total`, `catatan`, `st_finishing`, `st_finishing_standart`, `target_server`, `created_on`, `created_by`) VALUES (\'DETO2B020030311R1P1001539J\', \'DETO2B020030311R1P1001539J\', \'A20G200303111I10099Y5\', \'WhatsApp Image 2020-03-03 at 06.46.58.jpeg\', \'1\', \'Pfsh-20180730111215O514\', 0, \'2020-03-03 16:11\', \'upload//2020/03/03/TRX_2020_0303_00002D1/WhatsApp-Image-2020-03-03-at-06.46.58.jpeg\', \'upload//2020/03/03/TRX_2020_0303_00002D1/thumb/WhatsApp-Image-2020-03-03-at-06.jpg\', 1, \'1.00\', \'1.00\', \'11\', \'\', \'2\', \'1\', \'8\', NULL, \'8\', \'4000\', \'0\', \'8000\', \'0\', \'\', 0, 8000, \'\', \'0\', 0, \'0\', \'2020-03-03 11:11:00\', \'1\')', 1, '2020-03-03 11:11:00', 1),
	('2021010800130K8Y1241', 'PRODG2VU021W0AO10G8001D3083Z82T', 176, 'SUKSES, tambah data produksi dengan ID : PRODG2VU021W0AO10G8001D3083Z82T', 1, 'INSERT INTO `produksi` (`idproduksi`, `kode_universal`, `idspk`, `jml_cetak`, `created_on`, `created_by`) VALUES (\'PRODG2VU021W0AO10G8001D3083Z82T\', \'DETO20200303110D53AT81324\', \'spkMI20210F10T80011321W004\', \'2\', \'2021-01-08 00:13:08\', \'1\')/n/nINSERT INTO `produksi_detail` (`created_by`, `created_on`, `id_konversi`, `idbarang_bb`, `iddetail_produksi`, `idproduksi`, `qty`, `tipe`) VALUES (\'1\',\'2021-01-08 00:13:08\',\'5\',\'BB20180730103406B508\',\'DPROD2BM0SB210108001308839\',\'PRODG2VU021W0AO10G8001D3083Z82T\',4000000,0)', 1, '2021-01-08 00:13:08', 1),
	('202101080025M2860H0', '20MEIRO2M1010800245B65NR51W', 115, 'SUKSES, Update data Total Order : 20MEIRO2M1010800245B65NR51W', 1, 'UPDATE `order_produk` SET `total_value_order` = 0\nWHERE `id_order` = \'20MEIRO2M1010800245B65NR51W\'', 1, '2021-01-08 00:25:28', 36),
	('20210108V0016596F80', '2D019070BP20IQ93N6C599L65', 110, 'Sukses, simpan data pelunasan transaksi id = 2D019070BP20IQ93N6C599L65', 5545600, '\n\nUPDATE `transaksi` SET `bayar2` = 5545600, `lebih_bayar` = \'0\', `st_lunas` = 1\nWHERE `id_transaksi` = \'2D019070BP20IQ93N6C599L65\'', 0, '2021-01-08 00:16:59', 1),
	('202101K0M800LIY24Z56L3D79', 'DETO20A210B1BGG08002456Q837T', 114, 'SUKSES, tambah data detail order, dengan ID : DETO20A210B1BGG08002456Q837T', 1, 'INSERT INTO `order_produk_detail` (`id_detail_produk_order`, `kode_universal`, `id_order`, `nama_pekerjaan`, `id_kategori`, `id_produk`, `st_urgent`, `tgl_permintaan_selesai`, `gambar`, `thumbnail`, `st_dimensi`, `p`, `l`, `id_satuan`, `detail_gambar`, `jml_cetak`, `harga_by`, `id_konversi_jml_cetak`, `qty_cetak_by`, `satuan_cetak_by`, `harga_cetak_persatuan_terkecil`, `biaya_design`, `biaya_cetak`, `kenaikan_value`, `kenaikan_persen`, `biaya_finishing`, `sub_total`, `catatan`, `st_finishing`, `st_finishing_standart`, `target_server`, `created_on`, `created_by`) VALUES (\'DETO20A210B1BGG08002456Q837T\', \'DETO20A210B1BGG08002456Q837T\', \'20MEIRO2M1010800245B65NR51W\', \'IMG-20201229-WA0009.jpg\', \'2\', \'Pfsh-201P8092EA41553W44934E\', 0, \'2021-01-08 12:24\', \'upload//2021/01/08/TRX_2021_0108_00001D36/IMG-20201229-WA0009.jpg\', \'upload//2021/01/08/TRX_2021_0108_00001D36/thumb/IMG-20201229-WA0009.jpg\', 1, \'2.00\', \'1.00\', \'12\', \'\', \'1\', \'1\', \'8\', NULL, \'3\', \'15000\', \'15000\', \'30000\', \'0\', \'\', 0, 45000, \'\', \'0\', 1, \'0\', \'2021-01-08 00:24:56\', \'36\')\n\nINSERT INTO `m_order_produk_detail` (`id_detail_produk_order`, `kode_universal`, `id_order`, `nama_pekerjaan`, `id_kategori`, `id_produk`, `st_urgent`, `tgl_permintaan_selesai`, `gambar`, `thumbnail`, `st_dimensi`, `p`, `l`, `id_satuan`, `detail_gambar`, `jml_cetak`, `harga_by`, `id_konversi_jml_cetak`, `qty_cetak_by`, `satuan_cetak_by`, `harga_cetak_persatuan_terkecil`, `biaya_design`, `biaya_cetak`, `kenaikan_value`, `kenaikan_persen`, `biaya_finishing`, `sub_total`, `catatan`, `st_finishing`, `st_finishing_standart`, `target_server`, `created_on`, `created_by`) VALUES (\'DETO20A210B1BGG08002456Q837T\', \'DETO20A210B1BGG08002456Q837T\', \'20MEIRO2M1010800245B65NR51W\', \'IMG-20201229-WA0009.jpg\', \'2\', \'Pfsh-201P8092EA41553W44934E\', 0, \'2021-01-08 12:24\', \'upload//2021/01/08/TRX_2021_0108_00001D36/IMG-20201229-WA0009.jpg\', \'upload//2021/01/08/TRX_2021_0108_00001D36/thumb/IMG-20201229-WA0009.jpg\', 1, \'2.00\', \'1.00\', \'12\', \'\', \'1\', \'1\', \'8\', NULL, \'3\', \'15000\', \'15000\', \'30000\', \'0\', \'\', 0, 45000, \'\', \'0\', 1, \'0\', \'2021-01-08 00:24:56\', \'36\')', 1, '2021-01-08 00:24:56', 36),
	('202101V080F02P70F01C292', '20MEIRO2M1010800245B65NR51W', 114, 'SUKSES, tambah data order, dengan ID : 20MEIRO2M1010800245B65NR51W', 1, 'UPDATE `order_produk` SET `no_transaksi` = \'TRX/2021/0108-00001D36\', `id_konsumen` = \'KONS2D01811P1G50V446HR04K14B75U\', `tgl_order` = \'2021-01-08\', `no_tlp` = \'08157704993\', `no_po` = \'\', `lampiran` = NULL, `st_simpan` = 1, `total_value_order` = 60000, `st_po` = \'0\'\nWHERE `id_order` = \'20MEIRO2M1010800245B65NR51W\'', 1, '2021-01-08 00:27:00', 36),
	('20210H110ZT0818279L77X', 'spk2021011008F18271032H', 174, 'Sukses, simpan spk id = spk2021011008F18271032H', 0, 'INSERT INTO `spk` (`idspk`, `id_worksheet`, `id_order`, `id_detail_produk_order`, `jml_cetak`, `id_konversi_jml_cetak`, `st_revisi`, `st_ref`, `kode_universal`, `created_on`, `created_by`) VALUES (\'spk2021011008F18271032H\', \'1\', \'2B021Z0A1100817425H18S\', \'DETO20G2XZ1011W0S0B81742629\', \'20\', \'8\', 0, 0, \'DETO20G2XZ1011W0S0B81742629\', \'2021-01-10 08:18:27\', \'1\')\n\nUPDATE `m_order_produk_detail` SET `st_acc_produksi` = 1, `id_spk` = \'spk2021011008F18271032H\'\nWHERE `id_detail_produk_order` = \'DETO20G2XZ1011W0S0B81742629\'', 1, '2021-01-10 08:18:27', 1),
	('20210IF108002456673', '20MEIRO2M1010800245B65NR51W', 115, 'SUKSES, Update data list harga order dengan id_order : 20MEIRO2M1010800245B65NR51W', 1, '\n\nUPDATE `order_produk_detail` SET `harga_cetak_persatuan_terkecil` = \'15000\', `qty_cetak_by` = \'1000000\', `satuan_cetak_by` = \'3\', `harga_by` = \'1\', `kenaikan_value` = 0, `biaya_cetak` = 30000, `sub_total` = 45000\nWHERE `id_detail_produk_order` = \'DETO20A210B1BGG08002456Q837T\'\n\nUPDATE `m_order_produk_detail` SET `harga_cetak_persatuan_terkecil` = \'15000\', `qty_cetak_by` = \'1000000\', `satuan_cetak_by` = \'3\', `harga_by` = \'1\', `kenaikan_value` = 0, `biaya_cetak` = 30000, `sub_total` = 45000\nWHERE `id_detail_produk_order` = \'DETO20A210B1BGG08002456Q837T\'', 1, '2021-01-08 00:24:56', 36),
	('20210O108N001229539', 'TMPP2S0210IKA108001P2PI291286T', 130, 'SUKSES, Tambah Data tmp_produksi dengan ID : TMPP2S0210IKA108001P2PI291286T', 1, 'INSERT INTO `tmp_produksi_detail` (`created_by`, `created_on`, `id_konversi`, `idbarang_bb`, `idtmp_produksi`, `idtmp_produksi_detail`, `qty`, `tipe`) VALUES (\'1\',\'2021-01-08 00:12:29\',\'5\',\'BB20180730103406B508\',\'TMPP2S0210IKA108001P2PI291286T\',\'DTMP20210A10D8JI0012Y29554RX\',4000000,0)', 1, '2021-01-08 00:12:29', 1),
	('2021111003551HU3859', '18', 8, 'SUKSES, hapus data user dengan ID : 18', 1, 'UPDATE `users` SET `deleted` = 1\nWHERE `id_user` = \'18\'', 1, '2021-11-10 03:55:13', 1),
	('202111100HK3551Q3511', '27', 8, 'SUKSES, hapus data user dengan ID : 27', 1, 'UPDATE `users` SET `deleted` = 1\nWHERE `id_user` = \'27\'', 1, '2021-11-10 03:55:13', 1),
	('2021111TFF0UPKG0P35513EB851', '28', 8, 'SUKSES, hapus data user dengan ID : 28', 1, 'UPDATE `users` SET `deleted` = 1\nWHERE `id_user` = \'28\'', 1, '2021-11-10 03:55:13', 1),
	('2021111U10F7ALE2W025Z109V7', '202111LY1107200B9D707B', 114, 'SUKSES, tambah data order, dengan ID : 202111LY1107200B9D707B', 1, 'UPDATE `order_produk` SET `no_transaksi` = \'TRX/2021/1111-00001D1\', `id_konsumen` = \'KONS20O21I111A107FB20U09755\', `tgl_order` = \'2021-11-11\', `no_tlp` = \'0865647439\', `no_po` = \'1\', `lampiran` = NULL, `st_simpan` = 1, `total_value_order` = 9000, `st_po` = \'0\'\nWHERE `id_order` = \'202111LY1107200B9D707B\'', 1, '2021-11-11 07:20:25', 1),
	('202111R1F1SG00D3A73S11Q0L72Q', '36', 7, 'SUKSES, ubah data user fachru, dengan ID : 36', 1, 'UPDATE `users` SET `username` = \'desainer\', `ip` = \'::1\', `st_aktif` = \'1\', `password` = \'$2y$10$oEzIFLP2mZZ7vldBz8f2uOr66cUdYRunwela52/euEN16y/pZvBoy\', `modified_on` = \'2021-11-11 00:37:31\'\nWHERE `id_user` = \'36\'', 1, '2021-11-11 00:37:31', 1),
	('202111V110036ZQL1W35N68Z', '35', 7, 'SUKSES, ubah data user resellers, dengan ID : 35', 1, 'UPDATE `users` SET `username` = \'resellers \', `ip` = \'::1\', `st_aktif` = \'1\', `password` = \'$2y$10$gSSw6EtW4LOq87LnIb9PCuqpAKYOgXAHES1mL0bD4SqBZA339/0Q2\', `modified_on` = \'2021-11-11 00:36:13\'\nWHERE `id_user` = \'35\'', 1, '2021-11-11 00:36:13', 1),
	('20211K111O0S61330913K', '-', 34, 'Sukses, tambah data bahan baku', 0, 'INSERT INTO `barang` (`idbarang_bb`, `barcode`, `idkategori`, `idjenis_bb`, `idmerk_bb`, `nm_barang`, `id_satuan_terkecil`, `ket_barang`, `st_potong_meteran`, `panjang_spek`, `lebar_spek`, `id_konversi`, `ket_spek`, `created_on`, `created_by`) VALUES (\'BBJ202111S1F1C06133094S2\', \'11211\', \'1\', \'1\', \'1\', \'Kertas Kartu \', \'2\', \'Barang coba\', \'0\', \'\', \'\', \'\', \'\', \'2021-11-11 06:13:30\', \'1\')', 1, '2021-11-11 06:13:30', 1),
	('20211M11006QK3606CH600D', 'RS2021111Q00635477M09', 119, 'SUKSES, tambah data stok opname dengan ID : RS2021111Q00635477M09', 6, 'INSERT INTO `stok_opname` (`id_stok_opname`, `id_gudang`, `pelaksanaan`, `ket`, `is_draft`, `created_on`, `created_by`) VALUES (\'RS2021111Q00635477M09\', \'1\', \'2021-11-11\', \'\', 0, \'2021-11-10 06:36:06\', \'1\')\n\nINSERT INTO `stok_opname_detail` (`id_barang`, `id_detail_stok_opname`, `id_stok_opname`, `ket`, `selisih`, `st_selisih`, `stok_saat_ini`, `stok_sistem`) VALUES (\'BB20180730104901A482\',\'20211B110YH063606144\',\'RS2021111Q00635477M09\',\'\',4,0,6,\'10\')\n\nUPDATE `stok` SET `stok_update` = CASE \nWHEN `id_stok` = \'STKE20H21A0J11R6B21592YEF91282N\' THEN 6\nELSE `stok_update` END, `modified_on` = CASE \nWHEN `id_stok` = \'STKE20H21A0J11R6B21592YEF91282N\' THEN \'2021-11-10 06:36:06\'\nELSE `modified_on` END, `modified_by` = CASE \nWHEN `id_stok` = \'STKE20H21A0J11R6B21592YEF91282N\' THEN \'1\'\nELSE `modified_by` END\nWHERE `id_stok` IN(\'STKE20H21A0J11R6B21592YEF91282N\')\n\nINSERT INTO `stok_opname_detail_hpp` (`hpp`, `id_barang`, `id_detail_stok_opname_hpp`, `id_stok`, `id_stok_opname`, `jml`, `st_stok`) VALUES (\'0\',\'BB20180730104901A482\',\'2N02111100636061U043\',\'STKE20H21A0J11R6B21592YEF91282N\',\'RS2021111Q00635477M09\',4,0)', 1, '2021-11-10 06:36:06', 1),
	('20211R110E03551D32W2ODTCL0', '31', 8, 'SUKSES, hapus data user dengan ID : 31', 1, 'UPDATE `users` SET `deleted` = 1\nWHERE `id_user` = \'31\'', 1, '2021-11-10 03:55:13', 1),
	('2021B0108002RO6N5WC54Q29Q', '20MEIRO2M1010800245B65NR51W', 115, 'SUKSES, Update data Total Order : 20MEIRO2M1010800245B65NR51W', 1, 'UPDATE `order_produk` SET `total_value_order` = 60000\nWHERE `id_order` = \'20MEIRO2M1010800245B65NR51W\'', 1, '2021-01-08 00:26:55', 36),
	('2021B01100X81K82B71292B', '202I101D1ZAF00818C2U7894BL', 110, 'Sukses, simpan data transaksi id = 202I101D1ZAF00818C2U7894BL', 0, 'INSERT INTO `transaksi` (`id_transaksi`, `waktu`, `no_faktur`, `id_order`, `id_trans_ref_asli`, `lama_tempo`, `tgl_tempo`, `total`, `diskon`, `potongan`, `pajak`, `grand_total`, `st_metode_bayar`, `nilai_dp`, `bayar`, `kurang_bayar`, `lebih_bayar`, `st_produksi`, `st_lunas`, `created_on`, `created_by`) VALUES (\'202I101D1ZAF00818C2U7894BL\', \'2021-01-10 08:18:27\', \'VLB/2021/01/10-00001\', \'2B021Z0A1100817425H18S\', \'202I101D1ZAF00818C2U7894BL\', \'1\', \'2021-01-10\', \'30000\', \'\', \'\', NULL, \'30000\', 0, 0, 0, 0, 0, \'1\', 1, \'2021-01-10 08:18:27\', \'1\')\n\nUPDATE `order_produk` SET `st_kasir` = 1, `st_nota` = 1, `st_revisi` = 0\nWHERE `id_order` = \'2B021Z0A1100817425H18S\'\n\nINSERT INTO `transaksi_detail` (`biaya_cetak`, `biaya_design`, `biaya_finishing`, `created_by`, `created_on`, `diskon`, `harga_by_satuan`, `id_detail_produk_order`, `id_transaksi`, `id_transaksi_detail`, `pot_kecil`, `potongan`, `satuan_harga_by`, `st_ubahan`, `subtotal`) VALUES (\'30000\',\'0\',\'0\',\'1\',\'2021-01-10 08:18:27\',\'0\',\'1500\',\'DETO20G2XZ1011W0S0B81742629\',\'202I101D1ZAF00818C2U7894BL\',\'20U21J011008G182753R3\',\'0\',\'0\',\'8\',\'0\',\'30000\')\n\nINSERT INTO `log_status_proses` (`idlog_status_proses`, `id_detail_produk_order`, `kode_universal`, `idlokasi_proses`, `idket_proses_order`, `jml_cetak`, `created_on`, `created_by`) VALUES (\'20D21011008182V7G14F43\', \'DETO20G2XZ1011W0S0B81742629\', \'DETO20G2XZ1011W0S0B81742629\', 1, 1, 0, \'2021-01-10 08:18:27\', \'1\')', 0, '2021-01-10 08:18:27', 1),
	('2021C011008174B4D1H2J85', '2B021Z0A1100817425H18S', 114, 'SUKSES, tambah data order, dengan ID : 2B021Z0A1100817425H18S', 1, 'UPDATE `order_produk` SET `no_transaksi` = \'TRX/2021/0110-00001D1\', `id_konsumen` = \'KONS2019030X4114605R655\', `tgl_order` = \'2021-01-10\', `no_tlp` = \'-\', `no_po` = \'\', `lampiran` = NULL, `st_simpan` = 1, `total_value_order` = 30000, `st_po` = \'0\'\nWHERE `id_order` = \'2B021Z0A1100817425H18S\'', 1, '2021-01-10 08:17:44', 1),
	('2021C11100355SK131110', '25', 8, 'SUKSES, hapus data user dengan ID : 25', 1, 'UPDATE `users` SET `deleted` = 1\nWHERE `id_user` = \'25\'', 1, '2021-11-10 03:55:13', 1),
	('2021L11O100B355PL13309FAL', '29', 8, 'SUKSES, hapus data user dengan ID : 29', 1, 'UPDATE `users` SET `deleted` = 1\nWHERE `id_user` = \'29\'', 1, '2021-11-10 03:55:13', 1),
	('2021M1110035F5B138Q75', '16', 8, 'SUKSES, hapus data user dengan ID : 16', 1, 'UPDATE `users` SET `deleted` = 1\nWHERE `id_user` = \'16\'', 1, '2021-11-10 03:55:13', 1),
	('2021UU0108SC002GL4MP5671K6', '20MEIRO2M1010800245B65NR51W', 115, 'SUKSES, Update data Total Order : 20MEIRO2M1010800245B65NR51W', 1, 'UPDATE `order_produk` SET `total_value_order` = 45000\nWHERE `id_order` = \'20MEIRO2M1010800245B65NR51W\'', 1, '2021-01-08 00:24:56', 36),
	('2021Y1DF110H0K3A5513995RX', '26', 8, 'SUKSES, hapus data user dengan ID : 26', 1, 'UPDATE `users` SET `deleted` = 1\nWHERE `id_user` = \'26\'', 1, '2021-11-10 03:55:13', 1),
	('202B0M0118144Y515766', '21', 7, 'SUKSES, ubah data user bajol, dengan ID : 21', 1, 'UPDATE `users` SET `username` = \'design\', `ip` = \'182.253.90.38\', `st_aktif` = \'1\', `password` = \'$2y$10$dRwm0mfl9HjyQV9IMJE5MOn19Y/93Pp2.fXisXCE7aPJnAqiGqP9a\', `modified_on` = \'2020-01-18 14:45:15\'\nWHERE `id_user` = \'21\'', 1, '2020-01-18 14:45:15', 1),
	('202EU0RV0118143749XH677MEU', '21', 7, 'SUKSES, ubah data user Anggasetyadg, dengan ID : 21', 1, 'UPDATE `users` SET `username` = \'bajol\', `ip` = \'182.253.90.38\', `st_aktif` = \'1\', `password` = \'$2y$10$hF6BPZ8hcI1osaNRvjVNMue5yZIparh7XaTtU/JaPpbWPjypJgo.u\', `modified_on` = \'2020-01-18 14:37:49\'\nWHERE `id_user` = \'21\'', 1, '2020-01-18 14:37:49', 1),
	('202FCL001181420U401M222', 'PROD20P2S0XL011U8BXE1U42040A910', 176, 'SUKSES, tambah data produksi dengan ID : PROD20P2S0XL011U8BXE1U42040A910', 1, 'INSERT INTO `produksi` (`idproduksi`, `kode_universal`, `idspk`, `jml_cetak`, `created_on`, `created_by`) VALUES (\'PROD20P2S0XL011U8BXE1U42040A910\', \'DETOE201T91214181550109P4B\', \'spk2019121418O165D3C1002P\', \'1\', \'2020-01-18 14:20:40\', \'1\')/n/nINSERT INTO `produksi_detail` (`created_by`, `created_on`, `id_konversi`, `idbarang_bb`, `iddetail_produksi`, `idproduksi`, `qty`, `tipe`) VALUES (\'1\',\'2020-01-18 14:20:40\',\'1\',\'BB20180730100759G547\',\'DPROD20200L118142Y040689\',\'PROD20P2S0XL011U8BXE1U42040A910\',\'1\',0), (\'1\',\'2020-01-18 14:20:40\',\'1\',\'1\',\'DPROD2Q0200118142W040925\',\'PROD20P2S0XL011U8BXE1U42040A910\',2,0)', 1, '2020-01-18 14:20:40', 1),
	('202L1011JC0081K7E42P10LG52', '2B021Z0A1100817425H18S', 115, 'SUKSES, Update data list harga order dengan id_order : 2B021Z0A1100817425H18S', 1, '\n\nUPDATE `order_produk_detail` SET `harga_cetak_persatuan_terkecil` = \'1500\', `qty_cetak_by` = \'1\', `satuan_cetak_by` = \'8\', `harga_by` = \'1\', `kenaikan_value` = 0, `biaya_cetak` = 30000, `sub_total` = 30000\nWHERE `id_detail_produk_order` = \'DETO20G2XZ1011W0S0B81742629\'\n\nUPDATE `m_order_produk_detail` SET `harga_cetak_persatuan_terkecil` = \'1500\', `qty_cetak_by` = \'1\', `satuan_cetak_by` = \'8\', `harga_by` = \'1\', `kenaikan_value` = 0, `biaya_cetak` = 30000, `sub_total` = 30000\nWHERE `id_detail_produk_order` = \'DETO20G2XZ1011W0S0B81742629\'', 1, '2021-01-10 08:17:42', 1),
	('202P003031F12TCH24V91212', '16', 7, 'SUKSES, ubah data user operator, dengan ID : 16', 1, 'UPDATE `users` SET `username` = \'operator\', `ip` = \'182.253.90.32\', `st_aktif` = \'1\', `password` = \'$2y$10$do.NpQrWFPhhAMFPI4qTO.8XueAQtzNyrJZY1sZHn0TL9QmB/GvIO\', `modified_on` = \'2020-03-03 11:22:49\'\nWHERE `id_user` = \'16\'', 1, '2020-03-03 11:22:49', 1),
	('202Q10M116215F9O29J583', 'FKB20N2101162F1562TDAOZU7820', 106, 'SUKSES, tambah data kedatangan barang dengan ID : FKB20N2101162F1562TDAOZU7820', 1, 'INSERT INTO `kedatangan_barang` (`id_kedatangan`, `no_nota`, `id_supplier`, `id_gudang`, `tgl_kedatangan`, `gtotal`, `ket`, `created_on`, `created_by`) VALUES (\'FKB20N2101162F1562TDAOZU7820\', \'125478\', \'spl20210116L2158N041017\', \'1\', \'2021-01-17\', 0, \'untuk bulan ini\', \'2021-01-16 21:59:29\', \'1\')\n\nINSERT INTO `kedatangan_detail` (`harga`, `id_barang`, `id_kedatangan`, `id_kedatangan_detail`, `id_konversi`, `qty`, `st_bonus`, `subtotal`) VALUES (0,\'BB20180730104901A482\',\'FKB20N2101162F1562TDAOZU7820\',\'2Y021011M6215929660\',\'9\',\'10\',\'0\',0)\n\nINSERT INTO `stok` (`created_by`, `created_on`, `hpp`, `id_barang`, `id_gudang`, `id_satuan_terkecil`, `id_stok`, `no_faktur`, `st_bonus`, `stok_datang`, `stok_update`) VALUES (\'1\',\'2021-01-16 21:59:29\',0,\'BB20180730104901A482\',\'1\',\'5\',\'STKE20H21A0J11R6B21592YEF91282N\',\'FKB20N2101162F1562TDAOZU7820\',\'0\',10,10)', 1, '2021-01-16 21:59:29', 1),
	('202Q10OK1O0O80B0252810B62ES', 'DETO20A210B1BGG08002456Q837T', 116, 'SUKSES, Hapus detail order, dengan ID : DETO20A210B1BGG08002456Q837T', 1, 'SELECT *\nFROM `m_order_produk_detail`\nLEFT JOIN `produk` ON `produk`.`idproduk` = `m_order_produk_detail`.`id_produk`\nLEFT JOIN `konversi_satuan` ON `konversi_satuan`.`id_konversi`=`m_order_produk_detail`.`satuan_cetak_by`\nLEFT JOIN (select \n                                                                id_konversi, satuan_besar as nm_satuan\n                                                            from \n                                                                konversi_satuan \n                                                            where deleted=0) as satuan ON `satuan`.`id_konversi` = `m_order_produk_detail`.`id_satuan`\nWHERE `m_order_produk_detail`.`id_order` = \'20MEIRO2M1010800245B65NR51W\'\nAND `m_order_produk_detail`.`deleted` = 0', 1, '2021-01-08 00:25:28', 36),
	('202WD1111A2105Q51J81V90', '-', 34, 'Sukses, tambah data bahan baku', 0, 'INSERT INTO `barang` (`idbarang_bb`, `barcode`, `idkategori`, `idjenis_bb`, `idmerk_bb`, `nm_barang`, `id_satuan_terkecil`, `ket_barang`, `st_potong_meteran`, `panjang_spek`, `lebar_spek`, `id_konversi`, `ket_spek`, `created_on`, `created_by`) VALUES (\'BB20NW2111J121055PS18Z1XLF084\', \'12202320\', \'1\', \'2\', \'1\', \'Kertas Kartu 10.00\', \'2\', \'-\', \'1\', \'10.00\', \'10.00\', \'11\', \'-\', \'2021-11-12 10:55:18\', \'1\')', 1, '2021-11-12 10:55:18', 1),
	('20B190ZGW7S0B2V093443308', 'S20190B7Z0O20M91F40753L4P', 115, 'SUKSES, Update data Total Order : S20190B7Z0O20M91F40753L4P', 1, 'UPDATE `order_produk` SET `total_value_order` = 3244143.36384\nWHERE `id_order` = \'S20190B7Z0O20M91F40753L4P\'', 1, '2019-07-02 09:34:43', 1),
	('20B19E070B2090H10073R0', '201R9M0TX702090KH100223C', 115, 'SUKSES, Update data Total Order : 201R9M0TX702090KH100223C', 1, 'UPDATE `order_produk` SET `total_value_order` = 31500\nWHERE `id_order` = \'201R9M0TX702090KH100223C\'', 1, '2019-07-02 09:01:00', 1),
	('20BLKP19W0701I1642O34541', '20Q19E0P7M011642X34469', 110, 'Sukses, simpan data transaksi referensi, id = 20Q19E0P7M011642X34469', 0, '\n\nUPDATE `transaksi` SET `st_history` = 1\nWHERE `id_trans_ref_asli` = \'2019FZ07B01092623X605\'\n\nUPDATE `transaksi` SET `st_ref` = 1\nWHERE `id_transaksi` = \'2019FZ07B01092623X605\'\n\nINSERT INTO `transaksi` (`id_transaksi`, `waktu`, `no_faktur`, `id_order`, `st_trans_master`, `id_trans_ref_asli`, `lama_tempo`, `tgl_tempo`, `total`, `diskon`, `potongan`, `pajak`, `grand_total`, `st_metode_bayar`, `nilai_dp`, `bayar`, `kurang_bayar`, `lebih_bayar`, `st_produksi`, `st_lunas`, `created_on`, `created_by`) VALUES (\'20Q19E0P7M011642X34469\', \'2019-07-01 16:42:34\', \'VLB/2019/07/01-00003\', \'2019070A1092JI30X9826\', 0, \'2019FZ07B01092623X605\', \'1\', \'2019-07-01\', \'5405507\', \'\', \'\', NULL, \'5405600\', \'4\', \'0\', \'0\', 0, \'0\', 1, 0, \'2019-07-01 16:42:34\', \'1\')\n\nINSERT INTO `transaksi_detail` (`biaya_cetak`, `biaya_design`, `biaya_finishing`, `created_by`, `created_on`, `diskon`, `harga_by_satuan`, `id_detail_produk_order`, `id_transaksi`, `id_transaksi_detail`, `pot_kecil`, `potongan`, `satuan_harga_by`, `st_ubahan`, `subtotal`) VALUES (\'62100\',\'0\',\'0\',\'1\',\'2019-07-01 16:42:34\',\'0\',\'2700\',\'DETO2019070EN1093P8I31790\',\'20Q19E0P7M011642X34469\',\'201907P01164234511V\',\'0\',\'0\',\'8\',\'0\',\'62100\'), (\'5343407.347200001\',\'0\',\'0\',\'1\',\'2019-07-01 16:42:34\',\'0\',\'13000\',\'DETOX20CFU19070109ET28M545V1P9\',\'20Q19E0P7M011642X34469\',\'20190O701164F234388\',\'0\',\'0\',\'3\',\'0\',\'5343407.3472\')\n\nUPDATE `order_produk` SET `st_revisi` = 2\nWHERE `id_order` = \'2019070A1092JI30X9826\'', 0, '2019-07-01 16:42:34', 1),
	('20C2UJ111A1M003V5R5M1D37K09', '20', 8, 'SUKSES, hapus data user dengan ID : 20', 1, 'UPDATE `users` SET `deleted` = 1\nWHERE `id_user` = \'20\'', 1, '2021-11-10 03:55:13', 1),
	('20E21111003U5513H30J6CU', '15', 8, 'SUKSES, hapus data user dengan ID : 15', 1, 'UPDATE `users` SET `deleted` = 1\nWHERE `id_user` = \'15\'', 1, '2021-11-10 03:55:13', 1),
	('20FD210P1100817WD42937T', '2B021Z0A1100817425H18S', 115, 'SUKSES, Update data Total Order : 2B021Z0A1100817425H18S', 1, 'UPDATE `order_produk` SET `total_value_order` = 30000\nWHERE `id_order` = \'2B021Z0A1100817425H18S\'', 1, '2021-01-10 08:17:42', 1),
	('20H1VF90702B0933R3168KL8', 'S20190B7Z0O20M91F40753L4P', 115, 'SUKSES, Update data Total Order : S20190B7Z0O20M91F40753L4P', 1, 'UPDATE `order_produk` SET `total_value_order` = 3215343.36384\nWHERE `id_order` = \'S20190B7Z0O20M91F40753L4P\'', 1, '2019-07-02 09:33:31', 1),
	('20I1R9C0M70T20RO903X041V042N', '20FM19C0T7O0G2090303418', 115, 'SUKSES, Update data Total Order : 20FM19C0T7O0G2090303418', 1, 'UPDATE `order_produk` SET `total_value_order` = 31500\nWHERE `id_order` = \'20FM19C0T7O0G2090303418\'', 1, '2019-07-02 09:03:04', 1),
	('20I21JZA111106093G873C4JK', '30', 7, 'SUKSES, ubah data user administrator, dengan ID : 30', 1, 'UPDATE `users` SET `username` = \'administrator\', `ip` = \'::1\', `st_aktif` = \'1\', `modified_on` = \'2021-11-11 06:09:38\'\nWHERE `id_user` = \'30\'', 1, '2021-11-11 06:09:38', 30),
	('20JH190702090UVS100DW11R18R', 'DETOP2W01907U020Y90T100A32ES9', 114, 'SUKSES, tambah data detail order, dengan ID : DETOP2W01907U020Y90T100A32ES9', 1, 'INSERT INTO `order_produk_detail` (`id_detail_produk_order`, `kode_universal`, `id_order`, `nama_pekerjaan`, `id_kategori`, `id_produk`, `st_urgent`, `tgl_permintaan_selesai`, `gambar`, `thumbnail`, `st_dimensi`, `p`, `l`, `id_satuan`, `detail_gambar`, `jml_cetak`, `harga_by`, `id_konversi_jml_cetak`, `qty_cetak_by`, `satuan_cetak_by`, `harga_cetak_persatuan_terkecil`, `biaya_design`, `biaya_cetak`, `kenaikan_value`, `kenaikan_persen`, `biaya_finishing`, `sub_total`, `catatan`, `st_finishing`, `st_finishing_standart`, `target_server`, `created_on`, `created_by`) VALUES (\'DETOP2W01907U020Y90T100A32ES9\', \'DETOP2W01907U020Y90T100A32ES9\', \'201R9M0TX702090KH100223C\', \'Valvrave-the-Liberator-Anime-[Animefullfights.com].jpg\', \'1\', \'Pfsh-20180730112308Z482\', 0, \'2019-07-02 14:01\', \'upload//2019/07/02/TRX_2019_0702_00001D1/Valvrave-the-Liberator-Anime-[Animefullfights.com].jpg\', \'upload//2019/07/02/TRX_2019_0702_00001D1/thumb/Valvrave-the-Liberator-Anime-[Animefullfights.jpg\', 0, \'67.73\', \'42.33\', \'11\', \'Width : 1920px  Height: 1200px (72,72)DPI\', \'21\', \'1\', \'8\', NULL, \'8\', \'1500\', \'0\', \'31500\', \'0\', \'\', 0, 31500, \'\', \'0\', 0, \'0\', \'2019-07-02 09:01:00\', \'1\')\n\nINSERT INTO `m_order_produk_detail` (`id_detail_produk_order`, `kode_universal`, `id_order`, `nama_pekerjaan`, `id_kategori`, `id_produk`, `st_urgent`, `tgl_permintaan_selesai`, `gambar`, `thumbnail`, `st_dimensi`, `p`, `l`, `id_satuan`, `detail_gambar`, `jml_cetak`, `harga_by`, `id_konversi_jml_cetak`, `qty_cetak_by`, `satuan_cetak_by`, `harga_cetak_persatuan_terkecil`, `biaya_design`, `biaya_cetak`, `kenaikan_value`, `kenaikan_persen`, `biaya_finishing`, `sub_total`, `catatan`, `st_finishing`, `st_finishing_standart`, `target_server`, `created_on`, `created_by`) VALUES (\'DETOP2W01907U020Y90T100A32ES9\', \'DETOP2W01907U020Y90T100A32ES9\', \'201R9M0TX702090KH100223C\', \'Valvrave-the-Liberator-Anime-[Animefullfights.com].jpg\', \'1\', \'Pfsh-20180730112308Z482\', 0, \'2019-07-02 14:01\', \'upload//2019/07/02/TRX_2019_0702_00001D1/Valvrave-the-Liberator-Anime-[Animefullfights.com].jpg\', \'upload//2019/07/02/TRX_2019_0702_00001D1/thumb/Valvrave-the-Liberator-Anime-[Animefullfights.jpg\', 0, \'67.73\', \'42.33\', \'11\', \'Width : 1920px  Height: 1200px (72,72)DPI\', \'21\', \'1\', \'8\', NULL, \'8\', \'1500\', \'0\', \'31500\', \'0\', \'\', 0, 31500, \'\', \'0\', 0, \'0\', \'2019-07-02 09:01:00\', \'1\')', 1, '2019-07-02 09:01:00', 1),
	('20JT1907020858Q41TM1029', '-', 161, 'SUKSES, SUKSES, simpan data kasir, id = X20R1907NZ02KJ0H8584M1J1110', 10000000, ';\n\nINSERT INTO `kas_kasir` (`idkas_kasir`, `waktu_buat`, `saldo_awal`, `created_on`, `created_by`) VALUES (\'X20R1907NZ02KJ0H8584M1J1110\', \'2019-07-02 08:58:41\', \'10000000\', \'2019-07-02 08:58:41\', \'1\');\n\nINSERT INTO `kas_kasir_detail` (`idkas_kasir_detail`, `idkas_kasir`, `st_saldo_awal`, `waktu`, `ket`, `jumlah`, `status`, `saldo`, `created_on`, `created_by`) VALUES (\'2N01907PKY0208584120I0\', \'X20R1907NZ02KJ0H8584M1J1110\', \'1\', \'2019-07-02 08:58:41\', \'Saldo Awal\', \'10000000\', \'1\', 10000000, \'2019-07-02 08:58:41\', \'1\')', 1, '2019-07-02 08:58:42', 1),
	('20KF191K214103046907', '201912141030J141030ZTGT', 115, 'SUKSES, Update data Total Order : 201912141030J141030ZTGT', 1, 'UPDATE `order_produk` SET `total_value_order` = 54000\nWHERE `id_order` = \'201912141030J141030ZTGT\'', 1, '2019-12-14 10:30:46', 1),
	('20LS2111R100E3W5M5139A2W9W', '34', 8, 'SUKSES, hapus data user dengan ID : 34', 1, 'UPDATE `users` SET `deleted` = 1\nWHERE `id_user` = \'34\'', 1, '2021-11-10 03:55:13', 1),
	('20M19070109U25F0DOG7836J', '2019070A1092JI30X9826', 114, 'SUKSES, tambah data order, dengan ID : 2019070A1092JI30X9826', 1, 'UPDATE `order_produk` SET `no_transaksi` = \'TRX/2019/0701-00002D1\', `id_konsumen` = \'KONS201810291JX41C4087F64\', `tgl_order` = \'2019-07-01\', `no_tlp` = \'+62 878-3334-6784\', `no_po` = \'\', `lampiran` = \'LAMP201Q9A0701092Q50L76K08.\', `st_simpan` = 1, `total_value_order` = 5343407.3472, `st_po` = \'0\'\nWHERE `id_order` = \'2019070A1092JI30X9826\'', 1, '2019-07-01 09:25:07', 1),
	('20N19121720Y5Q6441GRQM108', 'Pfsh-2RQ019N12E172Y05644875', 61, 'SUKSES, tambah data produk', 0, 'INSERT INTO `produk` (`idproduk`, `barcode`, `nm_produk`, `idkategori`, `st_produk`, `st_fix`, `ket`, `st_minimal_order`, `st_tipe`, `jml_minimal`, `id_konversi_jml`, `panjang_minimal`, `lebar_minimal`, `id_konversi_ukuran`, `id_worksheet`, `created_on`, `created_by`) VALUES (\'Pfsh-2RQ019N12E172Y05644875\', \'vinyl\', \'vynil cina\', \'2\', 0, 0, \'SPANDUK\', \'0\', \'1\', 0, 0, 0, 0, 0, \'3\', \'2019-12-17 20:56:44\', \'1\')\n\nINSERT INTO `produk_detail_penyusun` (`created_by`, `created_on`, `id_konversi_jml`, `id_konversi_panjang`, `idbarang_bb`, `idjenis_bb`, `idproduk`, `idproduk_detail_penyusun`, `jml_pakai`, `ket`, `lebar`, `panjang`, `st_target_cetakan`, `st_tipe`) VALUES (\'1\',\'2019-12-17 20:56:44\',0,\'12\',\'BB20180730103406B508\',\'1\',\'Pfsh-2RQ019N12E172Y05644875\',\'Pfsh-2RQ019N12E172Y056448750\',0,\'SPANDUK \',\'1000\',\'1000\',\'0\',\'1\')', 1, '2019-12-17 20:56:44', 1),
	('20O1IV912KD14IM1036281Q440X', 'DETO201V9I1214G1036G2PI8PE49W0F', 114, 'SUKSES, tambah data detail order, dengan ID : DETO201V9I1214G1036G2PI8PE49W0F', 1, 'INSERT INTO `order_produk_detail` (`id_detail_produk_order`, `kode_universal`, `id_order`, `nama_pekerjaan`, `id_kategori`, `id_produk`, `st_urgent`, `tgl_permintaan_selesai`, `gambar`, `thumbnail`, `st_dimensi`, `p`, `l`, `id_satuan`, `detail_gambar`, `jml_cetak`, `harga_by`, `id_konversi_jml_cetak`, `qty_cetak_by`, `satuan_cetak_by`, `harga_cetak_persatuan_terkecil`, `biaya_design`, `biaya_cetak`, `kenaikan_value`, `kenaikan_persen`, `biaya_finishing`, `sub_total`, `catatan`, `st_finishing`, `st_finishing_standart`, `target_server`, `created_on`, `created_by`) VALUES (\'DETO201V9I1214G1036G2PI8PE49W0F\', \'DETO201V9I1214G1036G2PI8PE49W0F\', \'20191K2141N036281V049\', \'design_meja_kayu.jpg\', \'1\', \'Pfsh-20180730112902E529\', 0, \'2019-12-14 15:36\', \'upload//2019/12/14/TRX_2019_1214_00003D1/design_meja_kayu.jpg\', \'upload//2019/12/14/TRX_2019_1214_00003D1/thumb/design_meja_kayu.jpg\', 0, \'42.00\', \'29.70\', \'11\', \'\', \'12\', \'1\', \'8\', NULL, \'8\', \'1600\', \'0\', \'19200\', \'0\', \'\', 0, 19200, \'\', \'0\', 0, \'0\', \'2019-12-14 10:36:28\', \'1\')\n\nINSERT INTO `m_order_produk_detail` (`id_detail_produk_order`, `kode_universal`, `id_order`, `nama_pekerjaan`, `id_kategori`, `id_produk`, `st_urgent`, `tgl_permintaan_selesai`, `gambar`, `thumbnail`, `st_dimensi`, `p`, `l`, `id_satuan`, `detail_gambar`, `jml_cetak`, `harga_by`, `id_konversi_jml_cetak`, `qty_cetak_by`, `satuan_cetak_by`, `harga_cetak_persatuan_terkecil`, `biaya_design`, `biaya_cetak`, `kenaikan_value`, `kenaikan_persen`, `biaya_finishing`, `sub_total`, `catatan`, `st_finishing`, `st_finishing_standart`, `target_server`, `created_on`, `created_by`) VALUES (\'DETO201V9I1214G1036G2PI8PE49W0F\', \'DETO201V9I1214G1036G2PI8PE49W0F\', \'20191K2141N036281V049\', \'design_meja_kayu.jpg\', \'1\', \'Pfsh-20180730112902E529\', 0, \'2019-12-14 15:36\', \'upload//2019/12/14/TRX_2019_1214_00003D1/design_meja_kayu.jpg\', \'upload//2019/12/14/TRX_2019_1214_00003D1/thumb/design_meja_kayu.jpg\', 0, \'42.00\', \'29.70\', \'11\', \'\', \'12\', \'1\', \'8\', NULL, \'8\', \'1600\', \'0\', \'19200\', \'0\', \'\', 0, 19200, \'\', \'0\', 0, \'0\', \'2019-12-14 10:36:28\', \'1\')', 1, '2019-12-14 10:36:28', 1),
	('20OV190OJ701092624P77H2', '2019FZ07B01092623X605', 110, 'Sukses, simpan data transaksi id = 2019FZ07B01092623X605', 0, 'INSERT INTO `transaksi` (`id_transaksi`, `waktu`, `no_faktur`, `id_order`, `id_trans_ref_asli`, `lama_tempo`, `tgl_tempo`, `total`, `diskon`, `potongan`, `pajak`, `grand_total`, `st_metode_bayar`, `nilai_dp`, `bayar`, `kurang_bayar`, `lebih_bayar`, `st_produksi`, `st_lunas`, `created_on`, `created_by`) VALUES (\'2019FZ07B01092623X605\', \'2019-07-01 09:26:23\', \'VLB/2019/07/01-00001\', \'2019070A1092JI30X9826\', \'2019FZ07B01092623X605\', \'1\', \'2019-07-01\', \'5343407\', \'\', \'\', NULL, \'5343500\', 4, \'0\', \'0\', 5343500, 0, \'1\', 0, \'2019-07-01 09:26:23\', \'1\')\n\nUPDATE `order_produk` SET `st_kasir` = 1, `st_nota` = 1, `st_revisi` = 0\nWHERE `id_order` = \'2019070A1092JI30X9826\'\n\nINSERT INTO `transaksi_detail` (`biaya_cetak`, `biaya_design`, `biaya_finishing`, `created_by`, `created_on`, `diskon`, `harga_by_satuan`, `id_detail_produk_order`, `id_transaksi`, `id_transaksi_detail`, `pot_kecil`, `potongan`, `satuan_harga_by`, `st_ubahan`, `subtotal`) VALUES (\'5343407.347200001\',\'0\',\'0\',\'1\',\'2019-07-01 09:26:23\',\'0\',\'13000\',\'DETOESC20Y1D90J701092309584\',\'2019FZ07B01092623X605\',\'G2V0XJ19M070109U26235YDK57\',\'0\',\'0\',\'3\',\'0\',\'5343407.3472\')\n\nINSERT INTO `log_status_proses` (`idlog_status_proses`, `id_detail_produk_order`, `kode_universal`, `idlokasi_proses`, `idket_proses_order`, `jml_cetak`, `created_on`, `created_by`) VALUES (\'201Y90UB70L1092624320\', \'DETOESC20Y1D90J701092309584\', \'DETOESC20Y1D90J701092309584\', 1, 1, 0, \'2019-07-01 09:26:24\', \'1\')', 0, '2019-07-01 09:26:24', 1),
	('20P1W90701L0QZ9W4102PU6Z94', 'TMPP2KVQ01907CC0109G410U13R69', 130, 'SUKSES, Tambah Data tmp_produksi dengan ID : TMPP2KVQ01907CC0109G410U13R69', 1, 'INSERT INTO `tmp_produksi_detail` (`created_by`, `created_on`, `id_konversi`, `idbarang_bb`, `idtmp_produksi`, `idtmp_produksi_detail`, `qty`, `tipe`) VALUES (\'1\',\'2019-07-01 09:41:02\',\'5\',\'BB20180730103406B508\',\'TMPP2KVQ01907CC0109G410U13R69\',\'DTMP2019W07D010T94102821\',685052224,0)', 1, '2019-07-01 09:41:02', 1),
	('20PZVUX19070Y109XS3831B558F', '2019070A1092JI30X9826', 115, 'SUKSES, Update data Total Order : 2019070A1092JI30X9826', 1, 'UPDATE `order_produk` SET `total_value_order` = 5405507.3472\nWHERE `id_order` = \'2019070A1092JI30X9826\'', 1, '2019-07-01 09:38:31', 1),
	('20S2A111J11E0623111097', '-', 34, 'Sukses, tambah data bahan baku', 0, 'INSERT INTO `barang` (`idbarang_bb`, `barcode`, `idkategori`, `idjenis_bb`, `idmerk_bb`, `nm_barang`, `id_satuan_terkecil`, `ket_barang`, `st_potong_meteran`, `panjang_spek`, `lebar_spek`, `id_konversi`, `ket_spek`, `created_on`, `created_by`) VALUES (\'BBH20211VAO111F062311X158K\', \'11111\', \'7\', \'2\', \'1\', \'Kertas Kartu \', \'7\', \'KARDUS MENTAH\', \'0\', \'\', \'\', \'\', \'\', \'2021-11-11 06:23:11\', \'1\')', 1, '2021-11-11 06:23:11', 1),
	('20U1912YC1622035JM41L057', 'TMPPP2N01I9IP1H2X1IG6220354402', 130, 'SUKSES, Tambah Data tmp_produksi dengan ID : TMPPP2N01I9IP1H2X1IG6220354402', 1, 'INSERT INTO `tmp_produksi` (`idtmp_produksi`, `id_transaksi`, `id_order`, `id_detail_order`, `idspk`, `created_on`, `created_by`) VALUES (\'TMPPP2N01I9IP1H2X1IG6220354402\', \'2O01U9BS1214181653871\', \'B201O91214VTD18F155E0737\', \'DETOE201T91214181550109P4B\', \'spk2019121418O165D3C1002P\', \'2019-12-16 22:03:54\', \'1\')', 1, '2019-12-16 22:03:54', 1),
	('20V19WGX1WX21ZU62203541O2J84', 'TMPPP2N01I9IP1H2X1IG6220354402', 130, 'SUKSES, Tambah Data tmp_produksi dengan ID : TMPPP2N01I9IP1H2X1IG6220354402', 1, 'INSERT INTO `tmp_produksi_detail` (`created_by`, `created_on`, `id_konversi`, `idbarang_bb`, `idtmp_produksi`, `idtmp_produksi_detail`, `qty`, `tipe`) VALUES (\'1\',\'2019-12-16 22:03:54\',\'1\',\'BB20180730100759G547\',\'TMPPP2N01I9IP1H2X1IG6220354402\',\'DTMP2OI01LO9DX1216V220O3541G107N\',12,0), (\'1\',\'2019-12-16 22:03:54\',\'1\',\'1\',\'TMPPP2N01I9IP1H2X1IG6220354402\',\'DTMP201912WX162NF20E354H5YS6MD5\',24,0)', 1, '2019-12-16 22:03:54', 1),
	('20W21W0108K001QN1321074', 'spkMI20210F10T80011321W004', 174, 'Sukses, simpan spk id = spkMI20210F10T80011321W004', 0, 'INSERT INTO `spk` (`idspk`, `id_worksheet`, `id_order`, `id_detail_produk_order`, `jml_cetak`, `id_konversi_jml_cetak`, `st_revisi`, `st_ref`, `kode_universal`, `created_on`, `created_by`) VALUES (\'spkMI20210F10T80011321W004\', \'3\', \'2J020Z03HW031Q1WYK05381J507\', \'DETOX202003B0U31F1WV1B2S3A998V6\', \'2\', \'8\', 0, 0, \'DETO20200303110D53AT81324\', \'2021-01-08 00:11:32\', \'1\')\n\nUPDATE `m_order_produk_detail` SET `st_acc_produksi` = 1, `id_spk` = \'spkMI20210F10T80011321W004\'\nWHERE `id_detail_produk_order` = \'DETOX202003B0U31F1WV1B2S3A998V6\'', 1, '2021-01-08 00:11:32', 1),
	('20X1909160F34739728', 'TMPP2I0190YH9Y1603Q4739126QJ5', 130, 'SUKSES, Tambah Data tmp_produksi dengan ID : TMPP2I0190YH9Y1603Q4739126QJ5', 1, 'INSERT INTO `tmp_produksi` (`idtmp_produksi`, `id_transaksi`, `id_order`, `id_detail_order`, `idspk`, `created_on`, `created_by`) VALUES (\'TMPP2I0190YH9Y1603Q4739126QJ5\', \'2019V0G702091430812\', \'S20190B7Z0O20M91F40753L4P\', \'DETOX201907Z02093B3XI311RU0B45\', \'spk201F907B02093331238\', \'2019-09-16 03:47:39\', \'1\')', 1, '2019-09-16 03:47:39', 1),
	('20Y191214103KCFYB247134F9', '2L0G191214103231857', 115, 'SUKSES, Update data list harga order dengan id_order : 2L0G191214103231857', 1, '\n\nUPDATE `order_produk_detail` SET `harga_cetak_persatuan_terkecil` = \'2700\', `qty_cetak_by` = \'1\', `satuan_cetak_by` = \'8\', `harga_by` = \'1\', `kenaikan_value` = 0, `biaya_cetak` = 32400, `sub_total` = 32400\nWHERE `id_detail_produk_order` = \'DETO20191R21UK4V1032P4R7905\'\n\nUPDATE `m_order_produk_detail` SET `harga_cetak_persatuan_terkecil` = \'2700\', `qty_cetak_by` = \'1\', `satuan_cetak_by` = \'8\', `harga_by` = \'1\', `kenaikan_value` = 0, `biaya_cetak` = 32400, `sub_total` = 32400\nWHERE `id_detail_produk_order` = \'DETO20191R21UK4V1032P4R7905\'\n\nUPDATE `order_produk_detail` SET `harga_cetak_persatuan_terkecil` = \'2700\', `qty_cetak_by` = \'1\', `satuan_cetak_by` = \'8\', `harga_by` = \'1\', `kenaikan_value` = 0, `biaya_cetak` = 32400, `sub_total` = 32400\nWHERE `id_detail_produk_order` = \'DETOF20191E214D103B231648\'\n\nUPDATE `m_order_produk_detail` SET `harga_cetak_persatuan_terkecil` = \'2700\', `qty_cetak_by` = \'1\', `satuan_cetak_by` = \'8\', `harga_by` = \'1\', `kenaikan_value` = 0, `biaya_cetak` = 32400, `sub_total` = 32400\nWHERE `id_detail_produk_order` = \'DETOF20191E214D103B231648\'', 1, '2019-12-14 10:32:47', 1),
	('20Y211110035A513L10E68', '14', 8, 'SUKSES, hapus data user dengan ID : 14', 1, 'UPDATE `users` SET `deleted` = 1\nWHERE `id_user` = \'14\'', 1, '2021-11-10 03:55:13', 1),
	('20YRC1910P21041Z4141L2W0Z0', '20H1910UY21041B4KO1488I1', 203, 'Sukses, simpan data mesin', 0, 'INSERT INTO `mesin_cetak` (`id_mesin`, `idkategori`, `nm_mesin`, `alias`, `st_rekap_cetak`, `ket`, `created_on`, `created_by`) VALUES (\'20H1910UY21041B4KO1488I1\', \'1\', \'X001\', \'Cetak Warna\', \'0\', \'\', \'2019-10-21 04:14:14\', \'1\')\n\nINSERT INTO `barang` (`created_by`, `created_on`, `hpp_manual`, `id_mesin`, `id_satuan_terkecil`, `idbarang_bb`, `idjenis_bb`, `idkategori`, `idmerk_bb`, `ket_barang`, `nm_barang`, `st_cetak_a3`, `st_fix`, `st_hpp_manual`, `st_pakai_stok`, `st_warna`) VALUES (\'1\',\'2019-10-21 04:14:14\',0,\'20H1910UY21041B4KO1488I1\',1,\'XF2019BXM10O2104CO14141228\',1,1,1,\'\',\'Cetak BW-Cetak Warna\',1,1,1,0,0), (\'1\',\'2019-10-21 04:14:14\',0,\'20H1910UY21041B4KO1488I1\',1,\'20L19102104141R4901R\',1,1,1,\'\',\'Cetak CMYK-Cetak Warna\',1,1,1,0,1)', 1, '2019-10-21 04:14:14', 1),
	('2A019070209RV3331637', 'DETOX201907Z02093B3XI311RU0B45', 114, 'SUKSES, tambah data detail order, dengan ID : DETOX201907Z02093B3XI311RU0B45', 1, '\n\nINSERT INTO `m_order_produk_detail` (`id_detail_produk_order`, `kode_universal`, `id_order`, `nama_pekerjaan`, `id_kategori`, `id_produk`, `st_urgent`, `tgl_permintaan_selesai`, `gambar`, `thumbnail`, `st_dimensi`, `p`, `l`, `id_satuan`, `detail_gambar`, `jml_cetak`, `harga_by`, `id_konversi_jml_cetak`, `qty_cetak_by`, `satuan_cetak_by`, `harga_cetak_persatuan_terkecil`, `biaya_design`, `biaya_cetak`, `kenaikan_value`, `kenaikan_persen`, `biaya_finishing`, `sub_total`, `catatan`, `st_finishing`, `st_finishing_standart`, `target_server`, `created_on`, `created_by`) VALUES (\'DETOX201907Z02093B3XI311RU0B45\', \'DETOX201907Z02093B3XI311RU0B45\', \'S20190B7Z0O20M91F40753L4P\', \'Zenal TAS 2_300x110_280_LES_2x cetak.tif\', \'2\', \'Pfsh-2W0O1K81030102342B680\', 0, \'2019-07-02 14:33\', \'upload//2019/07/02/TRX_2019_0702_00002D1/Zenal-TAS-2_300x110_280_LES_2x-cetak.tif\', \'upload//2019/07/02/TRX_2019_0702_00002D1/thumb/Zenal-TAS-2_300x110_280_LES_2x-cetak.jpg\', 0, \'303.04\', \'113.03\', \'11\', \'Width : 8590px  Height: 3204px (71.9999771118164,71.9999771118164)DPI\', \'12\', \'1\', \'8\', NULL, \'3\', \'21000\', \'0\', \'863165.80224\', \'0\', \'\', 0, 863165.80224, \'\', \'0\', 0, \'0\', \'2019-07-02 09:33:31\', \'1\')', 1, '2019-07-02 09:33:31', 1),
	('2A0211V1100T6K2V0JQ147XD36', '-', 34, 'Sukses, tambah data bahan baku', 0, 'UPDATE `barang` SET `barcode` = \'12303232310\', `idjenis_bb` = \'1\', `idmerk_bb` = \'1\', `nm_barang` = \'AC 230 \', `id_satuan_terkecil` = \'1\', `ket_barang` = \'-\', `st_potong_meteran` = \'0\', `panjang_spek` = \'0.00\', `lebar_spek` = \'0.00\', `id_konversi` = \'\', `ket_spek` = \'\', `st_hpp_manual` = 0, `hpp_manual` = 0\nWHERE `idbarang_bb` = \'BB20180730100759G547\'', 1, '2021-11-10 06:20:14', 1),
	('2B0190701093F831143', 'DETO20FHCRL19Q0701Q0930T2667B2', 198, 'GAGAL, Update detail List order, dengan ID : DETO20FHCRL19Q0701Q0930T2667B2', 1, '/n/nINSERT INTO `revisi_list_order` (`idrevisi_list_order`, `old_id_detail_produk_order`, `new_id_detail_produk_order`, `st_revisi`, `ket`, `created_on`, `created_by`) VALUES (\'REVLOL2019070W1093SBU8NJ313D4D5T\', \'DETO20FHCRL19Q0701Q0930T2667B2\', \'DETO2019070EN1093P8I31790\', 0, \'tambah\', \'2019-07-01 09:38:31\', \'1\')/n/nINSERT INTO `m_order_produk_detail` (`id_detail_produk_order`, `kode_universal`, `id_order`, `nama_pekerjaan`, `id_kategori`, `id_produk`, `st_urgent`, `tgl_permintaan_selesai`, `gambar`, `thumbnail`, `st_dimensi`, `p`, `l`, `id_satuan`, `detail_gambar`, `jml_cetak`, `harga_by`, `id_konversi_jml_cetak`, `qty_cetak_by`, `satuan_cetak_by`, `harga_cetak_persatuan_terkecil`, `biaya_design`, `biaya_cetak`, `kenaikan_value`, `kenaikan_persen`, `biaya_finishing`, `sub_total`, `catatan`, `st_finishing`, `st_finishing_standart`, `target_server`, `st_acc_produksi`, `id_spk`, `created_on`, `created_by`) VALUES (\'DETO2019070EN1093P8I31790\', \'DETO20FHCRL19Q0701Q0930T2667B2\', \'2019070A1092JI30X9826\', \'starfighter_one_by_meckanicalmind-d5ios8k.jpg\', \'1\', \'Pfsh-20180730111215O514\', \'0\', NULL, \'upload//2019/07/01/TRX_2019_0701_00002D1/starfighter_one_by_meckanicalmind-d5ios8k.jpg\', \'upload//2019/07/01/TRX_2019_0701_00002D1/thumb/starfighter_one_by_meckanicalmind-d5ios8k.jpg\', \'0\', \'45.86\', \'23.28\', \'11\', \'Width : 1300px  Height: 660px (72,72)DPI\', \'25\', \'1\', \'8\', NULL, \'8\', \'2700\', \'0\', \'62100\', \'0\', \'0\', \'0\', \'62100\', NULL, \'0\', \'0\', \'0\', 1, NULL, \'2019-07-01 09:38:31\', \'1\')/n/nUPDATE `m_order_produk_detail` SET `deleted` = 1, `deleted_by` = \'1\'\nWHERE `id_detail_produk_order` = \'DETO20FHCRL19Q0701Q0930T2667B2\'/n/nUPDATE `order_produk` SET `st_revisi` = 1\nWHERE `id_order` = \'2019070A1092JI30X9826\'', 0, '2019-07-01 09:38:31', 1),
	('2B021O010TW80G0B2655983Z', '20MEIRO2M1010800245B65NR51W', 115, 'SUKSES, Update data list harga order dengan id_order : 20MEIRO2M1010800245B65NR51W', 1, '\n\nUPDATE `order_produk_detail` SET `harga_cetak_persatuan_terkecil` = \'15000\', `qty_cetak_by` = \'1000000\', `satuan_cetak_by` = \'3\', `harga_by` = \'1\', `kenaikan_value` = 0, `biaya_cetak` = 45000, `sub_total` = 60000\nWHERE `id_detail_produk_order` = \'DETO202101S0800265549W7\'\n\nUPDATE `m_order_produk_detail` SET `harga_cetak_persatuan_terkecil` = \'15000\', `qty_cetak_by` = \'1000000\', `satuan_cetak_by` = \'3\', `harga_by` = \'1\', `kenaikan_value` = 0, `biaya_cetak` = 45000, `sub_total` = 60000\nWHERE `id_detail_produk_order` = \'DETO202101S0800265549W7\'', 1, '2021-01-08 00:26:55', 36),
	('2BC019091G603473OS9P1362', 'spk201F907B02093331238', 130, 'SUKSES, Update st_ambail SPK, dengan ID : spk201F907B02093331238', 1, 'UPDATE `spk` SET `st_ambil` = 1, `id_user` = \'1\', `waktu_ambil` = \'2019-09-16 03:47:39\'\nWHERE `idspk` = \'spk201F907B02093331238\'', 1, '2019-09-16 03:47:39', 1),
	('2BT02111M100O629403IJ72', '1', 89, 'SUKSES, ubah data gudang Gudang Bahan Baku, dengan ID : 1', 1, 'UPDATE `gudang` SET `nama_gudang` = \'Gudang Bahan Baku\', `alamat` = \'Malang\', `penanggung_jawab` = \'Afrizal\', `tlp` = \'08656474883\'\nWHERE `id_gudang` = 1', 1, '2021-11-10 06:29:40', 1),
	('2DD0J1912141030464R60G', '201912141030J141030ZTGT', 115, 'SUKSES, Update data list harga order dengan id_order : 201912141030J141030ZTGT', 1, '\n\nUPDATE `order_produk_detail` SET `harga_cetak_persatuan_terkecil` = \'3000\', `qty_cetak_by` = \'1\', `satuan_cetak_by` = \'8\', `harga_by` = \'1\', `kenaikan_value` = 0, `biaya_cetak` = 36000, `sub_total` = 36000\nWHERE `id_detail_produk_order` = \'DETO20191N2141030468J67\'\n\nUPDATE `m_order_produk_detail` SET `harga_cetak_persatuan_terkecil` = \'3000\', `qty_cetak_by` = \'1\', `satuan_cetak_by` = \'8\', `harga_by` = \'1\', `kenaikan_value` = 0, `biaya_cetak` = 36000, `sub_total` = 36000\nWHERE `id_detail_produk_order` = \'DETO20191N2141030468J67\'', 1, '2019-12-14 10:30:46', 1),
	('2DIN01AC90Y70116BQ44F311023', '2019070A1092JI30X9826', 115, 'SUKSES, Update data Total Order : 2019070A1092JI30X9826', 1, 'UPDATE `order_produk` SET `total_value_order` = 5510507.3472\nWHERE `id_order` = \'2019070A1092JI30X9826\'', 1, '2019-07-01 16:44:31', 1),
	('2E02WO1011O008183612Z41', 'spk2021011008F18271032H', 130, 'SUKSES, Update st_ambail SPK, dengan ID : spk2021011008F18271032H', 1, 'UPDATE `spk` SET `st_ambil` = 1, `id_user` = \'1\', `waktu_ambil` = \'2021-01-10 08:18:36\'\nWHERE `idspk` = \'spk2021011008F18271032H\'', 1, '2021-01-10 08:18:36', 1),
	('2F0B200L1Q18Y14R500713GZ0F7E', '34', 7, 'SUKSES, ubah data user Adi, dengan ID : 34', 1, 'UPDATE `users` SET `username` = \'users\', `ip` = \'182.253.90.38\', `st_aktif` = \'1\', `password` = \'$2y$10$GKqQd0t2Ess/yXm3isk9Tu6m9F9x2bedPoemZ5TWdMQP8RBeuxhbO\', `modified_on` = \'2020-01-18 14:50:07\'\nWHERE `id_user` = \'34\'', 1, '2020-01-18 14:50:07', 1),
	('2G0M2111110M7B2010195', '202111LY1107200B9D707B', 115, 'SUKSES, Update data list harga order dengan id_order : 202111LY1107200B9D707B', 1, '\n\nUPDATE `order_produk_detail` SET `harga_cetak_persatuan_terkecil` = \'8000\', `qty_cetak_by` = \'1\', `satuan_cetak_by` = \'8\', `harga_by` = \'1\', `kenaikan_value` = 0, `biaya_cetak` = 8000, `sub_total` = 9000\nWHERE `id_detail_produk_order` = \'DETO20UG21L111107201XY0R11E04\'\n\nUPDATE `m_order_produk_detail` SET `harga_cetak_persatuan_terkecil` = \'8000\', `qty_cetak_by` = \'1\', `satuan_cetak_by` = \'8\', `harga_by` = \'1\', `kenaikan_value` = 0, `biaya_cetak` = 8000, `sub_total` = 9000\nWHERE `id_detail_produk_order` = \'DETO20UG21L111107201XY0R11E04\'', 1, '2021-11-11 07:20:10', 1),
	('2H019070U20X91407405', 'S20190B7Z0O20M91F40753L4P', 115, 'SUKSES, Update data Total Order : S20190B7Z0O20M91F40753L4P', 1, 'UPDATE `order_produk` SET `total_value_order` = 23000\nWHERE `id_order` = \'S20190B7Z0O20M91F40753L4P\'', 1, '2019-07-02 09:14:07', 1),
	('2H01907RCL02091X4311JL088', '2019V0G702091430812', 110, 'Sukses, simpan data transaksi id = 2019V0G702091430812', 0, 'INSERT INTO `transaksi` (`id_transaksi`, `waktu`, `no_faktur`, `id_order`, `id_trans_ref_asli`, `lama_tempo`, `tgl_tempo`, `total`, `diskon`, `potongan`, `pajak`, `grand_total`, `st_metode_bayar`, `nilai_dp`, `bayar`, `kurang_bayar`, `lebih_bayar`, `st_produksi`, `st_lunas`, `created_on`, `created_by`) VALUES (\'2019V0G702091430812\', \'2019-07-02 09:14:30\', \'VLB/2019/07/02-00001\', \'S20190B7Z0O20M91F40753L4P\', \'2019V0G702091430812\', \'1\', \'2019-07-02\', \'23000\', \'\', \'\', NULL, \'23000\', 4, \'0\', \'0\', 23000, 0, \'1\', 0, \'2019-07-02 09:14:30\', \'1\')\n\nUPDATE `order_produk` SET `st_kasir` = 1, `st_nota` = 1, `st_revisi` = 0\nWHERE `id_order` = \'S20190B7Z0O20M91F40753L4P\'\n\nINSERT INTO `transaksi_detail` (`biaya_cetak`, `biaya_design`, `biaya_finishing`, `created_by`, `created_on`, `diskon`, `harga_by_satuan`, `id_detail_produk_order`, `id_transaksi`, `id_transaksi_detail`, `pot_kecil`, `potongan`, `satuan_harga_by`, `st_ubahan`, `subtotal`) VALUES (\'23000\',\'0\',\'0\',\'1\',\'2019-07-02 09:14:31\',\'0\',\'2300\',\'DETO2XW019070ZVZR2091S4A07Z237\',\'2019V0G702091430812\',\'2019EA0V70W2091430662\',\'0\',\'0\',\'8\',\'0\',\'23000\')\n\nINSERT INTO `log_status_proses` (`idlog_status_proses`, `id_detail_produk_order`, `kode_universal`, `idlokasi_proses`, `idket_proses_order`, `jml_cetak`, `created_on`, `created_by`) VALUES (\'Y20190702KW0914L31677\', \'DETO2XW019070ZVZR2091S4A07Z237\', \'DETO2XW019070ZVZR2091S4A07Z237\', 1, 1, 0, \'2019-07-02 09:14:31\', \'1\')', 0, '2019-07-02 09:14:31', 1),
	('2H0190Z701Z094149XC656', 'spk201AYBZV907GI0109L2854499', 176, 'SUKSES, tambah data produksi dengan ID SPK : spk201AYBZV907GI0109L2854499', 1, 'INSERT INTO `produksi` (`idproduksi`, `kode_universal`, `idspk`, `jml_cetak`, `created_on`, `created_by`) VALUES (\'PROD2F0Z1W90701N0941Q4BD9Z10T74Z\', \'DETOESC20Y1D90J701092309584\', \'spk201AYBZV907GI0109L2854499\', \'30\', \'2019-07-01 09:41:49\', \'1\')/n/nINSERT INTO `produksi_detail` (`created_by`, `created_on`, `id_konversi`, `idbarang_bb`, `iddetail_produksi`, `idproduksi`, `qty`, `tipe`) VALUES (\'1\',\'2019-07-01 09:41:49\',\'5\',\'BB20180730103406B508\',\'DPROD2M01P9I0DQX701094P14955RDH6\',\'PROD2F0Z1W90701N0941Q4BD9Z10T74Z\',102757833.6,0), (\'1\',\'2019-07-01 09:41:49\',\'5\',\'BB20180730103406B508\',\'DPROD201V9C07LKNX0M1N094149629\',\'PROD2F0Z1W90701N0941Q4BD9Z10T74Z\',376778723.2,0)', 1, '2019-07-01 09:41:49', 1),
	('2H019I070120091K9451', 'DETO2019070EN1093P8I31790', 198, 'GAGAL, Update detail List order, dengan ID : DETO2019070EN1093P8I31790', 1, '/n/nINSERT INTO `revisi_list_order` (`idrevisi_list_order`, `old_id_detail_produk_order`, `new_id_detail_produk_order`, `st_revisi`, `ket`, `created_on`, `created_by`) VALUES (\'REVLO2E019V0F70YB120091B91072F\', \'DETO2019070EN1093P8I31790\', \'DETOFP20KT190J7X01K2E00919Q65T0\', 0, \'ok\', \'2019-07-01 20:09:19\', \'1\')/n/nINSERT INTO `m_order_produk_detail` (`id_detail_produk_order`, `kode_universal`, `id_order`, `nama_pekerjaan`, `id_kategori`, `id_produk`, `st_urgent`, `tgl_permintaan_selesai`, `gambar`, `thumbnail`, `st_dimensi`, `p`, `l`, `id_satuan`, `detail_gambar`, `jml_cetak`, `harga_by`, `id_konversi_jml_cetak`, `qty_cetak_by`, `satuan_cetak_by`, `harga_cetak_persatuan_terkecil`, `biaya_design`, `biaya_cetak`, `kenaikan_value`, `kenaikan_persen`, `biaya_finishing`, `sub_total`, `catatan`, `st_finishing`, `st_finishing_standart`, `target_server`, `st_acc_produksi`, `id_spk`, `created_on`, `created_by`) VALUES (\'DETOFP20KT190J7X01K2E00919Q65T0\', \'DETO20FHCRL19Q0701Q0930T2667B2\', \'2019070A1092JI30X9826\', \'starfighter_one_by_meckanicalmind-d5ios8k.jpg\', \'1\', \'Pfsh-20180730111215O514\', \'0\', NULL, \'upload//2019/07/01/TRX_2019_0701_00002D1/starfighter_one_by_meckanicalmind-d5ios8k.jpg\', \'upload//2019/07/01/TRX_2019_0701_00002D1/thumb/starfighter_one_by_meckanicalmind-d5ios8k.jpg\', \'0\', \'45.86\', \'23.28\', \'11\', \'Width : 1300px  Height: 660px (72,72)DPI\', \'30\', \'1\', \'8\', NULL, \'8\', \'2700\', \'0\', \'62100\', \'0\', \'0\', \'0\', \'62100\', NULL, \'0\', \'0\', \'0\', 1, NULL, \'2019-07-01 20:09:19\', \'1\')/n/nUPDATE `m_order_produk_detail` SET `deleted` = 1, `deleted_by` = \'1\'\nWHERE `id_detail_produk_order` = \'DETO2019070EN1093P8I31790\'/n/nUPDATE `order_produk` SET `st_revisi` = 1\nWHERE `id_order` = \'2019070A1092JI30X9826\'', 0, '2019-07-01 20:09:19', 1),
	('2H021K012W400UEUU0915X716NH', 'PO-1', 100, 'SUKSES, tambah data PO dengan kode : PO-1', 25000000, 'INSERT INTO `po_supplier` (`no_po`, `id_supplier`, `total`, `tanggal_kirim`, `created_on`, `created_by`) VALUES (\'PO-1\', \'spl20210116L2158N041017\', 25000000, \'2021-01-24\', \'2021-01-24 00:09:15\', \'1\')INSERT INTO `po_detail` (`id_detail_po`, `id_po`, `id_barang`, `qty`, `id_konversi`, `harga`, `sub_total`, `real_qty`) VALUES (\'2P0210124000915T741\', 1, \'BB20180730100759G547\', \'50\', \'22\', \'250000\', 12500000, 25000)INSERT INTO `po_detail` (`id_detail_po`, `id_po`, `id_barang`, `qty`, `id_konversi`, `harga`, `sub_total`, `real_qty`) VALUES (\'20210124K0009151Z0E14\', 1, \'BB20180730100822M498\', \'50\', \'22\', \'250000\', 12500000, 25000)', 1, '2021-01-24 00:09:15', 1),
	('2HEP0FS200303V103903TV1037DV', '21', 7, 'SUKSES, ubah data user design, dengan ID : 21', 1, 'UPDATE `users` SET `username` = \'design\', `ip` = \'182.253.90.32\', `st_aktif` = \'1\', `password` = \'$2y$10$wefYW0gV1o/KwJE5fUPHmevumMukx6Ip7d6jzvWn3h72TS8noxAuy\', `modified_on` = \'2020-03-03 10:39:02\'\nWHERE `id_user` = \'21\'', 1, '2020-03-03 10:39:03', 1),
	('2HI01907ZX01093026336WW', 'DETO20FHCRL19Q0701Q0930T2667B2', 114, 'SUKSES, tambah data detail order, dengan ID : DETO20FHCRL19Q0701Q0930T2667B2', 1, '\n\nINSERT INTO `m_order_produk_detail` (`id_detail_produk_order`, `kode_universal`, `id_order`, `nama_pekerjaan`, `id_kategori`, `id_produk`, `st_urgent`, `tgl_permintaan_selesai`, `gambar`, `thumbnail`, `st_dimensi`, `p`, `l`, `id_satuan`, `detail_gambar`, `jml_cetak`, `harga_by`, `id_konversi_jml_cetak`, `qty_cetak_by`, `satuan_cetak_by`, `harga_cetak_persatuan_terkecil`, `biaya_design`, `biaya_cetak`, `kenaikan_value`, `kenaikan_persen`, `biaya_finishing`, `sub_total`, `catatan`, `st_finishing`, `st_finishing_standart`, `target_server`, `created_on`, `created_by`) VALUES (\'DETO20FHCRL19Q0701Q0930T2667B2\', \'DETO20FHCRL19Q0701Q0930T2667B2\', \'2019070A1092JI30X9826\', \'starfighter_one_by_meckanicalmind-d5ios8k.jpg\', \'1\', \'Pfsh-20180730111215O514\', 0, \'2019-07-01 14:30\', \'upload//2019/07/01/TRX_2019_0701_00002D1/starfighter_one_by_meckanicalmind-d5ios8k.jpg\', \'upload//2019/07/01/TRX_2019_0701_00002D1/thumb/starfighter_one_by_meckanicalmind-d5ios8k.jpg\', 0, \'45.86\', \'23.28\', \'11\', \'Width : 1300px  Height: 660px (72,72)DPI\', \'23\', \'1\', \'8\', NULL, \'8\', \'2700\', \'0\', \'62100\', \'0\', \'\', 0, 62100, \'\', \'0\', 0, \'0\', \'2019-07-01 09:30:26\', \'1\')', 1, '2019-07-01 09:30:26', 1),
	('2I01VLY907011G6422Q4564SB', '-', 161, 'SUKSES, SUKSES, simpan data kasir, id = 2019X0K70CS1I1JND64M224690', 1000000, 'UPDATE `kas_kasir` SET `st_reuse` = 1, `idkas_kasir_reuse` = \'2019X0K70CS1I1JND64M224690\'\nWHERE `idkas_kasir` = \'20190I70109F255592A2\';\n\nINSERT INTO `kas_kasir` (`idkas_kasir`, `idkas_kasir_sumber`, `waktu_buat`, `saldo_awal`, `created_on`, `created_by`) VALUES (\'2019X0K70CS1I1JND64M224690\', \'20190I70109F255592A2\', \'2019-07-01 16:42:24\', \'1000000\', \'2019-07-01 16:42:24\', \'1\');\n\nINSERT INTO `kas_kasir_detail` (`idkas_kasir_detail`, `idkas_kasir`, `st_saldo_awal`, `waktu`, `ket`, `jumlah`, `status`, `saldo`, `created_on`, `created_by`) VALUES (\'20190701F1642S24229\', \'2019X0K70CS1I1JND64M224690\', \'1\', \'2019-07-01 16:42:24\', \'Saldo Awal\', \'1000000\', \'1\', 1000000, \'2019-07-01 16:42:24\', \'1\')', 1, '2019-07-01 16:42:24', 1),
	('2I021010800R122I9499X', 'spkMI20210F10T80011321W004', 130, 'SUKSES, Update st_ambail SPK, dengan ID : spkMI20210F10T80011321W004', 1, 'UPDATE `spk` SET `st_ambil` = 1, `id_user` = \'1\', `waktu_ambil` = \'2021-01-08 00:12:29\'\nWHERE `idspk` = \'spkMI20210F10T80011321W004\'', 1, '2021-01-08 00:12:29', 1),
	('2I0210ZX108TNAB002045VV61B4', '36', 6, 'SUKSES, tambah user fachru, dengan ID : 36', 1, 'INSERT INTO `user_groups` (`id_user`, `id_group`) VALUES (36, \'9\')', 1, '2021-01-08 00:20:45', 1),
	('2I0O19UC0702L0H938E1H9XE563', 'TMPP2019B070X2D09381959U4', 130, 'SUKSES, Tambah Data tmp_produksi dengan ID : TMPP2019B070X2D09381959U4', 1, 'INSERT INTO `tmp_produksi` (`idtmp_produksi`, `id_transaksi`, `id_order`, `id_detail_order`, `idspk`, `created_on`, `created_by`) VALUES (\'TMPP2019B070X2D09381959U4\', \'2019V0G702091430812\', \'S20190B7Z0O20M91F40753L4P\', \'DETO2XW019070ZVZR2091S4A07Z237\', \'spk2019070C209143145JP2\', \'2019-07-02 09:38:19\', \'1\')', 1, '2019-07-02 09:38:19', 1),
	('2J0210D1C1T00818367Z0E0', 'TMPP20G210110W08N18361Y335', 130, 'SUKSES, Tambah Data tmp_produksi dengan ID : TMPP20G210110W08N18361Y335', 1, 'INSERT INTO `tmp_produksi` (`idtmp_produksi`, `id_transaksi`, `id_order`, `id_detail_order`, `idspk`, `created_on`, `created_by`) VALUES (\'TMPP20G210110W08N18361Y335\', \'202I101D1ZAF00818C2U7894BL\', \'2B021Z0A1100817425H18S\', \'DETO20G2XZ1011W0S0B81742629\', \'spk2021011008F18271032H\', \'2021-01-10 08:18:36\', \'1\')', 1, '2021-01-10 08:18:36', 1),
	('2K0A190702E09V340F51H0K9D1T', '20Q19KX070209C34K0Z57H4NH0', 110, 'Sukses, simpan data transaksi referensi, id = 20Q19KX070209C34K0Z57H4NH0', 0, '\n\nUPDATE `transaksi` SET `st_history` = 1\nWHERE `id_trans_ref_asli` = \'2019V0G702091430812\'\n\nUPDATE `transaksi` SET `st_ref` = 1\nWHERE `id_transaksi` = \'2019V0G702091430812\'\n\nINSERT INTO `transaksi` (`id_transaksi`, `waktu`, `no_faktur`, `id_order`, `st_trans_master`, `id_trans_ref_asli`, `lama_tempo`, `tgl_tempo`, `total`, `diskon`, `potongan`, `pajak`, `grand_total`, `st_metode_bayar`, `nilai_dp`, `bayar`, `kurang_bayar`, `lebih_bayar`, `st_produksi`, `st_lunas`, `created_on`, `created_by`) VALUES (\'20Q19KX070209C34K0Z57H4NH0\', \'2019-07-02 09:34:05\', \'VLB/2019/07/02-00002\', \'S20190B7Z0O20M91F40753L4P\', 0, \'2019V0G702091430812\', \'1\', \'2019-07-02\', \'3215344\', \'\', \'\', NULL, \'3215400\', \'4\', \'0\', \'0\', 0, \'0\', 1, 0, \'2019-07-02 09:34:05\', \'1\')\n\nINSERT INTO `transaksi_detail` (`biaya_cetak`, `biaya_design`, `biaya_finishing`, `created_by`, `created_on`, `diskon`, `harga_by_satuan`, `id_detail_produk_order`, `id_transaksi`, `id_transaksi_detail`, `pot_kecil`, `potongan`, `satuan_harga_by`, `st_ubahan`, `subtotal`) VALUES (\'23000\',\'0\',\'0\',\'1\',\'2019-07-02 09:34:05\',\'0\',\'2300\',\'DETO2XW019070ZVZR2091S4A07Z237\',\'20Q19KX070209C34K0Z57H4NH0\',\'20190M70O209S34GO053G1T3P\',\'0\',\'0\',\'8\',\'0\',\'23000\'), (\'2329177.5616\',\'0\',\'0\',\'1\',\'2019-07-02 09:34:05\',\'0\',\'34000\',\'DETO201907X0NE2ZW09UGJ18296H51E\',\'20Q19KX070209C34K0Z57H4NH0\',\'201LL90R70O2093T40Q5234\',\'0\',\'0\',\'3\',\'0\',\'2329177.5616\'), (\'863165.80224\',\'0\',\'0\',\'1\',\'2019-07-02 09:34:05\',\'0\',\'21000\',\'DETOX201907Z02093B3XI311RU0B45\',\'20Q19KX070209C34K0Z57H4NH0\',\'GP20190JH702Q0F93405410\',\'0\',\'0\',\'3\',\'0\',\'863165.80224\')\n\nUPDATE `order_produk` SET `st_revisi` = 2\nWHERE `id_order` = \'S20190B7Z0O20M91F40753L4P\'', 0, '2019-07-02 09:34:05', 1),
	('2K0P1907F010914107A73', 'DETO2Q01M907EH0W1F09BOF141026N8', 114, 'SUKSES, tambah data detail order, dengan ID : DETO2Q01M907EH0W1F09BOF141026N8', 1, 'INSERT INTO `order_produk_detail` (`id_detail_produk_order`, `kode_universal`, `id_order`, `nama_pekerjaan`, `id_kategori`, `id_produk`, `st_urgent`, `tgl_permintaan_selesai`, `gambar`, `thumbnail`, `st_dimensi`, `p`, `l`, `id_satuan`, `detail_gambar`, `jml_cetak`, `harga_by`, `id_konversi_jml_cetak`, `qty_cetak_by`, `satuan_cetak_by`, `harga_cetak_persatuan_terkecil`, `biaya_design`, `biaya_cetak`, `kenaikan_value`, `kenaikan_persen`, `biaya_finishing`, `sub_total`, `catatan`, `st_finishing`, `st_finishing_standart`, `target_server`, `created_on`, `created_by`) VALUES (\'DETO2Q01M907EH0W1F09BOF141026N8\', \'DETO2Q01M907EH0W1F09BOF141026N8\', \'2019070109141V0I995\', \'Zenal TAS 2_300x110_280_LES_2x cetak.tif\', \'2\', \'Pfsh-201P8092EA41553W44934E\', 0, \'2019-07-01 14:14\', \'upload//2019/07/01/TRX_2019_0701_00001D1/Zenal-TAS-2_300x110_280_LES_2x-cetak.tif\', \'upload//2019/07/01/TRX_2019_0701_00001D1/thumb/Zenal-TAS-2_300x110_280_LES_2x-cetak.jpg\', 0, \'303.04\', \'113.03\', \'11\', \'Width : 8590px  Height: 3204px (71.9999771118164,71.9999771118164)DPI\', \'20\', \'1\', \'8\', NULL, \'3\', \'13000\', \'0\', \'890567.8912000001\', \'0\', \'\', 0, 890567.8912, \'\', \'0\', 0, \'0\', \'2019-07-01 09:14:10\', \'1\')\n\nINSERT INTO `m_order_produk_detail` (`id_detail_produk_order`, `kode_universal`, `id_order`, `nama_pekerjaan`, `id_kategori`, `id_produk`, `st_urgent`, `tgl_permintaan_selesai`, `gambar`, `thumbnail`, `st_dimensi`, `p`, `l`, `id_satuan`, `detail_gambar`, `jml_cetak`, `harga_by`, `id_konversi_jml_cetak`, `qty_cetak_by`, `satuan_cetak_by`, `harga_cetak_persatuan_terkecil`, `biaya_design`, `biaya_cetak`, `kenaikan_value`, `kenaikan_persen`, `biaya_finishing`, `sub_total`, `catatan`, `st_finishing`, `st_finishing_standart`, `target_server`, `created_on`, `created_by`) VALUES (\'DETO2Q01M907EH0W1F09BOF141026N8\', \'DETO2Q01M907EH0W1F09BOF141026N8\', \'2019070109141V0I995\', \'Zenal TAS 2_300x110_280_LES_2x cetak.tif\', \'2\', \'Pfsh-201P8092EA41553W44934E\', 0, \'2019-07-01 14:14\', \'upload//2019/07/01/TRX_2019_0701_00001D1/Zenal-TAS-2_300x110_280_LES_2x-cetak.tif\', \'upload//2019/07/01/TRX_2019_0701_00001D1/thumb/Zenal-TAS-2_300x110_280_LES_2x-cetak.jpg\', 0, \'303.04\', \'113.03\', \'11\', \'Width : 8590px  Height: 3204px (71.9999771118164,71.9999771118164)DPI\', \'20\', \'1\', \'8\', NULL, \'3\', \'13000\', \'0\', \'890567.8912000001\', \'0\', \'\', 0, 890567.8912, \'\', \'0\', 0, \'0\', \'2019-07-01 09:14:10\', \'1\')', 1, '2019-07-01 09:14:10', 1),
	('2L01F9N0701094A1E35E4D49', 'PROD2XB0190701094X1R35T781S', 176, 'SUKSES, tambah data produksi dengan ID : PROD2XB0190701094X1R35T781S', 1, 'INSERT INTO `produksi` (`idproduksi`, `kode_universal`, `idspk`, `jml_cetak`, `created_on`, `created_by`) VALUES (\'PROD2XB0190701094X1R35T781S\', \'DETOESC20Y1D90J701092309584\', \'spk201AYBZV907GI0109L2854499\', \'30\', \'2019-07-01 09:41:35\', \'1\')/n/nINSERT INTO `produksi_detail` (`created_by`, `created_on`, `id_konversi`, `idbarang_bb`, `iddetail_produksi`, `idproduksi`, `qty`, `tipe`) VALUES (\'1\',\'2019-07-01 09:41:35\',\'5\',\'BB20180730103406B508\',\'DPROD20O1U90F70TLG1094135171\',\'PROD2XB0190701094X1R35T781S\',102757833.6,0)', 1, '2019-07-01 09:41:35', 1),
	('2M01912172223BM4340D5', 'DETO201VC912E17222343526', 114, 'SUKSES, tambah data detail order, dengan ID : DETO201VC912E17222343526', 1, 'INSERT INTO `order_produk_detail` (`id_detail_produk_order`, `kode_universal`, `id_order`, `nama_pekerjaan`, `id_kategori`, `id_produk`, `st_urgent`, `tgl_permintaan_selesai`, `gambar`, `thumbnail`, `st_dimensi`, `p`, `l`, `id_satuan`, `detail_gambar`, `jml_cetak`, `harga_by`, `id_konversi_jml_cetak`, `qty_cetak_by`, `satuan_cetak_by`, `harga_cetak_persatuan_terkecil`, `biaya_design`, `biaya_cetak`, `kenaikan_value`, `kenaikan_persen`, `biaya_finishing`, `sub_total`, `catatan`, `st_finishing`, `st_finishing_standart`, `target_server`, `created_on`, `created_by`) VALUES (\'DETO201VC912E17222343526\', \'DETO201VC912E17222343526\', \'2019FF1X21PZ72223QL43658\', \'images (3).jpg\', \'1\', \'Pfsh-20180730111215O514\', 0, \'2019-12-18 03:23\', \'upload//2019/12/17/TRX_2019_1217_00002D1/images-(3).jpg\', \'upload//2019/12/17/TRX_2019_1217_00002D1/thumb/images-(3).jpg\', 1, \'42.00\', \'29.70\', \'11\', \'\', \'100\', \'\', \'8\', NULL, \'\', \'\', \'0\', \'\', \'\', \'\', 0, 0, \'\', \'0\', 0, \'0\', \'2019-12-17 22:23:43\', \'1\')\n\nINSERT INTO `m_order_produk_detail` (`id_detail_produk_order`, `kode_universal`, `id_order`, `nama_pekerjaan`, `id_kategori`, `id_produk`, `st_urgent`, `tgl_permintaan_selesai`, `gambar`, `thumbnail`, `st_dimensi`, `p`, `l`, `id_satuan`, `detail_gambar`, `jml_cetak`, `harga_by`, `id_konversi_jml_cetak`, `qty_cetak_by`, `satuan_cetak_by`, `harga_cetak_persatuan_terkecil`, `biaya_design`, `biaya_cetak`, `kenaikan_value`, `kenaikan_persen`, `biaya_finishing`, `sub_total`, `catatan`, `st_finishing`, `st_finishing_standart`, `target_server`, `created_on`, `created_by`) VALUES (\'DETO201VC912E17222343526\', \'DETO201VC912E17222343526\', \'2019FF1X21PZ72223QL43658\', \'images (3).jpg\', \'1\', \'Pfsh-20180730111215O514\', 0, \'2019-12-18 03:23\', \'upload//2019/12/17/TRX_2019_1217_00002D1/images-(3).jpg\', \'upload//2019/12/17/TRX_2019_1217_00002D1/thumb/images-(3).jpg\', 1, \'42.00\', \'29.70\', \'11\', \'\', \'100\', \'\', \'8\', NULL, \'\', \'\', \'0\', \'\', \'\', \'\', 0, 0, \'\', \'0\', 0, \'0\', \'2019-12-17 22:23:43\', \'1\')', 1, '2019-12-17 22:23:43', 1),
	('2M0V2101080011NN3E236L9WYI', 'R2XZ0H210N1080H01132QI116Q0', 110, 'Sukses, simpan data transaksi id = R2XZ0H210N1080H01132QI116Q0', 127000, 'INSERT INTO `transaksi` (`id_transaksi`, `waktu`, `no_faktur`, `id_order`, `id_trans_ref_asli`, `lama_tempo`, `tgl_tempo`, `total`, `diskon`, `potongan`, `pajak`, `grand_total`, `st_metode_bayar`, `nilai_dp`, `bayar`, `kurang_bayar`, `lebih_bayar`, `st_produksi`, `st_lunas`, `created_on`, `created_by`) VALUES (\'R2XZ0H210N1080H01132QI116Q0\', \'2021-01-08 00:11:32\', \'VLB/2021/01/08-00001\', \'2J020Z03HW031Q1WYK05381J507\', \'R2XZ0H210N1080H01132QI116Q0\', 0, NULL, \'127000\', \'\', \'\', NULL, \'127000\', 0, 0, 127000, 0, 0, \'1\', 1, \'2021-01-08 00:11:32\', \'1\')\n\nUPDATE `order_produk` SET `st_kasir` = 1, `st_nota` = 1, `st_revisi` = 0\nWHERE `id_order` = \'2J020Z03HW031Q1WYK05381J507\'\n\nINSERT INTO `transaksi_detail` (`biaya_cetak`, `biaya_design`, `biaya_finishing`, `created_by`, `created_on`, `diskon`, `harga_by_satuan`, `id_detail_produk_order`, `id_transaksi`, `id_transaksi_detail`, `pot_kecil`, `potongan`, `satuan_harga_by`, `st_ubahan`, `subtotal`) VALUES (\'112000\',\'15000\',\'0\',\'1\',\'2021-01-08 00:11:32\',\'0\',\'28000\',\'DETOX202003B0U31F1WV1B2S3A998V6\',\'R2XZ0H210N1080H01132QI116Q0\',\'T20210H1H08001132872\',\'0\',\'0\',\'3\',\'0\',\'127000\')\n\nINSERT INTO `log_status_proses` (`idlog_status_proses`, `id_detail_produk_order`, `kode_universal`, `idlokasi_proses`, `idket_proses_order`, `jml_cetak`, `created_on`, `created_by`) VALUES (\'202101U0800113M23O42\', \'DETOX202003B0U31F1WV1B2S3A998V6\', \'DETO20200303110D53AT81324\', 1, 1, 0, \'2021-01-08 00:11:32\', \'1\')', 0, '2021-01-08 00:11:32', 1),
	('2MTV02101R1D0081Y742Q141B8', 'DETO20G2XZ1011W0S0B81742629', 114, 'SUKSES, tambah data detail order, dengan ID : DETO20G2XZ1011W0S0B81742629', 1, 'INSERT INTO `order_produk_detail` (`id_detail_produk_order`, `kode_universal`, `id_order`, `nama_pekerjaan`, `id_kategori`, `id_produk`, `st_urgent`, `tgl_permintaan_selesai`, `gambar`, `thumbnail`, `st_dimensi`, `p`, `l`, `id_satuan`, `detail_gambar`, `jml_cetak`, `harga_by`, `id_konversi_jml_cetak`, `qty_cetak_by`, `satuan_cetak_by`, `harga_cetak_persatuan_terkecil`, `biaya_design`, `biaya_cetak`, `kenaikan_value`, `kenaikan_persen`, `biaya_finishing`, `sub_total`, `catatan`, `st_finishing`, `st_finishing_standart`, `target_server`, `created_on`, `created_by`) VALUES (\'DETO20G2XZ1011W0S0B81742629\', \'DETO20G2XZ1011W0S0B81742629\', \'2B021Z0A1100817425H18S\', \'logo monitor.jpg\', \'1\', \'Pfsh-20180730112308Z482\', 0, \'2021-01-10 20:17\', \'upload//2021/01/10/TRX_2021_0110_00001D1/logo-monitor.jpg\', \'upload//2021/01/10/TRX_2021_0110_00001D1/thumb/logo-monitor.jpg\', 1, \'1.00\', \'1.00\', \'11\', \'\', \'20\', \'1\', \'8\', NULL, \'8\', \'1500\', \'0\', \'30000\', \'0\', \'\', 0, 30000, \'\', \'0\', 0, \'0\', \'2021-01-10 08:17:42\', \'1\')\n\nINSERT INTO `m_order_produk_detail` (`id_detail_produk_order`, `kode_universal`, `id_order`, `nama_pekerjaan`, `id_kategori`, `id_produk`, `st_urgent`, `tgl_permintaan_selesai`, `gambar`, `thumbnail`, `st_dimensi`, `p`, `l`, `id_satuan`, `detail_gambar`, `jml_cetak`, `harga_by`, `id_konversi_jml_cetak`, `qty_cetak_by`, `satuan_cetak_by`, `harga_cetak_persatuan_terkecil`, `biaya_design`, `biaya_cetak`, `kenaikan_value`, `kenaikan_persen`, `biaya_finishing`, `sub_total`, `catatan`, `st_finishing`, `st_finishing_standart`, `target_server`, `created_on`, `created_by`) VALUES (\'DETO20G2XZ1011W0S0B81742629\', \'DETO20G2XZ1011W0S0B81742629\', \'2B021Z0A1100817425H18S\', \'logo monitor.jpg\', \'1\', \'Pfsh-20180730112308Z482\', 0, \'2021-01-10 20:17\', \'upload//2021/01/10/TRX_2021_0110_00001D1/logo-monitor.jpg\', \'upload//2021/01/10/TRX_2021_0110_00001D1/thumb/logo-monitor.jpg\', 1, \'1.00\', \'1.00\', \'11\', \'\', \'20\', \'1\', \'8\', NULL, \'8\', \'1500\', \'0\', \'30000\', \'0\', \'\', 0, 30000, \'\', \'0\', 0, \'0\', \'2021-01-10 08:17:42\', \'1\')', 1, '2021-01-10 08:17:42', 1),
	('2N01PZ91W2Y14D1D04Y700889R', '20191214O104V70T01405', 115, 'SUKSES, Update data list harga order dengan id_order : 20191214O104V70T01405', 1, '\n\nUPDATE `order_produk_detail` SET `harga_cetak_persatuan_terkecil` = \'2300\', `qty_cetak_by` = \'1\', `satuan_cetak_by` = \'8\', `harga_by` = \'1\', `kenaikan_value` = 0, `biaya_cetak` = 27600, `sub_total` = 27600\nWHERE `id_detail_produk_order` = \'DETO20D19L12KL141B0470074K8AW\'\n\nUPDATE `m_order_produk_detail` SET `harga_cetak_persatuan_terkecil` = \'2300\', `qty_cetak_by` = \'1\', `satuan_cetak_by` = \'8\', `harga_by` = \'1\', `kenaikan_value` = 0, `biaya_cetak` = 27600, `sub_total` = 27600\nWHERE `id_detail_produk_order` = \'DETO20D19L12KL141B0470074K8AW\'', 1, '2019-12-14 10:47:00', 1),
	('2O01912I14103014943', '201912141030J141030ZTGT', 115, 'SUKSES, Update data Total Order : 201912141030J141030ZTGT', 1, 'UPDATE `order_produk` SET `total_value_order` = 18000\nWHERE `id_order` = \'201912141030J141030ZTGT\'', 1, '2019-12-14 10:30:14', 1),
	('2Q0191C21U41UV03I64213X0T5', '20191K2141N036281V049', 115, 'SUKSES, Update data Total Order : 20191K2141N036281V049', 1, 'UPDATE `order_produk` SET `total_value_order` = 56000\nWHERE `id_order` = \'20191K2141N036281V049\'', 1, '2019-12-14 10:36:42', 1),
	('2Q021111107P2KW01N0760', '202111LY1107200B9D707B', 115, 'SUKSES, Update data Total Order : 202111LY1107200B9D707B', 1, 'UPDATE `order_produk` SET `total_value_order` = 9000\nWHERE `id_order` = \'202111LY1107200B9D707B\'', 1, '2021-11-11 07:20:10', 1),
	('2Q0C21111003A55LT13104UF4', '32', 8, 'SUKSES, hapus data user dengan ID : 32', 1, 'UPDATE `users` SET `deleted` = 1\nWHERE `id_user` = \'32\'', 1, '2021-11-10 03:55:13', 1),
	('2Q0I2Z11B1100355V13M66UN0ZC', '21', 8, 'SUKSES, hapus data user dengan ID : 21', 1, 'UPDATE `users` SET `deleted` = 1\nWHERE `id_user` = \'21\'', 1, '2021-11-10 03:55:13', 1),
	('2R0200R3031111001116', 'A20G200303111I10099Y5', 115, 'SUKSES, Update data list harga order dengan id_order : A20G200303111I10099Y5', 1, '\n\nUPDATE `order_produk_detail` SET `harga_cetak_persatuan_terkecil` = \'4000\', `qty_cetak_by` = \'1\', `satuan_cetak_by` = \'8\', `harga_by` = \'1\', `kenaikan_value` = 0, `biaya_cetak` = 8000, `sub_total` = 8000\nWHERE `id_detail_produk_order` = \'DETO2B020030311R1P1001539J\'\n\nUPDATE `m_order_produk_detail` SET `harga_cetak_persatuan_terkecil` = \'4000\', `qty_cetak_by` = \'1\', `satuan_cetak_by` = \'8\', `harga_by` = \'1\', `kenaikan_value` = 0, `biaya_cetak` = 8000, `sub_total` = 8000\nWHERE `id_detail_produk_order` = \'DETO2B020030311R1P1001539J\'', 1, '2020-03-03 11:11:00', 1),
	('2SCI019JZ070209OC030Q4859', 'DETOJ2019Z07I0K20903035L99', 114, 'SUKSES, tambah data detail order, dengan ID : DETOJ2019Z07I0K20903035L99', 1, 'INSERT INTO `order_produk_detail` (`id_detail_produk_order`, `kode_universal`, `id_order`, `nama_pekerjaan`, `id_kategori`, `id_produk`, `st_urgent`, `tgl_permintaan_selesai`, `gambar`, `thumbnail`, `st_dimensi`, `p`, `l`, `id_satuan`, `detail_gambar`, `jml_cetak`, `harga_by`, `id_konversi_jml_cetak`, `qty_cetak_by`, `satuan_cetak_by`, `harga_cetak_persatuan_terkecil`, `biaya_design`, `biaya_cetak`, `kenaikan_value`, `kenaikan_persen`, `biaya_finishing`, `sub_total`, `catatan`, `st_finishing`, `st_finishing_standart`, `target_server`, `created_on`, `created_by`) VALUES (\'DETOJ2019Z07I0K20903035L99\', \'DETOJ2019Z07I0K20903035L99\', \'20FM19C0T7O0G2090303418\', \'Valvrave[Animefullfights.com].jpg\', \'1\', \'Pfsh-20180730112308Z482\', 0, \'2019-07-02 14:03\', \'upload//2019/07/02/TRX_2019_0702_00001D1/Valvrave[Animefullfights.com].jpg\', \'upload//2019/07/02/TRX_2019_0702_00001D1/thumb/Valvrave[Animefullfights.jpg\', 0, \'4876.80\', \'2743.20\', \'11\', \'Width : 1920px  Height: 1080px (1,1)DPI\', \'21\', \'1\', \'8\', NULL, \'8\', \'1500\', \'0\', \'31500\', \'0\', \'\', 0, 31500, \'\', \'0\', 0, \'0\', \'2019-07-02 09:03:03\', \'1\')\n\nINSERT INTO `m_order_produk_detail` (`id_detail_produk_order`, `kode_universal`, `id_order`, `nama_pekerjaan`, `id_kategori`, `id_produk`, `st_urgent`, `tgl_permintaan_selesai`, `gambar`, `thumbnail`, `st_dimensi`, `p`, `l`, `id_satuan`, `detail_gambar`, `jml_cetak`, `harga_by`, `id_konversi_jml_cetak`, `qty_cetak_by`, `satuan_cetak_by`, `harga_cetak_persatuan_terkecil`, `biaya_design`, `biaya_cetak`, `kenaikan_value`, `kenaikan_persen`, `biaya_finishing`, `sub_total`, `catatan`, `st_finishing`, `st_finishing_standart`, `target_server`, `created_on`, `created_by`) VALUES (\'DETOJ2019Z07I0K20903035L99\', \'DETOJ2019Z07I0K20903035L99\', \'20FM19C0T7O0G2090303418\', \'Valvrave[Animefullfights.com].jpg\', \'1\', \'Pfsh-20180730112308Z482\', 0, \'2019-07-02 14:03\', \'upload//2019/07/02/TRX_2019_0702_00001D1/Valvrave[Animefullfights.com].jpg\', \'upload//2019/07/02/TRX_2019_0702_00001D1/thumb/Valvrave[Animefullfights.jpg\', 0, \'4876.80\', \'2743.20\', \'11\', \'Width : 1920px  Height: 1080px (1,1)DPI\', \'21\', \'1\', \'8\', NULL, \'8\', \'1500\', \'0\', \'31500\', \'0\', \'\', 0, 31500, \'\', \'0\', 0, \'0\', \'2019-07-02 09:03:04\', \'1\')', 1, '2019-07-02 09:03:04', 1),
	('2X01BW90916Q090307869R', 'spk20L190702093D443J6I3I6', 176, 'SUKSES, tambah data produksi dengan ID SPK : spk20L190702093D443J6I3I6', 1, 'INSERT INTO `produksi` (`idproduksi`, `kode_universal`, `idspk`, `jml_cetak`, `created_on`, `created_by`) VALUES (\'PROD20190X91HD6090307530\', \'DETOK20T190O702093443742\', \'spk20L190702093D443J6I3I6\', \'0\', \'2019-09-16 09:03:07\', \'1\')/n/nINSERT INTO `produksi_detail` (`created_by`, `created_on`, `id_konversi`, `idbarang_bb`, `iddetail_produksi`, `idproduksi`, `qty`, `tipe`) VALUES (\'1\',\'2019-09-16 09:03:07\',\'1\',\'BB20180730100845V507\',\'DPROD2019YDO0N916H090307XLZ112F7\',\'PROD20190X91HD6090307530\',\'0\',0), (\'1\',\'2019-09-16 09:03:07\',\'1\',\'1\',\'DPROD20E19Q0L916090M307907WA\',\'PROD20190X91HD6090307530\',\'0\',0), (\'1\',\'2019-09-16 09:03:07\',\'1\',\'BB20180730100845V507\',\'DPRODB201Z909160903071503\',\'PROD20190X91HD6090307530\',12,0), (\'1\',\'2019-09-16 09:03:07\',\'1\',\'1\',\'DPROD20190916Y0J90R307756\',\'PROD20190X91HD6090307530\',12,0)', 1, '2019-09-16 09:03:07', 1),
	('2Y0MX2111100R35CFJS51310E62W', '19', 8, 'SUKSES, hapus data user dengan ID : 19', 1, 'UPDATE `users` SET `deleted` = 1\nWHERE `id_user` = \'19\'', 1, '2021-11-10 03:55:13', 1),
	('2ZE0Y19V1IH214103A2K31973', '2L0G191214103231857', 115, 'SUKSES, Update data list harga order dengan id_order : 2L0G191214103231857', 1, '\n\nUPDATE `order_produk_detail` SET `harga_cetak_persatuan_terkecil` = \'3000\', `qty_cetak_by` = \'1\', `satuan_cetak_by` = \'8\', `harga_by` = \'1\', `kenaikan_value` = 0, `biaya_cetak` = 36000, `sub_total` = 36000\nWHERE `id_detail_produk_order` = \'DETOF20191E214D103B231648\'\n\nUPDATE `m_order_produk_detail` SET `harga_cetak_persatuan_terkecil` = \'3000\', `qty_cetak_by` = \'1\', `satuan_cetak_by` = \'8\', `harga_by` = \'1\', `kenaikan_value` = 0, `biaya_cetak` = 36000, `sub_total` = 36000\nWHERE `id_detail_produk_order` = \'DETOF20191E214D103B231648\'', 1, '2019-12-14 10:32:31', 1),
	('A20C19K1214I1Y047001173', 'DETO20D19L12KL141B0470074K8AW', 114, 'SUKSES, tambah data detail order, dengan ID : DETO20D19L12KL141B0470074K8AW', 1, 'INSERT INTO `order_produk_detail` (`id_detail_produk_order`, `kode_universal`, `id_order`, `nama_pekerjaan`, `id_kategori`, `id_produk`, `st_urgent`, `tgl_permintaan_selesai`, `gambar`, `thumbnail`, `st_dimensi`, `p`, `l`, `id_satuan`, `detail_gambar`, `jml_cetak`, `harga_by`, `id_konversi_jml_cetak`, `qty_cetak_by`, `satuan_cetak_by`, `harga_cetak_persatuan_terkecil`, `biaya_design`, `biaya_cetak`, `kenaikan_value`, `kenaikan_persen`, `biaya_finishing`, `sub_total`, `catatan`, `st_finishing`, `st_finishing_standart`, `target_server`, `created_on`, `created_by`) VALUES (\'DETO20D19L12KL141B0470074K8AW\', \'DETO20D19L12KL141B0470074K8AW\', \'20191214O104V70T01405\', \'sh003_sk_0001.jpg\', \'1\', \'Pfsh-20180730112606G542\', 0, \'2019-12-14 15:47\', \'upload//2019/12/14/TRX_2019_1214_00004D1/sh003_sk_0001.jpg\', \'upload//2019/12/14/TRX_2019_1214_00004D1/thumb/sh003_sk_0001.jpg\', 1, \'42.00\', \'29.70\', \'11\', \'\', \'12\', \'1\', \'8\', NULL, \'8\', \'2300\', \'0\', \'27600\', \'0\', \'\', 0, 27600, \'\', \'0\', 0, \'0\', \'2019-12-14 10:47:00\', \'1\')\n\nINSERT INTO `m_order_produk_detail` (`id_detail_produk_order`, `kode_universal`, `id_order`, `nama_pekerjaan`, `id_kategori`, `id_produk`, `st_urgent`, `tgl_permintaan_selesai`, `gambar`, `thumbnail`, `st_dimensi`, `p`, `l`, `id_satuan`, `detail_gambar`, `jml_cetak`, `harga_by`, `id_konversi_jml_cetak`, `qty_cetak_by`, `satuan_cetak_by`, `harga_cetak_persatuan_terkecil`, `biaya_design`, `biaya_cetak`, `kenaikan_value`, `kenaikan_persen`, `biaya_finishing`, `sub_total`, `catatan`, `st_finishing`, `st_finishing_standart`, `target_server`, `created_on`, `created_by`) VALUES (\'DETO20D19L12KL141B0470074K8AW\', \'DETO20D19L12KL141B0470074K8AW\', \'20191214O104V70T01405\', \'sh003_sk_0001.jpg\', \'1\', \'Pfsh-20180730112606G542\', 0, \'2019-12-14 15:47\', \'upload//2019/12/14/TRX_2019_1214_00004D1/sh003_sk_0001.jpg\', \'upload//2019/12/14/TRX_2019_1214_00004D1/thumb/sh003_sk_0001.jpg\', 1, \'42.00\', \'29.70\', \'11\', \'\', \'12\', \'1\', \'8\', NULL, \'8\', \'2300\', \'0\', \'27600\', \'0\', \'\', 0, 27600, \'\', \'0\', 0, \'0\', \'2019-12-14 10:47:00\', \'1\')', 1, '2019-12-14 10:47:00', 1),
	('B201D9070D209MM3G44D3698', 'DETOK20T190O702093443742', 114, 'SUKSES, tambah data detail order, dengan ID : DETOK20T190O702093443742', 1, '\n\nINSERT INTO `m_order_produk_detail` (`id_detail_produk_order`, `kode_universal`, `id_order`, `nama_pekerjaan`, `id_kategori`, `id_produk`, `st_urgent`, `tgl_permintaan_selesai`, `gambar`, `thumbnail`, `st_dimensi`, `p`, `l`, `id_satuan`, `detail_gambar`, `jml_cetak`, `harga_by`, `id_konversi_jml_cetak`, `qty_cetak_by`, `satuan_cetak_by`, `harga_cetak_persatuan_terkecil`, `biaya_design`, `biaya_cetak`, `kenaikan_value`, `kenaikan_persen`, `biaya_finishing`, `sub_total`, `catatan`, `st_finishing`, `st_finishing_standart`, `target_server`, `created_on`, `created_by`) VALUES (\'DETOK20T190O702093443742\', \'DETOK20T190O702093443742\', \'S20190B7Z0O20M91F40753L4P\', \'Robot Mecha Firing Girl female hd wallpaper for desktop .jpg\', \'1\', \'Pfsh-20180730113050Z526\', 0, \'2019-07-02 14:34\', \'upload//2019/07/02/TRX_2019_0702_00002D1/Robot-Mecha-Firing-Girl-female-hd-wallpaper-for-desktop-.jpg\', \'upload//2019/07/02/TRX_2019_0702_00002D1/thumb/Robot-Mecha-Firing-Girl-female-hd-wallpaper-for-desktop-.jpg\', 0, \'14.86\', \'10.51\', \'11\', \'Width : 2048px  Height: 1448px (350,350)DPI\', \'12\', \'1\', \'8\', NULL, \'8\', \'2400\', \'0\', \'28800\', \'0\', \'\', 0, 28800, \'\', \'0\', 0, \'0\', \'2019-07-02 09:34:43\', \'1\')', 1, '2019-07-02 09:34:43', 1),
	('B20210108002O655D452', 'DETO202101S0800265549W7', 114, 'SUKSES, tambah data detail order, dengan ID : DETO202101S0800265549W7', 1, 'INSERT INTO `order_produk_detail` (`id_detail_produk_order`, `kode_universal`, `id_order`, `nama_pekerjaan`, `id_kategori`, `id_produk`, `st_urgent`, `tgl_permintaan_selesai`, `gambar`, `thumbnail`, `st_dimensi`, `p`, `l`, `id_satuan`, `detail_gambar`, `jml_cetak`, `harga_by`, `id_konversi_jml_cetak`, `qty_cetak_by`, `satuan_cetak_by`, `harga_cetak_persatuan_terkecil`, `biaya_design`, `biaya_cetak`, `kenaikan_value`, `kenaikan_persen`, `biaya_finishing`, `sub_total`, `catatan`, `st_finishing`, `st_finishing_standart`, `target_server`, `created_on`, `created_by`) VALUES (\'DETO202101S0800265549W7\', \'DETO202101S0800265549W7\', \'20MEIRO2M1010800245B65NR51W\', \'Untitled-1.jpg\', \'2\', \'Pfsh-201P8092EA41553W44934E\', 0, \'2021-01-08 12:26\', \'upload//2021/01/08/TRX_2021_0108_00001D36/Untitled-1.jpg\', \'upload//2021/01/08/TRX_2021_0108_00001D36/thumb/Untitled-1.jpg\', 1, \'2.00\', \'1.50\', \'12\', \'\', \'1\', \'1\', \'8\', NULL, \'3\', \'15000\', \'15000\', \'45000\', \'0\', \'\', 0, 60000, \'\', \'0\', 1, \'0\', \'2021-01-08 00:26:55\', \'36\')\n\nINSERT INTO `m_order_produk_detail` (`id_detail_produk_order`, `kode_universal`, `id_order`, `nama_pekerjaan`, `id_kategori`, `id_produk`, `st_urgent`, `tgl_permintaan_selesai`, `gambar`, `thumbnail`, `st_dimensi`, `p`, `l`, `id_satuan`, `detail_gambar`, `jml_cetak`, `harga_by`, `id_konversi_jml_cetak`, `qty_cetak_by`, `satuan_cetak_by`, `harga_cetak_persatuan_terkecil`, `biaya_design`, `biaya_cetak`, `kenaikan_value`, `kenaikan_persen`, `biaya_finishing`, `sub_total`, `catatan`, `st_finishing`, `st_finishing_standart`, `target_server`, `created_on`, `created_by`) VALUES (\'DETO202101S0800265549W7\', \'DETO202101S0800265549W7\', \'20MEIRO2M1010800245B65NR51W\', \'Untitled-1.jpg\', \'2\', \'Pfsh-201P8092EA41553W44934E\', 0, \'2021-01-08 12:26\', \'upload//2021/01/08/TRX_2021_0108_00001D36/Untitled-1.jpg\', \'upload//2021/01/08/TRX_2021_0108_00001D36/thumb/Untitled-1.jpg\', 1, \'2.00\', \'1.50\', \'12\', \'\', \'1\', \'1\', \'8\', NULL, \'3\', \'15000\', \'15000\', \'45000\', \'0\', \'\', 0, 60000, \'\', \'0\', 1, \'0\', \'2021-01-08 00:26:55\', \'36\')', 1, '2021-01-08 00:26:55', 36),
	('B2021I011IM0081836994', 'TMPP20G210110W08N18361Y335', 130, 'SUKSES, Tambah Data tmp_produksi dengan ID : TMPP20G210110W08N18361Y335', 1, 'INSERT INTO `tmp_produksi_detail` (`created_by`, `created_on`, `id_konversi`, `idbarang_bb`, `idtmp_produksi`, `idtmp_produksi_detail`, `qty`, `tipe`) VALUES (\'1\',\'2021-01-10 08:18:36\',\'1\',\'BB20180730100759G547\',\'TMPP20G210110W08N18361Y335\',\'DTMP20UFA210VC11008J18NYOI361111\',20,0), (\'1\',\'2021-01-10 08:18:36\',\'1\',\'2\',\'TMPP20G210110W08N18361Y335\',\'DTMP2021E01100818361087E\',20,0)', 1, '2021-01-10 08:18:36', 1),
	('C202111CN10035513565', '13', 8, 'SUKSES, hapus data user dengan ID : 13', 1, 'UPDATE `users` SET `deleted` = 1\nWHERE `id_user` = \'13\'', 1, '2021-11-10 03:55:13', 1),
	('C2DE01907N041S43743M109D9', 'DETO20K19070Q41437Z43CX6B77', 114, 'SUKSES, tambah data detail order, dengan ID : DETO20K19070Q41437Z43CX6B77', 1, 'INSERT INTO `order_produk_detail` (`id_detail_produk_order`, `kode_universal`, `id_order`, `nama_pekerjaan`, `id_kategori`, `id_produk`, `st_urgent`, `tgl_permintaan_selesai`, `gambar`, `thumbnail`, `st_dimensi`, `p`, `l`, `id_satuan`, `detail_gambar`, `jml_cetak`, `harga_by`, `id_konversi_jml_cetak`, `qty_cetak_by`, `satuan_cetak_by`, `harga_cetak_persatuan_terkecil`, `biaya_design`, `biaya_cetak`, `kenaikan_value`, `kenaikan_persen`, `biaya_finishing`, `sub_total`, `catatan`, `st_finishing`, `st_finishing_standart`, `target_server`, `created_on`, `created_by`) VALUES (\'DETO20K19070Q41437Z43CX6B77\', \'DETO20K19070Q41437Z43CX6B77\', \'T2019L0N7H04143743687XJ\', \'sword-art-online.jpg\', \'1\', \'Pfsh-20180730112308Z482\', 0, \'2019-07-04 19:37\', \'upload//2019/07/04/TRX_2019_0704_00001D1/sword-art-online.jpg\', \'upload//2019/07/04/TRX_2019_0704_00001D1/thumb/sword-art-online.jpg\', 0, \'48.19\', \'27.09\', \'11\', \'Width : 1366px  Height: 768px (72,72)DPI\', \'20\', \'1\', \'8\', NULL, \'8\', \'1500\', \'0\', \'30000\', \'0\', \'\', 0, 30000, \'\', \'0\', 0, \'0\', \'2019-07-04 14:37:43\', \'1\')\n\nINSERT INTO `m_order_produk_detail` (`id_detail_produk_order`, `kode_universal`, `id_order`, `nama_pekerjaan`, `id_kategori`, `id_produk`, `st_urgent`, `tgl_permintaan_selesai`, `gambar`, `thumbnail`, `st_dimensi`, `p`, `l`, `id_satuan`, `detail_gambar`, `jml_cetak`, `harga_by`, `id_konversi_jml_cetak`, `qty_cetak_by`, `satuan_cetak_by`, `harga_cetak_persatuan_terkecil`, `biaya_design`, `biaya_cetak`, `kenaikan_value`, `kenaikan_persen`, `biaya_finishing`, `sub_total`, `catatan`, `st_finishing`, `st_finishing_standart`, `target_server`, `created_on`, `created_by`) VALUES (\'DETO20K19070Q41437Z43CX6B77\', \'DETO20K19070Q41437Z43CX6B77\', \'T2019L0N7H04143743687XJ\', \'sword-art-online.jpg\', \'1\', \'Pfsh-20180730112308Z482\', 0, \'2019-07-04 19:37\', \'upload//2019/07/04/TRX_2019_0704_00001D1/sword-art-online.jpg\', \'upload//2019/07/04/TRX_2019_0704_00001D1/thumb/sword-art-online.jpg\', 0, \'48.19\', \'27.09\', \'11\', \'Width : 1366px  Height: 768px (72,72)DPI\', \'20\', \'1\', \'8\', NULL, \'8\', \'1500\', \'0\', \'30000\', \'0\', \'\', 0, 30000, \'\', \'0\', 0, \'0\', \'2019-07-04 14:37:43\', \'1\')', 1, '2019-07-04 14:37:43', 1),
	('D20M19UK070T2090010967', '20U1907020RE90010540', 115, 'SUKSES, Update data Total Order : 20U1907020RE90010540', 1, 'UPDATE `order_produk` SET `total_value_order` = 18000\nWHERE `id_order` = \'20U1907020RE90010540\'', 1, '2019-07-02 09:00:10', 1),
	('D2S0190701C165555B47R0', 'DETO2O0190701165O5T55148', 114, 'SUKSES, tambah data detail order, dengan ID : DETO2O0190701165O5T55148', 1, '\n\nINSERT INTO `m_order_produk_detail` (`id_detail_produk_order`, `kode_universal`, `id_order`, `nama_pekerjaan`, `id_kategori`, `id_produk`, `st_urgent`, `tgl_permintaan_selesai`, `gambar`, `thumbnail`, `st_dimensi`, `p`, `l`, `id_satuan`, `detail_gambar`, `jml_cetak`, `harga_by`, `id_konversi_jml_cetak`, `qty_cetak_by`, `satuan_cetak_by`, `harga_cetak_persatuan_terkecil`, `biaya_design`, `biaya_cetak`, `kenaikan_value`, `kenaikan_persen`, `biaya_finishing`, `sub_total`, `catatan`, `st_finishing`, `st_finishing_standart`, `target_server`, `created_on`, `created_by`) VALUES (\'DETO2O0190701165O5T55148\', \'DETO2O0190701165O5T55148\', \'2019070A1092JI30X9826\', \'snake-7999-1024x600.jpg\', \'2\', \'Pfsh-2018110915K2117136K4\', 0, \'2019-07-01 21:55\', \'upload//2019/07/01/TRX_2019_0701_00002D1/snake-7999-1024x600.jpg\', \'upload//2019/07/01/TRX_2019_0701_00002D1/thumb/snake-7999-1024x600.jpg\', 0, \'26.01\', \'15.24\', \'11\', \'Width : 1024px  Height: 600px (100,100)DPI\', \'23\', \'1\', \'8\', NULL, \'3\', \'35000\', \'0\', \'35000\', \'0\', \'\', 0, 35000, \'\', \'0\', 0, \'0\', \'2019-07-01 16:55:55\', \'1\')', 1, '2019-07-01 16:55:55', 1),
	('EK20ON1912V141032XWE471N142', 'DETO20191R21UK4V1032P4R7905', 114, 'SUKSES, tambah data detail order, dengan ID : DETO20191R21UK4V1032P4R7905', 1, 'INSERT INTO `order_produk_detail` (`id_detail_produk_order`, `kode_universal`, `id_order`, `nama_pekerjaan`, `id_kategori`, `id_produk`, `st_urgent`, `tgl_permintaan_selesai`, `gambar`, `thumbnail`, `st_dimensi`, `p`, `l`, `id_satuan`, `detail_gambar`, `jml_cetak`, `harga_by`, `id_konversi_jml_cetak`, `qty_cetak_by`, `satuan_cetak_by`, `harga_cetak_persatuan_terkecil`, `biaya_design`, `biaya_cetak`, `kenaikan_value`, `kenaikan_persen`, `biaya_finishing`, `sub_total`, `catatan`, `st_finishing`, `st_finishing_standart`, `target_server`, `created_on`, `created_by`) VALUES (\'DETO20191R21UK4V1032P4R7905\', \'DETO20191R21UK4V1032P4R7905\', \'2L0G191214103231857\', \'botak.jpg\', \'1\', \'Pfsh-20180730111215O514\', 0, \'2019-12-14 15:32\', \'upload//2019/12/14/TRX_2019_1214_00002D1/botak.jpg\', \'upload//2019/12/14/TRX_2019_1214_00002D1/thumb/botak.jpg\', 0, \'42.00\', \'29.70\', \'11\', \'\', \'12\', \'1\', \'8\', NULL, \'8\', \'3000\', \'0\', \'36000\', \'0\', \'\', 0, 36000, \'\', \'0\', 0, \'0\', \'2019-12-14 10:32:47\', \'1\')\n\nINSERT INTO `m_order_produk_detail` (`id_detail_produk_order`, `kode_universal`, `id_order`, `nama_pekerjaan`, `id_kategori`, `id_produk`, `st_urgent`, `tgl_permintaan_selesai`, `gambar`, `thumbnail`, `st_dimensi`, `p`, `l`, `id_satuan`, `detail_gambar`, `jml_cetak`, `harga_by`, `id_konversi_jml_cetak`, `qty_cetak_by`, `satuan_cetak_by`, `harga_cetak_persatuan_terkecil`, `biaya_design`, `biaya_cetak`, `kenaikan_value`, `kenaikan_persen`, `biaya_finishing`, `sub_total`, `catatan`, `st_finishing`, `st_finishing_standart`, `target_server`, `created_on`, `created_by`) VALUES (\'DETO20191R21UK4V1032P4R7905\', \'DETO20191R21UK4V1032P4R7905\', \'2L0G191214103231857\', \'botak.jpg\', \'1\', \'Pfsh-20180730111215O514\', 0, \'2019-12-14 15:32\', \'upload//2019/12/14/TRX_2019_1214_00002D1/botak.jpg\', \'upload//2019/12/14/TRX_2019_1214_00002D1/thumb/botak.jpg\', 0, \'42.00\', \'29.70\', \'11\', \'\', \'12\', \'1\', \'8\', NULL, \'8\', \'3000\', \'0\', \'36000\', \'0\', \'\', 0, 36000, \'\', \'0\', 0, \'0\', \'2019-12-14 10:32:47\', \'1\')', 1, '2019-12-14 10:32:47', 1),
	('G20211110035513Z52DQ3', '17', 8, 'SUKSES, hapus data user dengan ID : 17', 1, 'UPDATE `users` SET `deleted` = 1\nWHERE `id_user` = \'17\'', 1, '2021-11-10 03:55:13', 1),
	('G20211N1FN1B1061054MKP975', '37', 6, 'SUKSES, tambah user operator1, dengan ID : 37', 1, 'INSERT INTO `user_groups` (`id_user`, `id_group`) VALUES (37, \'3\')', 1, '2021-11-11 06:10:54', 1),
	('I201912YHSB1H410E364293B2VB', 'DETO2M019121410TZ3642E1P407', 114, 'SUKSES, tambah data detail order, dengan ID : DETO2M019121410TZ3642E1P407', 1, 'INSERT INTO `order_produk_detail` (`id_detail_produk_order`, `kode_universal`, `id_order`, `nama_pekerjaan`, `id_kategori`, `id_produk`, `st_urgent`, `tgl_permintaan_selesai`, `gambar`, `thumbnail`, `st_dimensi`, `p`, `l`, `id_satuan`, `detail_gambar`, `jml_cetak`, `harga_by`, `id_konversi_jml_cetak`, `qty_cetak_by`, `satuan_cetak_by`, `harga_cetak_persatuan_terkecil`, `biaya_design`, `biaya_cetak`, `kenaikan_value`, `kenaikan_persen`, `biaya_finishing`, `sub_total`, `catatan`, `st_finishing`, `st_finishing_standart`, `target_server`, `created_on`, `created_by`) VALUES (\'DETO2M019121410TZ3642E1P407\', \'DETO2M019121410TZ3642E1P407\', \'20191K2141N036281V049\', \'Eventus-Studio-016-e1525136662501.jpg\', \'1\', \'Pfsh-20180730112902E529\', 0, \'2019-12-14 15:36\', \'upload//2019/12/14/TRX_2019_1214_00003D1/Eventus-Studio-016-e1525136662501.jpg\', \'upload//2019/12/14/TRX_2019_1214_00003D1/thumb/Eventus-Studio-016-e1525136662501.jpg\', 0, \'42.00\', \'29.70\', \'11\', \'\', \'23\', \'1\', \'8\', NULL, \'8\', \'1600\', \'0\', \'36800\', \'0\', \'\', 0, 36800, \'\', \'0\', 0, \'0\', \'2019-12-14 10:36:42\', \'1\')\n\nINSERT INTO `m_order_produk_detail` (`id_detail_produk_order`, `kode_universal`, `id_order`, `nama_pekerjaan`, `id_kategori`, `id_produk`, `st_urgent`, `tgl_permintaan_selesai`, `gambar`, `thumbnail`, `st_dimensi`, `p`, `l`, `id_satuan`, `detail_gambar`, `jml_cetak`, `harga_by`, `id_konversi_jml_cetak`, `qty_cetak_by`, `satuan_cetak_by`, `harga_cetak_persatuan_terkecil`, `biaya_design`, `biaya_cetak`, `kenaikan_value`, `kenaikan_persen`, `biaya_finishing`, `sub_total`, `catatan`, `st_finishing`, `st_finishing_standart`, `target_server`, `created_on`, `created_by`) VALUES (\'DETO2M019121410TZ3642E1P407\', \'DETO2M019121410TZ3642E1P407\', \'20191K2141N036281V049\', \'Eventus-Studio-016-e1525136662501.jpg\', \'1\', \'Pfsh-20180730112902E529\', 0, \'2019-12-14 15:36\', \'upload//2019/12/14/TRX_2019_1214_00003D1/Eventus-Studio-016-e1525136662501.jpg\', \'upload//2019/12/14/TRX_2019_1214_00003D1/thumb/Eventus-Studio-016-e1525136662501.jpg\', 0, \'42.00\', \'29.70\', \'11\', \'\', \'23\', \'1\', \'8\', NULL, \'8\', \'1600\', \'0\', \'36800\', \'0\', \'\', 0, 36800, \'\', \'0\', 0, \'0\', \'2019-12-14 10:36:42\', \'1\')', 1, '2019-12-14 10:36:42', 1),
	('I2019W07041437V434E6PUT8', 'T2019L0N7H04143743687XJ', 115, 'SUKSES, Update data Total Order : T2019L0N7H04143743687XJ', 1, 'UPDATE `order_produk` SET `total_value_order` = 30000\nWHERE `id_order` = \'T2019L0N7H04143743687XJ\'', 1, '2019-07-04 14:37:43', 1),
	('I20W19GI121W4J10V364T27V2S4', '20191K2141N036281V049', 115, 'SUKSES, Update data list harga order dengan id_order : 20191K2141N036281V049', 1, '\n\nUPDATE `order_produk_detail` SET `harga_cetak_persatuan_terkecil` = \'1600\', `qty_cetak_by` = \'1\', `satuan_cetak_by` = \'8\', `harga_by` = \'1\', `kenaikan_value` = 0, `biaya_cetak` = 19200, `sub_total` = 19200\nWHERE `id_detail_produk_order` = \'DETO201V9I1214G1036G2PI8PE49W0F\'\n\nUPDATE `m_order_produk_detail` SET `harga_cetak_persatuan_terkecil` = \'1600\', `qty_cetak_by` = \'1\', `satuan_cetak_by` = \'8\', `harga_by` = \'1\', `kenaikan_value` = 0, `biaya_cetak` = 19200, `sub_total` = 19200\nWHERE `id_detail_produk_order` = \'DETO201V9I1214G1036G2PI8PE49W0F\'\n\nUPDATE `order_produk_detail` SET `harga_cetak_persatuan_terkecil` = \'1600\', `qty_cetak_by` = \'1\', `satuan_cetak_by` = \'8\', `harga_by` = \'1\', `kenaikan_value` = 0, `biaya_cetak` = 36800, `sub_total` = 36800\nWHERE `id_detail_produk_order` = \'DETO2M019121410TZ3642E1P407\'\n\nUPDATE `m_order_produk_detail` SET `harga_cetak_persatuan_terkecil` = \'1600\', `qty_cetak_by` = \'1\', `satuan_cetak_by` = \'8\', `harga_by` = \'1\', `kenaikan_value` = 0, `biaya_cetak` = 36800, `sub_total` = 36800\nWHERE `id_detail_produk_order` = \'DETO2M019121410TZ3642E1P407\'', 1, '2019-12-14 10:36:42', 1),
	('I2X019BA1214114D2M2913RDW82', '20191U214114229W141A0Y', 115, 'SUKSES, Update data list harga order dengan id_order : 20191U214114229W141A0Y', 1, '\n\nUPDATE `order_produk_detail` SET `harga_cetak_persatuan_terkecil` = \'3000\', `qty_cetak_by` = \'1\', `satuan_cetak_by` = \'8\', `harga_by` = \'1\', `kenaikan_value` = 0, `biaya_cetak` = 36000, `sub_total` = 36000\nWHERE `id_detail_produk_order` = \'DETOM20O191214NH1142VQZ2985O9\'\n\nUPDATE `m_order_produk_detail` SET `harga_cetak_persatuan_terkecil` = \'3000\', `qty_cetak_by` = \'1\', `satuan_cetak_by` = \'8\', `harga_by` = \'1\', `kenaikan_value` = 0, `biaya_cetak` = 36000, `sub_total` = 36000\nWHERE `id_detail_produk_order` = \'DETOM20O191214NH1142VQZ2985O9\'', 1, '2019-12-14 11:42:29', 1),
	('K201912G14103628487', '20191K2141N036281V049', 115, 'SUKSES, Update data list harga order dengan id_order : 20191K2141N036281V049', 1, '\n\nUPDATE `order_produk_detail` SET `harga_cetak_persatuan_terkecil` = \'1600\', `qty_cetak_by` = \'1\', `satuan_cetak_by` = \'8\', `harga_by` = \'1\', `kenaikan_value` = 0, `biaya_cetak` = 19200, `sub_total` = 19200\nWHERE `id_detail_produk_order` = \'DETO201V9I1214G1036G2PI8PE49W0F\'\n\nUPDATE `m_order_produk_detail` SET `harga_cetak_persatuan_terkecil` = \'1600\', `qty_cetak_by` = \'1\', `satuan_cetak_by` = \'8\', `harga_by` = \'1\', `kenaikan_value` = 0, `biaya_cetak` = 19200, `sub_total` = 19200\nWHERE `id_detail_produk_order` = \'DETO201V9I1214G1036G2PI8PE49W0F\'', 1, '2019-12-14 10:36:28', 1),
	('KT201EN90Q7O02R09365978B4M', '2D019070BP20IQ93N6C599L65', 110, 'Sukses, simpan data transaksi referensi, id = 2D019070BP20IQ93N6C599L65', 0, '\n\nUPDATE `transaksi` SET `st_history` = 1\nWHERE `id_trans_ref_asli` = \'2019FZ07B01092623X605\'\n\nUPDATE `transaksi` SET `st_ref` = 1\nWHERE `id_transaksi` = \'2019FZ07B01092623X605\'\n\nINSERT INTO `transaksi` (`id_transaksi`, `waktu`, `no_faktur`, `id_order`, `st_trans_master`, `id_trans_ref_asli`, `lama_tempo`, `tgl_tempo`, `total`, `diskon`, `potongan`, `pajak`, `grand_total`, `st_metode_bayar`, `nilai_dp`, `bayar`, `kurang_bayar`, `lebih_bayar`, `st_produksi`, `st_lunas`, `created_on`, `created_by`) VALUES (\'2D019070BP20IQ93N6C599L65\', \'2019-07-02 09:36:59\', \'VLB/2019/07/02-00003\', \'2019070A1092JI30X9826\', 0, \'2019FZ07B01092623X605\', \'1\', \'2019-07-01\', \'5545507\', \'\', \'\', NULL, \'5545600\', \'4\', \'0\', \'0\', 0, \'0\', 1, 0, \'2019-07-02 09:36:59\', \'1\')\n\nINSERT INTO `transaksi_detail` (`biaya_cetak`, `biaya_design`, `biaya_finishing`, `created_by`, `created_on`, `diskon`, `harga_by_satuan`, `id_detail_produk_order`, `id_transaksi`, `id_transaksi_detail`, `pot_kecil`, `potongan`, `satuan_harga_by`, `st_ubahan`, `subtotal`) VALUES (\'105000\',\'0\',\'0\',\'1\',\'2019-07-02 09:36:59\',\'0\',\'5000\',\'DETO201907HT0116443110Q50\',\'2D019070BP20IQ93N6C599L65\',\'20190SE702093659R5S2U9\',\'0\',\'0\',\'8\',\'0\',\'105000\'), (\'62100\',\'0\',\'0\',\'1\',\'2019-07-02 09:36:59\',\'0\',\'2700\',\'DETOFP20KT190J7X01K2E00919Q65T0\',\'2D019070BP20IQ93N6C599L65\',\'2019070209RQ3V659A8E59\',\'0\',\'0\',\'8\',\'0\',\'62100\'), (\'35000\',\'0\',\'0\',\'1\',\'2019-07-02 09:36:59\',\'0\',\'35000\',\'DETO2O0190701165O5T55148\',\'2D019070BP20IQ93N6C599L65\',\'V201U90V702A0R93S659363\',\'0\',\'0\',\'3\',\'0\',\'35000\'), (\'5343407.347200001\',\'0\',\'0\',\'1\',\'2019-07-02 09:36:59\',\'0\',\'13000\',\'DETOX20CFU19070109ET28M545V1P9\',\'2D019070BP20IQ93N6C599L65\',\'20R1907020I93Y659810\',\'0\',\'0\',\'3\',\'0\',\'5343407.3472\')\n\nUPDATE `order_produk` SET `st_revisi` = 2\nWHERE `id_order` = \'2019070A1092JI30X9826\'', 0, '2019-07-02 09:36:59', 1),
	('L2019B0ZA7U01Z092854G1D000', 'spk201AYBZV907GI0109L2854499', 174, 'Sukses, simpan spk id = spk201AYBZV907GI0109L2854499', 0, 'INSERT INTO `spk` (`idspk`, `id_worksheet`, `id_order`, `id_detail_produk_order`, `jml_cetak`, `id_konversi_jml_cetak`, `st_revisi`, `st_ref`, `kode_universal`, `created_on`) VALUES (\'spk201AYBZV907GI0109L2854499\', \'3\', \'2019070A1092JI30X9826\', \'DETOX20CFU19070109ET28M545V1P9\', \'200\', \'8\', 1, 0, \'DETOESC20Y1D90J701092309584\', \'2019-07-01 09:28:54\')\n\nUPDATE `m_order_produk_detail` SET `st_acc_produksi` = 1, `id_spk` = \'spk201AYBZV907GI0109L2854499\'\nWHERE `id_detail_produk_order` = \'DETOX20CFU19070109ET28M545V1P9\'', 1, '2019-07-01 09:28:54', 1),
	('L2021011008I18521106', 'spk2021011008F18271032H', 176, 'SUKSES, tambah data produksi dengan ID SPK : spk2021011008F18271032H', 1, 'INSERT INTO `produksi` (`idproduksi`, `kode_universal`, `idspk`, `jml_cetak`, `created_on`, `created_by`) VALUES (\'PROD2021U0A11008DZO18M52564\', \'DETO20G2XZ1011W0S0B81742629\', \'spk2021011008F18271032H\', \'0\', \'2021-01-10 08:18:52\', \'1\')/n/nINSERT INTO `produksi_detail` (`created_by`, `created_on`, `id_konversi`, `idbarang_bb`, `iddetail_produksi`, `idproduksi`, `qty`, `tipe`) VALUES (\'1\',\'2021-01-10 08:18:52\',\'1\',\'BB20180730100759G547\',\'DPROD2021ON01100V8185R276X9\',\'PROD2021U0A11008DZO18M52564\',\'0\',0), (\'1\',\'2021-01-10 08:18:52\',\'1\',\'2\',\'DPRODNO202101P1008D18XN52834G\',\'PROD2021U0A11008DZO18M52564\',\'0\',0), (\'1\',\'2021-01-10 08:18:52\',\'1\',\'BB20180730100759G547\',\'DPROD202R101F100818526U5YK6\',\'PROD2021U0A11008DZO18M52564\',20,0), (\'1\',\'2021-01-10 08:18:52\',\'1\',\'2\',\'DPRODS20210C11Q008B18524A68\',\'PROD2021U0A11008DZO18M52564\',20,0)', 1, '2021-01-10 08:18:52', 1),
	('M20Z21S11TN110041232U06HR', '35', 7, 'SUKSES, ubah data user resellers , dengan ID : 35', 1, 'UPDATE `users` SET `username` = \'kasir\', `ip` = \'::1\', `st_aktif` = \'1\', `password` = \'$2y$10$S6ZkvdqOT8mewIakfgQW4ujHV7gk0qxSWfucUMRuS0wvNe5uob0C2\', `modified_on` = \'2021-11-11 00:41:23\'\nWHERE `id_user` = \'35\'', 1, '2021-11-11 00:41:23', 1),
	('M2U01912UT1410Y36F28Z987R', '20191K2141N036281V049', 115, 'SUKSES, Update data Total Order : 20191K2141N036281V049', 1, 'UPDATE `order_produk` SET `total_value_order` = 19200\nWHERE `id_order` = \'20191K2141N036281V049\'', 1, '2019-12-14 10:36:28', 1),
	('NYQ2019V121H4114H2A291019', '20191U214114229W141A0Y', 115, 'SUKSES, Update data Total Order : 20191U214114229W141A0Y', 1, 'UPDATE `order_produk` SET `total_value_order` = 36000\nWHERE `id_order` = \'20191U214114229W141A0Y\'', 1, '2019-12-14 11:42:29', 1),
	('O2B0F2T1B0Z10800122Z9818R', 'TMPP2S0210IKA108001P2PI291286T', 130, 'SUKSES, Tambah Data tmp_produksi dengan ID : TMPP2S0210IKA108001P2PI291286T', 1, 'INSERT INTO `tmp_produksi` (`idtmp_produksi`, `id_transaksi`, `id_order`, `id_detail_order`, `idspk`, `created_on`, `created_by`) VALUES (\'TMPP2S0210IKA108001P2PI291286T\', \'R2XZ0H210N1080H01132QI116Q0\', \'2J020Z03HW031Q1WYK05381J507\', \'DETOX202003B0U31F1WV1B2S3A998V6\', \'spkMI20210F10T80011321W004\', \'2021-01-08 00:12:29\', \'1\')', 1, '2021-01-08 00:12:29', 1),
	('P2Z0200W3Y0311B123974WSHY6', '2J020Z03HW031Q1WYK05381J507', 115, 'SUKSES, Update data Total Order : 2J020Z03HW031Q1WYK05381J507', 1, 'UPDATE `order_produk` SET `total_value_order` = 127000\nWHERE `id_order` = \'2J020Z03HW031Q1WYK05381J507\'', 1, '2020-03-03 11:12:39', 1),
	('PWQ2019070GA10C930Y26QB150', '2019070A1092JI30X9826', 115, 'SUKSES, Update data Total Order : 2019070A1092JI30X9826', 1, 'UPDATE `order_produk` SET `total_value_order` = 5405507.3472\nWHERE `id_order` = \'2019070A1092JI30X9826\'', 1, '2019-07-01 09:30:26', 1),
	('Q20211G111072H010479', 'DETO20UG21L111107201XY0R11E04', 114, 'SUKSES, tambah data detail order, dengan ID : DETO20UG21L111107201XY0R11E04', 1, 'INSERT INTO `order_produk_detail` (`id_detail_produk_order`, `kode_universal`, `id_order`, `nama_pekerjaan`, `id_kategori`, `id_produk`, `st_urgent`, `tgl_permintaan_selesai`, `gambar`, `thumbnail`, `st_dimensi`, `p`, `l`, `id_satuan`, `detail_gambar`, `jml_cetak`, `harga_by`, `id_konversi_jml_cetak`, `qty_cetak_by`, `satuan_cetak_by`, `harga_cetak_persatuan_terkecil`, `biaya_design`, `biaya_cetak`, `kenaikan_value`, `kenaikan_persen`, `biaya_finishing`, `sub_total`, `catatan`, `st_finishing`, `st_finishing_standart`, `target_server`, `created_on`, `created_by`) VALUES (\'DETO20UG21L111107201XY0R11E04\', \'DETO20UG21L111107201XY0R11E04\', \'202111LY1107200B9D707B\', \'sasuke picek.jpg\', \'1\', \'Pfsh-20180730111840M460\', 0, \'2021-11-11 19:20\', \'upload//2021/11/11/TRX_2021_1111_00001D1/sasuke-picek.jpg\', \'upload//2021/11/11/TRX_2021_1111_00001D1/thumb/sasuke-picek.jpg\', 1, \'1.00\', \'1.00\', \'11\', \'\', \'1\', \'1\', \'8\', NULL, \'8\', \'8000\', \'1000\', \'8000\', \'0\', \'\', 0, 9000, \'komiik\', \'0\', 0, \'0\', \'2021-11-11 07:20:10\', \'1\')\n\nINSERT INTO `m_order_produk_detail` (`id_detail_produk_order`, `kode_universal`, `id_order`, `nama_pekerjaan`, `id_kategori`, `id_produk`, `st_urgent`, `tgl_permintaan_selesai`, `gambar`, `thumbnail`, `st_dimensi`, `p`, `l`, `id_satuan`, `detail_gambar`, `jml_cetak`, `harga_by`, `id_konversi_jml_cetak`, `qty_cetak_by`, `satuan_cetak_by`, `harga_cetak_persatuan_terkecil`, `biaya_design`, `biaya_cetak`, `kenaikan_value`, `kenaikan_persen`, `biaya_finishing`, `sub_total`, `catatan`, `st_finishing`, `st_finishing_standart`, `target_server`, `created_on`, `created_by`) VALUES (\'DETO20UG21L111107201XY0R11E04\', \'DETO20UG21L111107201XY0R11E04\', \'202111LY1107200B9D707B\', \'sasuke picek.jpg\', \'1\', \'Pfsh-20180730111840M460\', 0, \'2021-11-11 19:20\', \'upload//2021/11/11/TRX_2021_1111_00001D1/sasuke-picek.jpg\', \'upload//2021/11/11/TRX_2021_1111_00001D1/thumb/sasuke-picek.jpg\', 1, \'1.00\', \'1.00\', \'11\', \'\', \'1\', \'1\', \'8\', NULL, \'8\', \'8000\', \'1000\', \'8000\', \'0\', \'\', 0, 9000, \'komiik\', \'0\', 0, \'0\', \'2021-11-11 07:20:10\', \'1\')', 1, '2021-11-11 07:20:10', 1),
	('Q20211M1V11X0RA0J3445465', '35', 7, 'SUKSES, ubah data user resellers, dengan ID : 35', 1, 'UPDATE `users` SET `username` = \'resellers\', `ip` = \'::1\', `st_aktif` = \'1\', `password` = \'$2y$10$aZ.ASFpxDpfAPi0RReDsvuj31jAt0e21ntgv3C3lGKlXz.VODSakC\', `modified_on` = \'2021-11-11 00:34:45\'\nWHERE `id_user` = \'35\'', 1, '2021-11-11 00:34:45', 1),
	('S201PW9070X1164P431531', 'DETO201907HT0116443110Q50', 114, 'SUKSES, tambah data detail order, dengan ID : DETO201907HT0116443110Q50', 1, '\n\nINSERT INTO `m_order_produk_detail` (`id_detail_produk_order`, `kode_universal`, `id_order`, `nama_pekerjaan`, `id_kategori`, `id_produk`, `st_urgent`, `tgl_permintaan_selesai`, `gambar`, `thumbnail`, `st_dimensi`, `p`, `l`, `id_satuan`, `detail_gambar`, `jml_cetak`, `harga_by`, `id_konversi_jml_cetak`, `qty_cetak_by`, `satuan_cetak_by`, `harga_cetak_persatuan_terkecil`, `biaya_design`, `biaya_cetak`, `kenaikan_value`, `kenaikan_persen`, `biaya_finishing`, `sub_total`, `catatan`, `st_finishing`, `st_finishing_standart`, `target_server`, `created_on`, `created_by`) VALUES (\'DETO201907HT0116443110Q50\', \'DETO201907HT0116443110Q50\', \'2019070A1092JI30X9826\', \'the-worlds-end-23118-1024x600.jpg\', \'1\', \'Pfsh-20180730111840M460\', 0, \'2019-07-01 21:44\', \'upload//2019/07/01/TRX_2019_0701_00002D1/the-worlds-end-23118-1024x600.jpg\', \'upload//2019/07/01/TRX_2019_0701_00002D1/thumb/the-worlds-end-23118-1024x600.jpg\', 0, \'36.12\', \'21.17\', \'11\', \'Width : 1024px  Height: 600px (72,72)DPI\', \'21\', \'1\', \'8\', NULL, \'8\', \'5000\', \'0\', \'105000\', \'0\', \'\', 0, 105000, \'\', \'0\', 0, \'0\', \'2019-07-01 16:44:31\', \'1\')', 1, '2019-07-01 16:44:31', 1),
	('SNO2020G03031A1MU1100SE107I9', 'A20G200303111I10099Y5', 115, 'SUKSES, Update data Total Order : A20G200303111I10099Y5', 1, 'UPDATE `order_produk` SET `total_value_order` = 8000\nWHERE `id_order` = \'A20G200303111I10099Y5\'', 1, '2020-03-03 11:11:00', 1),
	('T202111H10DE0GE3I5KN513941', '33', 8, 'SUKSES, hapus data user dengan ID : 33', 1, 'UPDATE `users` SET `deleted` = 1\nWHERE `id_user` = \'33\'', 1, '2021-11-10 03:55:13', 1),
	('TC202003CZG031K105B3893J5DA', '2J020Z03HW031Q1WYK05381J507', 115, 'SUKSES, Update data list harga order dengan id_order : 2J020Z03HW031Q1WYK05381J507', 1, '\n\nUPDATE `order_produk_detail` SET `harga_cetak_persatuan_terkecil` = \'15000\', `qty_cetak_by` = \'1000000\', `satuan_cetak_by` = \'3\', `harga_by` = \'1\', `kenaikan_value` = 30000, `biaya_cetak` = 30000, `sub_total` = 75000\nWHERE `id_detail_produk_order` = \'DETO20200303110D53AT81324\'\n\nUPDATE `m_order_produk_detail` SET `harga_cetak_persatuan_terkecil` = \'15000\', `qty_cetak_by` = \'1000000\', `satuan_cetak_by` = \'3\', `harga_by` = \'1\', `kenaikan_value` = 30000, `biaya_cetak` = 30000, `sub_total` = 75000\nWHERE `id_detail_produk_order` = \'DETO20200303110D53AT81324\'', 1, '2020-03-03 11:05:38', 1),
	('U2R019L07050937NG3QW8940', 'DETOZ201I907I050KG9373D81P94', 114, 'SUKSES, tambah data detail finishing order, dengan ID : DETOZ201I907I050KG9373D81P94', 2, 'INSERT INTO `order_produk_detail_finishing` (`catatan`, `created_by`, `created_on`, `harga`, `id_detail_produk_finishing_order`, `id_detail_produk_order`, `id_konversi`, `id_produk`, `jml`) VALUES (\'\',\'1\',\'2019-07-05 09:37:38\',\'75000\',\'2L01C907050ST9M37V38457\',\'DETOZ201I907I050KG9373D81P94\',\'undefined\',\'Pfsh-2018Y1102102412S7N15\',\'2\'), (\'\',\'1\',\'2019-07-05 09:37:38\',\'30000\',\'20S1W907L050M9G3K7BI3T8R703\',\'DETOZ201I907I050KG9373D81P94\',\'undefined\',\'Pfsh-20180730143518D464\',\'1\')\n\nINSERT INTO `m_order_produk_detail_finishing` (`catatan`, `created_by`, `created_on`, `harga`, `id_detail_produk_finishing_order`, `id_detail_produk_order`, `id_konversi`, `id_produk`, `jml`) VALUES (\'\',\'1\',\'2019-07-05 09:37:38\',\'75000\',\'2L01C907050ST9M37V38457\',\'DETOZ201I907I050KG9373D81P94\',\'undefined\',\'Pfsh-2018Y1102102412S7N15\',\'2\'), (\'\',\'1\',\'2019-07-05 09:37:38\',\'30000\',\'20S1W907L050M9G3K7BI3T8R703\',\'DETOZ201I907I050KG9373D81P94\',\'undefined\',\'Pfsh-20180730143518D464\',\'1\')', 1, '2019-07-05 09:37:38', 1),
	('UP2P0RX21E1111060828A1065', '30', 7, 'SUKSES, ubah data user administrator, dengan ID : 30', 1, 'UPDATE `users` SET `username` = \'administrator\', `ip` = \'::1\', `st_aktif` = \'1\', `password` = \'$2y$09$qPUvxDTf95l9/9pNlIpgy.E3rCGUfKEMx6RGsdQh/PCFqyEYmWQhm\', `modified_on` = \'2021-11-11 06:08:28\'\nWHERE `id_user` = \'30\'', 1, '2021-11-11 06:08:28', 1),
	('W20B19I0617095Q152I735', '1', 85, 'Sukses, update target upload gambar', 0, 'UPDATE `setting_upload_file` SET `st_target_server` = \'0\', `url` = \'http://localhost/dplocal_mass01\'\nWHERE `idsetting_upload_file` = 1', 1, '2019-06-17 09:51:52', 1),
	('WX20V191B2172109538PD20', 'D20YBOJ191A21721095C3Z712IN', 115, 'SUKSES, Update data Total Order : D20YBOJ191A21721095C3Z712IN', 1, 'UPDATE `order_produk` SET `total_value_order` = 4000\nWHERE `id_order` = \'D20YBOJ191A21721095C3Z712IN\'', 1, '2019-12-17 21:09:53', 1),
	('WZ20200303SJP11A0J54F214C04', '2J020Z03HW031Q1WYK05381J507', 114, 'SUKSES, tambah data order, dengan ID : 2J020Z03HW031Q1WYK05381J507', 1, 'UPDATE `order_produk` SET `no_transaksi` = \'TRX/2020/0303-00001D1\', `id_konsumen` = \'KONS2D01811P1G50V446HR04K14B75U\', `tgl_order` = \'2020-03-03\', `no_tlp` = \'08157704993\', `no_po` = \'\', `lampiran` = NULL, `st_simpan` = 1, `total_value_order` = 75000, `st_po` = \'0\'\nWHERE `id_order` = \'2J020Z03HW031Q1WYK05381J507\'', 1, '2020-03-03 11:05:42', 1),
	('X2020011MH8Z14513V0FGCD10I82', '16', 7, 'SUKSES, ubah data user anisa, dengan ID : 16', 1, 'UPDATE `users` SET `username` = \'operator\', `ip` = \'182.253.90.38\', `st_aktif` = \'1\', `password` = \'$2y$10$Gpn5PpGoaViB73b3661b2.Gm/5Bwmao6TLGUc2wPauvAcrPIBTGUu\', `modified_on` = \'2020-01-18 14:51:30\'\nWHERE `id_user` = \'16\'', 1, '2020-01-18 14:51:30', 1),
	('X20N1L9070J109R410BL21086Q', 'TMPP2KVQ01907CC0109G410U13R69', 130, 'SUKSES, Tambah Data tmp_produksi dengan ID : TMPP2KVQ01907CC0109G410U13R69', 1, 'INSERT INTO `tmp_produksi` (`idtmp_produksi`, `id_transaksi`, `id_order`, `id_detail_order`, `idspk`, `created_on`, `created_by`) VALUES (\'TMPP2KVQ01907CC0109G410U13R69\', \'20190HK7E010934144J77B\', \'2019070A1092JI30X9826\', \'DETOX20CFU19070109ET28M545V1P9\', \'spk201AYBZV907GI0109L2854499\', \'2019-07-01 09:41:01\', \'1\')', 1, '2019-07-01 09:41:02', 1),
	('XJ2K01907U0T2093831104A9', 'PRODM2M01907020938311N12IP4', 176, 'SUKSES, tambah data produksi dengan ID : PRODM2M01907020938311N12IP4', 1, 'INSERT INTO `produksi` (`idproduksi`, `kode_universal`, `idspk`, `jml_cetak`, `created_on`, `created_by`) VALUES (\'PRODM2M01907020938311N12IP4\', \'DETO2XW019070ZVZR2091S4A07Z237\', \'spk2019070C209143145JP2\', \'5\', \'2019-07-02 09:38:31\', \'1\')/n/nINSERT INTO `produksi_detail` (`created_by`, `created_on`, `id_konversi`, `idbarang_bb`, `iddetail_produksi`, `idproduksi`, `qty`, `tipe`) VALUES (\'1\',\'2019-07-02 09:38:31\',\'1\',\'BB20180730100759G547\',\'DPROD20190702Y09X383D1ED388\',\'PRODM2M01907020938311N12IP4\',\'5\',0), (\'1\',\'2019-07-02 09:38:31\',\'1\',\'2\',\'DPRODP201907020938S31155\',\'PRODM2M01907020938311N12IP4\',10,0)', 1, '2019-07-02 09:38:31', 1),
	('YP201912141030461024M', 'DETO20191N2141030468J67', 114, 'SUKSES, tambah data detail order, dengan ID : DETO20191N2141030468J67', 1, 'INSERT INTO `order_produk_detail` (`id_detail_produk_order`, `kode_universal`, `id_order`, `nama_pekerjaan`, `id_kategori`, `id_produk`, `st_urgent`, `tgl_permintaan_selesai`, `gambar`, `thumbnail`, `st_dimensi`, `p`, `l`, `id_satuan`, `detail_gambar`, `jml_cetak`, `harga_by`, `id_konversi_jml_cetak`, `qty_cetak_by`, `satuan_cetak_by`, `harga_cetak_persatuan_terkecil`, `biaya_design`, `biaya_cetak`, `kenaikan_value`, `kenaikan_persen`, `biaya_finishing`, `sub_total`, `catatan`, `st_finishing`, `st_finishing_standart`, `target_server`, `created_on`, `created_by`) VALUES (\'DETO20191N2141030468J67\', \'DETO20191N2141030468J67\', \'201912141030J141030ZTGT\', \'sh003_sk_0001.jpg\', \'1\', \'Pfsh-20180730111215O514\', 0, \'2019-12-14 15:30\', \'upload//2019/12/14/TRX_2019_1214_00001D1/sh003_sk_0001.jpg\', \'upload//2019/12/14/TRX_2019_1214_00001D1/thumb/sh003_sk_0001.jpg\', 0, \'42.00\', \'29.70\', \'11\', \'\', \'12\', \'1\', \'8\', NULL, \'8\', \'3000\', \'0\', \'36000\', \'0\', \'\', 0, 36000, \'\', \'0\', 0, \'0\', \'2019-12-14 10:30:46\', \'1\')\n\nINSERT INTO `m_order_produk_detail` (`id_detail_produk_order`, `kode_universal`, `id_order`, `nama_pekerjaan`, `id_kategori`, `id_produk`, `st_urgent`, `tgl_permintaan_selesai`, `gambar`, `thumbnail`, `st_dimensi`, `p`, `l`, `id_satuan`, `detail_gambar`, `jml_cetak`, `harga_by`, `id_konversi_jml_cetak`, `qty_cetak_by`, `satuan_cetak_by`, `harga_cetak_persatuan_terkecil`, `biaya_design`, `biaya_cetak`, `kenaikan_value`, `kenaikan_persen`, `biaya_finishing`, `sub_total`, `catatan`, `st_finishing`, `st_finishing_standart`, `target_server`, `created_on`, `created_by`) VALUES (\'DETO20191N2141030468J67\', \'DETO20191N2141030468J67\', \'201912141030J141030ZTGT\', \'sh003_sk_0001.jpg\', \'1\', \'Pfsh-20180730111215O514\', 0, \'2019-12-14 15:30\', \'upload//2019/12/14/TRX_2019_1214_00001D1/sh003_sk_0001.jpg\', \'upload//2019/12/14/TRX_2019_1214_00001D1/thumb/sh003_sk_0001.jpg\', 0, \'42.00\', \'29.70\', \'11\', \'\', \'12\', \'1\', \'8\', NULL, \'8\', \'3000\', \'0\', \'36000\', \'0\', \'\', 0, 36000, \'\', \'0\', 0, \'0\', \'2019-12-14 10:30:46\', \'1\')', 1, '2019-12-14 10:30:46', 1);
/*!40000 ALTER TABLE `log_aktifitas` ENABLE KEYS */;

-- Dumping structure for table webapp_ci_printing.log_status_order
CREATE TABLE IF NOT EXISTS `log_status_order` (
  `idlog` varchar(100) NOT NULL,
  `id_order` varchar(100) DEFAULT NULL,
  `id_detail_order` varchar(100) DEFAULT NULL COMMENT 'kode detail dari barang2 yang diorder\n',
  `id_ket` int(11) NOT NULL,
  `waktu` timestamp NULL DEFAULT NULL,
  `st_log` tinyint(1) DEFAULT '0' COMMENT '0 = log untuk id_ordernya\n1 = log untuk id_detail_order / log untuk barangnya',
  `created_on` datetime DEFAULT NULL,
  `created_by` bigint(20) DEFAULT NULL,
  PRIMARY KEY (`idlog`)
) ENGINE=InnoDB DEFAULT CHARSET=latin1;

-- Dumping data for table webapp_ci_printing.log_status_order: ~0 rows (approximately)
/*!40000 ALTER TABLE `log_status_order` DISABLE KEYS */;
/*!40000 ALTER TABLE `log_status_order` ENABLE KEYS */;

-- Dumping structure for table webapp_ci_printing.log_status_proses
CREATE TABLE IF NOT EXISTS `log_status_proses` (
  `idlog_status_proses` varchar(100) NOT NULL,
  `id_detail_produk_order` varchar(50) NOT NULL COMMENT 'sumber m_order_detail',
  `kode_universal` varchar(100) DEFAULT NULL COMMENT 'sumber m_order_detail',
  `idlokasi_proses` int(11) NOT NULL,
  `idket_proses_order` int(11) NOT NULL,
  `jml_cetak` int(11) DEFAULT NULL,
  `created_on` datetime DEFAULT NULL,
  `created_by` int(11) DEFAULT NULL,
  `deleted` tinyint(1) NOT NULL DEFAULT '0',
  `deleted_by` int(11) DEFAULT NULL,
  PRIMARY KEY (`idlog_status_proses`)
) ENGINE=InnoDB DEFAULT CHARSET=latin1;

-- Dumping data for table webapp_ci_printing.log_status_proses: ~27 rows (approximately)
/*!40000 ALTER TABLE `log_status_proses` DISABLE KEYS */;
INSERT INTO `log_status_proses` (`idlog_status_proses`, `id_detail_produk_order`, `kode_universal`, `idlokasi_proses`, `idket_proses_order`, `jml_cetak`, `created_on`, `created_by`, `deleted`, `deleted_by`) VALUES
	('20190702D093P8311BHGW087Z', 'DETO2XW019070ZVZR2091S4A07Z237', 'DETO2XW019070ZVZR2091S4A07Z237', 2, 4, 5, '2019-07-02 09:38:31', 1, 0, NULL),
	('20190702J093819N398', 'DETO2XW019070ZVZR2091S4A07Z237', 'DETO2XW019070ZVZR2091S4A07Z237', 1, 3, 10, '2019-07-02 09:38:19', 1, 0, NULL),
	('2019070U1H094149290', 'DETOX20CFU19070109ET28M545V1P9', 'DETOESC20Y1D90J701092309584', 2, 4, 110, '2019-07-01 09:41:49', 1, 0, NULL),
	('2019N09X16ZN0347391Y4HNN39', 'DETOX201907Z02093B3XI311RU0B45', 'DETOX201907Z02093B3XI311RU0B45', 1, 3, 12, '2019-09-16 03:47:39', 1, 0, NULL),
	('2019O0F91609GG030H79SDN62ME', 'DETOK20T190O702093443742', 'DETOK20T190O702093443742', 2, 4, 12, '2019-09-16 09:03:07', 1, 0, NULL),
	('2019Y07012U009191P014R', 'DETO2019070EN1093P8I31790', 'DETO20FHCRL19Q0701Q0930T2667B2', 4, 2, 5, '2019-07-01 20:09:19', 1, 0, NULL),
	('201A90L9I1OV609C0B302U1251', 'DETO2XW019070ZVZR2091S4A07Z237', 'DETO2XW019070ZVZR2091S4A07Z237', 2, 4, 5, '2019-09-16 09:03:02', 1, 0, NULL),
	('201NN912141816531227', 'DETOE201T91214181550109P4B', 'DETOE201T91214181550109P4B', 1, 1, 0, '2019-12-14 18:16:53', 1, 0, NULL),
	('201Y90UB70L1092624320', 'DETOESC20Y1D90J701092309584', 'DETOESC20Y1D90J701092309584', 1, 1, 0, '2019-07-01 09:26:24', 1, 0, NULL),
	('2021010800122Z983J9', 'DETOX202003B0U31F1WV1B2S3A998V6', 'DETO20200303110D53AT81324', 1, 3, 2, '2021-01-08 00:12:29', 1, 0, NULL),
	('202101U0800113M23O42', 'DETOX202003B0U31F1WV1B2S3A998V6', 'DETO20200303110D53AT81324', 1, 1, 0, '2021-01-08 00:11:32', 1, 0, NULL),
	('20210K1080013G081004', 'DETOX202003B0U31F1WV1B2S3A998V6', 'DETO20200303110D53AT81324', 2, 4, 2, '2021-01-08 00:13:08', 1, 0, NULL),
	('20D2003031K112N3A961F9M', 'DETO20200303110D53AT81324', 'DETO20200303110D53AT81324', 4, 2, 1, '2020-03-03 11:12:39', 1, 0, NULL),
	('20D21011008182V7G14F43', 'DETO20G2XZ1011W0S0B81742629', 'DETO20G2XZ1011W0S0B81742629', 1, 1, 0, '2021-01-10 08:18:27', 1, 0, NULL),
	('20H190F70T2TGU0L9D33311115', 'DETOX201907Z02093B3XI311RU0B45', 'DETOX201907Z02093B3XI311RU0B45', 5, 1, 0, '2019-07-02 09:33:31', 1, 0, NULL),
	('20H1X9070109285S4675', 'DETOESC20Y1D90J701092309584', 'DETOESC20Y1D90J701092309584', 4, 2, 80, '2019-07-01 09:28:54', 1, 0, NULL),
	('20M190702093819U554', 'DETOK20T190O702093443742', 'DETOK20T190O702093443742', 1, 3, 12, '2019-07-02 09:38:19', 1, 0, NULL),
	('20ZQ1D9UV1216V22N03541100TC', 'DETOE201T91214181550109P4B', 'DETOE201T91214181550109P4B', 1, 3, 12, '2019-12-16 22:03:54', 1, 0, NULL),
	('2CO01909M16090T3P181236QK', 'DETOX201907Z02093B3XI311RU0B45', 'DETOX201907Z02093B3XI311RU0B45', 2, 4, 12, '2019-09-16 09:03:18', 1, 0, NULL),
	('2Y021011X00818C36BZ600', 'DETO20G2XZ1011W0S0B81742629', 'DETO20G2XZ1011W0S0B81742629', 1, 3, 20, '2021-01-10 08:18:36', 1, 0, NULL),
	('2Y0H1X907DU01Z094101148', 'DETOX20CFU19070109ET28M545V1P9', 'DETOESC20Y1D90J701092309584', 1, 3, 200, '2019-07-01 09:41:01', 1, 0, NULL),
	('AQ2ZS0V2D001181420B40V1530', 'DETOE201T91214181550109P4B', 'DETOE201T91214181550109P4B', 2, 4, 1, '2020-01-18 14:20:40', 1, 0, NULL),
	('G20190701093I831111R1', 'DETO20FHCRL19Q0701Q0930T2667B2', 'DETO20FHCRL19Q0701Q0930T2667B2', 4, 2, 2, '2019-07-01 09:38:31', 1, 0, NULL),
	('HX2Z0200B1UJ181R4Y2116757', 'DETOE201T91214181550109P4B', 'DETOE201T91214181550109P4B', 2, 4, 11, '2020-01-18 14:21:16', 1, 0, NULL),
	('JI20190702093443960Q', 'DETOK20T190O702093443742', 'DETOK20T190O702093443742', 5, 1, 0, '2019-07-02 09:34:43', 1, 0, NULL),
	('M2021B011T00818E527GEKU6L8C', 'DETO20G2XZ1011W0S0B81742629', 'DETO20G2XZ1011W0S0B81742629', 2, 4, 20, '2021-01-10 08:18:52', 1, 0, NULL),
	('Y20190702KW0914L31677', 'DETO2XW019070ZVZR2091S4A07Z237', 'DETO2XW019070ZVZR2091S4A07Z237', 1, 1, 0, '2019-07-02 09:14:31', 1, 0, NULL);
/*!40000 ALTER TABLE `log_status_proses` ENABLE KEYS */;

-- Dumping structure for table webapp_ci_printing.lokasi_proses
CREATE TABLE IF NOT EXISTS `lokasi_proses` (
  `idlokasi_proses` int(11) NOT NULL AUTO_INCREMENT,
  `nm_lokasi` varchar(45) DEFAULT NULL,
  PRIMARY KEY (`idlokasi_proses`)
) ENGINE=InnoDB AUTO_INCREMENT=6 DEFAULT CHARSET=latin1;

-- Dumping data for table webapp_ci_printing.lokasi_proses: ~5 rows (approximately)
/*!40000 ALTER TABLE `lokasi_proses` DISABLE KEYS */;
INSERT INTO `lokasi_proses` (`idlokasi_proses`, `nm_lokasi`) VALUES
	(1, 'spk'),
	(2, 'produksi'),
	(3, 'collecting'),
	(4, 'revisi list order'),
	(5, 'Order');
/*!40000 ALTER TABLE `lokasi_proses` ENABLE KEYS */;

-- Dumping structure for table webapp_ci_printing.menus
CREATE TABLE IF NOT EXISTS `menus` (
  `id` int(11) NOT NULL AUTO_INCREMENT,
  `title` varchar(100) DEFAULT 'untitled link',
  `link` varchar(255) DEFAULT '#',
  `icon` varchar(45) DEFAULT 'fa fa-angle-right',
  `target` varchar(10) DEFAULT NULL COMMENT '0 = Internal\n1 = External',
  `group_menu` int(11) DEFAULT '0',
  `parent_id` int(11) DEFAULT '0',
  `permission_id` int(11) DEFAULT '1',
  `status` tinyint(1) DEFAULT '1' COMMENT '0 = Inactive\n1 = Active',
  `order` int(11) DEFAULT NULL COMMENT 'the order of the menus',
  `created_on` datetime DEFAULT NULL,
  `modified_on` datetime DEFAULT NULL,
  `created_by` bigint(20) DEFAULT NULL,
  `modified_by` bigint(20) DEFAULT NULL,
  PRIMARY KEY (`id`)
) ENGINE=InnoDB AUTO_INCREMENT=98 DEFAULT CHARSET=latin1;

-- Dumping data for table webapp_ci_printing.menus: ~88 rows (approximately)
/*!40000 ALTER TABLE `menus` DISABLE KEYS */;
INSERT INTO `menus` (`id`, `title`, `link`, `icon`, `target`, `group_menu`, `parent_id`, `permission_id`, `status`, `order`, `created_on`, `modified_on`, `created_by`, `modified_by`) VALUES
	(1, 'Settings', '#', 'fa fa-gears', 'sametab', 1, 0, 13, 1, 77, '2016-10-30 01:30:47', '2019-08-31 02:25:45', 1, 1),
	(2, 'Users', 'users/setting', 'fa fa-angle-right', 'sametab', 1, 1, 5, 1, 85, '2016-10-30 01:30:47', '2019-08-31 02:25:45', 1, 1),
	(3, 'Menu Editor', 'menus', 'fa fa-angle-right', 'sametab', 1, 1, 9, 1, 87, '2016-12-13 13:32:09', '2019-08-31 02:25:45', 1, 1),
	(4, 'Hak Akses', 'permissions', 'fa fa-angle-right', 'sametab', 1, 1, 13, 1, 84, '2017-01-19 10:40:53', '2019-08-31 02:25:45', 1, 1),
	(5, 'Golongan User', 'roles', 'fa fa-angle-right', 'sametab', 1, 1, 5, 1, 86, '2017-04-25 06:58:55', '2019-08-31 02:25:45', 1, 1),
	(6, 'Perusahaan', 'perusahaan', 'fa fa-angle-right', 'sametab', 1, 1, 19, 1, 88, '2017-04-27 07:46:30', '2019-08-31 02:25:45', 1, 1),
	(7, 'Master', '#', 'fa fa-table', 'sametab', 1, 0, 20, 1, 2, '2018-01-02 07:13:21', '2019-08-31 02:25:45', 1, 1),
	(8, 'Konversi Satuan', 'konversi_satuan', 'fa fa-angle-right', 'sametab', 1, 7, 20, 1, 11, '2018-01-02 07:13:52', '2019-08-31 02:25:45', 1, 1),
	(9, 'Merk', 'merk', 'fa fa-angle-right', 'sametab', 1, 7, 24, 1, 12, '2018-01-05 01:01:45', '2019-08-31 02:25:45', 1, 1),
	(10, 'Jenis', 'jenis', 'fa fa-angle-right', 'sametab', 1, 7, 25, 1, 6, '2018-01-05 01:13:14', '2019-08-31 02:25:45', 1, 1),
	(11, 'Kategori', 'kategori', 'fa fa-angle-right', 'sametab', 1, 7, 26, 1, 8, '2018-01-05 01:13:37', '2019-08-31 02:25:45', 1, 1),
	(12, 'Bahan Baku', 'bahan_baku', 'fa fa-angle-right', 'sametab', 1, 7, 27, 1, 3, '2018-01-08 14:17:56', '2019-08-31 02:25:45', 1, 1),
	(13, 'Worksheet', 'worksheet', 'fa fa-angle-right', 'sametab', 1, 7, 29, 1, 13, '2018-01-09 14:34:59', '2019-08-31 02:25:45', 1, 1),
	(14, 'Kas', '#', 'fa fa-money', 'sametab', 1, 0, 45, 1, 41, '2018-01-11 12:09:12', '2019-08-31 02:25:45', 1, 1),
	(15, 'Account Kas', 'kas/account_kas', 'fa fa-angle-right', 'sametab', 1, 14, 45, 1, 42, '2018-01-11 12:09:41', '2019-08-31 02:25:45', 1, 1),
	(16, 'Alur Kas', 'kas/kas', 'fa fa-angle-right', 'sametab', 1, 14, 49, 1, 43, '2018-01-11 12:10:19', '2019-08-31 02:25:45', 1, 1),
	(17, 'Bank', 'bank', 'fa fa-angle-right', 'sametab', 1, 7, 53, 1, 5, '2018-01-11 12:10:42', '2019-08-31 02:25:45', 1, 1),
	(18, 'Konsumen', 'konsumen', 'fa fa-angle-right', 'sametab', 1, 7, 57, 1, 10, '2018-01-11 12:11:04', '2019-08-31 02:25:45', 1, 1),
	(19, 'B.O.M', 'bom', 'fa fa-th-list', 'sametab', 1, 0, 62, 1, 18, '2018-01-24 10:31:37', '2019-08-31 02:25:45', 1, 1),
	(20, 'Produk', 'bom/produk', 'fa fa-angle-right', 'sametab', 1, 19, 62, 1, 20, '2018-01-24 10:33:47', '2019-08-31 02:25:45', 1, 1),
	(21, 'Karyawan', 'karyawan', 'fa fa-angle-right', 'sametab', 1, 7, 68, 1, 7, '2018-01-26 00:32:09', '2019-08-31 02:25:45', 1, 1),
	(22, 'Finishing', 'bom/finishing', 'fa fa-angle-right', 'sametab', 1, 19, 69, 1, 19, '2018-01-28 09:01:37', '2019-08-31 02:25:45', 1, 1),
	(23, 'Supplier', 'supplier', 'fa fa-angle-right', 'sametab', 1, 7, 73, 1, 14, '2018-02-04 22:18:36', '2019-08-31 02:25:45', 1, 1),
	(24, 'Setting Harga', 'setting_harga', 'fa fa-angle-right', 'sametab', 1, 1, 77, 1, 79, '2018-02-16 14:41:56', '2019-08-31 02:25:45', 1, 1),
	(25, 'Setting Promo', 'setting_promo', 'fa fa-angle-right', 'sametab', 1, 1, 81, 1, 80, '2018-02-22 23:12:09', '2019-08-31 02:25:45', 1, 1),
	(26, 'Setting Upload', 'setting_upload', 'fa fa-angle-right', 'sametab', 1, 1, 85, 1, 82, '2018-02-23 10:21:36', '2019-08-31 02:25:45', 1, 1),
	(27, 'Gudang', 'gudang/index', 'fa fa-angle-right', 'sametab', 1, 7, 87, 1, 15, '2018-02-27 03:56:56', '2019-08-31 02:25:45', 1, 1),
	(28, 'Gudang Order', 'gudang_order', 'fa fa-envelope', 'sametab', 1, 0, 91, 1, 21, '2018-02-27 03:58:17', '2019-08-31 02:25:45', 1, 1),
	(29, 'Kedatangan Barang', 'kedatangan_barang', 'fa fa-truck', 'sametab', 1, 0, 105, 1, 24, '2018-03-12 07:08:40', '2019-08-31 02:25:45', 1, 1),
	(30, 'Pembelian', '#', 'fa fa-tags', 'sametab', 1, 0, 95, 1, 25, '2018-03-12 07:09:35', '2019-08-31 02:25:45', 1, 1),
	(31, 'PO', 'pembelian/po/index', 'fa fa-angle-right', 'sametab', 1, 30, 99, 1, 26, '2018-03-12 07:10:15', '2019-08-31 02:25:45', 1, 1),
	(32, 'Pembelian', 'pembelian/pembelian/index', 'fa fa-angle-right', 'sametab', 1, 30, 95, 1, 27, '2018-03-13 05:56:27', '2019-08-31 02:25:45', 1, 1),
	(33, 'Kasir', '#', 'fa fa-calculator', 'sametab', 1, 0, 112, 1, 30, '2018-03-18 21:47:34', '2019-08-31 02:25:45', 1, 1),
	(34, 'Order Kantor', 'order_produk/create', 'fa fa-folder-open', 'sametab', 1, 0, 113, 1, 44, '2018-03-18 22:16:24', '2019-08-31 02:25:45', 1, 1),
	(35, 'Stok Barang', 'stok/index', 'fa fa-cubes', 'sametab', 1, 0, 117, 1, 17, '2018-03-21 17:27:40', '2019-08-31 02:25:45', 1, 1),
	(36, 'Revisi Stok', 'revisi_stok/index', 'fa fa-retweet', 'sametab', 1, 0, 118, 1, 29, '2018-04-24 05:42:19', '2019-08-31 02:25:45', 1, 1),
	(37, 'Transaksi', 'kasir', 'fa fa-angle-right', 'sametab', 1, 33, 112, 1, 31, '2018-04-25 09:31:06', '2019-08-31 02:25:45', 1, 1),
	(38, 'Pecah Faktur', 'pecah_faktur', 'fa fa-angle-right', 'sametab', 1, 60, 124, 0, 36, '2018-04-25 09:32:04', '2019-08-31 02:25:45', 1, 1),
	(46, 'Pelunasan Transaksi', 'pelunasan_trans', 'fa fa-angle-right', 'sametab', 1, 60, 45, 1, 37, '2018-04-28 17:28:44', '2019-08-31 02:25:45', 1, 1),
	(47, 'Retur Pembelian', 'retur_pembelian', 'fa fa-share-square', 'sametab', 1, 0, 134, 1, 28, '2018-04-29 02:15:35', '2019-08-31 02:25:45', 1, 1),
	(48, 'Tracking Order', 'tracking_order', 'fa fa-calendar-check-o', 'sametab', 1, 0, 138, 0, 50, '2018-04-30 13:54:54', '2019-08-31 02:25:45', 1, 1),
	(49, 'Pelunasan Pembelian', 'pelunasan_pembelian', 'fa fa-cc-mastercard', 'sametab', 1, 0, 143, 1, 51, '2018-05-06 10:07:13', '2019-08-31 02:25:45', 1, 1),
	(50, 'Collecting', 'collecting', 'fa fa-archive', 'sametab', 1, 0, 150, 1, 1, '2018-05-10 11:16:38', '2019-08-31 02:25:45', 1, 1),
	(51, 'Barang Masuk', 'barang_masuk', 'fa fa-cube', 'sametab', 1, 0, 151, 1, 22, '2018-05-17 02:23:11', '2019-08-31 02:25:45', 1, 1),
	(52, 'Barang Keluar', 'barang_keluar', 'fa fa-list-ul', 'sametab', 1, 0, 155, 1, 23, '2018-05-17 02:24:03', '2019-08-31 02:25:45', 1, 1),
	(53, 'Laporan', '#', 'fa fa-bar-chart', 'sametab', 1, 0, 159, 1, 54, '2018-05-25 23:43:45', '2019-08-31 02:25:45', 1, 1),
	(54, 'Riwayat HPP', 'stok/laporan_hpp', 'fa fa-angle-right', 'sametab', 1, 53, 159, 1, 55, '2018-05-25 23:44:26', '2019-08-31 02:25:45', 1, 1),
	(55, 'Kas Kasir', 'kas_kasir', 'fa fa-angle-right', 'sametab', 1, 33, 163, 1, 32, '2018-06-05 09:17:19', '2019-08-31 02:25:45', 1, 1),
	(56, 'Pengambilan Order', 'pengambilan/create', 'fa fa-truck', 'sametab', 1, 0, 165, 0, 53, '2018-06-13 22:50:04', '2019-08-31 02:25:45', 1, 1),
	(57, 'Laporan Penggunaan BB', '#', 'fa fa-file-text-o', 'sametab', 1, 0, 168, 1, 68, '2018-06-17 21:50:19', '2019-08-31 02:25:45', 1, 1),
	(58, 'Rekap By Produksi', 'estimasi_bb_produksi', 'fa fa-angle-right', 'sametab', 1, 57, 168, 1, 69, '2018-06-17 21:51:39', '2019-08-31 02:25:45', 1, 1),
	(60, 'Accounting', '#', 'fa fa-book', 'sametab', 1, 0, 169, 1, 34, '2018-06-21 08:40:00', '2019-08-31 02:25:45', 1, 1),
	(61, 'Faktur', 'faktur', 'fa fa-angle-right', 'sametab', 1, 60, 173, 1, 35, '2018-06-21 08:42:18', '2019-08-31 02:25:45', 1, 1),
	(62, 'Rekap Harian', 'rekap_penggunaan_bb_harian', 'fa fa-angle-right', 'sametab', 1, 57, 180, 1, 70, '2018-07-29 11:29:47', '2019-08-31 02:25:45', 1, 1),
	(63, 'Pembelian', 'pembelian/laporan', 'fa fa-angle-right', 'sametab', 1, 53, 185, 1, 56, '2018-10-01 05:21:35', '2019-08-31 02:25:45', 1, 1),
	(64, 'Biaya Design Order', 'rekap_biaya_design', 'fa fa-angle-right', 'sametab', 1, 79, 186, 1, 62, '2018-10-16 14:07:43', '2019-08-31 02:25:45', 1, 1),
	(65, 'Transaksi by Kategori', 'lap_rekap_trans/penjualan_by_kategory', 'fa fa-angle-right', 'sametab', 1, 79, 187, 1, 60, '2018-10-16 14:08:21', '2019-08-31 02:25:45', 1, 1),
	(66, 'Transaksi by Produk', 'lap_rekap_trans/penjualan_by_produk', 'fa fa-angle-right', 'sametab', 1, 79, 189, 1, 61, '2018-10-24 11:41:21', '2019-08-31 02:25:45', 1, 1),
	(67, 'Piutang Trans Order', 'lap_rekap_trans/rekap_piutang', 'fa fa-angle-right', 'sametab', 1, 79, 190, 1, 63, '2018-10-24 11:42:29', '2019-08-31 02:25:45', 1, 1),
	(68, 'Rekap Kas Kasir', 'lap_rekap_trans/rekap_kas_kasir', 'fa fa-angle-right', 'sametab', 1, 53, 188, 1, 57, '2018-10-24 11:43:25', '2019-08-31 02:25:45', 1, 1),
	(69, 'Revisi Stok', 'revisi_stok/laporan', 'fa fa-angle-right', 'sametab', 1, 80, 191, 1, 67, '2018-10-25 05:59:01', '2019-08-31 02:25:45', 1, 1),
	(70, 'Setting Harga Urgent', 'setting_harga_urgent', 'fa fa-angle-right', 'sametab', 1, 1, 192, 1, 81, '2018-10-28 21:25:11', '2019-08-31 02:25:45', 1, 1),
	(71, 'Revisi List Order', 'revisi_list_order', 'fa fa-edit', 'sametab', 1, 0, 197, 1, 49, '2018-10-29 05:58:28', '2019-08-31 02:25:45', 1, 1),
	(72, 'Validasi Cetak', 'validasi_cetak', 'fa fa-print', 'sametab', 1, 0, 200, 1, 40, '2018-11-25 16:49:31', '2019-08-31 02:25:45', 1, 1),
	(73, 'Mesin Cetak', 'mesin_cetak', 'fa fa-angle-right', 'sametab', 1, 7, 206, 1, 16, '2018-12-23 20:52:31', '2019-08-31 02:25:45', 1, 1),
	(75, 'Setting Harga Barang', 'setting_harga_bb', 'fa fa-angle-right', 'sametab', 1, 1, 208, 1, 78, '2019-01-29 21:28:54', '2019-08-31 02:25:45', 1, 1),
	(76, 'Penjualan Barang', 'penjualan', 'fa fa-angle-right', 'sametab', 1, 33, 210, 1, 33, '2019-01-29 21:31:41', '2019-08-31 02:25:45', 1, 1),
	(77, 'Barang Masuk', 'barang_masuk/laporan', 'fa fa-angle-right', 'sametab', 1, 80, 216, 1, 65, '2019-02-15 05:53:40', '2019-08-31 02:25:45', 1, 1),
	(78, 'Barang Keluar', 'barang_keluar/laporan', 'fa fa-angle-right', 'sametab', 1, 80, 217, 1, 66, '2019-02-15 05:54:07', '2019-08-31 02:25:45', 1, 1),
	(79, 'Laporan Trans Order', '#', 'fa fa-file-text-o', 'sametab', 1, 0, 218, 1, 58, '2019-03-08 09:20:25', '2019-08-31 02:25:45', 1, 1),
	(80, 'Laporan Arus Gudang', '#', 'fa fa-file-text-o', 'sametab', 1, 0, 216, 1, 64, '2019-03-08 09:21:10', '2019-08-31 02:25:45', 1, 1),
	(81, 'Transaksi by Nota', 'lap_rekap_trans/trans_order_by_nota', 'fa fa-angle-right', 'sametab', 1, 79, 218, 1, 59, '2019-03-08 09:36:44', '2019-08-31 02:25:45', 1, 1),
	(82, 'Rekap Cetak A3 by Trans', 'lap_rekap_trans/cetak_a3_by_nota', 'fa fa-angle-right', 'sametab', 1, 57, 219, 1, 71, '2019-03-24 10:09:37', '2019-08-31 02:25:45', 1, 1),
	(83, 'Laporan Penjualan Barang', '#', 'fa fa-file-text-o', 'sametab', 1, 0, 220, 1, 72, '2019-03-24 10:15:57', '2019-08-31 02:25:45', 1, 1),
	(84, 'Penjualan Barang', 'penjualan/laporan', 'fa fa-angle-right', 'sametab', 1, 83, 220, 1, 73, '2019-03-24 10:16:36', '2019-08-31 02:25:45', 1, 1),
	(85, 'Piutang Penjualan Barang', 'penjualan/laporan_piutang_penjualan', 'fa fa-angle-right', 'sametab', 1, 83, 221, 1, 74, '2019-03-24 10:17:17', '2019-08-31 02:25:45', 1, 1),
	(86, 'Laporan Produksi', '#', 'fa fa-file-text-o', 'sametab', 1, 0, 222, 1, 75, '2019-03-24 10:19:00', '2019-08-31 02:25:45', 1, 1),
	(87, 'Lap. Pekerjaan', 'produksi/laporan_produksi', 'fa fa-angle-right', 'sametab', 1, 86, 222, 1, 76, '2019-03-24 10:19:48', '2019-08-31 02:25:45', 1, 1),
	(88, 'Deposit', 'deposit', 'fa fa-th-large', 'sametab', 1, 0, 224, 1, 39, '2019-05-01 20:53:19', '2019-08-31 02:25:45', 1, 1),
	(89, 'Jaminan', 'jaminan', 'fa fa-archive', 'sametab', 1, 0, 226, 1, 38, '2019-05-01 20:54:04', '2019-08-31 02:25:45', 1, 1),
	(90, 'Approval', '#', 'fa fa-clipboard', 'sametab', 1, 0, 230, 1, 45, '2019-05-01 20:59:03', '2019-08-31 02:25:45', 1, 1),
	(91, 'Piutang Order PO', 'approve_po', 'fa fa-angle-right', 'sametab', 1, 90, 230, 1, 46, '2019-05-01 20:59:41', '2019-08-31 02:25:45', 1, 1),
	(92, 'Delete Order', 'approve_order_delete', 'fa fa-angle-right', 'sametab', 1, 90, 228, 1, 47, '2019-05-01 21:00:17', '2019-08-31 02:25:45', 1, 1),
	(93, 'Jam Kerja', 'jam_kerja', 'fa fa-angle-right', 'sametab', 1, 1, 234, 1, 83, '2019-05-01 21:04:10', '2019-08-31 02:25:45', 1, 1),
	(94, 'Revisi List Order', 'approve_revisi', 'fa fa-angle-right', 'sametab', 1, 90, 235, 1, 48, '2019-05-30 11:03:33', '2019-08-31 02:25:45', 1, 1),
	(95, 'Gol. Konsumen', 'gol_konsumen', 'fa fa-angle-right', 'sametab', 1, 7, 237, 1, 9, '2019-08-04 09:34:10', '2019-08-31 02:25:45', 1, 1),
	(96, 'Jasa', 'bahan_baku/jasa', 'fa fa-angle-right', 'sametab', 1, 7, 244, 1, 4, '2019-08-31 02:13:21', '2019-08-31 02:25:45', 1, 1),
	(97, 'Pelunasan Transaksi', 'pelunasan_trans', 'fa fa-cc-mastercard', 'sametab', 1, 0, 142, 1, 52, '2019-08-31 02:24:59', '2019-08-31 02:25:45', 1, 1);
/*!40000 ALTER TABLE `menus` ENABLE KEYS */;

-- Dumping structure for table webapp_ci_printing.merk_bb
CREATE TABLE IF NOT EXISTS `merk_bb` (
  `idmerk_bb` bigint(20) NOT NULL AUTO_INCREMENT,
  `nm_merk_bb` varchar(100) DEFAULT NULL,
  `ket` text NOT NULL,
  `st_fix` tinyint(1) DEFAULT '0',
  `created_on` datetime DEFAULT NULL,
  `created_by` bigint(20) DEFAULT NULL,
  `deleted` tinyint(1) DEFAULT '0',
  `deleted_by` bigint(20) DEFAULT NULL,
  PRIMARY KEY (`idmerk_bb`)
) ENGINE=InnoDB AUTO_INCREMENT=2 DEFAULT CHARSET=latin1;

-- Dumping data for table webapp_ci_printing.merk_bb: ~0 rows (approximately)
/*!40000 ALTER TABLE `merk_bb` DISABLE KEYS */;
INSERT INTO `merk_bb` (`idmerk_bb`, `nm_merk_bb`, `ket`, `st_fix`, `created_on`, `created_by`, `deleted`, `deleted_by`) VALUES
	(1, 'All Merk', 'Semua Merk', 1, '2018-07-30 10:06:45', 1, 0, NULL);
/*!40000 ALTER TABLE `merk_bb` ENABLE KEYS */;

-- Dumping structure for table webapp_ci_printing.mesin_cetak
CREATE TABLE IF NOT EXISTS `mesin_cetak` (
  `id_mesin` varchar(100) NOT NULL,
  `idkategori` int(11) DEFAULT NULL,
  `nm_mesin` varchar(255) DEFAULT NULL,
  `alias` varchar(100) DEFAULT NULL COMMENT 'secara otomatis akan disambung dengan nama cetak',
  `st_rekap_cetak` tinyint(1) DEFAULT '1' COMMENT 'Untuk kategori A3, \nRekap Click Cargenya dapat otomatis / manual.\n\nhanya berlaku untuk A3.\n\n1. Otomatis, extrac file txt.\n0. Manual, counter terakhir diinputnkan manual',
  `ket` text,
  `created_on` datetime DEFAULT NULL,
  `created_by` bigint(20) DEFAULT NULL,
  `deleted` tinyint(1) DEFAULT '0',
  `deleted_by` bigint(20) DEFAULT NULL,
  PRIMARY KEY (`id_mesin`)
) ENGINE=InnoDB DEFAULT CHARSET=latin1;

-- Dumping data for table webapp_ci_printing.mesin_cetak: ~2 rows (approximately)
/*!40000 ALTER TABLE `mesin_cetak` DISABLE KEYS */;
INSERT INTO `mesin_cetak` (`id_mesin`, `idkategori`, `nm_mesin`, `alias`, `st_rekap_cetak`, `ket`, `created_on`, `created_by`, `deleted`, `deleted_by`) VALUES
	('20181223S20391ADV39M3CLTD9', 1, 'Color Press 71', '71', 1, '', '2018-12-23 20:39:13', 1, 0, NULL),
	('20H1910UY21041B4KO1488I1', 1, 'X001', 'Cetak Warna', 0, '', '2019-10-21 04:14:14', 1, 0, NULL);
/*!40000 ALTER TABLE `mesin_cetak` ENABLE KEYS */;

-- Dumping structure for table webapp_ci_printing.m_order_produk_detail
CREATE TABLE IF NOT EXISTS `m_order_produk_detail` (
  `id_detail_produk_order` varchar(100) NOT NULL,
  `kode_universal` varchar(100) DEFAULT NULL,
  `id_order` varchar(100) DEFAULT NULL,
  `nama_pekerjaan` varchar(225) DEFAULT NULL,
  `id_kategori` int(11) DEFAULT NULL,
  `id_produk` varchar(50) DEFAULT NULL,
  `gambar` text,
  `thumbnail` text,
  `detail_gambar` varchar(225) DEFAULT NULL,
  `st_dimensi` tinyint(1) DEFAULT '0' COMMENT '0: tidak custom\n1: custom\n',
  `p` double DEFAULT '0',
  `l` double DEFAULT '0',
  `id_satuan` int(11) DEFAULT NULL,
  `jml_cetak` int(11) DEFAULT NULL,
  `id_konversi_jml_cetak` int(11) DEFAULT NULL,
  `st_urgent` tinyint(1) DEFAULT '0' COMMENT '0: biasa\n1: urgent\n',
  `tgl_permintaan_selesai` datetime DEFAULT NULL,
  `kenaikan_persen` float DEFAULT '0' COMMENT 'kenaikan harga urernt sesuai setting harga',
  `kenaikan_value` double DEFAULT '0',
  `biaya_design` double DEFAULT '0',
  `harga_by` int(11) DEFAULT '0' COMMENT 'harga perberapa pada seting harga',
  `satuan_cetak_by` int(11) DEFAULT NULL,
  `qty_cetak_by` double DEFAULT '0' COMMENT 'Qty Cetak by (satuan terkecil dari harga_by dan satuan cetak by)',
  `harga_cetak_persatuan_terkecil` double DEFAULT '0',
  `biaya_cetak` double DEFAULT NULL COMMENT 'baiaya untuk cetak produk tanpa finishing',
  `biaya_finishing` double DEFAULT NULL COMMENT 'total biaya finishing yang dipakai',
  `sub_total` double DEFAULT NULL COMMENT '\n',
  `st_finishing` tinyint(1) DEFAULT NULL COMMENT '0: finishing standar(sesuai produk) 1: custome( finishing milih sendiri))',
  `st_finishing_standart` tinyint(1) DEFAULT '0' COMMENT '0: finishing standart masih diginakan\n1: finishing standart tidak digunakan',
  `catatan` text,
  `st_acc_produksi` tinyint(1) DEFAULT '0' COMMENT 'status dari kasir untuk masuk produksi',
  `st_produksi` tinyint(1) DEFAULT '0' COMMENT 'sudah didelegasikan kepada operator untuk diproduksi\n\nHanya untuk order yang st_acc_produksinya = 1',
  `st_collecting` tinyint(1) DEFAULT '0' COMMENT 'sudah masuk tahap collecting.\n\nHanya untuk order yang st_acc_produksinya = 1',
  `target_server` tinyint(1) DEFAULT '0' COMMENT '0: Local\n1:online',
  `st_ambil` tinyint(1) DEFAULT '0',
  `id_spk` varchar(100) DEFAULT NULL,
  `created_on` datetime DEFAULT NULL,
  `created_by` int(11) DEFAULT NULL,
  `modified_on` datetime DEFAULT NULL,
  `modified_by` int(11) DEFAULT NULL,
  `deleted` tinyint(1) NOT NULL DEFAULT '0',
  `deleted_by` int(11) DEFAULT NULL,
  PRIMARY KEY (`id_detail_produk_order`)
) ENGINE=InnoDB DEFAULT CHARSET=latin1;

-- Dumping data for table webapp_ci_printing.m_order_produk_detail: ~36 rows (approximately)
/*!40000 ALTER TABLE `m_order_produk_detail` DISABLE KEYS */;
INSERT INTO `m_order_produk_detail` (`id_detail_produk_order`, `kode_universal`, `id_order`, `nama_pekerjaan`, `id_kategori`, `id_produk`, `gambar`, `thumbnail`, `detail_gambar`, `st_dimensi`, `p`, `l`, `id_satuan`, `jml_cetak`, `id_konversi_jml_cetak`, `st_urgent`, `tgl_permintaan_selesai`, `kenaikan_persen`, `kenaikan_value`, `biaya_design`, `harga_by`, `satuan_cetak_by`, `qty_cetak_by`, `harga_cetak_persatuan_terkecil`, `biaya_cetak`, `biaya_finishing`, `sub_total`, `st_finishing`, `st_finishing_standart`, `catatan`, `st_acc_produksi`, `st_produksi`, `st_collecting`, `target_server`, `st_ambil`, `id_spk`, `created_on`, `created_by`, `modified_on`, `modified_by`, `deleted`, `deleted_by`) VALUES
	('DETO2019070EN1093P8I31790', 'DETO20FHCRL19Q0701Q0930T2667B2', '2019070A1092JI30X9826', 'starfighter_one_by_meckanicalmind-d5ios8k.jpg', 1, 'Pfsh-20180730111215O514', 'upload//2019/07/01/TRX_2019_0701_00002D1/starfighter_one_by_meckanicalmind-d5ios8k.jpg', 'upload//2019/07/01/TRX_2019_0701_00002D1/thumb/starfighter_one_by_meckanicalmind-d5ios8k.jpg', 'Width : 1300px  Height: 660px (72,72)DPI', 0, 45.86, 23.28, 11, 25, 8, 0, NULL, 0, 0, 0, 1, 8, NULL, 2700, 62100, 0, 62100, 0, 0, NULL, 1, 0, 0, 0, 0, NULL, '2019-07-01 09:38:31', 1, NULL, NULL, 1, 1),
	('DETO201907HT0116443110Q50', 'DETO201907HT0116443110Q50', '2019070A1092JI30X9826', 'the-worlds-end-23118-1024x600.jpg', 1, 'Pfsh-20180730111840M460', 'upload//2019/07/01/TRX_2019_0701_00002D1/the-worlds-end-23118-1024x600.jpg', 'upload//2019/07/01/TRX_2019_0701_00002D1/thumb/the-worlds-end-23118-1024x600.jpg', 'Width : 1024px  Height: 600px (72,72)DPI', 0, 36.12, 21.17, 11, 21, 8, 0, '2019-07-01 21:44:00', 0, 0, 0, 1, 8, NULL, 5000, 105000, 0, 105000, 0, 0, '', 0, 0, 0, 0, 0, NULL, '2019-07-01 16:44:31', 1, NULL, NULL, 0, NULL),
	('DETO201907X0NE2ZW09UGJ18296H51E', 'DETO201907X0NE2ZW09UGJ18296H51E', 'S20190B7Z0O20M91F40753L4P', 'Zenal TAS 2_300x110_280_LES_2x cetak.tif', 2, 'Pfsh-2018110915K2117136K4', 'upload//2019/07/02/TRX_2019_0702_00002D1/Zenal-TAS-2_300x110_280_LES_2x-cetak.tif', 'upload//2019/07/02/TRX_2019_0702_00002D1/thumb/Zenal-TAS-2_300x110_280_LES_2x-cetak.jpg', 'Width : 8590px  Height: 3204px (71.9999771118164,71.9999771118164)DPI', 0, 303.04, 113.03, 11, 20, 8, 0, '2019-07-02 14:18:00', 0, 0, 0, 1, 3, NULL, 34000, 2329177.5616, 0, 2329177.5616, 0, 0, '', 0, 0, 0, 0, 0, NULL, '2019-07-02 09:18:29', 1, NULL, NULL, 0, NULL),
	('DETO20190OD61710P0252960', 'DETO20190OD61710P0252960', '201Z906171F0J0252S627', 'Zenal TAS 2_300x110_280_LES_2x cetak.tif', 2, 'Pfsh-201P8092EA41553W44934E', 'upload//2019/06/17/TRX_2019_0617_00001D1/Zenal-TAS-2_300x110_280_LES_2x-cetak.tif', 'upload//2019/06/17/TRX_2019_0617_00001D1/thumb/Zenal-TAS-2_300x110_280_LES_2x-cetak.jpg', 'Width : 8590px  Height: 3204px (71.9999771118164,71.9999771118164)DPI', 0, 303.04, 113.03, 11, 4, 8, 0, '0000-00-00 00:00:00', 0, 0, 0, 1, 3, NULL, 13000, 178113.57824, 0, 178113.57824, 0, 0, '', 0, 0, 0, 0, 0, NULL, '2019-06-17 10:02:52', 1, NULL, NULL, 0, NULL),
	('DETO20191N2141030468J67', 'DETO20191N2141030468J67', '201912141030J141030ZTGT', 'sh003_sk_0001.jpg', 1, 'Pfsh-20180730111215O514', 'upload//2019/12/14/TRX_2019_1214_00001D1/sh003_sk_0001.jpg', 'upload//2019/12/14/TRX_2019_1214_00001D1/thumb/sh003_sk_0001.jpg', '', 0, 42, 29.7, 11, 12, 8, 0, '2019-12-14 15:30:00', 0, 0, 0, 1, 8, 1, 3000, 36000, 0, 36000, 0, 0, '', 0, 0, 0, 0, 0, NULL, '2019-12-14 10:30:46', 1, NULL, NULL, 0, NULL),
	('DETO20191R21UK4V1032P4R7905', 'DETO20191R21UK4V1032P4R7905', '2L0G191214103231857', 'botak.jpg', 1, 'Pfsh-20180730111215O514', 'upload//2019/12/14/TRX_2019_1214_00002D1/botak.jpg', 'upload//2019/12/14/TRX_2019_1214_00002D1/thumb/botak.jpg', '', 0, 42, 29.7, 11, 12, 8, 0, '2019-12-14 15:32:00', 0, 0, 0, 1, 8, 1, 2700, 32400, 0, 32400, 0, 0, '', 0, 0, 0, 0, 0, NULL, '2019-12-14 10:32:47', 1, NULL, NULL, 0, NULL),
	('DETO201V9I1214G1036G2PI8PE49W0F', 'DETO201V9I1214G1036G2PI8PE49W0F', '20191K2141N036281V049', 'design_meja_kayu.jpg', 1, 'Pfsh-20180730112902E529', 'upload//2019/12/14/TRX_2019_1214_00003D1/design_meja_kayu.jpg', 'upload//2019/12/14/TRX_2019_1214_00003D1/thumb/design_meja_kayu.jpg', '', 0, 42, 29.7, 11, 12, 8, 0, '2019-12-14 15:36:00', 0, 0, 0, 1, 8, 1, 1600, 19200, 0, 19200, 0, 0, '', 0, 0, 0, 0, 0, NULL, '2019-12-14 10:36:28', 1, NULL, NULL, 0, NULL),
	('DETO201VC912E17222343526', 'DETO201VC912E17222343526', '2019FF1X21PZ72223QL43658', 'images (3).jpg', 1, 'Pfsh-20180730111215O514', 'upload//2019/12/17/TRX_2019_1217_00002D1/images-(3).jpg', 'upload//2019/12/17/TRX_2019_1217_00002D1/thumb/images-(3).jpg', '', 1, 42, 29.7, 11, 100, 8, 0, '2019-12-18 03:23:00', 0, 0, 0, 1, 8, 1, 2500, 250000, 0, 250000, 0, 0, '', 0, 0, 0, 0, 0, NULL, '2019-12-17 22:23:43', 1, NULL, NULL, 0, NULL),
	('DETO20200303110D53AT81324', 'DETO20200303110D53AT81324', '2J020Z03HW031Q1WYK05381J507', 'WhatsApp Image 2020-03-03 at 06.46.58.jpeg', 2, 'Pfsh-201P8092EA41553W44934E', 'upload//2020/03/03/TRX_2020_0303_00001D1/WhatsApp-Image-2020-03-03-at-06.46.58.jpeg', 'upload//2020/03/03/TRX_2020_0303_00001D1/thumb/WhatsApp-Image-2020-03-03-at-06.jpg', '', 1, 200, 100, 11, 1, 8, 1, '2020-03-03 16:05:00', 100, 30000, 15000, 1, 3, 1000000, 15000, 30000, 0, 75000, 0, 0, 'finishing yang rapi', 0, 0, 0, 0, 0, NULL, '2020-03-03 11:05:38', 1, NULL, NULL, 1, 1),
	('DETO202101S0800265549W7', 'DETO202101S0800265549W7', '20MEIRO2M1010800245B65NR51W', 'Untitled-1.jpg', 2, 'Pfsh-201P8092EA41553W44934E', 'upload//2021/01/08/TRX_2021_0108_00001D36/Untitled-1.jpg', 'upload//2021/01/08/TRX_2021_0108_00001D36/thumb/Untitled-1.jpg', '', 1, 2, 1.5, 12, 1, 8, 0, '2021-01-08 12:26:00', 0, 0, 15000, 1, 3, 1000000, 15000, 45000, 0, 60000, 0, 1, '', 0, 0, 0, 0, 0, NULL, '2021-01-08 00:26:55', 36, NULL, NULL, 0, NULL),
	('DETO20A210B1BGG08002456Q837T', 'DETO20A210B1BGG08002456Q837T', '20MEIRO2M1010800245B65NR51W', 'IMG-20201229-WA0009.jpg', 2, 'Pfsh-201P8092EA41553W44934E', 'upload//2021/01/08/TRX_2021_0108_00001D36/IMG-20201229-WA0009.jpg', 'upload//2021/01/08/TRX_2021_0108_00001D36/thumb/IMG-20201229-WA0009.jpg', '', 1, 2, 1, 12, 1, 8, 0, '2021-01-08 12:24:00', 0, 0, 15000, 1, 3, 1000000, 15000, 30000, 0, 45000, 0, 1, '', 0, 0, 0, 0, 0, NULL, '2021-01-08 00:24:56', 36, NULL, NULL, 1, 36),
	('DETO20D19L12KL141B0470074K8AW', 'DETO20D19L12KL141B0470074K8AW', '20191214O104V70T01405', 'sh003_sk_0001.jpg', 1, 'Pfsh-20180730112606G542', 'upload//2019/12/14/TRX_2019_1214_00004D1/sh003_sk_0001.jpg', 'upload//2019/12/14/TRX_2019_1214_00004D1/thumb/sh003_sk_0001.jpg', '', 1, 42, 29.7, 11, 12, 8, 0, '2019-12-14 15:47:00', 0, 0, 0, 1, 8, 1, 2300, 27600, 0, 27600, 0, 0, '', 0, 0, 0, 0, 0, NULL, '2019-12-14 10:47:00', 1, NULL, NULL, 0, NULL),
	('DETO20FHCRL19Q0701Q0930T2667B2', 'DETO20FHCRL19Q0701Q0930T2667B2', '2019070A1092JI30X9826', 'starfighter_one_by_meckanicalmind-d5ios8k.jpg', 1, 'Pfsh-20180730111215O514', 'upload//2019/07/01/TRX_2019_0701_00002D1/starfighter_one_by_meckanicalmind-d5ios8k.jpg', 'upload//2019/07/01/TRX_2019_0701_00002D1/thumb/starfighter_one_by_meckanicalmind-d5ios8k.jpg', 'Width : 1300px  Height: 660px (72,72)DPI', 0, 45.86, 23.28, 11, 23, 8, 0, '2019-07-01 14:30:00', 0, 0, 0, 1, 8, NULL, 2700, 62100, 0, 62100, 0, 0, '', 0, 0, 0, 0, 0, NULL, '2019-07-01 09:30:26', 1, NULL, NULL, 1, 1),
	('DETO20G2XZ1011W0S0B81742629', 'DETO20G2XZ1011W0S0B81742629', '2B021Z0A1100817425H18S', 'logo monitor.jpg', 1, 'Pfsh-20180730112308Z482', 'upload//2021/01/10/TRX_2021_0110_00001D1/logo-monitor.jpg', 'upload//2021/01/10/TRX_2021_0110_00001D1/thumb/logo-monitor.jpg', '', 1, 1, 1, 11, 20, 8, 0, '2021-01-10 20:17:00', 0, 0, 0, 1, 8, 1, 1500, 30000, 0, 30000, 0, 0, '', 1, 0, 0, 0, 0, 'spk2021011008F18271032H', '2021-01-10 08:17:42', 1, NULL, NULL, 0, NULL),
	('DETO20K19070Q41437Z43CX6B77', 'DETO20K19070Q41437Z43CX6B77', 'T2019L0N7H04143743687XJ', 'sword-art-online.jpg', 1, 'Pfsh-20180730112308Z482', 'upload//2019/07/04/TRX_2019_0704_00001D1/sword-art-online.jpg', 'upload//2019/07/04/TRX_2019_0704_00001D1/thumb/sword-art-online.jpg', 'Width : 1366px  Height: 768px (72,72)DPI', 0, 48.19, 27.09, 11, 20, 8, 0, '2019-07-04 19:37:00', 0, 0, 0, 1, 8, NULL, 1500, 30000, 0, 30000, 0, 0, '', 0, 0, 0, 0, 0, NULL, '2019-07-04 14:37:43', 1, NULL, NULL, 0, NULL),
	('DETO20UG21L111107201XY0R11E04', 'DETO20UG21L111107201XY0R11E04', '202111LY1107200B9D707B', 'sasuke picek.jpg', 1, 'Pfsh-20180730111840M460', 'upload//2021/11/11/TRX_2021_1111_00001D1/sasuke-picek.jpg', 'upload//2021/11/11/TRX_2021_1111_00001D1/thumb/sasuke-picek.jpg', '', 1, 1, 1, 11, 1, 8, 0, '2021-11-11 19:20:00', 0, 0, 1000, 1, 8, 1, 8000, 8000, 0, 9000, 0, 0, 'komiik', 0, 0, 0, 0, 0, NULL, '2021-11-11 07:20:10', 1, NULL, NULL, 0, NULL),
	('DETO2B020030311R1P1001539J', 'DETO2B020030311R1P1001539J', 'A20G200303111I10099Y5', 'WhatsApp Image 2020-03-03 at 06.46.58.jpeg', 1, 'Pfsh-20180730111215O514', 'upload//2020/03/03/TRX_2020_0303_00002D1/WhatsApp-Image-2020-03-03-at-06.46.58.jpeg', 'upload//2020/03/03/TRX_2020_0303_00002D1/thumb/WhatsApp-Image-2020-03-03-at-06.jpg', '', 1, 1, 1, 11, 2, 8, 0, '2020-03-03 16:11:00', 0, 0, 0, 1, 8, 1, 4000, 8000, 0, 8000, 0, 0, '', 0, 0, 0, 0, 0, NULL, '2020-03-03 11:11:00', 1, NULL, NULL, 0, NULL),
	('DETO2M019121410TZ3642E1P407', 'DETO2M019121410TZ3642E1P407', '20191K2141N036281V049', 'Eventus-Studio-016-e1525136662501.jpg', 1, 'Pfsh-20180730112902E529', 'upload//2019/12/14/TRX_2019_1214_00003D1/Eventus-Studio-016-e1525136662501.jpg', 'upload//2019/12/14/TRX_2019_1214_00003D1/thumb/Eventus-Studio-016-e1525136662501.jpg', '', 0, 42, 29.7, 11, 23, 8, 0, '2019-12-14 15:36:00', 0, 0, 0, 1, 8, 1, 1600, 36800, 0, 36800, 0, 0, '', 0, 0, 0, 0, 0, NULL, '2019-12-14 10:36:42', 1, NULL, NULL, 0, NULL),
	('DETO2M01912Y1N410X30144K75N', 'DETO2M01912Y1N410X30144K75N', '201912141030J141030ZTGT', 'Eventus-Studio-016-e1525136662501.jpg', 1, 'Pfsh-20180730112308Z482', 'upload//2019/12/14/TRX_2019_1214_00001D1/Eventus-Studio-016-e1525136662501.jpg', 'upload//2019/12/14/TRX_2019_1214_00001D1/thumb/Eventus-Studio-016-e1525136662501.jpg', '', 0, 42, 29.7, 11, 12, 8, 0, '2019-12-14 15:30:00', 0, 0, 0, 1, 8, 1, 1500, 18000, 0, 18000, 0, 0, '', 0, 0, 0, 0, 0, NULL, '2019-12-14 10:30:14', 1, NULL, NULL, 0, NULL),
	('DETO2O0190701165O5T55148', 'DETO2O0190701165O5T55148', '2019070A1092JI30X9826', 'snake-7999-1024x600.jpg', 2, 'Pfsh-2018110915K2117136K4', 'upload//2019/07/01/TRX_2019_0701_00002D1/snake-7999-1024x600.jpg', 'upload//2019/07/01/TRX_2019_0701_00002D1/thumb/snake-7999-1024x600.jpg', 'Width : 1024px  Height: 600px (100,100)DPI', 0, 26.01, 15.24, 11, 23, 8, 0, '2019-07-01 21:55:00', 0, 0, 0, 1, 3, NULL, 35000, 35000, 0, 35000, 0, 0, '', 0, 0, 0, 0, 0, NULL, '2019-07-01 16:55:55', 1, NULL, NULL, 0, NULL),
	('DETO2Q01M907EH0W1F09BOF141026N8', 'DETO2Q01M907EH0W1F09BOF141026N8', '2019070109141V0I995', 'Zenal TAS 2_300x110_280_LES_2x cetak.tif', 2, 'Pfsh-201P8092EA41553W44934E', 'upload//2019/07/01/TRX_2019_0701_00001D1/Zenal-TAS-2_300x110_280_LES_2x-cetak.tif', 'upload//2019/07/01/TRX_2019_0701_00001D1/thumb/Zenal-TAS-2_300x110_280_LES_2x-cetak.jpg', 'Width : 8590px  Height: 3204px (71.9999771118164,71.9999771118164)DPI', 0, 303.04, 113.03, 11, 20, 8, 0, '2019-07-01 14:14:00', 0, 0, 0, 1, 3, NULL, 13000, 890567.8912000001, 0, 890567.8912, 0, 0, '', 0, 0, 0, 0, 0, NULL, '2019-07-01 09:14:10', 1, NULL, NULL, 0, NULL),
	('DETO2XW019070ZVZR2091S4A07Z237', 'DETO2XW019070ZVZR2091S4A07Z237', 'S20190B7Z0O20M91F40753L4P', 'the-worlds-end-23118-1024x6001.jpg', 1, 'Pfsh-20180730112606G542', 'upload//2019/07/02/TRX_2019_0702_00002D1/the-worlds-end-23118-1024x6001.jpg', 'upload//2019/07/02/TRX_2019_0702_00002D1/thumb/the-worlds-end-23118-1024x6001.jpg', 'Width : 1024px  Height: 600px (72,72)DPI', 0, 36.12, 21.17, 11, 10, 8, 0, '2019-07-02 14:14:00', 0, 0, 0, 1, 8, NULL, 2300, 23000, 0, 23000, 0, 0, '', 1, 0, 0, 0, 0, 'spk2019070C209143145JP2', '2019-07-02 09:14:07', 1, NULL, NULL, 0, NULL),
	('DETOE201T91214181550109P4B', 'DETOE201T91214181550109P4B', 'B201O91214VTD18F155E0737', 'design_meja_kayu.jpg', 1, 'Pfsh-20180730111840M460', 'upload//2019/12/14/TRX_2019_1214_00006D1/design_meja_kayu.jpg', 'upload//2019/12/14/TRX_2019_1214_00006D1/thumb/design_meja_kayu.jpg', '', 1, 42, 29.7, 11, 12, 8, 0, '2019-12-14 23:15:00', 0, 0, 0, 1, 8, 1, 5000, 60000, 0, 60000, 0, 0, '', 1, 0, 0, 0, 0, 'spk2019121418O165D3C1002P', '2019-12-14 18:15:50', 1, NULL, NULL, 0, NULL),
	('DETOESC20Y1D90J701092309584', 'DETOESC20Y1D90J701092309584', '2019070A1092JI30X9826', 'Zenal TAS 2_300x110_280_LES_2x cetak.tif', 2, 'Pfsh-201P8092EA41553W44934E', 'upload//2019/07/01/TRX_2019_0701_00002D1/Zenal-TAS-2_300x110_280_LES_2x-cetak.tif', 'upload//2019/07/01/TRX_2019_0701_00002D1/thumb/Zenal-TAS-2_300x110_280_LES_2x-cetak.jpg', 'Width : 8590px  Height: 3204px (71.9999771118164,71.9999771118164)DPI', 0, 303.04, 113.03, 11, 120, 8, 0, '2019-07-01 14:23:00', 0, 0, 0, 1, 3, NULL, 13000, 5343407.347200001, 0, 5343407.3472, 0, 0, '', 1, 0, 0, 0, 0, 'spk2F0UP19A07V0109262373BH6', '2019-07-01 09:23:09', 1, NULL, NULL, 1, 1),
	('DETOF20191E214D103B231648', 'DETOF20191E214D103B231648', '2L0G191214103231857', 'Eventus-Studio-016-e1525136662501.jpg', 1, 'Pfsh-20180730111215O514', 'upload//2019/12/14/TRX_2019_1214_00002D1/Eventus-Studio-016-e1525136662501.jpg', 'upload//2019/12/14/TRX_2019_1214_00002D1/thumb/Eventus-Studio-016-e1525136662501.jpg', '', 0, 42, 29.7, 11, 12, 8, 0, '2019-12-14 15:32:00', 0, 0, 0, 1, 8, 1, 2700, 32400, 0, 32400, 0, 0, '', 0, 0, 0, 0, 0, NULL, '2019-12-14 10:32:31', 1, NULL, NULL, 0, NULL),
	('DETOFP20KT190J7X01K2E00919Q65T0', 'DETO20FHCRL19Q0701Q0930T2667B2', '2019070A1092JI30X9826', 'starfighter_one_by_meckanicalmind-d5ios8k.jpg', 1, 'Pfsh-20180730111215O514', 'upload//2019/07/01/TRX_2019_0701_00002D1/starfighter_one_by_meckanicalmind-d5ios8k.jpg', 'upload//2019/07/01/TRX_2019_0701_00002D1/thumb/starfighter_one_by_meckanicalmind-d5ios8k.jpg', 'Width : 1300px  Height: 660px (72,72)DPI', 0, 45.86, 23.28, 11, 30, 8, 0, NULL, 0, 0, 0, 1, 8, NULL, 2700, 62100, 0, 62100, 0, 0, NULL, 1, 0, 0, 0, 0, NULL, '2019-07-01 20:09:19', 1, NULL, NULL, 0, NULL),
	('DETOH201H91217R210ZDV9E5G341R7', 'DETOH201H91217R210ZDV9E5G341R7', 'D20YBOJ191A21721095C3Z712IN', 'gold-shield-icon-psd-material-39314.jpg', 1, 'Pfsh-20180730111215O514', 'upload//2019/12/17/TRX_2019_1217_00001D1/gold-shield-icon-psd-material-39314.jpg', 'upload//2019/12/17/TRX_2019_1217_00001D1/thumb/gold-shield-icon-psd-material-39314.jpg', '', 1, 42, 29.7, 11, 1, 8, 0, '2019-12-18 02:09:00', 0, 0, 0, 1, 8, 1, 4000, 4000, 0, 4000, 0, 0, '', 0, 0, 0, 0, 0, NULL, '2019-12-17 21:09:53', 1, NULL, NULL, 0, NULL),
	('DETOJ2019Z07I0K20903035L99', 'DETOJ2019Z07I0K20903035L99', '20FM19C0T7O0G2090303418', 'Valvrave[Animefullfights.com].jpg', 1, 'Pfsh-20180730112308Z482', 'upload//2019/07/02/TRX_2019_0702_00001D1/Valvrave[Animefullfights.com].jpg', 'upload//2019/07/02/TRX_2019_0702_00001D1/thumb/Valvrave[Animefullfights.jpg', 'Width : 1920px  Height: 1080px (1,1)DPI', 0, 4876.8, 2743.2, 11, 21, 8, 0, '2019-07-02 14:03:00', 0, 0, 0, 1, 8, NULL, 1500, 31500, 0, 31500, 0, 0, '', 0, 0, 0, 0, 0, NULL, '2019-07-02 09:03:04', 1, NULL, NULL, 0, NULL),
	('DETOK20T190O702093443742', 'DETOK20T190O702093443742', 'S20190B7Z0O20M91F40753L4P', 'Robot Mecha Firing Girl female hd wallpaper for desktop .jpg', 1, 'Pfsh-20180730113050Z526', 'upload//2019/07/02/TRX_2019_0702_00002D1/Robot-Mecha-Firing-Girl-female-hd-wallpaper-for-desktop-.jpg', 'upload//2019/07/02/TRX_2019_0702_00002D1/thumb/Robot-Mecha-Firing-Girl-female-hd-wallpaper-for-desktop-.jpg', 'Width : 2048px  Height: 1448px (350,350)DPI', 0, 14.86, 10.51, 11, 12, 8, 0, '2019-07-02 14:34:00', 0, 0, 0, 1, 8, NULL, 2400, 28800, 0, 28800, 0, 0, '', 1, 0, 0, 0, 0, 'spk20L190702093D443J6I3I6', '2019-07-02 09:34:43', 1, NULL, NULL, 0, NULL),
	('DETOM20O191214NH1142VQZ2985O9', 'DETOM20O191214NH1142VQZ2985O9', '20191U214114229W141A0Y', 'Eventus-Studio-016-e1525136662501.jpg', 1, 'Pfsh-20180730111215O514', 'upload//2019/12/14/TRX_2019_1214_00005D1/Eventus-Studio-016-e1525136662501.jpg', 'upload//2019/12/14/TRX_2019_1214_00005D1/thumb/Eventus-Studio-016-e1525136662501.jpg', '', 1, 42, 29.7, 11, 12, 8, 0, '2019-12-14 16:42:00', 0, 0, 0, 1, 8, 1, 3000, 36000, 0, 36000, 0, 0, '', 0, 0, 0, 0, 0, NULL, '2019-12-14 11:42:29', 1, NULL, NULL, 0, NULL),
	('DETOP2W01907U020Y90T100A32ES9', 'DETOP2W01907U020Y90T100A32ES9', '201R9M0TX702090KH100223C', 'Valvrave-the-Liberator-Anime-[Animefullfights.com].jpg', 1, 'Pfsh-20180730112308Z482', 'upload//2019/07/02/TRX_2019_0702_00001D1/Valvrave-the-Liberator-Anime-[Animefullfights.com].jpg', 'upload//2019/07/02/TRX_2019_0702_00001D1/thumb/Valvrave-the-Liberator-Anime-[Animefullfights.jpg', 'Width : 1920px  Height: 1200px (72,72)DPI', 0, 67.73, 42.33, 11, 21, 8, 0, '2019-07-02 14:01:00', 0, 0, 0, 1, 8, NULL, 1500, 31500, 0, 31500, 0, 0, '', 0, 0, 0, 0, 0, NULL, '2019-07-02 09:01:00', 1, NULL, NULL, 0, NULL),
	('DETOR201907020YKJ90P0V10Y4GZ1E9', 'DETOR201907020YKJ90P0V10Y4GZ1E9', '20U1907020RE90010540', 'search_team_by_alexjjessup-d6gkryb.jpg', 1, 'Pfsh-20180730112308Z482', 'upload//2019/07/02/TRX_2019_0702_00001D1/search_team_by_alexjjessup-d6gkryb.jpg', 'upload//2019/07/02/TRX_2019_0702_00001D1/thumb/search_team_by_alexjjessup-d6gkryb.jpg', 'Width : 1600px  Height: 777px (300,300)DPI', 0, 13.55, 6.58, 11, 12, 8, 0, '2019-07-02 14:00:00', 0, 0, 0, 1, 8, NULL, 1500, 18000, 0, 18000, 0, 0, '', 0, 0, 0, 0, 0, NULL, '2019-07-02 09:00:10', 1, NULL, NULL, 0, NULL),
	('DETOV20Z190702090036352', 'DETOV20Z190702090036352', '201907020RQS90G036C2P80W', 'the-worlds-end-23118-1024x600.jpg', 1, 'Pfsh-20180730112308Z482', 'upload//2019/07/02/TRX_2019_0702_00001D1/the-worlds-end-23118-1024x600.jpg', 'upload//2019/07/02/TRX_2019_0702_00001D1/thumb/the-worlds-end-23118-1024x600.jpg', 'Width : 1024px  Height: 600px (72,72)DPI', 0, 36.12, 21.17, 11, 20, 8, 0, '2019-07-02 14:00:00', 0, 0, 0, 1, 8, NULL, 1500, 30000, 0, 30000, 0, 0, '', 0, 0, 0, 0, 0, NULL, '2019-07-02 09:00:36', 1, NULL, NULL, 0, NULL),
	('DETOX201907Z02093B3XI311RU0B45', 'DETOX201907Z02093B3XI311RU0B45', 'S20190B7Z0O20M91F40753L4P', 'Zenal TAS 2_300x110_280_LES_2x cetak.tif', 2, 'Pfsh-2W0O1K81030102342B680', 'upload//2019/07/02/TRX_2019_0702_00002D1/Zenal-TAS-2_300x110_280_LES_2x-cetak.tif', 'upload//2019/07/02/TRX_2019_0702_00002D1/thumb/Zenal-TAS-2_300x110_280_LES_2x-cetak.jpg', 'Width : 8590px  Height: 3204px (71.9999771118164,71.9999771118164)DPI', 0, 303.04, 113.03, 11, 12, 8, 0, '2019-07-02 14:33:00', 0, 0, 0, 1, 3, NULL, 21000, 863165.80224, 0, 863165.80224, 0, 0, '', 1, 0, 0, 0, 0, 'spk201F907B02093331238', '2019-07-02 09:33:31', 1, NULL, NULL, 0, NULL),
	('DETOX202003B0U31F1WV1B2S3A998V6', 'DETO20200303110D53AT81324', '2J020Z03HW031Q1WYK05381J507', 'WhatsApp Image 2020-03-03 at 06.46.58.jpeg', 2, 'Pfsh-201P8092EA41553W44934E', 'upload//2020/03/03/TRX_2020_0303_00001D1/WhatsApp-Image-2020-03-03-at-06.46.58.jpeg', 'upload//2020/03/03/TRX_2020_0303_00001D1/thumb/WhatsApp-Image-2020-03-03-at-06.jpg', '', 1, 200, 100, 11, 2, 8, 0, NULL, 100, 56000, 15000, 1, 3, 1000000, 14000, 56000, 0, 127000, 0, 0, NULL, 1, 0, 0, 0, 0, 'spkMI20210F10T80011321W004', '2020-03-03 11:12:39', 1, NULL, NULL, 0, NULL),
	('DETOX20CFU19070109ET28M545V1P9', 'DETOESC20Y1D90J701092309584', '2019070A1092JI30X9826', 'Zenal TAS 2_300x110_280_LES_2x cetak.tif', 2, 'Pfsh-201P8092EA41553W44934E', 'upload//2019/07/01/TRX_2019_0701_00002D1/Zenal-TAS-2_300x110_280_LES_2x-cetak.tif', 'upload//2019/07/01/TRX_2019_0701_00002D1/thumb/Zenal-TAS-2_300x110_280_LES_2x-cetak.jpg', 'Width : 8590px  Height: 3204px (71.9999771118164,71.9999771118164)DPI', 0, 303.04, 113.03, 11, 200, 8, 0, NULL, 0, 0, 0, 1, 3, NULL, 13000, 5343407.347200001, 0, 5343407.3472, 0, 0, NULL, 1, 0, 0, 0, 0, 'spk201AYBZV907GI0109L2854499', '2019-07-01 09:28:54', 1, NULL, NULL, 0, NULL),
	('DETOZ201I907I050KG9373D81P94', 'DETOZ201I907I050KG9373D81P94', '20190F70509Q37AX38649', 'Zenal TAS 2_300x110_280_LES_2x cetak.tif', 1, 'Pfsh-20180730111840M460', 'upload//2019/07/05/TRX_2019_0705_00001D1/Zenal-TAS-2_300x110_280_LES_2x-cetak.tif', 'upload//2019/07/05/TRX_2019_0705_00001D1/thumb/Zenal-TAS-2_300x110_280_LES_2x-cetak.jpg', 'Width : 8590px  Height: 3204px (71.9999771118164,71.9999771118164)DPI', 0, 303.04, 113.03, 11, 30, 8, 0, '2019-07-05 14:37:00', 0, 0, 0, 1, 8, NULL, 5000, 150000, 105000, 255000, 1, 1, '', 0, 0, 0, 0, 0, NULL, '2019-07-05 09:37:38', 1, NULL, NULL, 0, NULL);
/*!40000 ALTER TABLE `m_order_produk_detail` ENABLE KEYS */;

-- Dumping structure for table webapp_ci_printing.m_order_produk_detail_a3
CREATE TABLE IF NOT EXISTS `m_order_produk_detail_a3` (
  `idorder_produk_detail_a3` varchar(100) NOT NULL,
  `id_detail_produk_order` varchar(100) DEFAULT NULL,
  `page` int(11) DEFAULT NULL,
  `jml_print` int(11) DEFAULT NULL,
  PRIMARY KEY (`idorder_produk_detail_a3`)
) ENGINE=InnoDB DEFAULT CHARSET=latin1;

-- Dumping data for table webapp_ci_printing.m_order_produk_detail_a3: ~0 rows (approximately)
/*!40000 ALTER TABLE `m_order_produk_detail_a3` DISABLE KEYS */;
/*!40000 ALTER TABLE `m_order_produk_detail_a3` ENABLE KEYS */;

-- Dumping structure for table webapp_ci_printing.m_order_produk_detail_finishing
CREATE TABLE IF NOT EXISTS `m_order_produk_detail_finishing` (
  `id_detail_produk_finishing_order` varchar(100) NOT NULL,
  `id_detail_produk_order` varchar(100) NOT NULL,
  `id_produk` varchar(100) NOT NULL COMMENT 'id produk untuk produk finishing',
  `qty_cetak_by` double DEFAULT '0' COMMENT 'Qty Cetak by berapa pada setting Harga',
  `satuan_cetak_by` int(11) DEFAULT NULL,
  `harga_cetak_persatuan_terkecil` double DEFAULT '0',
  `jml` int(11) NOT NULL,
  `id_konversi` int(11) DEFAULT NULL,
  `harga` double NOT NULL,
  `catatan` text NOT NULL,
  `created_on` datetime NOT NULL,
  `created_by` int(11) NOT NULL,
  `modified_on` datetime NOT NULL,
  `modified_by` int(11) NOT NULL,
  `deleted` tinyint(1) NOT NULL,
  `deleted_by` int(11) NOT NULL,
  PRIMARY KEY (`id_detail_produk_finishing_order`)
) ENGINE=InnoDB DEFAULT CHARSET=latin1;

-- Dumping data for table webapp_ci_printing.m_order_produk_detail_finishing: ~2 rows (approximately)
/*!40000 ALTER TABLE `m_order_produk_detail_finishing` DISABLE KEYS */;
INSERT INTO `m_order_produk_detail_finishing` (`id_detail_produk_finishing_order`, `id_detail_produk_order`, `id_produk`, `qty_cetak_by`, `satuan_cetak_by`, `harga_cetak_persatuan_terkecil`, `jml`, `id_konversi`, `harga`, `catatan`, `created_on`, `created_by`, `modified_on`, `modified_by`, `deleted`, `deleted_by`) VALUES
	('20S1W907L050M9G3K7BI3T8R703', 'DETOZ201I907I050KG9373D81P94', 'Pfsh-20180730143518D464', 0, NULL, 0, 1, 0, 30000, '', '2019-07-05 09:37:38', 1, '0000-00-00 00:00:00', 0, 0, 0),
	('2L01C907050ST9M37V38457', 'DETOZ201I907I050KG9373D81P94', 'Pfsh-2018Y1102102412S7N15', 0, NULL, 0, 2, 0, 75000, '', '2019-07-05 09:37:38', 1, '0000-00-00 00:00:00', 0, 0, 0);
/*!40000 ALTER TABLE `m_order_produk_detail_finishing` ENABLE KEYS */;

-- Dumping structure for table webapp_ci_printing.order_produk
CREATE TABLE IF NOT EXISTS `order_produk` (
  `id_order` varchar(50) NOT NULL,
  `barcode` varchar(100) DEFAULT NULL COMMENT 'kode barcode dari collecting',
  `no_transaksi` varchar(25) DEFAULT NULL,
  `id_konsumen` varchar(50) DEFAULT NULL,
  `no_tlp` varchar(45) DEFAULT NULL,
  `tgl_order` date DEFAULT NULL,
  `st_urgent` tinyint(1) DEFAULT '0' COMMENT '0: non urgent\n1: urgent',
  `tgl_permintaan_selesai` date DEFAULT NULL,
  `total_value_order` double DEFAULT NULL,
  `catatan` text,
  `st_simpan` tinyint(1) DEFAULT '0' COMMENT '0:belum selesai 1:selesai proses simpan',
  `st_order` tinyint(1) NOT NULL DEFAULT '0' COMMENT 'order kantor atau order reseller 0:order kantor 1: order reseller',
  `st_kasir` tinyint(1) DEFAULT '0' COMMENT '0: belum diproses kasir 1: sudah diproses kasir',
  `st_selesai` tinyint(1) DEFAULT '0' COMMENT '1 = sudah selesai dicollecting\n0 = masing menggantung',
  `st_ambil` tinyint(1) DEFAULT '0' COMMENT '1 = sudah diambil konsumen\n0 = masih di outlet',
  `no_po` varchar(100) DEFAULT NULL,
  `lampiran` varchar(100) DEFAULT NULL,
  `st_revisi` tinyint(1) DEFAULT '0' COMMENT '0: tidak ada revisi\n1: ada revisi di detail order pendeletan penambahan ddll\n\njika st_nota == 3(sudah dipecah) tidak dapat direvisi(insert dan delete list order)',
  `st_nota` tinyint(1) DEFAULT '0' COMMENT '0: belum dibuat nota\n1: nota kasir\n2: nota accounting\n3: pecah Nota ',
  `st_po` tinyint(1) DEFAULT '0' COMMENT '0 = order normal, tanpa PO\n1 = order PO.\n\nOrder PO adalah order yang hanya dicatat, dan tidak dibuatkan SPKnya. Sampai konsumen merequest jml cetak.',
  `st_close_order` tinyint(1) DEFAULT '0' COMMENT '0: belum close msih bisa direvisi\n1: tidak bisa direisi',
  `st_acc_po_tempo` tinyint(1) DEFAULT '0' COMMENT 'hanya untuk transaksi PO / SO\n\n0 = Jika pembayaran ditransaksinya harus lunas\n1 = Jika pembayaran ditransaksinya boleh tempo',
  `st_ctk_struk_tmp` tinyint(1) DEFAULT '0' COMMENT 'Status cetak struk sementara.\n\n0 = Data order belum pernah dicetak struk sementaranya.\n1 = Data order telah dicetak struk sementaranya.',
  `st_acc_delete` tinyint(1) DEFAULT '0' COMMENT 'Status ini berhubungan dengan st_ctk_struk_tmp.\nkondisinya adalah.\nJika\n\nst_ctk_struk_tmp = 1 dan st_acc_delete = 1, maka boleh dihapus.\nst_ctk_struk_tmp = 1 dan st_acc_delete = 0, maka tidak boleh dihapus / direvisi data list ordernya.',
  `created_on` datetime DEFAULT NULL,
  `created_by` int(11) DEFAULT NULL,
  `modified_on` datetime DEFAULT NULL,
  `modified_by` int(11) DEFAULT NULL,
  `deleted` tinyint(4) DEFAULT '0',
  `deleted_by` int(11) DEFAULT NULL,
  PRIMARY KEY (`id_order`)
) ENGINE=InnoDB DEFAULT CHARSET=latin1;

-- Dumping data for table webapp_ci_printing.order_produk: ~22 rows (approximately)
/*!40000 ALTER TABLE `order_produk` DISABLE KEYS */;
INSERT INTO `order_produk` (`id_order`, `barcode`, `no_transaksi`, `id_konsumen`, `no_tlp`, `tgl_order`, `st_urgent`, `tgl_permintaan_selesai`, `total_value_order`, `catatan`, `st_simpan`, `st_order`, `st_kasir`, `st_selesai`, `st_ambil`, `no_po`, `lampiran`, `st_revisi`, `st_nota`, `st_po`, `st_close_order`, `st_acc_po_tempo`, `st_ctk_struk_tmp`, `st_acc_delete`, `created_on`, `created_by`, `modified_on`, `modified_by`, `deleted`, `deleted_by`) VALUES
	('2019070109141V0I995', NULL, 'TRX/2019/0701-00001D1', 'KONS201810291JX41C4087F64', '+62 878-3334-6784', '2019-07-01', 0, NULL, 890567.8912, NULL, 0, 0, 0, 0, 0, NULL, NULL, 0, 0, 0, 0, 0, 0, 0, '2019-07-01 09:14:10', 1, NULL, NULL, 0, NULL),
	('201907020RQS90G036C2P80W', NULL, 'TRX/2019/0702-00001D1', 'KONS20181029V1429T1E8NTLT1NW5Q85', '+62 812-3911-6605', '2019-07-02', 0, NULL, 30000, NULL, 0, 0, 0, 0, 0, NULL, NULL, 1, 0, 0, 0, 0, 0, 0, '2019-07-02 09:00:36', 1, NULL, NULL, 0, NULL),
	('2019070A1092JI30X9826', NULL, 'TRX/2019/0701-00002D1', 'KONS201810291JX41C4087F64', '+62 878-3334-6784', '2019-07-01', 0, NULL, 5545507.3472, NULL, 1, 0, 1, 0, 0, '', 'LAMP201Q9A0701092Q50L76K08.', 2, 1, 0, 0, 0, 0, 0, '2019-07-01 09:23:09', 1, NULL, NULL, 0, NULL),
	('20190F70509Q37AX38649', NULL, 'TRX/2019/0705-00001D1', 'KONS2018102A91B0482075E2', '085875404214', '2019-07-05', 0, NULL, 255000, NULL, 0, 0, 0, 0, 0, NULL, NULL, 1, 0, 0, 0, 0, 0, 0, '2019-07-05 09:37:38', 1, NULL, NULL, 0, NULL),
	('201912141030J141030ZTGT', NULL, 'TRX/2019/1214-00001D1', 'KONS2D01811P1G50V446HR04K14B75U', '08157704993', '2019-12-14', 0, NULL, 54000, NULL, 0, 0, 0, 0, 0, NULL, NULL, 1, 0, 0, 0, 0, 0, 0, '2019-12-14 10:30:14', 1, NULL, NULL, 0, NULL),
	('20191214O104V70T01405', NULL, 'TRX/2019/1214-00004D1', 'KONS2D01811P1G50V446HR04K14B75U', '08157704993', '2019-12-14', 0, NULL, 27600, NULL, 0, 0, 0, 0, 0, NULL, NULL, 1, 0, 0, 0, 0, 0, 0, '2019-12-14 10:47:00', 1, NULL, NULL, 0, NULL),
	('20191K2141N036281V049', NULL, 'TRX/2019/1214-00003D1', 'KONS201810311440Y5Q11058', '+62 815-7797-450', '2019-12-14', 0, NULL, 56000, NULL, 0, 0, 0, 0, 0, NULL, NULL, 1, 0, 0, 0, 0, 0, 0, '2019-12-14 10:36:28', 1, NULL, NULL, 0, NULL),
	('20191U214114229W141A0Y', NULL, 'TRX/2019/1214-00005D1', 'KONS201810311440Y5Q11058', '+62 815-7797-450', '2019-12-14', 0, NULL, 36000, NULL, 0, 0, 0, 0, 0, NULL, NULL, 1, 0, 0, 0, 0, 0, 0, '2019-12-14 11:42:29', 1, NULL, NULL, 0, NULL),
	('2019FF1X21PZ72223QL43658', NULL, 'TRX/2019/1217-00002D1', 'KONS2019030X4114605R655', '-', '2019-12-17', 0, NULL, 250000, NULL, 1, 0, 0, 0, 0, '', NULL, 1, 0, 0, 0, 0, 0, 0, '2019-12-17 22:23:43', 1, NULL, NULL, 0, NULL),
	('201R9M0TX702090KH100223C', NULL, 'TRX/2019/0702-00001D1', 'KONS20181029V1429T1E8NTLT1NW5Q85', '+62 812-3911-6605', '2019-07-02', 0, NULL, 31500, NULL, 0, 0, 0, 0, 0, NULL, NULL, 1, 0, 0, 0, 0, 0, 0, '2019-07-02 09:01:00', 1, NULL, NULL, 0, NULL),
	('201Z906171F0J0252S627', NULL, 'TRX/2019/0617-00001D1', 'KONS201810291JX41C4087F64', '+62 878-3334-6784', '2019-06-17', 0, NULL, 178113.57824, NULL, 0, 0, 0, 0, 0, NULL, NULL, 0, 0, 0, 0, 0, 0, 0, '2019-06-17 10:02:52', 1, NULL, NULL, 0, NULL),
	('202111LY1107200B9D707B', NULL, 'TRX/2021/1111-00001D1', 'KONS20O21I111A107FB20U09755', '0865647439', '2021-11-11', 0, NULL, 9000, NULL, 1, 0, 0, 0, 0, '1', NULL, 1, 0, 0, 0, 0, 0, 0, '2021-11-11 07:20:09', 1, NULL, NULL, 0, NULL),
	('20FM19C0T7O0G2090303418', NULL, 'TRX/2019/0702-00001D1', 'KONS20181029V1429T1E8NTLT1NW5Q85', '+62 812-3911-6605', '2019-07-02', 0, NULL, 31500, NULL, 0, 0, 0, 0, 0, NULL, NULL, 1, 0, 0, 0, 0, 0, 0, '2019-07-02 09:03:03', 1, NULL, NULL, 0, NULL),
	('20MEIRO2M1010800245B65NR51W', NULL, 'TRX/2021/0108-00001D36', 'KONS2D01811P1G50V446HR04K14B75U', '08157704993', '2021-01-08', 0, NULL, 60000, NULL, 1, 0, 0, 0, 0, '', NULL, 1, 0, 0, 0, 0, 0, 0, '2021-01-08 00:24:56', 36, NULL, NULL, 0, NULL),
	('20U1907020RE90010540', NULL, 'TRX/2019/0702-00001D1', 'KONS20181029V1429T1E8NTLT1NW5Q85', '+62 812-3911-6605', '2019-07-02', 0, NULL, 18000, NULL, 0, 0, 0, 0, 0, NULL, NULL, 1, 0, 0, 0, 0, 0, 0, '2019-07-02 09:00:10', 1, NULL, NULL, 0, NULL),
	('2B021Z0A1100817425H18S', NULL, 'TRX/2021/0110-00001D1', 'KONS2019030X4114605R655', '-', '2021-01-10', 0, NULL, 30000, NULL, 1, 0, 1, 0, 0, '', NULL, 0, 1, 0, 0, 0, 0, 0, '2021-01-10 08:17:42', 1, NULL, NULL, 0, NULL),
	('2J020Z03HW031Q1WYK05381J507', NULL, 'TRX/2020/0303-00001D1', 'KONS2D01811P1G50V446HR04K14B75U', '08157704993', '2020-03-03', 0, NULL, 127000, NULL, 1, 0, 1, 0, 0, '', NULL, 0, 1, 0, 0, 0, 0, 0, '2020-03-03 11:05:38', 1, NULL, NULL, 0, NULL),
	('2L0G191214103231857', NULL, 'TRX/2019/1214-00002D1', 'KONS201810311440Y5Q11058', '+62 815-7797-450', '2019-12-14', 0, NULL, 64800, NULL, 0, 0, 0, 0, 0, NULL, NULL, 1, 0, 0, 0, 0, 0, 0, '2019-12-14 10:32:31', 1, NULL, NULL, 0, NULL),
	('A20G200303111I10099Y5', NULL, 'TRX/2020/0303-00002D1', 'KONSL201903191J6F22461232', '-08123452027', '2020-03-03', 0, NULL, 8000, NULL, 1, 0, 0, 0, 0, '123', NULL, 1, 0, 1, 0, 0, 1, 0, '2020-03-03 11:11:00', 1, NULL, NULL, 0, NULL),
	('B201O91214VTD18F155E0737', NULL, 'TRX/2019/1214-00006D1', 'KONS2D01811P1G50V446HR04K14B75U', '08157704993', '2019-12-14', 0, NULL, 60000, NULL, 1, 0, 1, 0, 0, '', NULL, 0, 1, 0, 0, 0, 0, 0, '2019-12-14 18:15:50', 1, NULL, NULL, 0, NULL),
	('D20YBOJ191A21721095C3Z712IN', NULL, 'TRX/2019/1217-00001D1', 'KONS2019030X4114605R655', '-', '2019-12-17', 0, NULL, 4000, NULL, 1, 0, 0, 0, 0, '', NULL, 1, 0, 0, 0, 0, 0, 0, '2019-12-17 21:09:53', 1, NULL, NULL, 0, NULL),
	('S20190B7Z0O20M91F40753L4P', NULL, 'TRX/2019/0702-00002D1', 'KONS2018102A91B0482075E2', '085875404214', '2019-07-02', 0, NULL, 3244143.36384, NULL, 1, 0, 1, 0, 0, '', 'LAMP201N907RP0209R14D1I1G89B7C.', 2, 1, 0, 0, 0, 0, 0, '2019-07-02 09:14:07', 1, NULL, NULL, 0, NULL),
	('T2019L0N7H04143743687XJ', NULL, 'TRX/2019/0704-00001D1', 'KONS201810291JX41C4087F64', '+62 878-3334-6784', '2019-07-04', 0, NULL, 30000, NULL, 0, 0, 0, 0, 0, NULL, NULL, 1, 0, 0, 0, 0, 0, 0, '2019-07-04 14:37:43', 1, NULL, NULL, 0, NULL);
/*!40000 ALTER TABLE `order_produk` ENABLE KEYS */;

-- Dumping structure for table webapp_ci_printing.order_produk_detail
CREATE TABLE IF NOT EXISTS `order_produk_detail` (
  `id_detail_produk_order` varchar(100) NOT NULL,
  `kode_universal` varchar(100) DEFAULT NULL,
  `id_order` varchar(100) DEFAULT NULL,
  `nama_pekerjaan` varchar(225) DEFAULT NULL,
  `id_kategori` int(11) DEFAULT NULL,
  `id_produk` varchar(50) DEFAULT NULL,
  `gambar` text,
  `thumbnail` text,
  `detail_gambar` varchar(225) DEFAULT NULL,
  `st_dimensi` tinyint(1) DEFAULT '0' COMMENT '0: tidak custom\n1: custom\n',
  `p` double DEFAULT '0',
  `l` double DEFAULT '0',
  `id_satuan` int(11) DEFAULT NULL,
  `jml_cetak` int(11) DEFAULT NULL,
  `id_konversi_jml_cetak` int(11) DEFAULT NULL,
  `st_urgent` tinyint(1) DEFAULT '0' COMMENT '0: biasa\n1: urgent\n',
  `tgl_permintaan_selesai` datetime DEFAULT NULL,
  `kenaikan_persen` float DEFAULT NULL COMMENT 'kenaikan harga urernt sesuai setting harga',
  `kenaikan_value` double DEFAULT NULL,
  `biaya_design` double DEFAULT NULL,
  `harga_by` int(11) DEFAULT '0' COMMENT 'harga perberapa pada seting harga',
  `satuan_cetak_by` int(11) DEFAULT NULL,
  `qty_cetak_by` double DEFAULT '0' COMMENT 'Qty Cetak by (satuan terkecil dari harga_by dan satuan cetak by)',
  `harga_cetak_persatuan_terkecil` double DEFAULT '0' COMMENT 'harga cetak persatuan terkecil sesuai setting harga',
  `biaya_cetak` double DEFAULT NULL COMMENT 'baiaya untuk cetak produk tanpa finishing',
  `biaya_finishing` double DEFAULT NULL COMMENT 'total biaya finishing yang dipakai',
  `sub_total` double DEFAULT NULL COMMENT '\n',
  `st_finishing` tinyint(1) DEFAULT NULL COMMENT '0: finishing standar(sesuai produk) 1: custome( finishing milih sendiri))',
  `st_finishing_standart` tinyint(1) DEFAULT '0' COMMENT '0: finishing standart masih diginakan\n1: finishing standart tidak digunakan',
  `catatan` text,
  `st_acc_produksi` tinyint(1) DEFAULT '0' COMMENT 'status dari kasir untuk masuk produksi',
  `st_produksi` tinyint(1) DEFAULT '0' COMMENT 'sudah didelegasikan kepada operator untuk diproduksi\n\nHanya untuk order yang st_acc_produksinya = 1',
  `st_collecting` tinyint(1) DEFAULT '0' COMMENT 'sudah masuk tahap collecting.\n\nHanya untuk order yang st_acc_produksinya = 1',
  `target_server` tinyint(1) DEFAULT '0' COMMENT '0: Local\n1:online',
  `st_ambil` tinyint(1) DEFAULT '0',
  `created_on` datetime DEFAULT NULL,
  `created_by` int(11) DEFAULT NULL,
  `modified_on` datetime DEFAULT NULL,
  `modified_by` int(11) DEFAULT NULL,
  `deleted` tinyint(1) NOT NULL DEFAULT '0',
  `deleted_by` int(11) DEFAULT NULL,
  PRIMARY KEY (`id_detail_produk_order`)
) ENGINE=InnoDB DEFAULT CHARSET=latin1;

-- Dumping data for table webapp_ci_printing.order_produk_detail: ~26 rows (approximately)
/*!40000 ALTER TABLE `order_produk_detail` DISABLE KEYS */;
INSERT INTO `order_produk_detail` (`id_detail_produk_order`, `kode_universal`, `id_order`, `nama_pekerjaan`, `id_kategori`, `id_produk`, `gambar`, `thumbnail`, `detail_gambar`, `st_dimensi`, `p`, `l`, `id_satuan`, `jml_cetak`, `id_konversi_jml_cetak`, `st_urgent`, `tgl_permintaan_selesai`, `kenaikan_persen`, `kenaikan_value`, `biaya_design`, `harga_by`, `satuan_cetak_by`, `qty_cetak_by`, `harga_cetak_persatuan_terkecil`, `biaya_cetak`, `biaya_finishing`, `sub_total`, `st_finishing`, `st_finishing_standart`, `catatan`, `st_acc_produksi`, `st_produksi`, `st_collecting`, `target_server`, `st_ambil`, `created_on`, `created_by`, `modified_on`, `modified_by`, `deleted`, `deleted_by`) VALUES
	('DETO20190OD61710P0252960', 'DETO20190OD61710P0252960', '201Z906171F0J0252S627', 'Zenal TAS 2_300x110_280_LES_2x cetak.tif', 2, 'Pfsh-201P8092EA41553W44934E', 'upload//2019/06/17/TRX_2019_0617_00001D1/Zenal-TAS-2_300x110_280_LES_2x-cetak.tif', 'upload//2019/06/17/TRX_2019_0617_00001D1/thumb/Zenal-TAS-2_300x110_280_LES_2x-cetak.jpg', 'Width : 8590px  Height: 3204px (71.9999771118164,71.9999771118164)DPI', 0, 303.04, 113.03, 11, 4, 8, 0, '0000-00-00 00:00:00', 0, 0, 0, 1, 3, NULL, 13000, 178113.57824, 0, 178113.57824, 0, 0, '', 0, 0, 0, 0, 0, '2019-06-17 10:02:52', 1, NULL, NULL, 0, NULL),
	('DETO20191N2141030468J67', 'DETO20191N2141030468J67', '201912141030J141030ZTGT', 'sh003_sk_0001.jpg', 1, 'Pfsh-20180730111215O514', 'upload//2019/12/14/TRX_2019_1214_00001D1/sh003_sk_0001.jpg', 'upload//2019/12/14/TRX_2019_1214_00001D1/thumb/sh003_sk_0001.jpg', '', 0, 42, 29.7, 11, 12, 8, 0, '2019-12-14 15:30:00', 0, 0, 0, 1, 8, 1, 3000, 36000, 0, 36000, 0, 0, '', 0, 0, 0, 0, 0, '2019-12-14 10:30:46', 1, NULL, NULL, 0, NULL),
	('DETO20191R21UK4V1032P4R7905', 'DETO20191R21UK4V1032P4R7905', '2L0G191214103231857', 'botak.jpg', 1, 'Pfsh-20180730111215O514', 'upload//2019/12/14/TRX_2019_1214_00002D1/botak.jpg', 'upload//2019/12/14/TRX_2019_1214_00002D1/thumb/botak.jpg', '', 0, 42, 29.7, 11, 12, 8, 0, '2019-12-14 15:32:00', 0, 0, 0, 1, 8, 1, 2700, 32400, 0, 32400, 0, 0, '', 0, 0, 0, 0, 0, '2019-12-14 10:32:47', 1, NULL, NULL, 0, NULL),
	('DETO201V9I1214G1036G2PI8PE49W0F', 'DETO201V9I1214G1036G2PI8PE49W0F', '20191K2141N036281V049', 'design_meja_kayu.jpg', 1, 'Pfsh-20180730112902E529', 'upload//2019/12/14/TRX_2019_1214_00003D1/design_meja_kayu.jpg', 'upload//2019/12/14/TRX_2019_1214_00003D1/thumb/design_meja_kayu.jpg', '', 0, 42, 29.7, 11, 12, 8, 0, '2019-12-14 15:36:00', 0, 0, 0, 1, 8, 1, 1600, 19200, 0, 19200, 0, 0, '', 0, 0, 0, 0, 0, '2019-12-14 10:36:28', 1, NULL, NULL, 0, NULL),
	('DETO201VC912E17222343526', 'DETO201VC912E17222343526', '2019FF1X21PZ72223QL43658', 'images (3).jpg', 1, 'Pfsh-20180730111215O514', 'upload//2019/12/17/TRX_2019_1217_00002D1/images-(3).jpg', 'upload//2019/12/17/TRX_2019_1217_00002D1/thumb/images-(3).jpg', '', 1, 42, 29.7, 11, 100, 8, 0, '2019-12-18 03:23:00', 0, 0, 0, 1, 8, 1, 2500, 250000, 0, 250000, 0, 0, '', 0, 0, 0, 0, 0, '2019-12-17 22:23:43', 1, NULL, NULL, 0, NULL),
	('DETO20200303110D53AT81324', 'DETO20200303110D53AT81324', '2J020Z03HW031Q1WYK05381J507', 'WhatsApp Image 2020-03-03 at 06.46.58.jpeg', 2, 'Pfsh-201P8092EA41553W44934E', 'upload//2020/03/03/TRX_2020_0303_00001D1/WhatsApp-Image-2020-03-03-at-06.46.58.jpeg', 'upload//2020/03/03/TRX_2020_0303_00001D1/thumb/WhatsApp-Image-2020-03-03-at-06.jpg', '', 1, 200, 100, 11, 1, 8, 1, '2020-03-03 16:05:00', 100, 30000, 15000, 1, 3, 1000000, 15000, 30000, 0, 75000, 0, 0, 'finishing yang rapi', 0, 0, 0, 0, 0, '2020-03-03 11:05:38', 1, NULL, NULL, 0, NULL),
	('DETO202101S0800265549W7', 'DETO202101S0800265549W7', '20MEIRO2M1010800245B65NR51W', 'Untitled-1.jpg', 2, 'Pfsh-201P8092EA41553W44934E', 'upload//2021/01/08/TRX_2021_0108_00001D36/Untitled-1.jpg', 'upload//2021/01/08/TRX_2021_0108_00001D36/thumb/Untitled-1.jpg', '', 1, 2, 1.5, 12, 1, 8, 0, '2021-01-08 12:26:00', 0, 0, 15000, 1, 3, 1000000, 15000, 45000, 0, 60000, 0, 1, '', 0, 0, 0, 0, 0, '2021-01-08 00:26:55', 36, NULL, NULL, 0, NULL),
	('DETO20A210B1BGG08002456Q837T', 'DETO20A210B1BGG08002456Q837T', '20MEIRO2M1010800245B65NR51W', 'IMG-20201229-WA0009.jpg', 2, 'Pfsh-201P8092EA41553W44934E', 'upload//2021/01/08/TRX_2021_0108_00001D36/IMG-20201229-WA0009.jpg', 'upload//2021/01/08/TRX_2021_0108_00001D36/thumb/IMG-20201229-WA0009.jpg', '', 1, 2, 1, 12, 1, 8, 0, '2021-01-08 12:24:00', 0, 0, 15000, 1, 3, 1000000, 15000, 30000, 0, 45000, 0, 1, '', 0, 0, 0, 0, 0, '2021-01-08 00:24:56', 36, NULL, NULL, 1, 36),
	('DETO20D19L12KL141B0470074K8AW', 'DETO20D19L12KL141B0470074K8AW', '20191214O104V70T01405', 'sh003_sk_0001.jpg', 1, 'Pfsh-20180730112606G542', 'upload//2019/12/14/TRX_2019_1214_00004D1/sh003_sk_0001.jpg', 'upload//2019/12/14/TRX_2019_1214_00004D1/thumb/sh003_sk_0001.jpg', '', 1, 42, 29.7, 11, 12, 8, 0, '2019-12-14 15:47:00', 0, 0, 0, 1, 8, 1, 2300, 27600, 0, 27600, 0, 0, '', 0, 0, 0, 0, 0, '2019-12-14 10:47:00', 1, NULL, NULL, 0, NULL),
	('DETO20G2XZ1011W0S0B81742629', 'DETO20G2XZ1011W0S0B81742629', '2B021Z0A1100817425H18S', 'logo monitor.jpg', 1, 'Pfsh-20180730112308Z482', 'upload//2021/01/10/TRX_2021_0110_00001D1/logo-monitor.jpg', 'upload//2021/01/10/TRX_2021_0110_00001D1/thumb/logo-monitor.jpg', '', 1, 1, 1, 11, 20, 8, 0, '2021-01-10 20:17:00', 0, 0, 0, 1, 8, 1, 1500, 30000, 0, 30000, 0, 0, '', 0, 0, 0, 0, 0, '2021-01-10 08:17:42', 1, NULL, NULL, 0, NULL),
	('DETO20K19070Q41437Z43CX6B77', 'DETO20K19070Q41437Z43CX6B77', 'T2019L0N7H04143743687XJ', 'sword-art-online.jpg', 1, 'Pfsh-20180730112308Z482', 'upload//2019/07/04/TRX_2019_0704_00001D1/sword-art-online.jpg', 'upload//2019/07/04/TRX_2019_0704_00001D1/thumb/sword-art-online.jpg', 'Width : 1366px  Height: 768px (72,72)DPI', 0, 48.19, 27.09, 11, 20, 8, 0, '2019-07-04 19:37:00', 0, 0, 0, 1, 8, NULL, 1500, 30000, 0, 30000, 0, 0, '', 0, 0, 0, 0, 0, '2019-07-04 14:37:43', 1, NULL, NULL, 0, NULL),
	('DETO20UG21L111107201XY0R11E04', 'DETO20UG21L111107201XY0R11E04', '202111LY1107200B9D707B', 'sasuke picek.jpg', 1, 'Pfsh-20180730111840M460', 'upload//2021/11/11/TRX_2021_1111_00001D1/sasuke-picek.jpg', 'upload//2021/11/11/TRX_2021_1111_00001D1/thumb/sasuke-picek.jpg', '', 1, 1, 1, 11, 1, 8, 0, '2021-11-11 19:20:00', 0, 0, 1000, 1, 8, 1, 8000, 8000, 0, 9000, 0, 0, 'komiik', 0, 0, 0, 0, 0, '2021-11-11 07:20:10', 1, NULL, NULL, 0, NULL),
	('DETO2B020030311R1P1001539J', 'DETO2B020030311R1P1001539J', 'A20G200303111I10099Y5', 'WhatsApp Image 2020-03-03 at 06.46.58.jpeg', 1, 'Pfsh-20180730111215O514', 'upload//2020/03/03/TRX_2020_0303_00002D1/WhatsApp-Image-2020-03-03-at-06.46.58.jpeg', 'upload//2020/03/03/TRX_2020_0303_00002D1/thumb/WhatsApp-Image-2020-03-03-at-06.jpg', '', 1, 1, 1, 11, 2, 8, 0, '2020-03-03 16:11:00', 0, 0, 0, 1, 8, 1, 4000, 8000, 0, 8000, 0, 0, '', 0, 0, 0, 0, 0, '2020-03-03 11:11:00', 1, NULL, NULL, 0, NULL),
	('DETO2M019121410TZ3642E1P407', 'DETO2M019121410TZ3642E1P407', '20191K2141N036281V049', 'Eventus-Studio-016-e1525136662501.jpg', 1, 'Pfsh-20180730112902E529', 'upload//2019/12/14/TRX_2019_1214_00003D1/Eventus-Studio-016-e1525136662501.jpg', 'upload//2019/12/14/TRX_2019_1214_00003D1/thumb/Eventus-Studio-016-e1525136662501.jpg', '', 0, 42, 29.7, 11, 23, 8, 0, '2019-12-14 15:36:00', 0, 0, 0, 1, 8, 1, 1600, 36800, 0, 36800, 0, 0, '', 0, 0, 0, 0, 0, '2019-12-14 10:36:42', 1, NULL, NULL, 0, NULL),
	('DETO2M01912Y1N410X30144K75N', 'DETO2M01912Y1N410X30144K75N', '201912141030J141030ZTGT', 'Eventus-Studio-016-e1525136662501.jpg', 1, 'Pfsh-20180730112308Z482', 'upload//2019/12/14/TRX_2019_1214_00001D1/Eventus-Studio-016-e1525136662501.jpg', 'upload//2019/12/14/TRX_2019_1214_00001D1/thumb/Eventus-Studio-016-e1525136662501.jpg', '', 0, 42, 29.7, 11, 12, 8, 0, '2019-12-14 15:30:00', 0, 0, 0, 1, 8, 1, 1500, 18000, 0, 18000, 0, 0, '', 0, 0, 0, 0, 0, '2019-12-14 10:30:14', 1, NULL, NULL, 0, NULL),
	('DETO2Q01M907EH0W1F09BOF141026N8', 'DETO2Q01M907EH0W1F09BOF141026N8', '2019070109141V0I995', 'Zenal TAS 2_300x110_280_LES_2x cetak.tif', 2, 'Pfsh-201P8092EA41553W44934E', 'upload//2019/07/01/TRX_2019_0701_00001D1/Zenal-TAS-2_300x110_280_LES_2x-cetak.tif', 'upload//2019/07/01/TRX_2019_0701_00001D1/thumb/Zenal-TAS-2_300x110_280_LES_2x-cetak.jpg', 'Width : 8590px  Height: 3204px (71.9999771118164,71.9999771118164)DPI', 0, 303.04, 113.03, 11, 20, 8, 0, '2019-07-01 14:14:00', 0, 0, 0, 1, 3, NULL, 13000, 890567.8912000001, 0, 890567.8912, 0, 0, '', 0, 0, 0, 0, 0, '2019-07-01 09:14:10', 1, NULL, NULL, 0, NULL),
	('DETO2XW019070ZVZR2091S4A07Z237', 'DETO2XW019070ZVZR2091S4A07Z237', 'S20190B7Z0O20M91F40753L4P', 'the-worlds-end-23118-1024x6001.jpg', 1, 'Pfsh-20180730112606G542', 'upload//2019/07/02/TRX_2019_0702_00002D1/the-worlds-end-23118-1024x6001.jpg', 'upload//2019/07/02/TRX_2019_0702_00002D1/thumb/the-worlds-end-23118-1024x6001.jpg', 'Width : 1024px  Height: 600px (72,72)DPI', 0, 36.12, 21.17, 11, 10, 8, 0, '2019-07-02 14:14:00', 0, 0, 0, 1, 8, NULL, 2300, 23000, 0, 23000, 0, 0, '', 0, 0, 0, 0, 0, '2019-07-02 09:14:07', 1, NULL, NULL, 0, NULL),
	('DETOE201T91214181550109P4B', 'DETOE201T91214181550109P4B', 'B201O91214VTD18F155E0737', 'design_meja_kayu.jpg', 1, 'Pfsh-20180730111840M460', 'upload//2019/12/14/TRX_2019_1214_00006D1/design_meja_kayu.jpg', 'upload//2019/12/14/TRX_2019_1214_00006D1/thumb/design_meja_kayu.jpg', '', 1, 42, 29.7, 11, 12, 8, 0, '2019-12-14 23:15:00', 0, 0, 0, 1, 8, 1, 5000, 60000, 0, 60000, 0, 0, '', 0, 0, 0, 0, 0, '2019-12-14 18:15:50', 1, NULL, NULL, 0, NULL),
	('DETOESC20Y1D90J701092309584', 'DETOESC20Y1D90J701092309584', '2019070A1092JI30X9826', 'Zenal TAS 2_300x110_280_LES_2x cetak.tif', 2, 'Pfsh-201P8092EA41553W44934E', 'upload//2019/07/01/TRX_2019_0701_00002D1/Zenal-TAS-2_300x110_280_LES_2x-cetak.tif', 'upload//2019/07/01/TRX_2019_0701_00002D1/thumb/Zenal-TAS-2_300x110_280_LES_2x-cetak.jpg', 'Width : 8590px  Height: 3204px (71.9999771118164,71.9999771118164)DPI', 0, 303.04, 113.03, 11, 120, 8, 0, '2019-07-01 14:23:00', 0, 0, 0, 1, 3, NULL, 13000, 5343407.347200001, 0, 5343407.3472, 0, 0, '', 0, 0, 0, 0, 0, '2019-07-01 09:23:09', 1, NULL, NULL, 0, NULL),
	('DETOF20191E214D103B231648', 'DETOF20191E214D103B231648', '2L0G191214103231857', 'Eventus-Studio-016-e1525136662501.jpg', 1, 'Pfsh-20180730111215O514', 'upload//2019/12/14/TRX_2019_1214_00002D1/Eventus-Studio-016-e1525136662501.jpg', 'upload//2019/12/14/TRX_2019_1214_00002D1/thumb/Eventus-Studio-016-e1525136662501.jpg', '', 0, 42, 29.7, 11, 12, 8, 0, '2019-12-14 15:32:00', 0, 0, 0, 1, 8, 1, 2700, 32400, 0, 32400, 0, 0, '', 0, 0, 0, 0, 0, '2019-12-14 10:32:31', 1, NULL, NULL, 0, NULL),
	('DETOH201H91217R210ZDV9E5G341R7', 'DETOH201H91217R210ZDV9E5G341R7', 'D20YBOJ191A21721095C3Z712IN', 'gold-shield-icon-psd-material-39314.jpg', 1, 'Pfsh-20180730111215O514', 'upload//2019/12/17/TRX_2019_1217_00001D1/gold-shield-icon-psd-material-39314.jpg', 'upload//2019/12/17/TRX_2019_1217_00001D1/thumb/gold-shield-icon-psd-material-39314.jpg', '', 1, 42, 29.7, 11, 1, 8, 0, '2019-12-18 02:09:00', 0, 0, 0, 1, 8, 1, 4000, 4000, 0, 4000, 0, 0, '', 0, 0, 0, 0, 0, '2019-12-17 21:09:53', 1, NULL, NULL, 0, NULL),
	('DETOJ2019Z07I0K20903035L99', 'DETOJ2019Z07I0K20903035L99', '20FM19C0T7O0G2090303418', 'Valvrave[Animefullfights.com].jpg', 1, 'Pfsh-20180730112308Z482', 'upload//2019/07/02/TRX_2019_0702_00001D1/Valvrave[Animefullfights.com].jpg', 'upload//2019/07/02/TRX_2019_0702_00001D1/thumb/Valvrave[Animefullfights.jpg', 'Width : 1920px  Height: 1080px (1,1)DPI', 0, 4876.8, 2743.2, 11, 21, 8, 0, '2019-07-02 14:03:00', 0, 0, 0, 1, 8, NULL, 1500, 31500, 0, 31500, 0, 0, '', 0, 0, 0, 0, 0, '2019-07-02 09:03:03', 1, NULL, NULL, 0, NULL),
	('DETOM20O191214NH1142VQZ2985O9', 'DETOM20O191214NH1142VQZ2985O9', '20191U214114229W141A0Y', 'Eventus-Studio-016-e1525136662501.jpg', 1, 'Pfsh-20180730111215O514', 'upload//2019/12/14/TRX_2019_1214_00005D1/Eventus-Studio-016-e1525136662501.jpg', 'upload//2019/12/14/TRX_2019_1214_00005D1/thumb/Eventus-Studio-016-e1525136662501.jpg', '', 1, 42, 29.7, 11, 12, 8, 0, '2019-12-14 16:42:00', 0, 0, 0, 1, 8, 1, 3000, 36000, 0, 36000, 0, 0, '', 0, 0, 0, 0, 0, '2019-12-14 11:42:29', 1, NULL, NULL, 0, NULL),
	('DETOP2W01907U020Y90T100A32ES9', 'DETOP2W01907U020Y90T100A32ES9', '201R9M0TX702090KH100223C', 'Valvrave-the-Liberator-Anime-[Animefullfights.com].jpg', 1, 'Pfsh-20180730112308Z482', 'upload//2019/07/02/TRX_2019_0702_00001D1/Valvrave-the-Liberator-Anime-[Animefullfights.com].jpg', 'upload//2019/07/02/TRX_2019_0702_00001D1/thumb/Valvrave-the-Liberator-Anime-[Animefullfights.jpg', 'Width : 1920px  Height: 1200px (72,72)DPI', 0, 67.73, 42.33, 11, 21, 8, 0, '2019-07-02 14:01:00', 0, 0, 0, 1, 8, NULL, 1500, 31500, 0, 31500, 0, 0, '', 0, 0, 0, 0, 0, '2019-07-02 09:01:00', 1, NULL, NULL, 0, NULL),
	('DETOR201907020YKJ90P0V10Y4GZ1E9', 'DETOR201907020YKJ90P0V10Y4GZ1E9', '20U1907020RE90010540', 'search_team_by_alexjjessup-d6gkryb.jpg', 1, 'Pfsh-20180730112308Z482', 'upload//2019/07/02/TRX_2019_0702_00001D1/search_team_by_alexjjessup-d6gkryb.jpg', 'upload//2019/07/02/TRX_2019_0702_00001D1/thumb/search_team_by_alexjjessup-d6gkryb.jpg', 'Width : 1600px  Height: 777px (300,300)DPI', 0, 13.55, 6.58, 11, 12, 8, 0, '2019-07-02 14:00:00', 0, 0, 0, 1, 8, NULL, 1500, 18000, 0, 18000, 0, 0, '', 0, 0, 0, 0, 0, '2019-07-02 09:00:10', 1, NULL, NULL, 0, NULL),
	('DETOV20Z190702090036352', 'DETOV20Z190702090036352', '201907020RQS90G036C2P80W', 'the-worlds-end-23118-1024x600.jpg', 1, 'Pfsh-20180730112308Z482', 'upload//2019/07/02/TRX_2019_0702_00001D1/the-worlds-end-23118-1024x600.jpg', 'upload//2019/07/02/TRX_2019_0702_00001D1/thumb/the-worlds-end-23118-1024x600.jpg', 'Width : 1024px  Height: 600px (72,72)DPI', 0, 36.12, 21.17, 11, 20, 8, 0, '2019-07-02 14:00:00', 0, 0, 0, 1, 8, NULL, 1500, 30000, 0, 30000, 0, 0, '', 0, 0, 0, 0, 0, '2019-07-02 09:00:36', 1, NULL, NULL, 0, NULL),
	('DETOZ201I907I050KG9373D81P94', 'DETOZ201I907I050KG9373D81P94', '20190F70509Q37AX38649', 'Zenal TAS 2_300x110_280_LES_2x cetak.tif', 1, 'Pfsh-20180730111840M460', 'upload//2019/07/05/TRX_2019_0705_00001D1/Zenal-TAS-2_300x110_280_LES_2x-cetak.tif', 'upload//2019/07/05/TRX_2019_0705_00001D1/thumb/Zenal-TAS-2_300x110_280_LES_2x-cetak.jpg', 'Width : 8590px  Height: 3204px (71.9999771118164,71.9999771118164)DPI', 0, 303.04, 113.03, 11, 30, 8, 0, '2019-07-05 14:37:00', 0, 0, 0, 1, 8, NULL, 5000, 150000, 105000, 255000, 1, 1, '', 0, 0, 0, 0, 0, '2019-07-05 09:37:38', 1, NULL, NULL, 0, NULL);
/*!40000 ALTER TABLE `order_produk_detail` ENABLE KEYS */;

-- Dumping structure for table webapp_ci_printing.order_produk_detail_a3
CREATE TABLE IF NOT EXISTS `order_produk_detail_a3` (
  `idorder_produk_detail_a3` varchar(100) NOT NULL,
  `id_detail_produk_order` varchar(100) DEFAULT NULL,
  `page` int(11) DEFAULT NULL,
  `jml_print` int(11) DEFAULT NULL,
  PRIMARY KEY (`idorder_produk_detail_a3`)
) ENGINE=InnoDB DEFAULT CHARSET=latin1;

-- Dumping data for table webapp_ci_printing.order_produk_detail_a3: ~0 rows (approximately)
/*!40000 ALTER TABLE `order_produk_detail_a3` DISABLE KEYS */;
/*!40000 ALTER TABLE `order_produk_detail_a3` ENABLE KEYS */;

-- Dumping structure for table webapp_ci_printing.order_produk_detail_finishing
CREATE TABLE IF NOT EXISTS `order_produk_detail_finishing` (
  `id_detail_produk_finishing_order` varchar(50) NOT NULL,
  `id_detail_produk_order` varchar(50) NOT NULL,
  `id_produk` varchar(50) NOT NULL COMMENT 'id produk untuk produk finishing',
  `qty_cetak_by` double DEFAULT '0' COMMENT 'Qty Cetak by berapa pada setting Harga',
  `satuan_cetak_by` int(11) DEFAULT NULL,
  `harga_cetak_persatuan_terkecil` double DEFAULT '0',
  `jml` int(11) NOT NULL,
  `id_konversi` int(11) DEFAULT NULL,
  `harga` double NOT NULL,
  `catatan` text NOT NULL,
  `created_on` datetime NOT NULL,
  `created_by` int(11) NOT NULL,
  `modified_on` datetime NOT NULL,
  `modified_by` int(11) NOT NULL,
  `deleted` tinyint(1) NOT NULL,
  `deleted_by` int(11) NOT NULL,
  PRIMARY KEY (`id_detail_produk_finishing_order`)
) ENGINE=InnoDB DEFAULT CHARSET=latin1;

-- Dumping data for table webapp_ci_printing.order_produk_detail_finishing: ~2 rows (approximately)
/*!40000 ALTER TABLE `order_produk_detail_finishing` DISABLE KEYS */;
INSERT INTO `order_produk_detail_finishing` (`id_detail_produk_finishing_order`, `id_detail_produk_order`, `id_produk`, `qty_cetak_by`, `satuan_cetak_by`, `harga_cetak_persatuan_terkecil`, `jml`, `id_konversi`, `harga`, `catatan`, `created_on`, `created_by`, `modified_on`, `modified_by`, `deleted`, `deleted_by`) VALUES
	('20S1W907L050M9G3K7BI3T8R703', 'DETOZ201I907I050KG9373D81P94', 'Pfsh-20180730143518D464', 0, NULL, 0, 1, 0, 30000, '', '2019-07-05 09:37:38', 1, '0000-00-00 00:00:00', 0, 0, 0),
	('2L01C907050ST9M37V38457', 'DETOZ201I907I050KG9373D81P94', 'Pfsh-2018Y1102102412S7N15', 0, NULL, 0, 2, 0, 75000, '', '2019-07-05 09:37:38', 1, '0000-00-00 00:00:00', 0, 0, 0);
/*!40000 ALTER TABLE `order_produk_detail_finishing` ENABLE KEYS */;

-- Dumping structure for table webapp_ci_printing.pelunasan_transaksi
CREATE TABLE IF NOT EXISTS `pelunasan_transaksi` (
  `idpelunasan` varchar(100) NOT NULL,
  `tipe` tinyint(1) DEFAULT NULL,
  `idkonsumen` varchar(100) NOT NULL,
  `id_supplier` varchar(50) DEFAULT NULL,
  `waktu` timestamp NULL DEFAULT NULL,
  `st_transaksi` tinyint(1) DEFAULT '0' COMMENT '0 = transaksi\n1 = sub_transaksi',
  `st_bayar` tinyint(1) DEFAULT '0' COMMENT '0 = cash\n1 = debit\n2 = transfer\n3 = bg',
  `tgl_estimasi_cair_bg` date DEFAULT NULL COMMENT 'tanggal estimasi BG Cair',
  `st_cair` tinyint(1) DEFAULT NULL COMMENT '0 = belum cair\n1 = sudah cair',
  `tgl_cair` date DEFAULT NULL,
  `no_bg` varchar(45) DEFAULT NULL COMMENT 'no bilyet giro',
  `an` varchar(255) DEFAULT NULL COMMENT 'atas nama bank pengirim\n',
  `bank` varchar(45) DEFAULT NULL,
  `no_rek` varchar(45) DEFAULT NULL COMMENT 'no_rek pengirim',
  `id_bank` int(11) DEFAULT NULL COMMENT 'target bank yang akan menerima transfer / bg',
  `bayar` double DEFAULT NULL COMMENT 'nominal yang dibayarkan',
  `file` text COMMENT 'lokasi file attchment pendukung',
  `created_on` datetime DEFAULT NULL,
  `created_by` bigint(20) DEFAULT NULL,
  `deleted` tinyint(1) DEFAULT '0',
  `deleted_by` bigint(20) DEFAULT NULL,
  PRIMARY KEY (`idpelunasan`)
) ENGINE=InnoDB DEFAULT CHARSET=latin1;

-- Dumping data for table webapp_ci_printing.pelunasan_transaksi: ~0 rows (approximately)
/*!40000 ALTER TABLE `pelunasan_transaksi` DISABLE KEYS */;
/*!40000 ALTER TABLE `pelunasan_transaksi` ENABLE KEYS */;

-- Dumping structure for table webapp_ci_printing.pelunasan_transaksi_detail
CREATE TABLE IF NOT EXISTS `pelunasan_transaksi_detail` (
  `idpelunasan_transaksi_detail` varchar(100) NOT NULL,
  `idpelunasan` varchar(100) NOT NULL,
  `id_transaksi` varchar(100) NOT NULL,
  `st_transaksi` tinyint(1) DEFAULT '0' COMMENT '0 = Nota Utama\n1 = Sub Nota',
  `idsub_transaksi` varchar(100) NOT NULL,
  `cicilan` double DEFAULT NULL,
  `nilai_retur` double DEFAULT NULL,
  `st_cicilan` tinyint(1) DEFAULT '0' COMMENT '0 = Bayar / DP\n1 = cicilan pelunasan',
  `created_on` datetime DEFAULT NULL,
  `created_by` bigint(20) DEFAULT NULL,
  `deleted` tinyint(1) DEFAULT '0',
  `deleted_by` bigint(20) DEFAULT NULL,
  PRIMARY KEY (`idpelunasan_transaksi_detail`)
) ENGINE=InnoDB DEFAULT CHARSET=latin1;

-- Dumping data for table webapp_ci_printing.pelunasan_transaksi_detail: ~0 rows (approximately)
/*!40000 ALTER TABLE `pelunasan_transaksi_detail` DISABLE KEYS */;
/*!40000 ALTER TABLE `pelunasan_transaksi_detail` ENABLE KEYS */;

-- Dumping structure for table webapp_ci_printing.pelunasan_transaksi_retur
CREATE TABLE IF NOT EXISTS `pelunasan_transaksi_retur` (
  `id_pelunasan_retur` varchar(50) NOT NULL,
  `id_pelunasan` varchar(100) DEFAULT NULL,
  `id_retur` varchar(50) DEFAULT NULL,
  `id_barang` varchar(50) DEFAULT NULL,
  `qty` float DEFAULT NULL,
  `id_konversi` int(11) DEFAULT NULL,
  `harga` double DEFAULT NULL,
  `total` double DEFAULT NULL,
  `created_on` datetime DEFAULT NULL,
  `created_by` bigint(20) DEFAULT NULL,
  `deleted` tinyint(1) DEFAULT '0',
  `deleted_by` bigint(20) DEFAULT NULL,
  PRIMARY KEY (`id_pelunasan_retur`)
) ENGINE=InnoDB DEFAULT CHARSET=latin1;

-- Dumping data for table webapp_ci_printing.pelunasan_transaksi_retur: ~0 rows (approximately)
/*!40000 ALTER TABLE `pelunasan_transaksi_retur` DISABLE KEYS */;
/*!40000 ALTER TABLE `pelunasan_transaksi_retur` ENABLE KEYS */;

-- Dumping structure for table webapp_ci_printing.pelunasan_trans_jual
CREATE TABLE IF NOT EXISTS `pelunasan_trans_jual` (
  `id_pelunasan_trans_jual` varchar(100) NOT NULL,
  `idkonsumen` varchar(100) NOT NULL,
  `st_trans` tinyint(4) DEFAULT '0' COMMENT 'Status yang dilunasi adalah transaksi\n\n0 = kasir\n1 = accounting',
  `waktu` timestamp NULL DEFAULT NULL,
  `st_bayar` tinyint(1) DEFAULT '0' COMMENT '0 = cash\n1 = debit\n2 = transfer\n3 = bg',
  `no_bg` varchar(100) DEFAULT NULL,
  `bank_bg` varchar(100) DEFAULT NULL,
  `an_bank_bg` varchar(255) DEFAULT NULL,
  `no_rek_bg` varchar(100) DEFAULT NULL,
  `estimasi_tgl_cair` date DEFAULT NULL,
  `tgl_cair` date DEFAULT NULL,
  `st_cair` tinyint(1) DEFAULT '0',
  `id_bank` int(11) DEFAULT NULL COMMENT 'id_bank, target transfer ',
  `nominal_bayar` double DEFAULT NULL COMMENT 'nominal yang dibayarkan oleh konsumen',
  `lebih_bayar` double DEFAULT NULL,
  `st_pakai` tinyint(1) DEFAULT '0' COMMENT 'status apakah lebih bayarnya sudah dipakai oleh pelunasan yang lain',
  `created_on` datetime DEFAULT NULL,
  `created_by` bigint(20) DEFAULT NULL,
  `deleted` tinyint(1) DEFAULT '0',
  `deleted_by` bigint(20) DEFAULT NULL,
  PRIMARY KEY (`id_pelunasan_trans_jual`)
) ENGINE=InnoDB DEFAULT CHARSET=latin1 COMMENT='detailnya ada di bayar_trans_kasir';

-- Dumping data for table webapp_ci_printing.pelunasan_trans_jual: ~0 rows (approximately)
/*!40000 ALTER TABLE `pelunasan_trans_jual` DISABLE KEYS */;
/*!40000 ALTER TABLE `pelunasan_trans_jual` ENABLE KEYS */;

-- Dumping structure for table webapp_ci_printing.pembelian
CREATE TABLE IF NOT EXISTS `pembelian` (
  `id_pembelian` varchar(50) NOT NULL,
  `no_nota` varchar(100) DEFAULT NULL COMMENT 'no nota / surat jalan / faktur pembelian',
  `no_faktur_pajak` varchar(45) DEFAULT NULL,
  `id_kedatangan` varchar(50) DEFAULT NULL,
  `id_po` int(11) DEFAULT NULL,
  `type` tinyint(1) DEFAULT '0' COMMENT '0 = Tempo\n1 = Cash',
  `tgl_tran` date DEFAULT NULL,
  `tgl_tempo` date DEFAULT NULL,
  `tempo_hari` int(11) DEFAULT NULL,
  `total` double DEFAULT NULL COMMENT 'total transaksi sebelum diskon dan potongan',
  `diskon` float DEFAULT NULL COMMENT '1 - 100, dalam %',
  `pajak` double DEFAULT NULL COMMENT '1 - 100, dalam %',
  `nilai_pajak` double NOT NULL,
  `potongan` double DEFAULT NULL,
  `gtotal` double DEFAULT NULL COMMENT 'Grand total transaksi setelah diskon dan potongan + pajak',
  `id_supplier` varchar(50) DEFAULT NULL,
  `st_lunas` tinyint(1) DEFAULT NULL COMMENT '0 = Belum Lunas\n1 = Lunas',
  `st_pajak` tinyint(1) DEFAULT '1' COMMENT '0 = Tidak berpajak\n1 = Berpajak',
  `npwp_supplier` varchar(50) DEFAULT NULL,
  `id_rekap` int(11) DEFAULT NULL,
  `st_rekap_pajak` tinyint(1) DEFAULT '0',
  `created_on` datetime DEFAULT NULL,
  `created_by` bigint(20) DEFAULT NULL,
  `modified_on` datetime DEFAULT NULL,
  `modified_by` bigint(20) DEFAULT NULL,
  `deleted` tinyint(1) DEFAULT '0',
  `deleted_by` bigint(20) DEFAULT NULL,
  PRIMARY KEY (`id_pembelian`),
  KEY `PO_idx` (`id_po`)
) ENGINE=InnoDB DEFAULT CHARSET=utf8;

-- Dumping data for table webapp_ci_printing.pembelian: ~0 rows (approximately)
/*!40000 ALTER TABLE `pembelian` DISABLE KEYS */;
/*!40000 ALTER TABLE `pembelian` ENABLE KEYS */;

-- Dumping structure for table webapp_ci_printing.pembelian_detail
CREATE TABLE IF NOT EXISTS `pembelian_detail` (
  `id_detail_pembelian` varchar(50) NOT NULL,
  `id_pembelian` varchar(50) DEFAULT NULL,
  `id_barang` varchar(50) DEFAULT NULL,
  `qty` float DEFAULT NULL,
  `id_konversi` bigint(20) DEFAULT NULL,
  `harga` double DEFAULT NULL,
  `sub_total` double DEFAULT NULL COMMENT 'total sebelum dison, potongan dan pajak',
  `diskon` float DEFAULT NULL,
  `potongan` double DEFAULT NULL,
  `total` double DEFAULT NULL COMMENT 'total setelah pengurang dan + pajak',
  `st_bonus` tinyint(1) DEFAULT NULL COMMENT '0 = Bukan Bonus\n1 = Bonus',
  PRIMARY KEY (`id_detail_pembelian`),
  KEY `faktur pembelian _idx` (`id_pembelian`)
) ENGINE=InnoDB DEFAULT CHARSET=utf8;

-- Dumping data for table webapp_ci_printing.pembelian_detail: ~0 rows (approximately)
/*!40000 ALTER TABLE `pembelian_detail` DISABLE KEYS */;
/*!40000 ALTER TABLE `pembelian_detail` ENABLE KEYS */;

-- Dumping structure for table webapp_ci_printing.pengambilan
CREATE TABLE IF NOT EXISTS `pengambilan` (
  `idpengambilan` varchar(100) NOT NULL,
  `nm_pengambil` varchar(255) DEFAULT NULL COMMENT 'optional, boleh diisi boleh tidak',
  `st` tinyint(1) DEFAULT NULL COMMENT '0 = Pembatalan\n1 = Pengambilan',
  `ket` text,
  `created_on` datetime DEFAULT NULL,
  `created_by` int(11) DEFAULT NULL,
  `modified_on` datetime DEFAULT NULL,
  `modified_by` int(11) DEFAULT NULL,
  `deleted` tinyint(1) NOT NULL DEFAULT '0',
  `deleted_by` int(11) DEFAULT NULL,
  PRIMARY KEY (`idpengambilan`)
) ENGINE=InnoDB DEFAULT CHARSET=latin1;

-- Dumping data for table webapp_ci_printing.pengambilan: ~0 rows (approximately)
/*!40000 ALTER TABLE `pengambilan` DISABLE KEYS */;
/*!40000 ALTER TABLE `pengambilan` ENABLE KEYS */;

-- Dumping structure for table webapp_ci_printing.pengambilan_detail
CREATE TABLE IF NOT EXISTS `pengambilan_detail` (
  `id_pengambilan_detail` varchar(100) NOT NULL,
  `idpengambilan` varchar(100) NOT NULL,
  `id_detail_produk_order` varchar(50) NOT NULL,
  `created_on` datetime DEFAULT NULL,
  `created_by` int(11) DEFAULT NULL,
  `modified_on` datetime DEFAULT NULL,
  `modified_by` int(11) DEFAULT NULL,
  `deleted` tinyint(1) NOT NULL DEFAULT '0',
  `deleted_by` int(11) DEFAULT NULL,
  PRIMARY KEY (`id_pengambilan_detail`)
) ENGINE=InnoDB DEFAULT CHARSET=latin1;

-- Dumping data for table webapp_ci_printing.pengambilan_detail: ~0 rows (approximately)
/*!40000 ALTER TABLE `pengambilan_detail` DISABLE KEYS */;
/*!40000 ALTER TABLE `pengambilan_detail` ENABLE KEYS */;

-- Dumping structure for table webapp_ci_printing.penggunaan_bb
CREATE TABLE IF NOT EXISTS `penggunaan_bb` (
  `idpenggunaan_bb` varchar(100) NOT NULL,
  `tgl_penggunaan` date DEFAULT NULL,
  `id_worksheet` int(11) DEFAULT NULL COMMENT 'Kategor worksheet\nmisal A3, Indoor, Outdoor ddl',
  `id_mesin` varchar(100) DEFAULT NULL,
  `ket` varchar(255) DEFAULT NULL,
  `created_on` datetime DEFAULT NULL,
  `created_by` int(11) DEFAULT NULL,
  `deleted` tinyint(1) DEFAULT '0',
  `deleted_by` int(11) DEFAULT NULL,
  PRIMARY KEY (`idpenggunaan_bb`)
) ENGINE=InnoDB DEFAULT CHARSET=latin1;

-- Dumping data for table webapp_ci_printing.penggunaan_bb: ~0 rows (approximately)
/*!40000 ALTER TABLE `penggunaan_bb` DISABLE KEYS */;
/*!40000 ALTER TABLE `penggunaan_bb` ENABLE KEYS */;

-- Dumping structure for table webapp_ci_printing.penggunaan_bb_detail
CREATE TABLE IF NOT EXISTS `penggunaan_bb_detail` (
  `idpenggunaan_bb_detail` varchar(100) NOT NULL,
  `idpenggunaan_bb` varchar(100) DEFAULT NULL,
  `idbarang_bb` varchar(50) DEFAULT NULL,
  `qty` double DEFAULT NULL,
  `id_konversi` int(11) DEFAULT NULL,
  `real_qty` double DEFAULT NULL,
  `hpp_manual` double DEFAULT NULL COMMENT 'hanya untuk Cetak A3',
  `total_hpp` varchar(45) DEFAULT NULL COMMENT 'Total hpp manual * real qty',
  `created_on` datetime DEFAULT NULL,
  `created_by` int(11) DEFAULT NULL,
  PRIMARY KEY (`idpenggunaan_bb_detail`)
) ENGINE=InnoDB DEFAULT CHARSET=latin1;

-- Dumping data for table webapp_ci_printing.penggunaan_bb_detail: ~0 rows (approximately)
/*!40000 ALTER TABLE `penggunaan_bb_detail` DISABLE KEYS */;
/*!40000 ALTER TABLE `penggunaan_bb_detail` ENABLE KEYS */;

-- Dumping structure for table webapp_ci_printing.penjualan
CREATE TABLE IF NOT EXISTS `penjualan` (
  `id_penjualan` varchar(100) NOT NULL,
  `idkonsumen` varchar(100) DEFAULT NULL,
  `kode_tran` varchar(45) DEFAULT NULL,
  `tgl_tran` datetime DEFAULT NULL,
  `tipe` tinyint(1) DEFAULT NULL COMMENT '1 = Cash\n2 = Tempo',
  `lama_tempo` int(11) DEFAULT NULL COMMENT 'dalam hitungan hari',
  `tgl_tempo` date DEFAULT NULL COMMENT 'tanggal jatuh tempo',
  `total` double DEFAULT NULL,
  `diskon` float DEFAULT NULL,
  `nilai_diskon` double DEFAULT NULL,
  `potongan` double DEFAULT NULL COMMENT 'potongan tunai',
  `pajak` float DEFAULT NULL,
  `nilai_pajak` double DEFAULT NULL,
  `grand_total` double DEFAULT NULL,
  `metode_bayar` tinyint(1) DEFAULT '1' COMMENT '1 = cash / tunai\n2 = Debit\n3 = Transfer',
  `dp` double DEFAULT NULL,
  `kurang_bayar` double DEFAULT NULL,
  `st_lunas` tinyint(1) DEFAULT NULL COMMENT '0 = Belum lunas,\n1 = Lunas',
  `catatan` varchar(255) DEFAULT NULL,
  `counter_cetak` int(11) DEFAULT NULL,
  `st_bayar` tinyint(1) DEFAULT '0' COMMENT '0 = Belum dibayar\n1 = Telah dibayar',
  `created_on` datetime NOT NULL,
  `created_by` int(11) NOT NULL,
  `deleted` tinyint(1) NOT NULL DEFAULT '0',
  `deleted_by` int(11) NOT NULL,
  PRIMARY KEY (`id_penjualan`)
) ENGINE=InnoDB DEFAULT CHARSET=latin1 COMMENT='Penjualan bahan baku';

-- Dumping data for table webapp_ci_printing.penjualan: ~0 rows (approximately)
/*!40000 ALTER TABLE `penjualan` DISABLE KEYS */;
/*!40000 ALTER TABLE `penjualan` ENABLE KEYS */;

-- Dumping structure for table webapp_ci_printing.penjualan_detail
CREATE TABLE IF NOT EXISTS `penjualan_detail` (
  `id_penjualan_detail` varchar(100) NOT NULL,
  `id_penjualan` varchar(100) DEFAULT NULL,
  `idbarang_bb` varchar(50) DEFAULT NULL,
  `qty` float DEFAULT NULL,
  `id_konversi` int(11) DEFAULT NULL,
  `hpp` double DEFAULT NULL,
  `harga` double DEFAULT NULL,
  `diskon` float DEFAULT NULL,
  `nilai_diskon` double DEFAULT NULL,
  `potongan` double DEFAULT NULL,
  `total` double DEFAULT NULL,
  `created_on` datetime DEFAULT NULL,
  `created_by` int(11) DEFAULT NULL,
  `deleted` tinyint(1) DEFAULT '0',
  `deleted_by` int(11) DEFAULT NULL,
  PRIMARY KEY (`id_penjualan_detail`)
) ENGINE=InnoDB DEFAULT CHARSET=latin1;

-- Dumping data for table webapp_ci_printing.penjualan_detail: ~0 rows (approximately)
/*!40000 ALTER TABLE `penjualan_detail` DISABLE KEYS */;
/*!40000 ALTER TABLE `penjualan_detail` ENABLE KEYS */;

-- Dumping structure for table webapp_ci_printing.permissions
CREATE TABLE IF NOT EXISTS `permissions` (
  `id_permission` int(11) NOT NULL AUTO_INCREMENT,
  `nm_permission` varchar(45) DEFAULT NULL,
  `ket` varchar(255) DEFAULT NULL,
  PRIMARY KEY (`id_permission`)
) ENGINE=InnoDB AUTO_INCREMENT=245 DEFAULT CHARSET=latin1;

-- Dumping data for table webapp_ci_printing.permissions: ~234 rows (approximately)
/*!40000 ALTER TABLE `permissions` DISABLE KEYS */;
INSERT INTO `permissions` (`id_permission`, `nm_permission`, `ket`) VALUES
	(5, 'Users.View', NULL),
	(6, 'Users.Add', NULL),
	(7, 'Users.Manage', NULL),
	(8, 'Users.Delete', NULL),
	(9, 'Menus.View', NULL),
	(10, 'Menus.Add', NULL),
	(11, 'Menus.Manage', NULL),
	(12, 'Menus.Delete', NULL),
	(13, 'Hak Akses.View', ''),
	(14, 'Hak Akses.Add', ''),
	(15, 'Hak Akses.Manage', ''),
	(16, 'Hak Akses.Delete', ''),
	(17, 'Roles.View', ''),
	(18, 'Roles.Manage', ''),
	(19, 'Perusahaan.View', ''),
	(20, 'Konversi Satuan.View', ''),
	(21, 'Konversi Satuan.Add', ''),
	(22, 'Konversi Satuan.Manage', ''),
	(23, 'Konversi Satuan.Delete', ''),
	(24, 'Merk.View', ''),
	(25, 'Jenis.View', ''),
	(26, 'Kategori.View', ''),
	(27, 'Bahan Baku.View', ''),
	(28, 'Worksheet.Add', ''),
	(29, 'Worksheet.View', ''),
	(30, 'Worksheet.Delete', ''),
	(31, 'Worksheet.Manage', ''),
	(33, 'Bahan Baku.Manage', ''),
	(34, 'Bahan Baku.Add', ''),
	(35, 'Bahan Baku.Delete', ''),
	(36, 'Jenis.Manage', ''),
	(37, 'Jenis.Add', ''),
	(38, 'Jenis.Delete', ''),
	(39, 'Merk.Manage', ''),
	(40, 'Merk.Add', ''),
	(41, 'Merk.Delete', ''),
	(42, 'Kategori.Manage', ''),
	(43, 'Kategori.Add', ''),
	(44, 'Kategori.Delete', ''),
	(45, 'Account Kas.View', ''),
	(46, 'Account Kas.Add', ''),
	(47, 'Account Kas.Manage', ''),
	(48, 'Account Kas.Delete', ''),
	(49, 'Pencatatan Kas.View', ''),
	(50, 'Pencatatan Kas.Add', ''),
	(51, 'Pencatatan Kas.Manage', ''),
	(52, 'Pencatatan Kas.Delete', ''),
	(53, 'Bank.View', ''),
	(54, 'Bank.Add', ''),
	(55, 'Bank.Manage', ''),
	(56, 'Bank.Delete', ''),
	(57, 'Konsumen.View', ''),
	(58, 'Konsumen.Add', ''),
	(59, 'Konsumen.Manage', ''),
	(60, 'Konsumen.Delete', ''),
	(61, 'Produk.Add', ''),
	(62, 'Produk.View', ''),
	(63, 'Produk.Manage', ''),
	(64, 'Produk.Delete', ''),
	(65, 'Karyawan.Add', ''),
	(66, 'Karyawan.Delete', ''),
	(67, 'Karyawan.Manage', ''),
	(68, 'Karyawan.View', ''),
	(69, 'Finishing.View', ''),
	(70, 'Finishing.Manage', ''),
	(71, 'Finishing.Delete', ''),
	(72, 'Finishing.Add', ''),
	(73, 'Supplier.View', ''),
	(74, 'Supplier.Manage', ''),
	(75, 'Supplier.Delete', ''),
	(76, 'Supplier.Add', ''),
	(77, 'Setting Harga.View', ''),
	(78, 'Setting Harga.Manage', ''),
	(79, 'Setting Harga.Delete', ''),
	(80, 'Setting Harga.Add', ''),
	(81, 'Setting Promo.View', ''),
	(82, 'Setting Promo.Add', ''),
	(83, 'Setting Promo.Manage', ''),
	(84, 'Setting Promo.Delete', ''),
	(85, 'Setting Upload.View', ''),
	(86, 'Setting Upload.Manage', ''),
	(87, 'Gudang.View', ''),
	(88, 'Gudang.Add', ''),
	(89, 'Gudang.Manage', ''),
	(90, 'Gudang.Delete', ''),
	(91, 'Gudang Order.View', ''),
	(92, 'Gudang Order.Add', ''),
	(93, 'Gudang Order.Manage', ''),
	(94, 'Gudang Order.Delete', ''),
	(95, 'Pembelian.View', ''),
	(96, 'Pembelian.Add', ''),
	(99, 'PO.View', ''),
	(100, 'PO.Add', ''),
	(101, 'Pembelian.Manage', ''),
	(102, 'Pembelian.Delete', ''),
	(103, 'PO.Manage', ''),
	(104, 'PO.Delete', ''),
	(105, 'Kedatangan Barang.View', ''),
	(106, 'Kedatangan Barang.Add', ''),
	(107, 'Kedatangan Barang.Manage', ''),
	(108, 'Kedatangan Barang.Delete', ''),
	(109, 'Kasir Harga.Manage', ''),
	(110, 'Kasir.Add', ''),
	(111, 'Kasir.Delete', ''),
	(112, 'Kasir.View', ''),
	(113, 'Order Produk.View', ''),
	(114, 'Order Produk.Add', ''),
	(115, 'Order Produk.Manage', ''),
	(116, 'Order Produk.Delete', ''),
	(117, 'Stok.View', ''),
	(118, 'Revisi Stok.View', ''),
	(119, 'Revisi Stok.Add', ''),
	(120, 'Revisi Stok.Manage', ''),
	(121, 'Revisi Stok.Delete', ''),
	(122, 'Pecah Faktur.Add', ''),
	(123, 'Pecah Faktur.Delete', ''),
	(124, 'Pecah Faktur.View', ''),
	(125, 'Order Reseller.View', ''),
	(126, 'Order Reseller.Add', ''),
	(127, 'Order Reseller.Manage', ''),
	(128, 'Order Reseller.Delete', ''),
	(129, 'SPK.View', ''),
	(130, 'SPK.Manage', ''),
	(134, 'Retur Pembelian.View', ''),
	(135, 'Retur Pembelian.Add', ''),
	(136, 'Retur Pembelian.Manage', ''),
	(137, 'Retur Pembelian.Delete', ''),
	(138, 'Tracking Order.View', ''),
	(139, 'Pelunasan Transaksi.Add', ''),
	(140, 'Pelunasan Transaksi.Delete', ''),
	(141, 'Pelunasan Transaksi.Manage', ''),
	(142, 'Pelunasan Transaksi.View', ''),
	(143, 'Pelunasan Pembelian.View', ''),
	(144, 'Pelunasan Pembelian.Add', ''),
	(145, 'Pelunasan Pembelian.Manage', ''),
	(146, 'Pelunasan Pembelian.Delete', ''),
	(147, 'Collecting Order.Add', ''),
	(148, 'Collecting Order.Delete', ''),
	(149, 'Collecting Order.Manage', ''),
	(150, 'Collecting Order.View', ''),
	(151, 'Barang Masuk.View', ''),
	(152, 'Barang Masuk.Add', ''),
	(153, 'Barang Masuk.Manage', ''),
	(154, 'Barang Masuk.Delete', ''),
	(155, 'Barang Keluar.View', ''),
	(156, 'Barang Keluar.Add', ''),
	(157, 'Barang Keluar.Manage', ''),
	(158, 'Barang Keluar.Delete', ''),
	(159, 'Laporan HPP.View', ''),
	(160, 'Kas Kasir All Data.View', ''),
	(161, 'Kas Kasir.Add', ''),
	(162, 'Kas Kasir.Manage', ''),
	(163, 'Kas Kasir.View', ''),
	(164, 'Pengambilan.Add', ''),
	(165, 'Pengambilan.View', ''),
	(166, 'Pengambilan.Manage', ''),
	(167, 'Rekap Penggunaan Bahan Baku By Sistem.View', ''),
	(168, 'Rekap Penggunaan Bahan Baku.View', ''),
	(169, 'Accounting.View', 'untuk hak akses ke menu accounting. Tanpa hak Akses ini user tidak bisa melihat menu Accounting'),
	(170, 'Faktur.Add', ''),
	(171, 'Faktur.Delete', ''),
	(172, 'Faktur.Manage', ''),
	(173, 'Faktur.View', ''),
	(174, 'SPK.Add', ''),
	(175, 'Produksi.View', ''),
	(176, 'Produksi.Add', ''),
	(177, 'Produksi.Manage', ''),
	(178, 'Produksi.Delete', ''),
	(179, 'SPK.Delete', ''),
	(180, 'Rekap Penggunaan Bahan Baku Harian.View', ''),
	(181, 'Penggunaan Bahan Baku.View', ''),
	(182, 'Penggunaan Bahan Baku.Add', ''),
	(183, 'Penggunaan Bahan Baku.Manage', ''),
	(184, 'Penggunaan Bahan Baku.Delete', ''),
	(185, 'Laporan Pembelian.View', ''),
	(186, 'Laporan Rekap Biaya Design.View', ''),
	(187, 'Laporan Rekap Penjualan by Kategory.View', ''),
	(188, 'Laporan Rekap Kas Kasir.View', ''),
	(189, 'Laporan Rekap Penjualan by Produk.View', ''),
	(190, 'Laporan Rekap Piutang.View', ''),
	(191, 'Laporan Revisi Stok.View', ''),
	(192, 'Setting Urgent.View', ''),
	(193, 'Setting Urgent.Add', ''),
	(194, 'Setting Urgent.Manage', ''),
	(195, 'Setting Urgent.Delete', ''),
	(196, 'Revisi List Order.Add', ''),
	(197, 'Revisi List Order.View', ''),
	(198, 'Revisi List Order.Manage', ''),
	(199, 'Revisi List Order.Delete', ''),
	(200, 'Validasi Cetak.View', ''),
	(201, 'Validasi Cetak.Add', ''),
	(202, 'Validasi Cetak.Delete', ''),
	(203, 'Mesin Cetak.Add', ''),
	(204, 'Mesin Cetak.Delete', ''),
	(205, 'Mesin Cetak.Manage', ''),
	(206, 'Mesin Cetak.View', ''),
	(207, 'Tutorial.View', ''),
	(208, 'Setting Harga BB.View', ''),
	(209, 'Setting Harga BB.Manage', ''),
	(210, 'Penjualan.View', ''),
	(211, 'Penjualan.Delete', ''),
	(212, 'Penjualan.Add', ''),
	(213, 'Cicilan Transaksi Kasir.View', ''),
	(214, 'Cicilan Transaksi Kasir.Delete', ''),
	(215, 'Cicilan Transaksi Kasir.Add', ''),
	(216, 'Laporan Barang Masuk.View', ''),
	(217, 'Laporan Barang Keluar.View', ''),
	(218, 'Laporan Transaksi Order.view', ''),
	(219, 'Rekap Cetak A3 by Transaksi.View', ''),
	(220, 'Laporan Penjualan Barang.View', ''),
	(221, 'Laporan Piutang Penjualan Barang.View', ''),
	(222, 'Laporan Produksi List Order.View', ''),
	(223, 'Deposit.Add', ''),
	(224, 'Deposit.View', ''),
	(225, 'Jaminan.Add', ''),
	(226, 'Jaminan.View', ''),
	(227, 'Approve Order - Delete.Manage', ''),
	(228, 'Approve Order - Delete.View', ''),
	(229, 'Approve Order PO - Piutang.Manage', ''),
	(230, 'Approve Order PO - Piutang.View', ''),
	(231, 'Jam Kerja.Add', ''),
	(232, 'Jam Kerja.Delete', ''),
	(233, 'Jam Kerja.Manage', ''),
	(234, 'Jam Kerja.View', ''),
	(235, 'Approve Revisi List Order.View', ''),
	(236, 'Approve Revisi List Order.Manage', ''),
	(237, 'Golongan Konsumen.View', ''),
	(238, 'Golongan Konsumen.Add', ''),
	(239, 'Golongan Konsumen.Manage', ''),
	(240, 'Golongan Konsumen.Delete', ''),
	(241, 'Jasa.Add', ''),
	(242, 'Jasa.Delete', ''),
	(243, 'Jasa.Manage', ''),
	(244, 'Jasa.View', '');
/*!40000 ALTER TABLE `permissions` ENABLE KEYS */;

-- Dumping structure for table webapp_ci_printing.po_detail
CREATE TABLE IF NOT EXISTS `po_detail` (
  `id_detail_po` varchar(50) NOT NULL,
  `id_po` int(11) DEFAULT NULL,
  `id_barang` varchar(50) DEFAULT NULL,
  `qty` float DEFAULT NULL,
  `id_konversi` int(11) DEFAULT NULL,
  `harga` double DEFAULT NULL,
  `sub_total` double DEFAULT NULL,
  `real_qty` float DEFAULT NULL COMMENT 'qty dalam satuan terkecil',
  `qty_terpenuhi` float DEFAULT '0' COMMENT 'qty terpenuhi dalam satuan terkecil',
  PRIMARY KEY (`id_detail_po`),
  KEY `PO_idx` (`id_po`),
  KEY `barang_idx` (`id_barang`),
  KEY `satuan_idx` (`id_konversi`)
) ENGINE=InnoDB DEFAULT CHARSET=utf8;

-- Dumping data for table webapp_ci_printing.po_detail: ~2 rows (approximately)
/*!40000 ALTER TABLE `po_detail` DISABLE KEYS */;
INSERT INTO `po_detail` (`id_detail_po`, `id_po`, `id_barang`, `qty`, `id_konversi`, `harga`, `sub_total`, `real_qty`, `qty_terpenuhi`) VALUES
	('20210124K0009151Z0E14', 1, 'BB20180730100822M498', 50, 22, 250000, 12500000, 25000, 0),
	('2P0210124000915T741', 1, 'BB20180730100759G547', 50, 22, 250000, 12500000, 25000, 0);
/*!40000 ALTER TABLE `po_detail` ENABLE KEYS */;

-- Dumping structure for table webapp_ci_printing.po_permintaan
CREATE TABLE IF NOT EXISTS `po_permintaan` (
  `id_po_permintaan` int(11) NOT NULL AUTO_INCREMENT,
  `id_po` int(11) DEFAULT NULL,
  `id_req` int(11) DEFAULT NULL,
  PRIMARY KEY (`id_po_permintaan`)
) ENGINE=InnoDB DEFAULT CHARSET=latin1;

-- Dumping data for table webapp_ci_printing.po_permintaan: ~0 rows (approximately)
/*!40000 ALTER TABLE `po_permintaan` DISABLE KEYS */;
/*!40000 ALTER TABLE `po_permintaan` ENABLE KEYS */;

-- Dumping structure for table webapp_ci_printing.po_supplier
CREATE TABLE IF NOT EXISTS `po_supplier` (
  `id_po` int(11) NOT NULL AUTO_INCREMENT,
  `no_po` varchar(50) DEFAULT NULL,
  `id_supplier` varchar(50) DEFAULT NULL,
  `total` double DEFAULT NULL,
  `tanggal_kirim` date DEFAULT NULL COMMENT 'tanggal po dikirim',
  `st_close` tinyint(1) DEFAULT '0' COMMENT '0 = Open\n1 = Closed',
  `created_on` datetime DEFAULT NULL,
  `created_by` bigint(20) DEFAULT NULL,
  `modified_on` datetime DEFAULT NULL,
  `modified_by` bigint(20) DEFAULT NULL,
  `deleted` tinyint(1) DEFAULT '0',
  `deleted_by` bigint(20) DEFAULT NULL,
  PRIMARY KEY (`id_po`)
) ENGINE=InnoDB AUTO_INCREMENT=2 DEFAULT CHARSET=utf8;

-- Dumping data for table webapp_ci_printing.po_supplier: ~0 rows (approximately)
/*!40000 ALTER TABLE `po_supplier` DISABLE KEYS */;
INSERT INTO `po_supplier` (`id_po`, `no_po`, `id_supplier`, `total`, `tanggal_kirim`, `st_close`, `created_on`, `created_by`, `modified_on`, `modified_by`, `deleted`, `deleted_by`) VALUES
	(1, 'PO-1', 'spl20210116L2158N041017', 25000000, '2021-01-24', 0, '2021-01-24 00:09:15', 1, NULL, NULL, 0, NULL);
/*!40000 ALTER TABLE `po_supplier` ENABLE KEYS */;

-- Dumping structure for table webapp_ci_printing.produk
CREATE TABLE IF NOT EXISTS `produk` (
  `idproduk` varchar(50) NOT NULL,
  `barcode` varchar(100) DEFAULT NULL,
  `nm_produk` varchar(45) DEFAULT NULL,
  `idkategori` int(11) NOT NULL,
  `st_produk` tinyint(1) DEFAULT NULL COMMENT '0 = produk jual\n1 = Finishing\n\nJika Finishing, maka st_minimal tidak usah ditampilkan / diisi',
  `st_fix` tinyint(1) DEFAULT NULL COMMENT '1 = tidak boleh dihapus\n0 = boleh dihapus',
  `ket` text,
  `st_minimal_order` tinyint(1) DEFAULT '0' COMMENT '1 = wajib ada minimal order. Jika pesanan berada di bawah minimal order\n0 = tidak ada minimal order',
  `st_tipe` tinyint(1) DEFAULT NULL COMMENT 'st_tipe untuk st_minimal_order\n\n0 = Fix\n1 = Custom / potongan meteran\n\n0 = berarti hanya menggunakan jumlah\n1 = Berarti menggunakan Panjang x Lebar',
  `jml_minimal` int(11) DEFAULT NULL COMMENT 'dalam satuan terkecil tergantung bahan baku pakai\n',
  `id_konversi_jml` int(11) NOT NULL COMMENT 'id_konversi untuk jumlah minimal order',
  `panjang_minimal` double DEFAULT NULL COMMENT '- dalam satuan terkecil simpan gudang\n- Hanya diisi jika st_tipe = 1 / custom\n',
  `lebar_minimal` double DEFAULT NULL COMMENT '- dalam satuan terkecil simpan gudang.\n- Hanya diisi jika st_tipe = 1 / custom\n',
  `id_konversi_ukuran` int(11) NOT NULL COMMENT 'id_konversi untuk ukuran P x L ukuran minimal order',
  `id_worksheet` int(11) NOT NULL COMMENT 'worksheet tempat kerja',
  `st_tmp` tinyint(1) DEFAULT '0' COMMENT 'untuk Produk yang penyusunnya custom di bagian Order.\nProduk ini tidak boleh muncul di setting harga dan lain sebagainya.\n\nkarena sifatnya temporary.\n\n0 = normal.\n1 = Temporary',
  `created_on` datetime DEFAULT NULL,
  `created_by` bigint(20) DEFAULT NULL,
  `deleted` tinyint(1) DEFAULT '0',
  `deleted_by` bigint(20) DEFAULT NULL,
  PRIMARY KEY (`idproduk`)
) ENGINE=InnoDB DEFAULT CHARSET=latin1 COMMENT='B.O.F produk.';

-- Dumping data for table webapp_ci_printing.produk: ~140 rows (approximately)
/*!40000 ALTER TABLE `produk` DISABLE KEYS */;
INSERT INTO `produk` (`idproduk`, `barcode`, `nm_produk`, `idkategori`, `st_produk`, `st_fix`, `ket`, `st_minimal_order`, `st_tipe`, `jml_minimal`, `id_konversi_jml`, `panjang_minimal`, `lebar_minimal`, `id_konversi_ukuran`, `id_worksheet`, `st_tmp`, `created_on`, `created_by`, `deleted`, `deleted_by`) VALUES
	('Pfsh-20180730111215O514', '', 'AC 230 WARNA 1 MUKA', 1, 0, 0, '', 0, 0, 0, 0, 0, 0, 0, 1, 0, '2018-07-30 11:12:15', 1, 0, NULL),
	('Pfsh-20180730111840M460', '', 'AC230 Warna 2 Muka', 1, 0, 0, '', 0, 0, 0, 0, 0, 0, 0, 1, 0, '2018-07-30 11:18:40', 1, 0, NULL),
	('Pfsh-20180730112308Z482', '', 'AC230 BW 1 Muka', 1, 0, 0, '-', 0, 0, 0, 0, 0, 0, 0, 1, 0, '2018-07-30 11:23:08', 1, 0, NULL),
	('Pfsh-20180730112606G542', '', 'AC230 BW 2 Muka', 1, 0, 0, '-', 0, 0, 0, 0, 0, 0, 0, 1, 0, '2018-07-30 11:26:06', 1, 0, NULL),
	('Pfsh-20180730112657W508', '', 'AC260 Warna 1 Muka', 1, 0, 0, '-', 0, 0, 0, 0, 0, 0, 0, 1, 0, '2018-07-30 11:26:57', 1, 0, NULL),
	('Pfsh-20180730112810B542', '', 'AC260 Warna 2 Muka', 1, 0, 0, '-', 0, 0, 0, 0, 0, 0, 0, 1, 0, '2018-07-30 11:28:10', 1, 0, NULL),
	('Pfsh-20180730112902E529', '', 'AC260 BW 1 Muka', 1, 0, 0, '-', 0, 0, 0, 0, 0, 0, 0, 1, 0, '2018-07-30 11:29:02', 1, 0, NULL),
	('Pfsh-20180730112959L456', '', 'AC260 BW 2 Muka', 1, 0, 0, '-', 0, 0, 0, 0, 0, 0, 0, 1, 0, '2018-07-30 11:29:59', 1, 0, NULL),
	('Pfsh-20180730113050Z526', '', 'AP120 Warna 1 Muka', 1, 0, 0, '-', 0, 0, 0, 0, 0, 0, 0, 1, 0, '2018-07-30 11:30:50', 1, 0, NULL),
	('Pfsh-20180730113141V469', '', 'AP120 Warna 2 Muka', 1, 0, 0, '-', 0, 0, 0, 0, 0, 0, 0, 1, 0, '2018-07-30 11:31:41', 1, 0, NULL),
	('Pfsh-20180730113218H499', '', 'AP120 BW 1 Muka', 1, 0, 0, '-', 0, 0, 0, 0, 0, 0, 0, 1, 0, '2018-07-30 11:32:18', 1, 0, NULL),
	('Pfsh-20180730113259F468', '', 'AP120 BW 2 Muka', 1, 0, 0, '-', 0, 0, 0, 0, 0, 0, 0, 1, 0, '2018-07-30 11:32:59', 1, 0, NULL),
	('Pfsh-20180730113355O480', '', 'AP150 Warna 1 Muka', 1, 0, 0, '-', 0, 0, 0, 0, 0, 0, 0, 1, 0, '2018-07-30 11:33:55', 1, 0, NULL),
	('Pfsh-20180730113450E484', '', 'AP150 Warna 2 Muka', 1, 0, 0, '-', 0, 0, 0, 0, 0, 0, 0, 1, 0, '2018-07-30 11:34:50', 1, 0, NULL),
	('Pfsh-20180730113532E473', '', 'AP150 BW 1 Muka', 1, 0, 0, '-', 0, 0, 0, 0, 0, 0, 0, 1, 0, '2018-07-30 11:35:32', 1, 0, NULL),
	('Pfsh-20180730113615D508', '', 'AP150 BW 2 Muka', 1, 0, 0, '-', 0, 0, 0, 0, 0, 0, 0, 1, 0, '2018-07-30 11:36:15', 1, 0, NULL),
	('Pfsh-20180730113705U502', '', 'SC Glossy Warna', 1, 0, 0, '-', 0, 0, 0, 0, 0, 0, 0, 1, 0, '2018-07-30 11:37:05', 1, 0, NULL),
	('Pfsh-20180730113846L493', '', 'SC Glossy BW', 1, 0, 0, '', 0, 0, 0, 0, 0, 0, 0, 1, 0, '2018-07-30 11:38:46', 1, 0, NULL),
	('Pfsh-20180730114050I504', '', 'SC HVS Warna', 1, 0, 0, '-', 0, 0, 0, 0, 0, 0, 0, 1, 0, '2018-07-30 11:40:50', 1, 0, NULL),
	('Pfsh-20180730114202L487', '', 'SC HVS BW', 1, 0, 0, '-', 0, 0, 0, 0, 0, 0, 0, 1, 0, '2018-07-30 11:42:02', 1, 0, NULL),
	('Pfsh-20180730114244H509', '', 'SV Glossy Warna', 1, 0, 0, '-', 0, 0, 0, 0, 0, 0, 0, 1, 0, '2018-07-30 11:42:44', 1, 0, NULL),
	('Pfsh-20180730114324O485', '', 'SV Glossy BW', 1, 0, 0, '-', 0, 0, 0, 0, 0, 0, 0, 1, 0, '2018-07-30 11:43:24', 1, 0, NULL),
	('Pfsh-20180730114545U548', '', 'SV Doff Warna', 1, 0, 0, '-', 0, 0, 0, 0, 0, 0, 0, 1, 0, '2018-07-30 11:45:45', 1, 0, NULL),
	('Pfsh-20180730114635Z457', '', 'SV Doff BW', 1, 0, 0, '-', 0, 0, 0, 0, 0, 0, 0, 1, 0, '2018-07-30 11:46:35', 1, 0, NULL),
	('Pfsh-20180730114734Y457', '', 'SV Transparant Warna', 1, 0, 0, '', 0, 0, 0, 0, 0, 0, 0, 1, 0, '2018-07-30 11:47:34', 1, 0, NULL),
	('Pfsh-20180730114847G542', '', 'SV Transparant BW', 1, 0, 0, '', 0, 0, 0, 0, 0, 0, 0, 1, 0, '2018-07-30 11:48:47', 1, 0, NULL),
	('Pfsh-20180730115552M486', '', 'BC Tik Warna 1 Muka', 1, 0, 0, '', 0, 0, 0, 0, 0, 0, 0, 1, 0, '2018-07-30 11:55:52', 1, 0, NULL),
	('Pfsh-20180730115623J464', '', 'BC Tik Warna 2 Muka', 1, 0, 0, '', 0, 0, 0, 0, 0, 0, 0, 1, 0, '2018-07-30 11:56:23', 1, 0, NULL),
	('Pfsh-20180730115701Z509', '', 'BC Tik BW 1 Muka', 1, 0, 0, '', 0, 0, 0, 0, 0, 0, 0, 1, 0, '2018-07-30 11:57:01', 1, 0, NULL),
	('Pfsh-20180730115738V514', '', 'BC Tik BW 2 Muka', 1, 0, 0, '', 0, 0, 0, 0, 0, 0, 0, 1, 0, '2018-07-30 11:57:38', 1, 0, NULL),
	('Pfsh-20180730115932R455', '', 'HVS 80gr Warna 1 Muka', 1, 0, 0, '', 0, 0, 0, 0, 0, 0, 0, 1, 0, '2018-07-30 11:59:32', 1, 0, NULL),
	('Pfsh-20180730120007S538', '', 'HVS 80gr Warna 2 Muka', 1, 0, 0, '', 0, 0, 0, 0, 0, 0, 0, 1, 0, '2018-07-30 12:00:07', 1, 0, NULL),
	('Pfsh-20180730120047P496', '', 'HVS 80gr BW 1 Muka', 1, 0, 0, '', 0, 0, 0, 0, 0, 0, 0, 1, 0, '2018-07-30 12:00:47', 1, 0, NULL),
	('Pfsh-20180730120123I509', '', 'HVS 80gr BW 2 Muka', 1, 0, 0, '-', 0, 0, 0, 0, 0, 0, 0, 1, 0, '2018-07-30 12:01:23', 1, 0, NULL),
	('Pfsh-20180730120205W482', '', 'HVS 100gr Warna 1 Muka', 1, 0, 0, '', 0, 0, 0, 0, 0, 0, 0, 1, 0, '2018-07-30 12:02:05', 1, 0, NULL),
	('Pfsh-20180730120240F527', '', 'HVS 100gr Warna 2 Muka', 1, 0, 0, '', 0, 0, 0, 0, 0, 0, 0, 1, 0, '2018-07-30 12:02:40', 1, 0, NULL),
	('Pfsh-20180730120319W505', '', 'HVS 100gr BW 1 Muka', 1, 0, 0, '', 0, 0, 0, 0, 0, 0, 0, 1, 0, '2018-07-30 12:03:19', 1, 0, NULL),
	('Pfsh-20180730120357F472', '', 'HVS 100gr BW 2 Muka', 1, 0, 0, '-', 0, 0, 0, 0, 0, 0, 0, 1, 0, '2018-07-30 12:03:57', 1, 0, NULL),
	('Pfsh-20180730120449S492', '', 'Water Decal Warna', 1, 0, 0, '', 0, 0, 0, 0, 0, 0, 0, 1, 0, '2018-07-30 12:04:49', 1, 0, NULL),
	('Pfsh-20180730120529O482', '', 'Water Decal BW', 1, 0, 0, '', 0, 0, 0, 0, 0, 0, 0, 1, 0, '2018-07-30 12:05:29', 1, 0, NULL),
	('Pfsh-20180730120612A483', '', 'Print Saja Warna 1 Muka', 1, 0, 0, '-', 0, 0, 0, 0, 0, 0, 0, 1, 0, '2018-07-30 12:06:12', 1, 1, 1),
	('Pfsh-20180730120644D551', '', 'Print Saja Warna 2 Muka', 1, 0, 0, '', 0, 0, 0, 0, 0, 0, 0, 1, 0, '2018-07-30 12:06:44', 1, 1, 1),
	('Pfsh-20180730120708T537', '', 'Print Saja BW 1 Muka', 1, 0, 0, '', 0, 0, 0, 0, 0, 0, 0, 1, 0, '2018-07-30 12:07:08', 1, 1, 1),
	('Pfsh-20180730120732Y454', '', 'Print Saja BW 2 Muka', 1, 0, 0, '', 0, 0, 0, 0, 0, 0, 0, 1, 0, '2018-07-30 12:07:32', 1, 0, NULL),
	('Pfsh-20180730140313C550', '', 'KN Warna 1 Muka', 1, 0, 0, '', 0, 0, 0, 0, 0, 0, 0, 1, 0, '2018-07-30 14:03:13', 1, 0, NULL),
	('Pfsh-20180730140417O497', '', 'KN Warna 2 Muka', 1, 0, 0, '', 0, 0, 0, 0, 0, 0, 0, 1, 0, '2018-07-30 14:04:17', 1, 0, NULL),
	('Pfsh-20180730140558P552', '', 'KN BW 1 Muka', 1, 0, 0, '', 0, 0, 0, 0, 0, 0, 0, 1, 0, '2018-07-30 14:05:58', 1, 0, NULL),
	('Pfsh-20180730140645I470', '', 'KN BW 2 Muka', 1, 0, 0, '', 0, 0, 0, 0, 0, 0, 0, 1, 0, '2018-07-30 14:06:45', 1, 0, NULL),
	('Pfsh-20180730141243X495', '', 'Brosur Warna A5 1 Muka', 1, 0, 0, '', 0, 0, 0, 0, 0, 0, 0, 1, 0, '2018-07-30 14:12:43', 1, 0, NULL),
	('Pfsh-20180730141340K464', '', 'Brosur Warna A5 2 Muka', 1, 0, 0, '', 0, 0, 0, 0, 0, 0, 0, 1, 0, '2018-07-30 14:13:40', 1, 0, NULL),
	('Pfsh-20180730141423P477', '', 'Brosur Warna A4 1 Muka', 1, 0, 0, '', 0, 0, 0, 0, 0, 0, 0, 1, 0, '2018-07-30 14:14:23', 1, 0, NULL),
	('Pfsh-20180730141504U479', '', 'Brosur Warna A4 2 Muka', 1, 0, 0, '', 0, 0, 0, 0, 0, 0, 0, 1, 0, '2018-07-30 14:15:04', 1, 0, NULL),
	('Pfsh-20180730141914P538', '', 'Y Banner', 2, 0, 0, '', 0, 0, 0, 0, 0, 0, 0, 3, 0, '2018-07-30 14:19:14', 1, 0, NULL),
	('Pfsh-20180730142006M480', '', 'Roll Up Banner', 2, 0, 0, '', 0, 0, 0, 0, 0, 0, 0, 3, 0, '2018-07-30 14:20:06', 1, 0, NULL),
	('Pfsh-20180730143518D464', '', 'Potong', 1, 1, 0, '', 0, 0, 0, 0, 0, 0, 0, 5, 0, '2018-07-30 14:35:18', 1, 0, NULL),
	('Pfsh-20180731172104H469', '', 'SV Tafeta Warna', 1, 0, 0, '', 0, 0, 0, 0, 0, 0, 0, 1, 0, '2018-07-31 17:21:04', 1, 0, NULL),
	('Pfsh-20180731172149D541', '', 'SV Tafeta BW', 1, 0, 0, '', 0, 0, 0, 0, 0, 0, 0, 1, 0, '2018-07-31 17:21:49', 1, 0, NULL),
	('Pfsh-20180731172227S533', '', 'SV Gold Warna', 1, 0, 0, '', 0, 0, 0, 0, 0, 0, 0, 1, 0, '2018-07-31 17:22:27', 1, 0, NULL),
	('Pfsh-20180731172305J467', '', 'SV Gold BW', 1, 0, 0, '', 0, 0, 0, 0, 0, 0, 0, 1, 0, '2018-07-31 17:23:05', 1, 0, NULL),
	('Pfsh-20180731172345S463', '', 'SV Silver Warna', 1, 0, 0, '', 0, 0, 0, 0, 0, 0, 0, 1, 0, '2018-07-31 17:23:45', 1, 0, NULL),
	('Pfsh-20180731172422X468', '', 'SV Silver BW', 1, 0, 0, '', 0, 0, 0, 0, 0, 0, 0, 1, 0, '2018-07-31 17:24:22', 1, 0, NULL),
	('Pfsh-20180802140243T543', '', 'Ring Mata Ayam', 2, 1, 0, '-', 0, 0, 0, 0, 0, 0, 0, 5, 0, '2018-08-02 14:02:43', 1, 0, NULL),
	('Pfsh-201810311I42744D14I85', '', 'Photo Luster', 3, 0, 0, '', 1, 1, 0, 0, 1.25, 0.1, 12, 2, 0, '2018-10-31 14:27:44', 1, 0, NULL),
	('Pfsh-2018110915K2117136K4', '', 'MMT 440gsm', 2, 0, 0, '', 1, 1, 0, 0, 3, 0.1, 12, 3, 0, '2018-11-09 15:21:17', 1, 0, NULL),
	('Pfsh-201811281043KPY5A51E104', '', 'Kalender Panjang Promo Isi 3', 1, 0, 0, '', 0, 0, 0, 0, 0, 0, 0, 1, 0, '2018-11-28 10:43:55', 1, 0, NULL),
	('Pfsh-201811G190O4U2N1041019G', '', 'PRINT SAJA BW 2 MUKA', 1, 0, 0, '', 0, 0, 0, 0, 0, 0, 0, 1, 0, '2018-11-19 04:21:04', 1, 1, 1),
	('Pfsh-201811Q0109C09541533', '', 'SV Transparant cutting ', 1, 0, 0, '', 0, 0, 0, 0, 0, 0, 0, 1, 0, '2018-11-01 09:09:54', 1, 0, NULL),
	('Pfsh-2018120709Y2W5061439', '', 'Poliflek', 3, 0, 0, '', 0, 1, 0, 0, 0, 0, 0, 2, 0, '2018-12-07 09:25:06', 1, 0, NULL),
	('Pfsh-20181QB029140507V8H9V9', '', 'Foto', 1, 0, 0, 'A4', 0, 0, 0, 0, 0, 0, 0, 1, 0, '2018-10-29 14:05:07', 1, 0, NULL),
	('Pfsh-20181XX0290908HZ341123', '', 'Ivory Warna 1 Muka', 1, 0, 0, '', 0, 0, 0, 0, 0, 0, 0, 1, 0, '2018-10-29 09:08:34', 1, 0, NULL),
	('Pfsh-2018A1VO114R081908I1D5D60', '', 'Oscar ', 3, 0, 0, '-', 1, 1, 0, 0, 138, 75, 11, 2, 0, '2018-11-14 08:19:08', 1, 0, NULL),
	('Pfsh-2018O1K1140322M371Q08A2', '', 'Kalender Dinding Isi 1', 1, 0, 0, '', 0, 0, 0, 0, 0, 0, 0, 1, 0, '2018-11-14 03:22:37', 1, 0, NULL),
	('Pfsh-2018SU103011403G9NXW968', '', 'Grey Banner ', 3, 0, 0, '', 1, 1, 0, 0, 1.5, 0.1, 12, 2, 0, '2018-10-30 11:40:39', 1, 0, NULL),
	('Pfsh-2018X1102OJD100V4311217', '', 'Roundtex', 2, 0, 0, '', 1, 1, 0, 0, 0.3, 0.1, 12, 3, 0, '2018-11-02 10:04:31', 1, 0, NULL),
	('Pfsh-2018Y1102102412S7N15', '', 'Laminasi Doff 1 Muka', 1, 1, 0, '', 0, 0, 0, 0, 0, 0, 0, 5, 0, '2018-11-02 10:24:12', 1, 0, NULL),
	('Pfsh-20190218MSVYY1H207041M0PO92', '', 'Kertas Foto 230 gr', 6, 0, 0, '', 0, 0, 0, 0, 0, 0, 0, 6, 0, '2019-02-18 12:07:04', 1, 0, NULL),
	('Pfsh-20190220121005O52QT9', '', 'ST Ritrama Cutting', 3, 0, 0, '-', 1, 1, 0, 0, 100, 10, 11, 2, 0, '2019-02-20 12:10:05', 1, 0, NULL),
	('Pfsh-201902T18122343Y1T4E8LP9', '', 'ID card Standard 1 muka', 6, 0, 0, '', 0, 0, 0, 0, 0, 0, 0, 6, 0, '2019-02-18 12:23:43', 1, 0, NULL),
	('Pfsh-20190F2KT201LP343Y399E50', '', 'PIN 4.4 GLossy', 6, 0, 0, '-', 0, 0, 0, 0, 0, 0, 0, 6, 0, '2019-02-20 13:43:39', 1, 0, NULL),
	('Pfsh-20190L2191731H4T1T961', '', 'Brosur A6 2 muka', 1, 0, 0, '-', 0, 0, 0, 0, 0, 0, 0, 1, 0, '2019-02-19 17:31:41', 1, 0, NULL),
	('Pfsh-20190WI218X1Z22F2551165W', '', 'PIN 5.5', 6, 0, 0, '', 0, 0, 0, 0, 0, 0, 0, 6, 0, '2019-02-18 12:22:55', 1, 0, NULL),
	('Pfsh-2019K0313C153308735', '', 'Satin', 3, 0, 0, '', 0, 1, 0, 0, 0, 0, 0, 2, 0, '2019-03-13 15:33:08', 1, 0, NULL),
	('Pfsh-2019Q022R0GEU1213S5S8C958', '', 'ST Camel 1.5 Cutting', 3, 0, 0, '-', 1, 1, 0, 0, 150, 10, 11, 2, 0, '2019-02-20 12:13:58', 1, 0, NULL),
	('Pfsh-2019U05041149R29139H4Q', '', 'PROMO Brosur Limited', 1, 0, 0, '', 0, 0, 0, 0, 0, 0, 0, 1, 0, '2019-05-04 11:49:29', 1, 0, NULL),
	('Pfsh-201I81IS10P109Q1GX2W511157', '', 'SC HVS Cutting', 1, 0, 0, '', 0, 0, 0, 0, 0, 0, 0, 1, 0, '2018-11-01 09:12:51', 1, 0, NULL),
	('Pfsh-201K81115081447RWXD110H0', '', 'St Camel 1.0 Cutting', 3, 0, 0, '', 1, 1, 0, 0, 100, 10, 11, 2, 0, '2018-11-15 08:14:47', 1, 0, NULL),
	('Pfsh-201K90218H121B0528G5NQ4B', '', 'ID Card Premium 1 muka', 6, 0, 0, '', 0, 0, 0, 0, 0, 0, 0, 6, 0, '2019-02-18 12:10:52', 1, 0, NULL),
	('Pfsh-201NT8T1A0301TY1ZP3B53B1892', '', 'ST Camel 1.5', 3, 0, 0, '', 1, 1, 0, 0, 1.5, 0.1, 12, 2, 0, '2018-10-30 11:35:31', 1, 0, NULL),
	('Pfsh-201OZX811010907U1O1127H9', '', 'St Vinyl Glossy Cutting', 1, 0, 0, '', 0, 0, 0, 0, 0, 0, 0, 1, 0, '2018-11-01 09:07:11', 1, 0, NULL),
	('Pfsh-201P8092EA41553W44934E', '', 'MMT 280gsm', 2, 0, 0, '', 0, 1, 0, 0, 0, 0, 0, 3, 0, '2018-09-24 15:53:44', 1, 0, NULL),
	('Pfsh-201P811L2110B1112944', '', 'Kalender Promo isi 4', 1, 0, 0, '', 0, 0, 0, 0, 0, 0, 0, 1, 0, '2018-11-21 10:11:12', 1, 0, NULL),
	('Pfsh-201TI9AP0D2Q1MP91V02009100D1', '', 'Brosur A4/3 1 muka', 1, 0, 0, 'paket', 0, 0, 0, 0, 0, 0, 0, 1, 0, '2019-02-19 10:20:09', 1, 0, NULL),
	('Pfsh-201V902HW20A12OX2006136I0', '', 'ST Ritrama 1.25 Cutting', 3, 0, 0, '-', 1, 1, 0, 0, 125, 10, 11, 2, 0, '2019-02-20 12:20:06', 1, 0, NULL),
	('Pfsh-201Z9011VR21605018Z15', '', 'St Ritrama Doff / Matte 1.25', 3, 0, 0, '', 0, 1, 0, 0, 0, 0, 0, 2, 0, '2019-01-12 16:05:01', 1, 0, NULL),
	('Pfsh-20E190M2H20134O430526', '', 'PIN 5.5 Glossy', 6, 0, 0, '-', 0, 0, 0, 0, 0, 0, 0, 6, 0, '2019-02-20 13:44:30', 1, 0, NULL),
	('Pfsh-20E1R90112U1PU605U44H107XMB6', '', 'St Ritrama Doff / Matte 1.5', 3, 0, 0, '', 0, 1, 0, 0, 0, 0, 0, 2, 0, '2019-01-12 16:05:44', 1, 0, NULL),
	('Pfsh-20G181M0301132171318', '', 'ST Camel 1.0', 3, 0, 0, 'Bu', 1, 1, 0, 0, 1, 1, 12, 2, 0, '2018-10-30 11:32:17', 1, 0, NULL),
	('Pfsh-20HF181IX101090845741', '', 'SV Doff Cutting', 1, 0, 0, '', 0, 0, 0, 0, 0, 0, 0, 1, 0, '2018-11-01 09:08:45', 1, 0, NULL),
	('Pfsh-20HNJY181X0301606311L56C1CA', '', 'Laminasi glossy 2 muka', 1, 0, 0, '', 0, 0, 0, 0, 0, 0, 0, 5, 0, '2018-10-30 16:06:31', 1, 0, NULL),
	('Pfsh-20J181FN0Y30110U537975XU', '', 'ST RItrama Glossy 1.25', 3, 0, 0, '', 1, 1, 0, 0, 1.25, 0.1, 12, 2, 0, '2018-10-30 11:05:37', 1, 0, NULL),
	('Pfsh-20K18AZ1123DD0440HM2267E0', '', 'Print Saja Warna 1 Muka', 1, 0, 0, '', 0, 0, 0, 0, 0, 0, 0, 1, 0, '2018-11-23 04:40:22', 1, 0, NULL),
	('Pfsh-20L1Y9X01Q161123501281', '', 'Kordura', 3, 0, 0, '', 0, 1, 0, 0, 0, 0, 0, 2, 0, '2019-01-16 11:23:50', 1, 0, NULL),
	('Pfsh-20N18W0U9O241642455V70', '', 'MMT 380gsm', 2, 0, 0, '', 1, 1, 0, 0, 0.1, 3, 12, 3, 0, '2018-09-24 16:42:45', 1, 0, NULL),
	('Pfsh-20O181030160A718988', '', 'Laminasi Doff 1 muka', 1, 0, 0, '', 0, 0, 0, 0, 0, 0, 0, 5, 0, '2018-10-30 16:07:18', 1, 0, NULL),
	('Pfsh-20QNO181124Q0709PC05Z1423', '', 'One Way 1.25', 3, 0, 0, '', 1, 1, 0, 0, 1.25, 0.1, 12, 2, 0, '2018-11-24 07:09:05', 1, 0, NULL),
	('Pfsh-20S18XR1R0301106381339', '', 'ST RItrama Glossy 1.5', 3, 0, 0, '', 1, 1, 0, 0, 1, 1.5, 12, 2, 0, '2018-10-30 11:06:38', 1, 0, NULL),
	('Pfsh-20W181K12BU810Q443O11K35GM6', '', 'Kalender Panjang Promo Isi 4', 1, 0, 0, '-', 0, 0, 0, 0, 0, 0, 0, 1, 0, '2018-11-28 10:44:31', 1, 0, NULL),
	('Pfsh-20W19X0S2E1A91O726386Z6PT0', '', 'Brosur A6 1 muka', 1, 0, 0, '', 0, 0, 0, 0, 0, 0, 0, 1, 0, '2019-02-19 17:26:38', 1, 0, NULL),
	('Pfsh-2A018F1102100O628C9P68', '', '--', 2, 0, 0, '', 1, 1, 0, 0, 0.1, 0.4, 12, 3, 0, '2018-11-02 10:06:28', 1, 0, NULL),
	('Pfsh-2DIT01W8F10H291W40623103OX1', '', 'PVC ', 1, 0, 0, 'ID card A4', 0, 0, 0, 0, 0, 0, 0, 1, 0, '2018-10-29 14:06:23', 1, 0, NULL),
	('Pfsh-2E0Q19CO0Y22N013V450J51V044', '', 'PIN 5.5 Doff', 6, 0, 0, '-', 0, 0, 0, 0, 0, 0, 0, 6, 0, '2019-02-20 13:45:05', 1, 0, NULL),
	('Pfsh-2HR0S1O81M0301L10R4IC2T6953', '', 'ST RItrama Glossy 1.0', 3, 0, 0, '', 1, 1, 0, 0, 1, 1, 12, 2, 0, '2018-10-30 11:04:26', 1, 0, NULL),
	('Pfsh-2J01811011117U37660', '', 'Albatros', 3, 0, 0, '', 1, 1, 0, 0, 1.25, 0.1, 12, 2, 0, '2018-11-01 11:17:37', 1, 0, NULL),
	('Pfsh-2NH0190HS304IS133555T523', '', 'AC230 BB full Colour PROMO', 1, 0, 0, '', 0, 0, 0, 0, 0, 0, 0, 1, 0, '2019-03-04 13:35:55', 1, 0, NULL),
	('Pfsh-2O0190218121X1321063', '', 'ID Card Premium 2 muka', 6, 0, 0, '', 0, 0, 0, 0, 0, 0, 0, 6, 0, '2019-02-18 12:11:32', 1, 0, NULL),
	('Pfsh-2P018110B1091123X715B', '', 'SC Glossy Cutting', 1, 0, 0, '', 0, 0, 0, 0, 0, 0, 0, 1, 0, '2018-11-01 09:11:23', 1, 0, NULL),
	('Pfsh-2RQ019N12E172Y05644875', 'vinyl', 'vynil cina', 2, 0, 0, 'SPANDUK', 0, 1, 0, 0, 0, 0, 0, 3, 0, '2019-12-17 20:56:44', 1, 0, NULL),
	('Pfsh-2T0Q1Y90GPSE2181221N13I9L38', '', 'PIN 4.4', 6, 0, 0, '-', 0, 0, 0, 0, 0, 0, 0, 6, 0, '2019-02-18 12:21:13', 1, 0, NULL),
	('Pfsh-2U018K1R0301H61YS20AJ6455QY', '', 'Laminasi glossy 1 muka', 1, 1, 0, '', 0, 0, 0, 0, 0, 0, 0, 5, 0, '2018-10-30 16:12:06', 1, 0, NULL),
	('Pfsh-2U01Z8110IB31I411UAB4K71100', '', 'ST oneway 1.5', 3, 0, 0, '', 1, 1, 0, 0, 1.5, 0.1, 12, 2, 0, '2018-11-03 14:11:47', 1, 0, NULL),
	('Pfsh-2V0181A03V0161G0T4213DE54', '', 'Laminasi Doff 2 muka', 1, 0, 0, '', 0, 0, 0, 0, 0, 0, 0, 5, 0, '2018-10-30 16:10:42', 1, 0, NULL),
	('Pfsh-2W0O1K81030102342B680', '', 'MMT 340 gsm', 2, 0, 0, '', 1, 1, 0, 0, 0.1, 3, 12, 3, 0, '2018-10-30 10:23:42', 1, 0, NULL),
	('Pfsh-2Z01B90EE1051BZ03I9R441209', '', 'D300', 3, 0, 0, '-', 1, 1, 0, 0, 150, 10, 11, 2, 0, '2019-01-05 10:39:44', 1, 0, NULL),
	('Pfsh-D2018102T9D11J304394A8', '', 'Ivory Warna 2 Muka', 1, 0, 0, '', 1, 0, 1, 8, 0, 0, 0, 1, 0, '2018-10-29 11:30:43', 1, 0, NULL),
	('Pfsh-D201905041Z15JP03Q913J3Q0', '', 'Promo Brosur Limited 2 muka', 1, 0, 0, '', 0, 0, 0, 0, 0, 0, 0, 1, 0, '2019-05-04 11:50:39', 1, 0, NULL),
	('Pfsh-E2TKR0B190R220M1H344W0K2748', '', 'PIN 4.4 Doff', 6, 0, 0, '-', 0, 0, 0, 0, 0, 0, 0, 6, 0, '2019-02-20 13:44:02', 1, 0, NULL),
	('Pfsh-F201811H0210SGAKP24591V206', '', 'Laminasi Doff 2 muka', 1, 1, 0, '', 0, 0, 0, 0, 0, 0, 0, 5, 0, '2018-11-02 10:24:59', 1, 0, NULL),
	('Pfsh-FU2X0190Q526161U32R1TY11Y07', '', 'Print Saja Warna 2 muka', 1, 0, 0, '', 0, 0, 0, 0, 0, 0, 0, 1, 0, '2019-05-26 16:13:21', 1, 0, NULL),
	('Pfsh-G2018NCK110W2102UT2471EMQ139', '', 'Laminasi Glossy 2 muka', 1, 1, 0, '', 0, 0, 0, 0, 0, 0, 0, 5, 0, '2018-11-02 10:22:47', 1, 0, NULL),
	('Pfsh-HQ201811V02102957121C7', '', 'Imitasi ', 3, 0, 0, '', 0, 1, 0, 0, 0, 0, 0, 2, 0, '2018-11-02 10:29:57', 1, 0, NULL),
	('Pfsh-K2W019021G917T2J41Z61313T', '', 'Brosur A4/3 2 muka', 1, 0, 0, '', 0, 0, 0, 0, 0, 0, 0, 1, 0, '2019-02-19 17:24:16', 1, 0, NULL),
	('Pfsh-L2I01C8111VX9042023Z1251WV', '', 'PRINT SAJA BW', 1, 0, 0, '', 0, 0, 0, 0, 0, 0, 0, 1, 0, '2018-11-19 04:20:23', 1, 0, NULL),
	('Pfsh-O20H18ZB1127040832FX58W5Q', '', 'St. Ritrama Cutting + Masking', 3, 0, 0, '', 1, 1, 0, 0, 1, 0.1, 12, 2, 0, '2018-11-27 04:08:32', 1, 0, NULL),
	('Pfsh-O2STZIA019070415004UXN93U13', '', 'Custom book', 1, 0, 0, '', 0, 0, 0, 0, 0, 0, 0, 1, 0, '2019-07-04 15:00:49', 1, 0, NULL),
	('Pfsh-S20H18113007NF561476G7', '', 'Kalender promo isi 3', 1, 0, 0, '', 0, 0, 0, 0, 0, 0, 0, 1, 0, '2018-11-30 07:56:14', 1, 0, NULL),
	('Pfsh-T201810301R134181150T', '', 'ST Camel 1.25', 3, 0, 0, '', 1, 1, 0, 0, 1.25, 0.8, 12, 2, 0, '2018-10-30 11:34:18', 1, 0, NULL),
	('Pfsh-T20G190Q3061Z05L85XU8959', '', 'St Ritrama Doff/Matte 1.0', 3, 0, 0, '', 1, 1, 0, 0, 1, 0.1, 12, 2, 0, '2019-03-06 10:58:58', 1, 0, NULL),
	('Pfsh-TV201I81J1050917M50P66KA5', '', 'Jerko', 3, 0, 0, '', 1, 1, 0, 0, 1.2, 0.8, 12, 2, 0, '2018-11-05 09:17:50', 1, 0, NULL),
	('Pfsh-V2H018111U4025520M1137B', '', 'Kalender Dinding Isi 3 Promo', 1, 0, 0, '', 0, 0, 0, 0, 0, 0, 0, 5, 0, '2018-11-14 02:55:20', 1, 0, NULL),
	('Pfsh-Z20181030F160S531642', '', 'Laminasi glossy 1 muka', 1, 0, 0, '', 0, 0, 0, 0, 0, 0, 0, 5, 0, '2018-10-30 16:05:31', 1, 0, NULL);
/*!40000 ALTER TABLE `produk` ENABLE KEYS */;

-- Dumping structure for table webapp_ci_printing.produksi
CREATE TABLE IF NOT EXISTS `produksi` (
  `idproduksi` varchar(100) NOT NULL,
  `idtmp_produksi` varchar(100) DEFAULT NULL,
  `kode_universal` varchar(100) DEFAULT NULL,
  `jml_cetak` int(11) DEFAULT NULL,
  `idspk` varchar(100) DEFAULT NULL,
  `next_target` tinyint(1) DEFAULT '0' COMMENT '0 : selesai\n1: finishing',
  `ket` text,
  `created_on` datetime DEFAULT NULL,
  `created_by` int(11) DEFAULT NULL,
  `st_dianggap_selesai` tinyint(1) DEFAULT '0' COMMENT '0: Normal\n1: dianggap selesai data yag diinput adalah data selisihnya',
  `deleted` tinyint(1) DEFAULT '0',
  `deleted_by` int(11) DEFAULT NULL
) ENGINE=InnoDB DEFAULT CHARSET=latin1;

-- Dumping data for table webapp_ci_printing.produksi: ~17 rows (approximately)
/*!40000 ALTER TABLE `produksi` DISABLE KEYS */;
INSERT INTO `produksi` (`idproduksi`, `idtmp_produksi`, `kode_universal`, `jml_cetak`, `idspk`, `next_target`, `ket`, `created_on`, `created_by`, `st_dianggap_selesai`, `deleted`, `deleted_by`) VALUES
	('PROD2019R07SM01H0N9412337WI9', NULL, 'DETOESC20Y1D90J701092309584', 30, 'spk201AYBZV907GI0109L2854499', 0, NULL, '2019-07-01 09:41:23', 1, 0, 0, NULL),
	('PROD2XB0190701094X1R35T781S', NULL, 'DETOESC20Y1D90J701092309584', 30, 'spk201AYBZV907GI0109L2854499', 0, NULL, '2019-07-01 09:41:35', 1, 0, 0, NULL),
	('PROD2O019070109Z4N14C9819', NULL, 'DETOESC20Y1D90J701092309584', 110, 'spk201AYBZV907GI0109L2854499', 0, NULL, '2019-07-01 09:41:49', 1, 1, 0, NULL),
	('PROD2F0Z1W90701N0941Q4BD9Z10T74Z', NULL, 'DETOESC20Y1D90J701092309584', 30, 'spk201AYBZV907GI0109L2854499', 0, NULL, '2019-07-01 09:41:49', 1, 0, 0, NULL),
	('PRODM2M01907020938311N12IP4', NULL, 'DETO2XW019070ZVZR2091S4A07Z237', 5, 'spk2019070C209143145JP2', 0, NULL, '2019-07-02 09:38:31', 1, 0, 0, NULL),
	('PROD201S909160903021197A', NULL, 'DETO2XW019070ZVZR2091S4A07Z237', 5, 'spk2019070C209143145JP2', 0, NULL, '2019-09-16 09:03:02', 1, 1, 0, NULL),
	('PROD20190T91P60U9030213S16', NULL, 'DETO2XW019070ZVZR2091S4A07Z237', 0, 'spk2019070C209143145JP2', 0, NULL, '2019-09-16 09:03:02', 1, 0, 0, NULL),
	('PROD2W01CV9091W60D9E0M30C7725X', NULL, 'DETOK20T190O702093443742', 12, 'spk20L190702093D443J6I3I6', 0, NULL, '2019-09-16 09:03:07', 1, 1, 0, NULL),
	('PROD20190X91HD6090307530', NULL, 'DETOK20T190O702093443742', 0, 'spk20L190702093D443J6I3I6', 0, NULL, '2019-09-16 09:03:07', 1, 0, 0, NULL),
	('PROD2019091609031814G3T7', NULL, 'DETOX201907Z02093B3XI311RU0B45', 12, 'spk201F907B02093331238', 0, NULL, '2019-09-16 09:03:18', 1, 1, 0, NULL),
	('PRODQ201A90916090Z318CQ1024', NULL, 'DETOX201907Z02093B3XI311RU0B45', 0, 'spk201F907B02093331238', 0, NULL, '2019-09-16 09:03:18', 1, 0, 0, NULL),
	('PROD20P2S0XL011U8BXE1U42040A910', NULL, 'DETOE201T91214181550109P4B', 1, 'spk2019121418O165D3C1002P', 0, NULL, '2020-01-18 14:20:40', 1, 0, 0, NULL),
	('PROD2OAT0L2001181H42116BD944', NULL, 'DETOE201T91214181550109P4B', 11, 'spk2019121418O165D3C1002P', 0, NULL, '2020-01-18 14:21:16', 1, 1, 0, NULL),
	('PROD20J20011G81TF421I16V1170', NULL, 'DETOE201T91214181550109P4B', 0, 'spk2019121418O165D3C1002P', 0, NULL, '2020-01-18 14:21:16', 1, 0, 0, NULL),
	('PRODG2VU021W0AO10G8001D3083Z82T', NULL, 'DETO20200303110D53AT81324', 2, 'spkMI20210F10T80011321W004', 0, NULL, '2021-01-08 00:13:08', 1, 0, 0, NULL),
	('PROD2EQ021P0M1I10W081852472', NULL, 'DETO20G2XZ1011W0S0B81742629', 20, 'spk2021011008F18271032H', 0, NULL, '2021-01-10 08:18:52', 1, 1, 0, NULL),
	('PROD2021U0A11008DZO18M52564', NULL, 'DETO20G2XZ1011W0S0B81742629', 0, 'spk2021011008F18271032H', 0, NULL, '2021-01-10 08:18:52', 1, 0, 0, NULL);
/*!40000 ALTER TABLE `produksi` ENABLE KEYS */;

-- Dumping structure for table webapp_ci_printing.produksi_detail
CREATE TABLE IF NOT EXISTS `produksi_detail` (
  `iddetail_produksi` varchar(100) NOT NULL,
  `idproduksi` varchar(100) DEFAULT NULL,
  `idbarang_bb` varchar(50) DEFAULT NULL,
  `qty` double DEFAULT NULL,
  `id_konversi` int(11) DEFAULT NULL,
  `tipe` tinyint(1) DEFAULT '0' COMMENT '0: bahan baku penyusuk produk\n1: bahan baku penyusun finishing',
  `created_on` datetime DEFAULT NULL,
  `created_by` int(11) DEFAULT NULL,
  `st_dianggap_selesai` tinyint(1) DEFAULT '0' COMMENT '0: Normal\n1: dianggap selesai data yag diinput adalah data selisihnya',
  PRIMARY KEY (`iddetail_produksi`)
) ENGINE=InnoDB DEFAULT CHARSET=latin1;

-- Dumping data for table webapp_ci_printing.produksi_detail: ~27 rows (approximately)
/*!40000 ALTER TABLE `produksi_detail` DISABLE KEYS */;
INSERT INTO `produksi_detail` (`iddetail_produksi`, `idproduksi`, `idbarang_bb`, `qty`, `id_konversi`, `tipe`, `created_on`, `created_by`, `st_dianggap_selesai`) VALUES
	('DPROD201907010941I2379RHQ8', 'PROD2019R07SM01H0N9412337WI9', 'BB20180730103406B508', 102757833.6, 5, 0, '2019-07-01 09:41:23', 1, 0),
	('DPROD20190702Y09X383D1ED388', 'PRODM2M01907020938311N12IP4', 'BB20180730100759G547', 5, 1, 0, '2019-07-02 09:38:31', 1, 0),
	('DPROD20190916Y0J90R307756', 'PROD20190X91HD6090307530', '1', 12, 1, 0, '2019-09-16 09:03:07', 1, 0),
	('DPROD20190L9160903186J0W1', 'PRODQ201A90916090Z318CQ1024', 'BB20180730103024J483', 41103133.44, 5, 0, '2019-09-16 09:03:18', 1, 0),
	('DPROD20190U9D1X60VQ9S03L0Y282X3', 'PROD20190T91P60U9030213S16', '2', 0, 1, 0, '2019-09-16 09:03:02', 1, 0),
	('DPROD2019P091609HBPXT030N21F02IO1', 'PROD20190T91P60U9030213S16', '2', 10, 1, 0, '2019-09-16 09:03:02', 1, 0),
	('DPROD2019YDO0N916H090307XLZ112F7', 'PROD20190X91HD6090307530', 'BB20180730100845V507', 0, 1, 0, '2019-09-16 09:03:07', 1, 0),
	('DPROD201V9C07LKNX0M1N094149629', 'PROD2F0Z1W90701N0941Q4BD9Z10T74Z', 'BB20180730103406B508', 376778723.2, 5, 0, '2019-07-01 09:41:49', 1, 0),
	('DPROD20200L118142Y040689', 'PROD20P2S0XL011U8BXE1U42040A910', 'BB20180730100759G547', 1, 1, 0, '2020-01-18 14:20:40', 1, 0),
	('DPROD2020N011Q81421161421UC', 'PROD20J20011G81TF421I16V1170', '1', 22, 1, 0, '2020-01-18 14:21:16', 1, 0),
	('DPROD2021ON01100V8185R276X9', 'PROD2021U0A11008DZO18M52564', 'BB20180730100759G547', 0, 1, 0, '2021-01-10 08:18:52', 1, 0),
	('DPROD202H0H0BNV118142S1S16859N', 'PROD20J20011G81TF421I16V1170', 'BB20180730100759G547', 0, 1, 0, '2020-01-18 14:21:16', 1, 0),
	('DPROD202I0011814AY2116S1175', 'PROD20J20011G81TF421I16V1170', '1', 0, 1, 0, '2020-01-18 14:21:16', 1, 0),
	('DPROD202R101F100818526U5YK6', 'PROD2021U0A11008DZO18M52564', 'BB20180730100759G547', 20, 1, 0, '2021-01-10 08:18:52', 1, 0),
	('DPROD20E19Q0L916090M307907WA', 'PROD20190X91HD6090307530', '1', 0, 1, 0, '2019-09-16 09:03:07', 1, 0),
	('DPROD20O1U90F70TLG1094135171', 'PROD2XB0190701094X1R35T781S', 'BB20180730103406B508', 102757833.6, 5, 0, '2019-07-01 09:41:35', 1, 0),
	('DPROD2B0U1909160N90G30C2741', 'PROD20190T91P60U9030213S16', 'BB20180730100759G547', 5, 1, 0, '2019-09-16 09:03:02', 1, 0),
	('DPROD2BM0SB210108001308839', 'PRODG2VU021W0AO10G8001D3083Z82T', 'BB20180730103406B508', 4000000, 5, 0, '2021-01-08 00:13:08', 1, 0),
	('DPROD2M01P9I0DQX701094P14955RDH6', 'PROD2F0Z1W90701N0941Q4BD9Z10T74Z', 'BB20180730103406B508', 102757833.6, 5, 0, '2019-07-01 09:41:49', 1, 0),
	('DPROD2O0I20011H81T42116117HCN2', 'PROD20J20011G81TF421I16V1170', 'BB20180730100759G547', 11, 1, 0, '2020-01-18 14:21:16', 1, 0),
	('DPROD2Q0200118142W040925', 'PROD20P2S0XL011U8BXE1U42040A910', '1', 2, 1, 0, '2020-01-18 14:20:40', 1, 0),
	('DPROD2SI0L190NK91609031813H65', 'PRODQ201A90916090Z318CQ1024', 'BB20180730103024J483', 0, 5, 0, '2019-09-16 09:03:18', 1, 0),
	('DPRODA201L909160P90302106VC8', 'PROD20190T91P60U9030213S16', 'BB20180730100759G547', 0, 1, 0, '2019-09-16 09:03:02', 1, 0),
	('DPRODB201Z909160903071503', 'PROD20190X91HD6090307530', 'BB20180730100845V507', 12, 1, 0, '2019-09-16 09:03:07', 1, 0),
	('DPRODNO202101P1008D18XN52834G', 'PROD2021U0A11008DZO18M52564', '2', 0, 1, 0, '2021-01-10 08:18:52', 1, 0),
	('DPRODP201907020938S31155', 'PRODM2M01907020938311N12IP4', '2', 10, 1, 0, '2019-07-02 09:38:31', 1, 0),
	('DPRODS20210C11Q008B18524A68', 'PROD2021U0A11008DZO18M52564', '2', 20, 1, 0, '2021-01-10 08:18:52', 1, 0);
/*!40000 ALTER TABLE `produksi_detail` ENABLE KEYS */;

-- Dumping structure for table webapp_ci_printing.produk_detail_finishing_pakai
CREATE TABLE IF NOT EXISTS `produk_detail_finishing_pakai` (
  `idproduk_detail_finishing_pakai` varchar(50) NOT NULL,
  `idproduk_finishing` varchar(45) NOT NULL COMMENT 'id produk finishing dari table produk yang st_produk = 1 (finishing)',
  `idproduk` varchar(50) NOT NULL COMMENT 'idproduk yang jenisnya finishing',
  `jml_pakai` decimal(10,0) DEFAULT NULL,
  `ket` text,
  `created_on` datetime DEFAULT NULL,
  `created_by` bigint(20) DEFAULT NULL,
  `deleted` tinyint(4) DEFAULT '0',
  `deleted_by` bigint(20) DEFAULT NULL,
  PRIMARY KEY (`idproduk_detail_finishing_pakai`)
) ENGINE=InnoDB DEFAULT CHARSET=latin1;

-- Dumping data for table webapp_ci_printing.produk_detail_finishing_pakai: ~2 rows (approximately)
/*!40000 ALTER TABLE `produk_detail_finishing_pakai` DISABLE KEYS */;
INSERT INTO `produk_detail_finishing_pakai` (`idproduk_detail_finishing_pakai`, `idproduk_finishing`, `idproduk`, `jml_pakai`, `ket`, `created_on`, `created_by`, `deleted`, `deleted_by`) VALUES
	('Pfsh-O2STZIA019070415004UXN93U130', 'Pfsh-2018Y1102102412S7N15', 'Pfsh-O2STZIA019070415004UXN93U13', 1, 'laminasi', '2019-07-04 15:00:49', 1, 0, NULL),
	('Pfsh-O2STZIA019070415004UXN93U131', 'Pfsh-20180730143518D464', 'Pfsh-O2STZIA019070415004UXN93U13', 1, 'jilid', '2019-07-04 15:00:49', 1, 0, NULL);
/*!40000 ALTER TABLE `produk_detail_finishing_pakai` ENABLE KEYS */;

-- Dumping structure for table webapp_ci_printing.produk_detail_penyusun
CREATE TABLE IF NOT EXISTS `produk_detail_penyusun` (
  `idproduk_detail_penyusun` varchar(50) NOT NULL,
  `idproduk` varchar(50) NOT NULL,
  `idjenis_bb` bigint(20) NOT NULL COMMENT 'jenis bahan baku yang dijadikan patokan\nDapat dijadikan standart subtitusi',
  `idbarang_bb` varchar(50) NOT NULL COMMENT 'bahan baku yang menjadi patokan standart penggunaan saat checking Produksi,\ndari tabel barang',
  `st_tipe` tinyint(1) DEFAULT NULL COMMENT '0 = Fix\n1 = Custom / potongan meteran\n2 = Sesuai Order\n\n0 = berarti hanya menggunakan jumlah\n1 = Berarti menggunakan Panjang x Lebar',
  `jml_pakai` int(11) DEFAULT NULL COMMENT '\n',
  `id_konversi_jml` int(11) NOT NULL COMMENT 'id konversi sebagai acuan tampilan dan perhitungan ketika di form',
  `panjang` int(11) DEFAULT NULL COMMENT '- dalam satuan terkecil simpan gudang\n- Hanya diisi jika st_tipe = 1 / custom\n',
  `lebar` int(11) DEFAULT NULL COMMENT '- dalam satuan terkecil simpan gudang\n- Hanya diisi jika st_tipe = 1 / custom\n',
  `id_konversi_panjang` int(11) NOT NULL COMMENT 'id konversi sebagai acuan tampilan dan perhitungan ketika di form',
  `ket` text,
  `st_target_cetakan` tinyint(1) DEFAULT '0' COMMENT 'Untuk A3, maka.\n\n1 = berarti jumlah pakai bahan baku akan dikali dengan jumlah bahan baku cetak A3, sebagai acuan hitung pakai bahan baku cetak a3\n0 = tidak dihitung dengan cetakannya.',
  `created_on` datetime DEFAULT NULL,
  `created_by` bigint(20) DEFAULT NULL,
  `deleted` tinyint(4) DEFAULT '0',
  `deleted_by` bigint(20) DEFAULT NULL,
  PRIMARY KEY (`idproduk_detail_penyusun`)
) ENGINE=InnoDB DEFAULT CHARSET=latin1;

-- Dumping data for table webapp_ci_printing.produk_detail_penyusun: ~242 rows (approximately)
/*!40000 ALTER TABLE `produk_detail_penyusun` DISABLE KEYS */;
INSERT INTO `produk_detail_penyusun` (`idproduk_detail_penyusun`, `idproduk`, `idjenis_bb`, `idbarang_bb`, `st_tipe`, `jml_pakai`, `id_konversi_jml`, `panjang`, `lebar`, `id_konversi_panjang`, `ket`, `st_target_cetakan`, `created_on`, `created_by`, `deleted`, `deleted_by`) VALUES
	('ED-Pfsh-20180730111548Q495', 'Pfsh-20180730111215O514', 1, '1', 2, 0, 0, 0, 0, 0, '-', 0, '2018-07-30 11:15:48', 1, 0, NULL),
	('ED-Pfsh-20180730111548X498', 'Pfsh-20180730111215O514', 1, 'BB20180730100759G547', 2, 0, 0, 0, 0, 0, '-', 0, '2018-07-30 11:15:48', 1, 0, NULL),
	('ED-Pfsh-20180730140916F512', 'Pfsh-20180730140558P552', 1, 'BB20180730110841A539', 0, 1, 8, 0, 0, 0, '-', 0, '2018-07-30 14:09:16', 1, 0, NULL),
	('ED-Pfsh-20180730140955M514', 'Pfsh-20180730140645I470', 1, 'BB20180730110841A539', 0, 1, 8, 0, 0, 0, '-', 0, '2018-07-30 14:09:55', 1, 0, NULL),
	('ED-Pfsh-20180730141022O542', 'Pfsh-20180730140313C550', 1, 'BB20180730110841A539', 0, 1, 8, 0, 0, 0, '-', 0, '2018-07-30 14:10:22', 1, 0, NULL),
	('ED-Pfsh-20180730141051X461', 'Pfsh-20180730140417O497', 1, 'BB20180730110841A539', 0, 1, 8, 0, 0, 0, '-', 0, '2018-07-30 14:10:51', 1, 0, NULL),
	('ED-Pfsh-2018102911570LJ41102', 'Pfsh-D2018102T9D11J304394A8', 1, 'BB20180730101015W458', 2, 0, 0, 0, 0, 0, '-', 0, '2018-10-29 11:57:04', 1, 0, NULL),
	('ED-Pfsh-2018102W91FT15502Z1B5M18', 'Pfsh-20181XX0290908HZ341123', 1, '1', 0, 1, 8, 0, 0, 0, '-', 0, '2018-10-29 11:55:02', 1, 0, NULL),
	('ED-Pfsh-20181127MO04141C7HR1199', 'Pfsh-O20H18ZB1127040832FX58W5Q', 1, 'BB20180730142542E497', 1, 0, 0, 1, 1, 12, '-', 0, '2018-11-27 04:14:17', 1, 0, NULL),
	('ED-Pfsh-201811I300B25508WF750', 'Pfsh-201811281043KPY5A51E104', 1, 'BB201H81K12I81042FZX1070ZL4J', 0, 3, 8, 0, 0, 0, '-', 0, '2018-11-30 02:55:08', 1, 1, 1),
	('ED-Pfsh-201811NU0R5WH19500K3F1293', 'Pfsh-20J181FN0Y30110U537975XU', 1, 'BB20180730142650K531', 1, 0, 0, 1, 1, 12, '-', 0, '2018-11-05 19:50:03', 1, 0, NULL),
	('ED-Pfsh-20181K130S025J8421170', 'Pfsh-201811281043KPY5A51E104', 1, 'BB201H81K12I81042FZX1070ZL4J', 0, 1, 8, 0, 0, 0, '-', 0, '2018-11-30 02:58:42', 1, 1, 1),
	('ED-Pfsh-201905041F1A5314904', 'Pfsh-D201905041Z15JP03Q913J3Q0', 1, '1', 0, 2, 8, 0, 0, 0, '-', 0, '2019-05-04 11:53:14', 1, 0, NULL),
	('ED-Pfsh-201G8E1Q031161439LX12JK01HSV', 'Pfsh-2W0O1K81030102342B680', 1, 'BB20180730103024J483', 2, 0, 0, 0, 0, 0, '-', 0, '2018-10-31 16:14:39', 1, 0, NULL),
	('ED-Pfsh-201Y811L0512VHA1Y4109Z48', 'Pfsh-20N18W0U9O241642455V70', 1, 'BB20180730103126J531', 1, 0, 0, 1, 1, 12, '-', 0, '2018-11-05 12:14:10', 1, 1, 1),
	('ED-Pfsh-20K1811051P8D454LJ0W81S3', 'Pfsh-20J181FN0Y30110U537975XU', 1, 'BB20180730142650K531', 1, 0, 0, 1, 1, 12, '-', 0, '2018-11-05 18:45:40', 1, 1, 1),
	('ED-Pfsh-20S1I81029VE115RM225Q899', 'Pfsh-20181XX0290908HZ341123', 1, '1', 0, 2, 8, 0, 0, 0, '-', 0, '2018-10-29 11:52:25', 1, 1, 1),
	('ED-Pfsh-20XW1A9P02F1H91X7I1923S1341', 'Pfsh-20180730141243X495', 1, '1', 0, 1, 8, 0, 0, 0, '-', 0, '2019-02-19 17:19:23', 1, 0, NULL),
	('ED-Pfsh-2D01Y811020H9343293WB4', 'Pfsh-201NT8T1A0301TY1ZP3B53B1892', 1, 'BB20180730104115M488', 1, 0, 0, 1, 1, 12, '-', 0, '2018-11-02 09:34:32', 1, 0, NULL),
	('ED-Pfsh-2D0W1902191N716I27430', 'Pfsh-20180730141504U479', 1, '1', 0, 2, 8, 0, 0, 0, '-', 0, '2019-02-19 17:16:27', 1, 0, NULL),
	('ED-Pfsh-2E0181SF1O300P30CE0NK31935', 'Pfsh-201811281043KPY5A51E104', 1, 'BB201H81K12I81042FZX1070ZL4J', 2, 0, 0, 0, 0, 0, '-', 0, '2018-11-30 03:00:31', 1, 1, 1),
	('ED-Pfsh-2H01MC811I0314L5V0248N42', 'Pfsh-2018SU103011403G9NXW968', 1, 'BB20180730103910C552', 1, 0, 0, 1, 1, 12, '-', 0, '2018-11-03 14:50:24', 1, 0, NULL),
	('ED-Pfsh-2IA0190Q21917H21S47K101F0S', 'Pfsh-20180730141340K464', 1, '1', 0, 2, 8, 0, 0, 0, '-', 0, '2019-02-19 17:21:47', 1, 0, NULL),
	('ED-Pfsh-2OE0W1C8113003I0Z60X0721', 'Pfsh-201811281043KPY5A51E104', 1, 'BB201H81K12I81042FZX1070ZL4J', 0, 3, 8, 0, 0, 0, '-', 0, '2018-11-30 03:06:00', 1, 0, NULL),
	('ED-Pfsh-2Q019O02V19VA1715S583C8X5', 'Pfsh-20180730141423P477', 1, '1', 0, 1, 8, 0, 0, 0, '-', 0, '2019-02-19 17:15:58', 1, 0, NULL),
	('ED-Pfsh-2S01810301022P05G1F35M5', 'Pfsh-20N18W0U9O241642455V70', 1, 'BB20180730103126J531', 1, 0, 0, 1, 1, 12, '-', 0, '2018-10-30 10:22:05', 1, 1, 1),
	('ED-Pfsh-2V0181029V1E15AA70Z412PIU8L6', 'Pfsh-D2018102T9D11J304394A8', 1, '1', 0, 2, 8, 0, 0, 0, '-', 0, '2018-10-29 11:57:04', 1, 0, NULL),
	('ED-Pfsh-B20P18113J002550886L8', 'Pfsh-201811281043KPY5A51E104', 1, '1', 0, 3, 8, 0, 0, 0, '-', 0, '2018-11-30 02:55:08', 1, 1, 1),
	('ED-Pfsh-H20U181ZQX105123ZM42285H0A', 'Pfsh-20N18W0U9O241642455V70', 1, 'BB20180730103126J531', 1, 0, 0, 1, 1, 12, '-', 0, '2018-11-05 12:34:22', 1, 0, NULL),
	('ED-Pfsh-Y20181T102102145623', 'Pfsh-2U018K1R0301H61YS20AJ6455QY', 1, 'BB20180730102733F551', 0, 1, 8, 0, 0, 0, '-', 0, '2018-11-02 10:21:45', 1, 0, NULL),
	('Pfsh-20180730111215O5140', 'Pfsh-20180730111215O514', 1, 'BB20180730100759G547', 0, 0, 8, 0, 0, 0, '-', 0, '2018-07-30 11:12:15', 1, 1, 1),
	('Pfsh-20180730111840M4600', 'Pfsh-20180730111840M460', 1, 'BB20180730100759G547', 2, 0, 0, 0, 0, 0, '-', 0, '2018-07-30 11:18:40', 1, 0, NULL),
	('Pfsh-20180730111840M4601', 'Pfsh-20180730111840M460', 1, '1', 0, 2, 8, 0, 0, 0, '-', 0, '2018-07-30 11:18:40', 1, 0, NULL),
	('Pfsh-20180730112308Z4820', 'Pfsh-20180730112308Z482', 1, 'BB20180730100759G547', 2, 0, 0, 0, 0, 0, '-', 0, '2018-07-30 11:23:08', 1, 0, NULL),
	('Pfsh-20180730112308Z4821', 'Pfsh-20180730112308Z482', 1, '2', 2, 0, 0, 0, 0, 0, '-', 0, '2018-07-30 11:23:08', 1, 0, NULL),
	('Pfsh-20180730112606G5420', 'Pfsh-20180730112606G542', 1, 'BB20180730100759G547', 2, 0, 0, 0, 0, 0, '-', 0, '2018-07-30 11:26:06', 1, 0, NULL),
	('Pfsh-20180730112606G5421', 'Pfsh-20180730112606G542', 1, '2', 0, 2, 8, 0, 0, 0, '-', 0, '2018-07-30 11:26:06', 1, 0, NULL),
	('Pfsh-20180730112657W5080', 'Pfsh-20180730112657W508', 1, 'BB20180730100822M498', 2, 0, 0, 0, 0, 0, '-', 0, '2018-07-30 11:26:57', 1, 0, NULL),
	('Pfsh-20180730112657W5081', 'Pfsh-20180730112657W508', 1, '1', 2, 0, 0, 0, 0, 0, '-', 0, '2018-07-30 11:26:57', 1, 0, NULL),
	('Pfsh-20180730112810B5420', 'Pfsh-20180730112810B542', 1, 'BB20180730100822M498', 2, 0, 0, 0, 0, 0, '-', 0, '2018-07-30 11:28:10', 1, 0, NULL),
	('Pfsh-20180730112810B5421', 'Pfsh-20180730112810B542', 1, '1', 0, 2, 8, 0, 0, 0, '-', 0, '2018-07-30 11:28:10', 1, 0, NULL),
	('Pfsh-20180730112902E5290', 'Pfsh-20180730112902E529', 1, 'BB20180730100822M498', 2, 0, 0, 0, 0, 0, '-', 0, '2018-07-30 11:29:02', 1, 0, NULL),
	('Pfsh-20180730112902E5291', 'Pfsh-20180730112902E529', 1, '2', 2, 0, 0, 0, 0, 0, '-', 0, '2018-07-30 11:29:02', 1, 0, NULL),
	('Pfsh-20180730112959L4560', 'Pfsh-20180730112959L456', 1, '2', 0, 2, 8, 0, 0, 0, '-', 0, '2018-07-30 11:29:59', 1, 0, NULL),
	('Pfsh-20180730112959L4561', 'Pfsh-20180730112959L456', 1, 'BB20180730100822M498', 2, 0, 0, 0, 0, 0, '-', 0, '2018-07-30 11:29:59', 1, 0, NULL),
	('Pfsh-20180730113050Z5260', 'Pfsh-20180730113050Z526', 1, 'BB20180730100845V507', 2, 0, 0, 0, 0, 0, '-', 0, '2018-07-30 11:30:50', 1, 0, NULL),
	('Pfsh-20180730113050Z5261', 'Pfsh-20180730113050Z526', 1, '1', 2, 0, 0, 0, 0, 0, '-', 0, '2018-07-30 11:30:50', 1, 0, NULL),
	('Pfsh-20180730113141V4690', 'Pfsh-20180730113141V469', 1, 'BB20180730100845V507', 2, 0, 0, 0, 0, 0, '-', 0, '2018-07-30 11:31:41', 1, 0, NULL),
	('Pfsh-20180730113141V4691', 'Pfsh-20180730113141V469', 1, '1', 0, 2, 8, 0, 0, 0, '-', 0, '2018-07-30 11:31:41', 1, 0, NULL),
	('Pfsh-20180730113218H4990', 'Pfsh-20180730113218H499', 1, 'BB20180730100845V507', 2, 0, 0, 0, 0, 0, '-', 0, '2018-07-30 11:32:18', 1, 0, NULL),
	('Pfsh-20180730113218H4991', 'Pfsh-20180730113218H499', 1, '2', 2, 0, 0, 0, 0, 0, '-', 0, '2018-07-30 11:32:18', 1, 0, NULL),
	('Pfsh-20180730113259F4680', 'Pfsh-20180730113259F468', 1, 'BB20180730100845V507', 2, 0, 0, 0, 0, 0, '-', 0, '2018-07-30 11:32:59', 1, 0, NULL),
	('Pfsh-20180730113259F4681', 'Pfsh-20180730113259F468', 1, '2', 0, 2, 8, 0, 0, 0, '-', 0, '2018-07-30 11:32:59', 1, 0, NULL),
	('Pfsh-20180730113355O4800', 'Pfsh-20180730113355O480', 1, 'BB20180730100908V481', 2, 0, 0, 0, 0, 0, '-', 0, '2018-07-30 11:33:55', 1, 0, NULL),
	('Pfsh-20180730113355O4801', 'Pfsh-20180730113355O480', 1, '1', 2, 0, 0, 0, 0, 0, '-', 0, '2018-07-30 11:33:55', 1, 0, NULL),
	('Pfsh-20180730113450E4840', 'Pfsh-20180730113450E484', 1, 'BB20180730100908V481', 2, 0, 0, 0, 0, 0, '-', 0, '2018-07-30 11:34:50', 1, 0, NULL),
	('Pfsh-20180730113450E4841', 'Pfsh-20180730113450E484', 1, '1', 0, 2, 8, 0, 0, 0, '-', 0, '2018-07-30 11:34:50', 1, 0, NULL),
	('Pfsh-20180730113532E4730', 'Pfsh-20180730113532E473', 1, 'BB20180730100908V481', 2, 0, 0, 0, 0, 0, '-', 0, '2018-07-30 11:35:32', 1, 0, NULL),
	('Pfsh-20180730113532E4731', 'Pfsh-20180730113532E473', 1, '2', 2, 0, 0, 0, 0, 0, '-', 0, '2018-07-30 11:35:32', 1, 0, NULL),
	('Pfsh-20180730113615D5080', 'Pfsh-20180730113615D508', 1, 'BB20180730100908V481', 2, 0, 0, 0, 0, 0, '-', 0, '2018-07-30 11:36:15', 1, 0, NULL),
	('Pfsh-20180730113615D5081', 'Pfsh-20180730113615D508', 1, '2', 0, 2, 8, 0, 0, 0, '-', 0, '2018-07-30 11:36:15', 1, 0, NULL),
	('Pfsh-20180730113705U5020', 'Pfsh-20180730113705U502', 1, 'BB20180730101059U494', 2, 0, 0, 0, 0, 0, '-', 0, '2018-07-30 11:37:05', 1, 0, NULL),
	('Pfsh-20180730113705U5021', 'Pfsh-20180730113705U502', 1, '1', 2, 0, 0, 0, 0, 0, '-', 0, '2018-07-30 11:37:05', 1, 0, NULL),
	('Pfsh-20180730113846L4930', 'Pfsh-20180730113846L493', 1, 'BB20180730101059U494', 2, 0, 0, 0, 0, 0, '-', 0, '2018-07-30 11:38:46', 1, 0, NULL),
	('Pfsh-20180730113846L4931', 'Pfsh-20180730113846L493', 1, '2', 2, 0, 0, 0, 0, 0, '-', 0, '2018-07-30 11:38:46', 1, 0, NULL),
	('Pfsh-20180730114050I5040', 'Pfsh-20180730114050I504', 1, 'BB20180730101126S462', 2, 0, 0, 0, 0, 0, '-', 0, '2018-07-30 11:40:50', 1, 0, NULL),
	('Pfsh-20180730114050I5041', 'Pfsh-20180730114050I504', 1, '1', 2, 0, 0, 0, 0, 0, '-', 0, '2018-07-30 11:40:50', 1, 0, NULL),
	('Pfsh-20180730114202L4870', 'Pfsh-20180730114202L487', 1, 'BB20180730101126S462', 2, 0, 0, 0, 0, 0, '-', 0, '2018-07-30 11:42:02', 1, 0, NULL),
	('Pfsh-20180730114202L4871', 'Pfsh-20180730114202L487', 1, '2', 2, 0, 0, 0, 0, 0, '-', 0, '2018-07-30 11:42:02', 1, 0, NULL),
	('Pfsh-20180730114244H5090', 'Pfsh-20180730114244H509', 1, 'BB20180730101407Z476', 2, 0, 0, 0, 0, 0, '-', 0, '2018-07-30 11:42:44', 1, 0, NULL),
	('Pfsh-20180730114244H5091', 'Pfsh-20180730114244H509', 1, '1', 2, 0, 0, 0, 0, 0, '-', 0, '2018-07-30 11:42:44', 1, 0, NULL),
	('Pfsh-20180730114324O4850', 'Pfsh-20180730114324O485', 1, '2', 2, 0, 0, 0, 0, 0, '-', 0, '2018-07-30 11:43:24', 1, 0, NULL),
	('Pfsh-20180730114324O4851', 'Pfsh-20180730114324O485', 1, 'BB20180730101407Z476', 2, 0, 0, 0, 0, 0, '-', 0, '2018-07-30 11:43:24', 1, 0, NULL),
	('Pfsh-20180730114545U5480', 'Pfsh-20180730114545U548', 1, 'BB20180730101429X535', 2, 0, 0, 0, 0, 0, '-', 0, '2018-07-30 11:45:45', 1, 0, NULL),
	('Pfsh-20180730114545U5481', 'Pfsh-20180730114545U548', 1, '1', 2, 0, 0, 0, 0, 0, '-', 0, '2018-07-30 11:45:45', 1, 0, NULL),
	('Pfsh-20180730114635Z4570', 'Pfsh-20180730114635Z457', 1, 'BB20180730101429X535', 2, 0, 0, 0, 0, 0, '-', 0, '2018-07-30 11:46:35', 1, 0, NULL),
	('Pfsh-20180730114635Z4571', 'Pfsh-20180730114635Z457', 1, '2', 2, 0, 0, 0, 0, 0, '-', 0, '2018-07-30 11:46:35', 1, 0, NULL),
	('Pfsh-20180730114734Y4570', 'Pfsh-20180730114734Y457', 1, 'BB20180730101525J511', 2, 0, 0, 0, 0, 0, '-', 0, '2018-07-30 11:47:34', 1, 0, NULL),
	('Pfsh-20180730114734Y4571', 'Pfsh-20180730114734Y457', 1, '1', 2, 0, 0, 0, 0, 0, '-', 0, '2018-07-30 11:47:34', 1, 0, NULL),
	('Pfsh-20180730114847G5420', 'Pfsh-20180730114847G542', 1, 'BB20180730101525J511', 2, 0, 0, 0, 0, 0, '-', 0, '2018-07-30 11:48:47', 1, 0, NULL),
	('Pfsh-20180730114847G5421', 'Pfsh-20180730114847G542', 1, '2', 2, 0, 0, 0, 0, 0, '-', 0, '2018-07-30 11:48:47', 1, 0, NULL),
	('Pfsh-20180730115552M4860', 'Pfsh-20180730115552M486', 1, 'BB20180730101032E467', 2, 0, 0, 0, 0, 0, '-', 0, '2018-07-30 11:55:52', 1, 0, NULL),
	('Pfsh-20180730115552M4861', 'Pfsh-20180730115552M486', 1, '1', 2, 0, 0, 0, 0, 0, '-', 0, '2018-07-30 11:55:52', 1, 0, NULL),
	('Pfsh-20180730115623J4640', 'Pfsh-20180730115623J464', 1, 'BB20180730101032E467', 2, 0, 0, 0, 0, 0, '-', 0, '2018-07-30 11:56:23', 1, 0, NULL),
	('Pfsh-20180730115623J4641', 'Pfsh-20180730115623J464', 1, '1', 0, 2, 8, 0, 0, 0, '-', 0, '2018-07-30 11:56:23', 1, 0, NULL),
	('Pfsh-20180730115701Z5090', 'Pfsh-20180730115701Z509', 1, 'BB20180730101032E467', 2, 0, 0, 0, 0, 0, '-', 0, '2018-07-30 11:57:01', 1, 0, NULL),
	('Pfsh-20180730115701Z5091', 'Pfsh-20180730115701Z509', 1, '2', 2, 0, 0, 0, 0, 0, '-', 0, '2018-07-30 11:57:01', 1, 0, NULL),
	('Pfsh-20180730115738V5140', 'Pfsh-20180730115738V514', 1, 'BB20180730101032E467', 2, 0, 0, 0, 0, 0, '-', 0, '2018-07-30 11:57:38', 1, 0, NULL),
	('Pfsh-20180730115738V5141', 'Pfsh-20180730115738V514', 1, '2', 0, 2, 8, 0, 0, 0, '-', 0, '2018-07-30 11:57:38', 1, 0, NULL),
	('Pfsh-20180730115932R4550', 'Pfsh-20180730115932R455', 1, 'BB20180730100953A484', 2, 0, 0, 0, 0, 0, '-', 0, '2018-07-30 11:59:32', 1, 0, NULL),
	('Pfsh-20180730115932R4551', 'Pfsh-20180730115932R455', 1, '1', 2, 0, 0, 0, 0, 0, '-', 0, '2018-07-30 11:59:32', 1, 0, NULL),
	('Pfsh-20180730120007S5380', 'Pfsh-20180730120007S538', 1, 'BB20180730100953A484', 2, 0, 0, 0, 0, 0, '-', 0, '2018-07-30 12:00:07', 1, 0, NULL),
	('Pfsh-20180730120007S5381', 'Pfsh-20180730120007S538', 1, '1', 0, 2, 8, 0, 0, 0, '-', 0, '2018-07-30 12:00:07', 1, 0, NULL),
	('Pfsh-20180730120047P4960', 'Pfsh-20180730120047P496', 1, 'BB20180730100953A484', 2, 0, 0, 0, 0, 0, '-', 0, '2018-07-30 12:00:47', 1, 0, NULL),
	('Pfsh-20180730120047P4961', 'Pfsh-20180730120047P496', 1, '2', 2, 0, 0, 0, 0, 0, '-', 0, '2018-07-30 12:00:47', 1, 0, NULL),
	('Pfsh-20180730120123I5090', 'Pfsh-20180730120123I509', 1, 'BB20180730100953A484', 2, 0, 0, 0, 0, 0, '-', 0, '2018-07-30 12:01:23', 1, 0, NULL),
	('Pfsh-20180730120123I5091', 'Pfsh-20180730120123I509', 1, '2', 0, 2, 8, 0, 0, 0, '-', 0, '2018-07-30 12:01:23', 1, 0, NULL),
	('Pfsh-20180730120205W4820', 'Pfsh-20180730120205W482', 1, 'BB20180730100930F545', 2, 0, 0, 0, 0, 0, '-', 0, '2018-07-30 12:02:05', 1, 0, NULL),
	('Pfsh-20180730120205W4821', 'Pfsh-20180730120205W482', 1, '1', 2, 0, 0, 0, 0, 0, '-', 0, '2018-07-30 12:02:05', 1, 0, NULL),
	('Pfsh-20180730120240F5270', 'Pfsh-20180730120240F527', 1, 'BB20180730100930F545', 2, 0, 0, 0, 0, 0, '-', 0, '2018-07-30 12:02:40', 1, 0, NULL),
	('Pfsh-20180730120240F5271', 'Pfsh-20180730120240F527', 1, '1', 0, 2, 8, 0, 0, 0, '-', 0, '2018-07-30 12:02:40', 1, 0, NULL),
	('Pfsh-20180730120319W5050', 'Pfsh-20180730120319W505', 1, 'BB20180730100930F545', 2, 0, 0, 0, 0, 0, '-', 0, '2018-07-30 12:03:19', 1, 0, NULL),
	('Pfsh-20180730120319W5051', 'Pfsh-20180730120319W505', 1, '2', 2, 0, 0, 0, 0, 0, '-', 0, '2018-07-30 12:03:19', 1, 0, NULL),
	('Pfsh-20180730120357F4720', 'Pfsh-20180730120357F472', 1, 'BB20180730100930F545', 2, 0, 0, 0, 0, 0, '-', 0, '2018-07-30 12:03:57', 1, 0, NULL),
	('Pfsh-20180730120357F4721', 'Pfsh-20180730120357F472', 1, '2', 0, 2, 8, 0, 0, 0, '-', 0, '2018-07-30 12:03:57', 1, 0, NULL),
	('Pfsh-20180730120449S4920', 'Pfsh-20180730120449S492', 1, 'BB20180730101647Q504', 2, 0, 0, 0, 0, 0, '-', 0, '2018-07-30 12:04:49', 1, 0, NULL),
	('Pfsh-20180730120449S4921', 'Pfsh-20180730120449S492', 1, '1', 2, 0, 0, 0, 0, 0, '-', 0, '2018-07-30 12:04:49', 1, 0, NULL),
	('Pfsh-20180730120529O4820', 'Pfsh-20180730120529O482', 1, 'BB20180730101647Q504', 2, 0, 0, 0, 0, 0, '-', 0, '2018-07-30 12:05:29', 1, 0, NULL),
	('Pfsh-20180730120529O4821', 'Pfsh-20180730120529O482', 1, '2', 2, 0, 0, 0, 0, 0, '-', 0, '2018-07-30 12:05:29', 1, 0, NULL),
	('Pfsh-20180730120612A4830', 'Pfsh-20180730120612A483', 1, '1', 2, 0, 0, 0, 0, 0, '-', 0, '2018-07-30 12:06:12', 1, 0, NULL),
	('Pfsh-20180730120644D5510', 'Pfsh-20180730120644D551', 1, '1', 0, 2, 8, 0, 0, 0, '-', 0, '2018-07-30 12:06:44', 1, 0, NULL),
	('Pfsh-20180730120708T5370', 'Pfsh-20180730120708T537', 1, '2', 2, 0, 0, 0, 0, 0, '-', 0, '2018-07-30 12:07:08', 1, 0, NULL),
	('Pfsh-20180730120732Y4540', 'Pfsh-20180730120732Y454', 1, '2', 0, 2, 8, 0, 0, 0, '-', 0, '2018-07-30 12:07:32', 1, 0, NULL),
	('Pfsh-20180730140313C5500', 'Pfsh-20180730140313C550', 1, 'BB20180730100822M498', 0, 4, 8, 0, 0, 0, '-', 0, '2018-07-30 14:03:13', 1, 0, NULL),
	('Pfsh-20180730140313C5501', 'Pfsh-20180730140313C550', 1, '1', 0, 4, 8, 0, 0, 0, '-', 0, '2018-07-30 14:03:13', 1, 0, NULL),
	('Pfsh-20180730140417O4970', 'Pfsh-20180730140417O497', 1, 'BB20180730100822M498', 0, 4, 8, 0, 0, 0, '-', 0, '2018-07-30 14:04:17', 1, 0, NULL),
	('Pfsh-20180730140417O4971', 'Pfsh-20180730140417O497', 1, '1', 0, 8, 8, 0, 0, 0, '-', 0, '2018-07-30 14:04:17', 1, 0, NULL),
	('Pfsh-20180730140558P5520', 'Pfsh-20180730140558P552', 1, 'BB20180730100822M498', 0, 4, 8, 0, 0, 0, '-', 0, '2018-07-30 14:05:58', 1, 0, NULL),
	('Pfsh-20180730140558P5521', 'Pfsh-20180730140558P552', 1, '2', 0, 4, 8, 0, 0, 0, '-', 0, '2018-07-30 14:05:58', 1, 0, NULL),
	('Pfsh-20180730140645I4700', 'Pfsh-20180730140645I470', 1, 'BB20180730100822M498', 0, 4, 8, 0, 0, 0, '-', 0, '2018-07-30 14:06:45', 1, 0, NULL),
	('Pfsh-20180730140645I4701', 'Pfsh-20180730140645I470', 1, '2', 0, 8, 8, 0, 0, 0, '-', 0, '2018-07-30 14:06:45', 1, 0, NULL),
	('Pfsh-20180730141243X4950', 'Pfsh-20180730141243X495', 1, 'BB20180730100908V481', 0, 125, 8, 0, 0, 0, '-', 0, '2018-07-30 14:12:43', 1, 0, NULL),
	('Pfsh-20180730141243X4951', 'Pfsh-20180730141243X495', 1, '1', 0, 125, 8, 0, 0, 0, '-', 0, '2018-07-30 14:12:43', 1, 1, 1),
	('Pfsh-20180730141340K4640', 'Pfsh-20180730141340K464', 1, 'BB20180730100908V481', 0, 125, 8, 0, 0, 0, '-', 0, '2018-07-30 14:13:40', 1, 0, NULL),
	('Pfsh-20180730141340K4641', 'Pfsh-20180730141340K464', 1, '1', 0, 250, 8, 0, 0, 0, '-', 0, '2018-07-30 14:13:40', 1, 1, 1),
	('Pfsh-20180730141423P4770', 'Pfsh-20180730141423P477', 1, 'BB20180730100908V481', 0, 250, 8, 0, 0, 0, '-', 0, '2018-07-30 14:14:23', 1, 0, NULL),
	('Pfsh-20180730141423P4771', 'Pfsh-20180730141423P477', 1, '1', 0, 250, 8, 0, 0, 0, '-', 0, '2018-07-30 14:14:23', 1, 1, 1),
	('Pfsh-20180730141504U4790', 'Pfsh-20180730141504U479', 1, 'BB20180730100908V481', 0, 250, 8, 0, 0, 0, '-', 0, '2018-07-30 14:15:04', 1, 0, NULL),
	('Pfsh-20180730141504U4791', 'Pfsh-20180730141504U479', 1, '1', 0, 500, 8, 0, 0, 0, '-', 0, '2018-07-30 14:15:04', 1, 1, 1),
	('Pfsh-20180730141914P5380', 'Pfsh-20180730141914P538', 1, 'BB20180730103406B508', 1, 0, 0, 60, 160, 11, '-', 0, '2018-07-30 14:19:14', 1, 0, NULL),
	('Pfsh-20180730141914P5381', 'Pfsh-20180730141914P538', 1, 'BB20180730110914S478', 0, 1, 8, 0, 0, 0, '-', 0, '2018-07-30 14:19:14', 1, 0, NULL),
	('Pfsh-20180730142006M4800', 'Pfsh-20180730142006M480', 1, 'BB20180730104832R486', 0, 1, 8, 0, 0, 0, '-', 0, '2018-07-30 14:20:06', 1, 0, NULL),
	('Pfsh-20180730142006M4801', 'Pfsh-20180730142006M480', 1, 'BB20180730103406B508', 1, 0, 0, 60, 160, 11, '-', 0, '2018-07-30 14:20:06', 1, 0, NULL),
	('Pfsh-20180731172104H4690', 'Pfsh-20180731172104H469', 1, 'BB20180731171850C520', 2, 0, 0, 0, 0, 0, '-', 0, '2018-07-31 17:21:04', 1, 0, NULL),
	('Pfsh-20180731172104H4691', 'Pfsh-20180731172104H469', 1, '1', 2, 0, 0, 0, 0, 0, '-', 0, '2018-07-31 17:21:04', 1, 0, NULL),
	('Pfsh-20180731172149D5410', 'Pfsh-20180731172149D541', 1, 'BB20180731171850C520', 2, 0, 0, 0, 0, 0, '-', 0, '2018-07-31 17:21:49', 1, 0, NULL),
	('Pfsh-20180731172149D5411', 'Pfsh-20180731172149D541', 1, '2', 2, 0, 0, 0, 0, 0, '-', 0, '2018-07-31 17:21:49', 1, 0, NULL),
	('Pfsh-20180731172227S5330', 'Pfsh-20180731172227S533', 1, 'BB20180731171908Z495', 2, 0, 0, 0, 0, 0, '-', 0, '2018-07-31 17:22:27', 1, 0, NULL),
	('Pfsh-20180731172227S5331', 'Pfsh-20180731172227S533', 1, '1', 2, 0, 0, 0, 0, 0, '-', 0, '2018-07-31 17:22:27', 1, 0, NULL),
	('Pfsh-20180731172305J4670', 'Pfsh-20180731172305J467', 1, 'BB20180731171908Z495', 2, 0, 0, 0, 0, 0, '-', 0, '2018-07-31 17:23:05', 1, 0, NULL),
	('Pfsh-20180731172305J4671', 'Pfsh-20180731172305J467', 1, '2', 2, 0, 0, 0, 0, 0, '-', 0, '2018-07-31 17:23:05', 1, 0, NULL),
	('Pfsh-20180731172345S4630', 'Pfsh-20180731172345S463', 1, 'BB20180731171923R534', 2, 0, 0, 0, 0, 0, '-', 0, '2018-07-31 17:23:45', 1, 0, NULL),
	('Pfsh-20180731172345S4631', 'Pfsh-20180731172345S463', 1, '1', 2, 0, 0, 0, 0, 0, '-', 0, '2018-07-31 17:23:45', 1, 0, NULL),
	('Pfsh-20180731172422X4680', 'Pfsh-20180731172422X468', 1, 'BB20180731171923R534', 2, 0, 0, 0, 0, 0, '-', 0, '2018-07-31 17:24:22', 1, 0, NULL),
	('Pfsh-20180731172422X4681', 'Pfsh-20180731172422X468', 1, '2', 2, 0, 0, 0, 0, 0, '-', 0, '2018-07-31 17:24:22', 1, 0, NULL),
	('Pfsh-20180802140243T5430', 'Pfsh-20180802140243T543', 1, 'BB20180802140201J549', 2, 0, 0, 0, 0, 0, '-', 0, '2018-08-02 14:02:43', 1, 0, NULL),
	('Pfsh-201810311I42744D14I850', 'Pfsh-201810311I42744D14I85', 1, 'BB20180730105019C486', 1, 0, 0, 1, 1, 12, '-', 0, '2018-10-31 14:27:44', 1, 0, NULL),
	('Pfsh-2018110915K2117136K40', 'Pfsh-2018110915K2117136K4', 1, 'BB20180730103325K539', 1, 0, 0, 1, 1, 12, '-', 0, '2018-11-09 15:21:17', 1, 0, NULL),
	('Pfsh-201811281043KPY5A51E1040', 'Pfsh-201811281043KPY5A51E104', 1, 'BB201H81K12I81042FZX1070ZL4J', 0, 3, 8, 0, 0, 0, '-', 0, '2018-11-28 10:43:55', 1, 1, 1),
	('Pfsh-201811G190O4U2N1041019G0', 'Pfsh-201811G190O4U2N1041019G', 1, '2', 0, 2, 8, 0, 0, 0, '-', 0, '2018-11-19 04:21:04', 1, 0, NULL),
	('Pfsh-201811Q0109C095415330', 'Pfsh-201811Q0109C09541533', 1, 'BB20180730101525J511', 0, 1, 8, 0, 0, 0, '-', 0, '2018-11-01 09:09:54', 1, 0, NULL),
	('Pfsh-201811Q0109C095415331', 'Pfsh-201811Q0109C09541533', 1, '1', 0, 1, 8, 0, 0, 0, '-', 0, '2018-11-01 09:09:54', 1, 0, NULL),
	('Pfsh-2018120709Y2W50614390', 'Pfsh-2018120709Y2W5061439', 1, 'BB20180730110735A476', 1, 0, 0, 1, 1, 11, '-', 0, '2018-12-07 09:25:06', 1, 0, NULL),
	('Pfsh-20181QB029140507V8H9V90', 'Pfsh-20181QB029140507V8H9V9', 1, 'BBR2K0M18102914GL0311O934', 2, 0, 0, 0, 0, 0, 'A4', 0, '2018-10-29 14:05:07', 1, 0, NULL),
	('Pfsh-20181QB029140507V8H9V91', 'Pfsh-20181QB029140507V8H9V9', 1, '1', 0, 1, 8, 0, 0, 0, '-', 0, '2018-10-29 14:05:07', 1, 0, NULL),
	('Pfsh-20181XX0290908HZ3411230', 'Pfsh-20181XX0290908HZ341123', 1, 'BB20180730101015W458', 2, 0, 0, 0, 0, 0, '-', 0, '2018-10-29 09:08:34', 1, 0, NULL),
	('Pfsh-2018A1VO114R081908I1D5D600', 'Pfsh-2018A1VO114R081908I1D5D60', 1, 'BB20180730104020T454', 1, 0, 0, 1, 1, 12, '-', 0, '2018-11-14 08:19:08', 1, 0, NULL),
	('Pfsh-2018O1K1140322M371Q08A20', 'Pfsh-2018O1K1140322M371Q08A2', 1, 'BB20180730100845V507', 0, 1, 8, 0, 0, 0, '-', 0, '2018-11-14 03:22:37', 1, 0, NULL),
	('Pfsh-2018SU103011403G9NXW9680', 'Pfsh-2018SU103011403G9NXW968', 1, 'BB20180730103910C552', 1, 0, 0, 1, 1, 12, '-', 0, '2018-10-30 11:40:39', 1, 1, 1),
	('Pfsh-2018X1102OJD100V43112170', 'Pfsh-2018X1102OJD100V4311217', 1, 'BB20180730103406B508', 1, 0, 0, 1, 1, 12, '-', 0, '2018-11-02 10:04:31', 1, 0, NULL),
	('Pfsh-2018Y1102102412S7N150', 'Pfsh-2018Y1102102412S7N15', 1, 'BB20180730102816T458', 0, 1, 8, 0, 0, 0, '-', 0, '2018-11-02 10:24:12', 1, 0, NULL),
	('Pfsh-20190218MSVYY1H207041M0PO920', 'Pfsh-20190218MSVYY1H207041M0PO92', 1, 'BB201WA902161010021087', 0, 1, 8, 0, 0, 0, '-', 0, '2019-02-18 12:07:04', 1, 0, NULL),
	('Pfsh-20190220121005O52QT90', 'Pfsh-20190220121005O52QT9', 1, 'BB20180730142542E497', 1, 0, 0, 100, 100, 11, '-', 0, '2019-02-20 12:10:05', 1, 0, NULL),
	('Pfsh-201902T18122343Y1T4E8LP90', 'Pfsh-201902T18122343Y1T4E8LP9', 1, 'BBO201G90H2161E0104J01232X', 0, 1, 8, 0, 0, 0, '1', 0, '2019-02-18 12:23:43', 1, 0, NULL),
	('Pfsh-20190F2KT201LP343Y399E500', 'Pfsh-20190F2KT201LP343Y399E50', 1, 'BB2P01902X16X1L01OY137653', 0, 1, 8, 0, 0, 0, '-', 0, '2019-02-20 13:43:39', 1, 0, NULL),
	('Pfsh-20190L2191731H4T1T9610', 'Pfsh-20190L2191731H4T1T961', 1, 'BB20180730100908V481', 0, 63, 8, 0, 0, 0, '-', 0, '2019-02-19 17:31:41', 1, 0, NULL),
	('Pfsh-20190L2191731H4T1T9611', 'Pfsh-20190L2191731H4T1T961', 1, '1', 0, 2, 8, 0, 0, 0, '-', 0, '2019-02-19 17:31:41', 1, 0, NULL),
	('Pfsh-20190WI218X1Z22F2551165W0', 'Pfsh-20190WI218X1Z22F2551165W', 1, 'BBL201902BH1K61I01T2S121UO068', 0, 1, 8, 0, 0, 0, '-', 0, '2019-02-18 12:22:55', 1, 0, NULL),
	('Pfsh-2019K0313C1533087350', 'Pfsh-2019K0313C153308735', 1, 'BB2G0L19031315W322276Z2Z', 2, 0, 0, 0, 0, 0, '-', 0, '2019-03-13 15:33:08', 1, 0, NULL),
	('Pfsh-2019Q022R0GEU1213S5S8C9580', 'Pfsh-2019Q022R0GEU1213S5S8C958', 1, 'BB20180730103557Q531', 1, 0, 0, 100, 100, 11, '-', 0, '2019-02-20 12:13:58', 1, 0, NULL),
	('Pfsh-2019U05041149R29139H4Q0', 'Pfsh-2019U05041149R29139H4Q', 1, 'BB20180730100908V481', 0, 84, 8, 0, 0, 0, '-', 1, '2019-05-04 11:49:29', 1, 0, NULL),
	('Pfsh-2019U05041149R29139H4Q1', 'Pfsh-2019U05041149R29139H4Q', 1, '1', 0, 84, 8, 0, 0, 0, '-', 0, '2019-05-04 11:49:29', 1, 0, NULL),
	('Pfsh-201I81IS10P109Q1GX2W5111570', 'Pfsh-201I81IS10P109Q1GX2W511157', 1, 'BB20180730101126S462', 0, 1, 8, 0, 0, 0, '-', 0, '2018-11-01 09:12:51', 1, 0, NULL),
	('Pfsh-201I81IS10P109Q1GX2W5111571', 'Pfsh-201I81IS10P109Q1GX2W511157', 1, '1', 0, 1, 8, 0, 0, 0, '-', 0, '2018-11-01 09:12:51', 1, 0, NULL),
	('Pfsh-201K81115081447RWXD110H00', 'Pfsh-201K81115081447RWXD110H0', 1, 'BB20180730142506Z540', 1, 0, 0, 1, 1, 12, '-', 0, '2018-11-15 08:14:47', 1, 0, NULL),
	('Pfsh-201K90218H121B0528G5NQ4B0', 'Pfsh-201K90218H121B0528G5NQ4B', 1, 'BB2019021Z6N1R009HR19M978', 0, 1, 8, 0, 0, 0, '-', 0, '2019-02-18 12:10:52', 1, 0, NULL),
	('Pfsh-201NT8T1A0301TY1ZP3B53B18920', 'Pfsh-201NT8T1A0301TY1ZP3B53B1892', 1, 'BB20180730103557Q531', 1, 0, 0, 1, 1, 12, '-', 0, '2018-10-30 11:35:31', 1, 1, 1),
	('Pfsh-201OZX811010907U1O1127H90', 'Pfsh-201OZX811010907U1O1127H9', 1, 'BB20180730101407Z476', 0, 1, 8, 0, 0, 0, '-', 0, '2018-11-01 09:07:11', 1, 0, NULL),
	('Pfsh-201OZX811010907U1O1127H91', 'Pfsh-201OZX811010907U1O1127H9', 1, '1', 0, 1, 8, 0, 0, 0, '-', 0, '2018-11-01 09:07:11', 1, 0, NULL),
	('Pfsh-201P8092EA41553W44934E0', 'Pfsh-201P8092EA41553W44934E', 1, 'BB20180730103406B508', 2, 0, 0, 0, 0, 0, '-', 0, '2018-09-24 15:53:44', 1, 0, NULL),
	('Pfsh-201P811L2110B11129440', 'Pfsh-201P811L2110B1112944', 1, 'BB20180730100845V507', 0, 4, 8, 0, 0, 0, '-', 0, '2018-11-21 10:11:12', 1, 0, NULL),
	('Pfsh-201TI9AP0D2Q1MP91V02009100D10', 'Pfsh-201TI9AP0D2Q1MP91V02009100D1', 1, 'BB20180730100908V481', 0, 84, 8, 0, 0, 0, '-', 0, '2019-02-19 10:20:09', 1, 0, NULL),
	('Pfsh-201TI9AP0D2Q1MP91V02009100D11', 'Pfsh-201TI9AP0D2Q1MP91V02009100D1', 1, '1', 0, 1, 8, 0, 0, 0, '-', 0, '2019-02-19 10:20:09', 1, 0, NULL),
	('Pfsh-201V902HW20A12OX2006136I00', 'Pfsh-201V902HW20A12OX2006136I0', 1, 'BB20180730142650K531', 1, 0, 0, 100, 100, 11, '-', 0, '2019-02-20 12:20:06', 1, 0, NULL),
	('Pfsh-201Z9011VR21605018Z150', 'Pfsh-201Z9011VR21605018Z15', 1, 'BB20190112X16M0039Q1J546', 1, 0, 0, 1, 1, 12, '-', 0, '2019-01-12 16:05:01', 1, 0, NULL),
	('Pfsh-20E190M2H20134O4305260', 'Pfsh-20E190M2H20134O430526', 1, 'BBL201902BH1K61I01T2S121UO068', 0, 1, 8, 0, 0, 0, '-', 0, '2019-02-20 13:44:30', 1, 0, NULL),
	('Pfsh-20E1R90112U1PU605U44H107XMB60', 'Pfsh-20E1R90112U1PU605U44H107XMB6', 1, 'BBW20K1901JB121602261Q043M', 1, 0, 0, 1, 1, 12, '-', 0, '2019-01-12 16:05:44', 1, 0, NULL),
	('Pfsh-20G181M03011321713180', 'Pfsh-20G181M0301132171318', 1, 'BB20180730142506Z540', 1, 0, 0, 1, 1, 12, '-', 0, '2018-10-30 11:32:17', 1, 0, NULL),
	('Pfsh-20HF181IX1010908457410', 'Pfsh-20HF181IX101090845741', 1, 'BB20180730101429X535', 0, 1, 8, 0, 0, 0, '-', 0, '2018-11-01 09:08:45', 1, 0, NULL),
	('Pfsh-20HF181IX1010908457411', 'Pfsh-20HF181IX101090845741', 1, '1', 0, 1, 8, 0, 0, 0, '-', 0, '2018-11-01 09:08:45', 1, 0, NULL),
	('Pfsh-20HNJY181X0301606311L56C1CA0', 'Pfsh-20HNJY181X0301606311L56C1CA', 1, 'BB20180730102733F551', 0, 2, 8, 0, 0, 0, '-', 0, '2018-10-30 16:06:31', 1, 0, NULL),
	('Pfsh-20J181FN0Y30110U537975XU0', 'Pfsh-20J181FN0Y30110U537975XU', 1, 'BB20180730142650K531', 1, 0, 0, 1, 1, 12, '-', 0, '2018-10-30 11:05:37', 1, 1, 1),
	('Pfsh-20K18AZ1123DD0440HM2267E00', 'Pfsh-20K18AZ1123DD0440HM2267E0', 1, '1', 0, 1, 8, 0, 0, 0, '-', 0, '2018-11-23 04:40:22', 1, 0, NULL),
	('Pfsh-20L1Y9X01Q1611235012810', 'Pfsh-20L1Y9X01Q161123501281', 1, 'BB2019B0CGP11611EA2X2F2EI6841', 1, 0, 0, 1, 1, 12, '-', 0, '2019-01-16 11:23:50', 1, 0, NULL),
	('Pfsh-20N18W0U9O241642455V700', 'Pfsh-20N18W0U9O241642455V70', 1, 'BB20180730103126J531', 2, 0, 0, 0, 0, 0, '-', 0, '2018-09-24 16:42:45', 1, 1, 1),
	('Pfsh-20O181030160A7189880', 'Pfsh-20O181030160A718988', 1, 'BB20180730102816T458', 0, 1, 8, 0, 0, 0, '-', 0, '2018-10-30 16:07:18', 1, 0, NULL),
	('Pfsh-20QNO181124Q0709PC05Z14230', 'Pfsh-20QNO181124Q0709PC05Z1423', 1, 'BB2018U112407080610G99', 1, 0, 0, 1, 1, 12, '-', 0, '2018-11-24 07:09:05', 1, 0, NULL),
	('Pfsh-20S18XR1R03011063813390', 'Pfsh-20S18XR1R0301106381339', 1, 'BB20180730104115M488', 1, 0, 0, 1, 1, 12, '-', 0, '2018-10-30 11:06:38', 1, 0, NULL),
	('Pfsh-20W181K12BU810Q443O11K35GM60', 'Pfsh-20W181K12BU810Q443O11K35GM6', 1, 'BB201H81K12I81042FZX1070ZL4J', 0, 4, 8, 0, 0, 0, '-', 0, '2018-11-28 10:44:31', 1, 0, NULL),
	('Pfsh-20W19X0S2E1A91O726386Z6PT00', 'Pfsh-20W19X0S2E1A91O726386Z6PT0', 1, 'BB20180730100908V481', 0, 63, 8, 0, 0, 0, '-', 0, '2019-02-19 17:26:38', 1, 0, NULL),
	('Pfsh-20W19X0S2E1A91O726386Z6PT01', 'Pfsh-20W19X0S2E1A91O726386Z6PT0', 1, '1', 0, 1, 8, 0, 0, 0, '-', 0, '2019-02-19 17:26:38', 1, 0, NULL),
	('Pfsh-2A018F1102100O628C9P680', 'Pfsh-2A018F1102100O628C9P68', 1, 'BB20180730103406B508', 1, 0, 0, 1, 1, 12, '-', 0, '2018-11-02 10:06:28', 1, 0, NULL),
	('Pfsh-2DIT01W8F10H291W40623103OX10', 'Pfsh-2DIT01W8F10H291W40623103OX1', 1, 'BBH20181I02V91403N321214', 2, 0, 0, 0, 0, 0, 'A4', 0, '2018-10-29 14:06:23', 1, 0, NULL),
	('Pfsh-2DIT01W8F10H291W40623103OX11', 'Pfsh-2DIT01W8F10H291W40623103OX1', 1, '1', 0, 1, 8, 0, 0, 0, 'A4', 0, '2018-10-29 14:06:23', 1, 0, NULL),
	('Pfsh-2E0Q19CO0Y22N013V450J51V0440', 'Pfsh-2E0Q19CO0Y22N013V450J51V044', 1, 'BBL201902BH1K61I01T2S121UO068', 0, 1, 8, 0, 0, 0, '-', 0, '2019-02-20 13:45:05', 1, 0, NULL),
	('Pfsh-2HR0S1O81M0301L10R4IC2T69530', 'Pfsh-2HR0S1O81M0301L10R4IC2T6953', 1, 'BB20180730142542E497', 1, 0, 0, 1, 1, 12, '-', 0, '2018-10-30 11:04:26', 1, 0, NULL),
	('Pfsh-2J01811011117U376600', 'Pfsh-2J01811011117U37660', 1, 'BB20180730104901A482', 2, 0, 0, 0, 0, 0, '-', 0, '2018-11-01 11:17:37', 1, 0, NULL),
	('Pfsh-2NH0190HS304IS133555T5230', 'Pfsh-2NH0190HS304IS133555T523', 1, 'BB20180730100759G547', 0, 1, 8, 0, 0, 0, '-', 1, '2019-03-04 13:35:55', 1, 0, NULL),
	('Pfsh-2NH0190HS304IS133555T5231', 'Pfsh-2NH0190HS304IS133555T523', 1, '1', 0, 2, 8, 0, 0, 0, '-', 1, '2019-03-04 13:35:55', 1, 0, NULL),
	('Pfsh-2O0190218121X13210630', 'Pfsh-2O0190218121X1321063', 1, 'BB2019021Z6N1R009HR19M978', 0, 1, 8, 0, 0, 0, '-', 0, '2019-02-18 12:11:32', 1, 0, NULL),
	('Pfsh-2P018110B1091123X715B0', 'Pfsh-2P018110B1091123X715B', 1, 'BB20180730101059U494', 0, 1, 8, 0, 0, 0, '-', 0, '2018-11-01 09:11:23', 1, 0, NULL),
	('Pfsh-2P018110B1091123X715B1', 'Pfsh-2P018110B1091123X715B', 1, '1', 0, 1, 8, 0, 0, 0, '-', 0, '2018-11-01 09:11:23', 1, 0, NULL),
	('Pfsh-2RQ019N12E172Y056448750', 'Pfsh-2RQ019N12E172Y05644875', 1, 'BB20180730103406B508', 1, 0, 0, 1000, 1000, 12, 'SPANDUK ', 0, '2019-12-17 20:56:44', 1, 0, NULL),
	('Pfsh-2T0Q1Y90GPSE2181221N13I9L380', 'Pfsh-2T0Q1Y90GPSE2181221N13I9L38', 1, 'BB2P01902X16X1L01OY137653', 0, 1, 8, 0, 0, 0, '-', 0, '2019-02-18 12:21:13', 1, 0, NULL),
	('Pfsh-2U018K1R0301H61YS20AJ6455QY0', 'Pfsh-2U018K1R0301H61YS20AJ6455QY', 1, 'BB20180730102733F551', 0, 1, 8, 0, 0, 0, '-', 0, '2018-10-30 16:12:06', 1, 1, 1),
	('Pfsh-2U01Z8110IB31I411UAB4K711000', 'Pfsh-2U01Z8110IB31I411UAB4K71100', 1, 'BB20180730110410X527', 1, 0, 0, 1, 1, 12, '-', 0, '2018-11-03 14:11:47', 1, 0, NULL),
	('Pfsh-2V0181A03V0161G0T4213DE540', 'Pfsh-2V0181A03V0161G0T4213DE54', 1, 'BB20180730102816T458', 0, 2, 8, 0, 0, 0, '-', 0, '2018-10-30 16:10:42', 1, 0, NULL),
	('Pfsh-2W0O1K81030102342B6800', 'Pfsh-2W0O1K81030102342B680', 1, 'BB20180730103024J483', 0, 1, 12, 0, 0, 0, '-', 0, '2018-10-30 10:23:42', 1, 1, 1),
	('Pfsh-2Z01B90EE1051BZ03I9R4412090', 'Pfsh-2Z01B90EE1051BZ03I9R441209', 1, 'BB201901051B0372C7783', 2, 0, 0, 0, 0, 0, '-', 0, '2019-01-05 10:39:44', 1, 0, NULL),
	('Pfsh-D2018102T9D11J304394A80', 'Pfsh-D2018102T9D11J304394A8', 1, '1', 0, 1, 8, 0, 0, 0, '-', 0, '2018-10-29 11:30:43', 1, 1, 1),
	('Pfsh-D2018102T9D11J304394A81', 'Pfsh-D2018102T9D11J304394A8', 1, 'BB20180730101015W458', 0, 1, 8, 0, 0, 0, '-', 0, '2018-10-29 11:30:43', 1, 1, 1),
	('Pfsh-D201905041Z15JP03Q913J3Q00', 'Pfsh-D201905041Z15JP03Q913J3Q0', 1, 'BB20180730100908V481', 0, 84, 8, 0, 0, 0, '-', 0, '2019-05-04 11:50:39', 1, 0, NULL),
	('Pfsh-D201905041Z15JP03Q913J3Q01', 'Pfsh-D201905041Z15JP03Q913J3Q0', 1, '1', 0, 168, 8, 0, 0, 0, '-', 0, '2019-05-04 11:50:39', 1, 1, 1),
	('Pfsh-E2TKR0B190R220M1H344W0K27480', 'Pfsh-E2TKR0B190R220M1H344W0K2748', 1, 'BB2P01902X16X1L01OY137653', 0, 1, 8, 0, 0, 0, '-', 0, '2019-02-20 13:44:02', 1, 0, NULL),
	('Pfsh-F201811H0210SGAKP24591V2060', 'Pfsh-F201811H0210SGAKP24591V206', 1, 'BB20180730102816T458', 0, 2, 8, 0, 0, 0, '-', 0, '2018-11-02 10:24:59', 1, 0, NULL),
	('Pfsh-FU2X0190Q526161U32R1TY11Y070', 'Pfsh-FU2X0190Q526161U32R1TY11Y07', 1, 'BB20181LU2V29Q1D12Z340798', 0, 1, 8, 0, 0, 0, '-', 1, '2019-05-26 16:13:21', 1, 0, NULL),
	('Pfsh-FU2X0190Q526161U32R1TY11Y071', 'Pfsh-FU2X0190Q526161U32R1TY11Y07', 1, '1', 0, 2, 8, 0, 0, 0, '-', 1, '2019-05-26 16:13:21', 1, 0, NULL),
	('Pfsh-G2018NCK110W2102UT2471EMQ1390', 'Pfsh-G2018NCK110W2102UT2471EMQ139', 1, 'BB20180730102733F551', 0, 2, 8, 0, 0, 0, '-', 0, '2018-11-02 10:22:47', 1, 0, NULL),
	('Pfsh-HQ201811V02102957121C70', 'Pfsh-HQ201811V02102957121C7', 1, 'BB20181102102827I1464GI', 1, 0, 0, 1, 1, 12, '-', 0, '2018-11-02 10:29:57', 1, 0, NULL),
	('Pfsh-K2W019021G917T2J41Z61313T0', 'Pfsh-K2W019021G917T2J41Z61313T', 1, 'BB20180730100908V481', 0, 84, 8, 0, 0, 0, '-', 0, '2019-02-19 17:24:16', 1, 0, NULL),
	('Pfsh-K2W019021G917T2J41Z61313T1', 'Pfsh-K2W019021G917T2J41Z61313T', 1, '1', 0, 2, 8, 0, 0, 0, '-', 0, '2019-02-19 17:24:16', 1, 0, NULL),
	('Pfsh-L2I01C8111VX9042023Z1251WV0', 'Pfsh-L2I01C8111VX9042023Z1251WV', 1, '2', 0, 1, 8, 0, 0, 0, '-', 0, '2018-11-19 04:20:23', 1, 0, NULL),
	('Pfsh-O20H18ZB1127040832FX58W5Q0', 'Pfsh-O20H18ZB1127040832FX58W5Q', 1, 'BB20180730142542E497', 1, 0, 0, 1, 1, 12, '-', 0, '2018-11-27 04:08:32', 1, 1, 1),
	('Pfsh-O2STZIA019070415004UXN93U130', 'Pfsh-O2STZIA019070415004UXN93U13', 1, 'BB20180730100908V481', 2, 0, 0, 0, 0, 0, 'cover', 1, '2019-07-04 15:00:49', 1, 0, NULL),
	('Pfsh-O2STZIA019070415004UXN93U131', 'Pfsh-O2STZIA019070415004UXN93U13', 1, 'BB20180730100845V507', 0, 0, 0, 0, 0, 0, 'isi', 0, '2019-07-04 15:00:49', 1, 0, NULL),
	('Pfsh-S20H18113007NF561476G70', 'Pfsh-S20H18113007NF561476G7', 1, 'BB20180730100845V507', 0, 3, 8, 0, 0, 0, '-', 0, '2018-11-30 07:56:14', 1, 0, NULL),
	('Pfsh-S20H18113007NF561476G71', 'Pfsh-S20H18113007NF561476G7', 1, '1', 0, 3, 8, 0, 0, 0, '-', 0, '2018-11-30 07:56:14', 1, 0, NULL),
	('Pfsh-T201810301R134181150T0', 'Pfsh-T201810301R134181150T', 1, 'BB20180730142348F519', 1, 0, 0, 1, 1, 12, '-', 0, '2018-10-30 11:34:18', 1, 0, NULL),
	('Pfsh-T20G190Q3061Z05L85XU89590', 'Pfsh-T20G190Q3061Z05L85XU8959', 1, 'BBRC2019030610565M81225', 1, 0, 0, 1, 1, 12, '-', 0, '2019-03-06 10:58:58', 1, 0, NULL),
	('Pfsh-TV201I81J1050917M50P66KA50', 'Pfsh-TV201I81J1050917M50P66KA5', 1, 'BB20180730110322Z478', 1, 0, 0, 1, 1, 12, '-', 0, '2018-11-05 09:17:50', 1, 0, NULL),
	('Pfsh-V2H018111U4025520M1137B0', 'Pfsh-V2H018111U4025520M1137B', 1, 'BB20180730100845V507', 0, 3, 8, 0, 0, 0, '-', 0, '2018-11-14 02:55:20', 1, 0, NULL),
	('Pfsh-Z20181030F160S5316420', 'Pfsh-Z20181030F160S531642', 1, 'BB20180730102733F551', 0, 1, 8, 0, 0, 0, '-', 0, '2018-10-30 16:05:31', 1, 0, NULL);
/*!40000 ALTER TABLE `produk_detail_penyusun` ENABLE KEYS */;

-- Dumping structure for table webapp_ci_printing.retur_pembelian
CREATE TABLE IF NOT EXISTS `retur_pembelian` (
  `id_retur` varchar(50) NOT NULL,
  `kd_retur_beli` varchar(20) DEFAULT NULL COMMENT 'Kode Retur Beli : RET/B/thn/bln-nomer urut, contoh : RET/B/2018/02-00001',
  `tgl_retur` date DEFAULT NULL,
  `id_supplier` varchar(50) DEFAULT NULL,
  `id_gudang` int(11) DEFAULT NULL COMMENT 'Gudang asal dimana barang diretur',
  `total` double DEFAULT NULL,
  `ket` varchar(255) DEFAULT NULL,
  `created_on` datetime DEFAULT NULL,
  `created_by` bigint(20) DEFAULT NULL,
  `deleted` tinyint(1) DEFAULT '0',
  `deleted_by` bigint(20) DEFAULT NULL,
  PRIMARY KEY (`id_retur`)
) ENGINE=InnoDB DEFAULT CHARSET=utf8;

-- Dumping data for table webapp_ci_printing.retur_pembelian: ~0 rows (approximately)
/*!40000 ALTER TABLE `retur_pembelian` DISABLE KEYS */;
/*!40000 ALTER TABLE `retur_pembelian` ENABLE KEYS */;

-- Dumping structure for table webapp_ci_printing.retur_pembelian_detail
CREATE TABLE IF NOT EXISTS `retur_pembelian_detail` (
  `id_detail_retur` varchar(50) NOT NULL,
  `id_retur` varchar(50) NOT NULL,
  `id_barang` varchar(50) DEFAULT NULL,
  `qty` float DEFAULT NULL,
  `harga` double DEFAULT NULL,
  `id_konversi` int(11) DEFAULT NULL,
  `sub_total` double DEFAULT NULL,
  `st_pakai_potong` tinyint(1) DEFAULT '0' COMMENT '0=Belum dipakai memotong tagihan\n1=Telah dipakai untuk memmotong tagihan',
  `tgl_pakai_potongan` datetime DEFAULT NULL,
  PRIMARY KEY (`id_detail_retur`)
) ENGINE=InnoDB DEFAULT CHARSET=utf8;

-- Dumping data for table webapp_ci_printing.retur_pembelian_detail: ~0 rows (approximately)
/*!40000 ALTER TABLE `retur_pembelian_detail` DISABLE KEYS */;
/*!40000 ALTER TABLE `retur_pembelian_detail` ENABLE KEYS */;

-- Dumping structure for table webapp_ci_printing.retur_pembelian_detail_hpp
CREATE TABLE IF NOT EXISTS `retur_pembelian_detail_hpp` (
  `id_detail_retur_hpp` varchar(50) NOT NULL,
  `id_detail_retur` varchar(50) DEFAULT NULL,
  `id_barang` varchar(50) DEFAULT NULL,
  `qty` double DEFAULT NULL,
  `hpp` double DEFAULT NULL,
  `id_satuan_terkecil` int(11) DEFAULT NULL,
  `id_stok` varchar(50) DEFAULT NULL,
  PRIMARY KEY (`id_detail_retur_hpp`)
) ENGINE=InnoDB DEFAULT CHARSET=utf8;

-- Dumping data for table webapp_ci_printing.retur_pembelian_detail_hpp: ~0 rows (approximately)
/*!40000 ALTER TABLE `retur_pembelian_detail_hpp` DISABLE KEYS */;
/*!40000 ALTER TABLE `retur_pembelian_detail_hpp` ENABLE KEYS */;

-- Dumping structure for table webapp_ci_printing.revisi_list_order
CREATE TABLE IF NOT EXISTS `revisi_list_order` (
  `idrevisi_list_order` varchar(100) NOT NULL,
  `old_id_detail_produk_order` varchar(100) DEFAULT NULL,
  `new_id_detail_produk_order` varchar(100) DEFAULT NULL,
  `st_revisi` tinyint(1) DEFAULT NULL COMMENT '0: Update\n1: Delete',
  `ket` varchar(255) DEFAULT NULL,
  `created_on` datetime DEFAULT NULL,
  `created_by` int(11) DEFAULT NULL,
  PRIMARY KEY (`idrevisi_list_order`)
) ENGINE=InnoDB DEFAULT CHARSET=latin1;

-- Dumping data for table webapp_ci_printing.revisi_list_order: ~4 rows (approximately)
/*!40000 ALTER TABLE `revisi_list_order` DISABLE KEYS */;
INSERT INTO `revisi_list_order` (`idrevisi_list_order`, `old_id_detail_produk_order`, `new_id_detail_produk_order`, `st_revisi`, `ket`, `created_on`, `created_by`) VALUES
	('REVLO202Y003031J1S12K3W9OZ659', 'DETO20200303110D53AT81324', 'DETOX202003B0U31F1WV1B2S3A998V6', 0, 'gege', '2020-03-03 11:12:39', 1),
	('REVLO2APL01J90S70109H285O4457', 'DETOESC20Y1D90J701092309584', 'DETOX20CFU19070109ET28M545V1P9', 0, 'teas', '2019-07-01 09:28:54', 1),
	('REVLO2E019V0F70YB120091B91072F', 'DETO2019070EN1093P8I31790', 'DETOFP20KT190J7X01K2E00919Q65T0', 0, 'ok', '2019-07-01 20:09:19', 1),
	('REVLOL2019070W1093SBU8NJ313D4D5T', 'DETO20FHCRL19Q0701Q0930T2667B2', 'DETO2019070EN1093P8I31790', 0, 'tambah', '2019-07-01 09:38:31', 1);
/*!40000 ALTER TABLE `revisi_list_order` ENABLE KEYS */;

-- Dumping structure for table webapp_ci_printing.satuan_terkecil
CREATE TABLE IF NOT EXISTS `satuan_terkecil` (
  `id_satuan_terkecil` int(11) NOT NULL AUTO_INCREMENT,
  `nm_satuan` varchar(50) DEFAULT NULL,
  `alias` varchar(50) DEFAULT NULL,
  `st_tipe` tinyint(1) DEFAULT NULL COMMENT '0 = satuan barang [pcs, roll, biji, box ]\n1 = panjang [ cm, m, kaki ]\n2 = berat [kg , ons, gram]\n3 = luas [cm2, m2]\n4 = waktu [jam, menit, detik]',
  `created_on` datetime DEFAULT NULL,
  `created_by` bigint(20) DEFAULT NULL,
  `deleted` tinyint(1) DEFAULT '0',
  `deleted_by` bigint(20) DEFAULT NULL,
  PRIMARY KEY (`id_satuan_terkecil`)
) ENGINE=InnoDB AUTO_INCREMENT=8 DEFAULT CHARSET=utf8;

-- Dumping data for table webapp_ci_printing.satuan_terkecil: ~7 rows (approximately)
/*!40000 ALTER TABLE `satuan_terkecil` DISABLE KEYS */;
INSERT INTO `satuan_terkecil` (`id_satuan_terkecil`, `nm_satuan`, `alias`, `st_tipe`, `created_on`, `created_by`, `deleted`, `deleted_by`) VALUES
	(1, 'picies', 'PCS', 0, NULL, NULL, 0, NULL),
	(2, 'gram', 'Gram', 2, NULL, NULL, 0, NULL),
	(3, 'mililiter', 'ML', 2, NULL, NULL, 0, NULL),
	(4, 'milimeter', 'MM', 1, NULL, NULL, 0, NULL),
	(5, 'roll', 'ROLL', 0, NULL, NULL, 0, NULL),
	(6, 'mm2', 'mm<sup>2</sup>', 3, NULL, NULL, 0, NULL),
	(7, 'detik', 'Detik', 4, NULL, NULL, 0, NULL);
/*!40000 ALTER TABLE `satuan_terkecil` ENABLE KEYS */;

-- Dumping structure for table webapp_ci_printing.settings
CREATE TABLE IF NOT EXISTS `settings` (
  `setting_name` varchar(50) NOT NULL,
  `value` varchar(255) DEFAULT NULL,
  PRIMARY KEY (`setting_name`)
) ENGINE=InnoDB DEFAULT CHARSET=latin1;

-- Dumping data for table webapp_ci_printing.settings: ~13 rows (approximately)
/*!40000 ALTER TABLE `settings` DISABLE KEYS */;
INSERT INTO `settings` (`setting_name`, `value`) VALUES
	('app.akumulasi_harga', '0'),
	('app.auto_image_measuring', '0'),
	('app.default_jam', '5'),
	('app.upload_image', '0'),
	('app.use_image', '1'),
	('auth.remember_length', '1209600'),
	('email.sender', 'cokeshome@gmail.com'),
	('email.sender.name', 'Digital Printing'),
	('email.system.notification', 'cokeshome@gmail.com'),
	('list.limit', '25'),
	('new.user.need.activation', '0'),
	('register.tipe.konsumen', '1'),
	('site.name', 'Digital Printing');
/*!40000 ALTER TABLE `settings` ENABLE KEYS */;

-- Dumping structure for table webapp_ci_printing.setting_harga
CREATE TABLE IF NOT EXISTS `setting_harga` (
  `idsettingharga` varchar(50) NOT NULL COMMENT 'ID Setting Harga',
  `st_produk` int(11) DEFAULT NULL COMMENT '0 = produk jual\n1 = Finishing',
  `idproduk` varchar(50) DEFAULT NULL COMMENT 'ID produk jual / finishing',
  `idkategori_harga` int(11) DEFAULT NULL COMMENT 'join dengan tabel gol_harga\n',
  `st_hitung` tinyint(1) DEFAULT NULL COMMENT 'Status hitung, apakah dengan Luas / Fix \n0 = Fix; nominal pasti, 1, 2, 3, 4\n1 = Range Luas, menggunakan tambahan Satuan Luas.',
  `st_range_harga` tinyint(1) DEFAULT NULL COMMENT 'Value berupa\n0 = menggunakan range | misalkan 1 - 4, 1 s/d 20\n1 = fix harga untuk 1 unit.	',
  `qty` int(11) DEFAULT NULL COMMENT 'quantity jika st_range_harga = fix / 1',
  `p` float DEFAULT NULL COMMENT 'Panjang, untuk yang produknya dijual berdasarkan potongan\n',
  `l` float DEFAULT NULL COMMENT 'lebar, untuk yang produknya dijual berdasarkan potongan\n',
  `id_konversi` int(11) DEFAULT NULL COMMENT 'id_konversi untuk tampilan pada setting Harga',
  `qty_hitung` double DEFAULT NULL COMMENT 'Nilai akhir yang dijadikan acuan, dan menggunakan satuan terkecil.\nMisalkan qty menggunakan konversi M2, maka qty hitung akan langsung dikonversi ke satuan terkecilnya yaitu MM2.',
  `harga` int(11) DEFAULT NULL,
  `harga_by` double DEFAULT NULL COMMENT 'harga yang tercantum adalah harga per berapa.',
  `id_konversi_harga_by` int(11) DEFAULT NULL COMMENT 'id_konversi yang digunakan untuk harga_by',
  `qty_harga_by` double DEFAULT NULL COMMENT 'harga_by dalam bentuk satuan terkecil.',
  `created_on` datetime DEFAULT NULL,
  `created_by` bigint(20) DEFAULT NULL,
  `deleted` tinyint(1) DEFAULT '0',
  `deleted_by` bigint(20) DEFAULT NULL,
  PRIMARY KEY (`idsettingharga`)
) ENGINE=InnoDB DEFAULT CHARSET=latin1 COMMENT='Tabel Setting Harga - Header';

-- Dumping data for table webapp_ci_printing.setting_harga: ~157 rows (approximately)
/*!40000 ALTER TABLE `setting_harga` DISABLE KEYS */;
INSERT INTO `setting_harga` (`idsettingharga`, `st_produk`, `idproduk`, `idkategori_harga`, `st_hitung`, `st_range_harga`, `qty`, `p`, `l`, `id_konversi`, `qty_hitung`, `harga`, `harga_by`, `id_konversi_harga_by`, `qty_harga_by`, `created_on`, `created_by`, `deleted`, `deleted_by`) VALUES
	('000000000012', 0, 'Pfsh-20180730111215O514', 3, NULL, 0, NULL, NULL, NULL, NULL, NULL, NULL, NULL, NULL, NULL, NULL, NULL, 0, NULL),
	('cln2019081M80949O20558-0', 0, 'Pfsh-20180730111215O514', 3, NULL, 0, NULL, NULL, NULL, NULL, NULL, NULL, NULL, NULL, NULL, '2019-08-18 09:49:20', 1, 0, NULL),
	('cln20190B8181117I0183Q4-0', 0, 'Pfsh-201P8092EA41553W44934E', 6, NULL, 0, NULL, NULL, NULL, NULL, NULL, NULL, NULL, NULL, NULL, '2019-08-18 11:17:01', 1, 0, NULL),
	('cln201B9W081I81A11701TZ68Y1-2', 0, 'Pfsh-20N18W0U9O241642455V70', 6, NULL, 0, NULL, NULL, NULL, NULL, NULL, NULL, NULL, NULL, NULL, '2019-08-18 11:17:01', 1, 0, NULL),
	('cln2ME0H19081811D17QHI0X12E46-1', 0, 'Pfsh-2018110915K2117136K4', 6, NULL, 0, NULL, NULL, NULL, NULL, NULL, NULL, NULL, NULL, NULL, '2019-08-18 11:17:01', 1, 0, NULL),
	('SH20180924124UOJ742X1S092', 0, 'Pfsh-20180730112606G542', 1, NULL, 0, NULL, NULL, NULL, NULL, NULL, NULL, NULL, NULL, NULL, '2018-09-24 12:47:42', 1, 0, NULL),
	('SH20180924153Z00D96K01', 0, 'Pfsh-20180730140417O497', 1, NULL, 0, NULL, NULL, NULL, NULL, NULL, NULL, NULL, NULL, NULL, '2018-09-24 15:30:09', 1, 1, 1),
	('SH20180924J1239E4013Z7CE2G', 0, 'Pfsh-20180730111215O514', 1, NULL, 0, NULL, NULL, NULL, NULL, NULL, NULL, NULL, NULL, NULL, '2018-09-24 12:39:40', 1, 0, NULL),
	('SH201809S2415462K51298', 0, 'Pfsh-20180730114244H509', 1, NULL, 0, NULL, NULL, NULL, NULL, NULL, NULL, NULL, NULL, NULL, '2018-09-24 15:46:25', 1, 0, NULL),
	('SH20180KA9241516PNF4JLG486R6', 0, 'Pfsh-20180730113615D508', 1, NULL, 0, NULL, NULL, NULL, NULL, NULL, NULL, NULL, NULL, NULL, '2018-09-24 15:16:44', 1, 0, NULL),
	('SH20180V92412HH44141047E', 0, 'Pfsh-20180730112657W508', 1, NULL, 0, NULL, NULL, NULL, NULL, NULL, NULL, NULL, NULL, NULL, '2018-09-24 12:44:14', 1, 0, NULL),
	('SH20180Y92X415BYGYO0819P123A4E', 0, 'Pfsh-20180730113141V469', 1, NULL, 0, NULL, NULL, NULL, NULL, NULL, NULL, NULL, NULL, NULL, '2018-09-24 15:08:19', 1, 0, NULL),
	('SH20181026113237S8CS75', 0, 'Pfsh-20180730114635Z457', 1, NULL, 0, NULL, NULL, NULL, NULL, NULL, NULL, NULL, NULL, NULL, '2018-10-26 11:32:37', 1, 0, NULL),
	('SH2018102914K5117147A8', 0, 'Pfsh-2DIT01W8F10H291W40623103OX1', 1, NULL, 0, NULL, NULL, NULL, NULL, NULL, NULL, NULL, NULL, NULL, '2018-10-29 14:51:17', 1, 0, NULL),
	('SH201810D2611U1453877S', 0, 'Pfsh-20180730120357F472', 1, NULL, 0, NULL, NULL, NULL, NULL, NULL, NULL, NULL, NULL, NULL, '2018-10-26 11:14:53', 1, 0, NULL),
	('SH201810H30111649X1353', 0, 'Pfsh-20J181FN0Y30110U537975XU', 1, NULL, 0, NULL, NULL, NULL, NULL, NULL, NULL, NULL, NULL, NULL, '2018-10-30 11:16:49', 1, 0, NULL),
	('SH201810VSF3Q0L16Z1N754F790EP', 0, 'Pfsh-20O181030160A718988', 1, NULL, 0, NULL, NULL, NULL, NULL, NULL, NULL, NULL, NULL, NULL, '2018-10-30 16:17:54', 1, 1, 1),
	('SH201810WE301C1161812Y0VF3MZ', 0, 'Pfsh-2HR0S1O81M0301L10R4IC2T6953', 1, NULL, 0, NULL, NULL, NULL, NULL, NULL, NULL, NULL, NULL, NULL, '2018-10-30 11:16:18', 1, 0, NULL),
	('SH20181101111F95313IU3J4L', 0, 'Pfsh-2J01811011117U37660', 1, NULL, 0, NULL, NULL, NULL, NULL, NULL, NULL, NULL, NULL, NULL, '2018-11-01 11:19:53', 1, 0, NULL),
	('SH201811011319557T83K', 0, 'Pfsh-20180730114324O485', 1, NULL, 0, NULL, NULL, NULL, NULL, NULL, NULL, NULL, NULL, NULL, '2018-11-01 13:19:55', 1, 0, NULL),
	('SH2018111PC4T08LPU1952WU974LM', 0, 'Pfsh-2018A1VO114R081908I1D5D60', 1, NULL, 0, NULL, NULL, NULL, NULL, NULL, NULL, NULL, NULL, NULL, '2018-11-14 08:19:52', 1, 0, NULL),
	('SH20181127H04J09GGG15K1183MZ', 0, 'Pfsh-O20H18ZB1127040832FX58W5Q', 1, NULL, 0, NULL, NULL, NULL, NULL, NULL, NULL, NULL, NULL, NULL, '2018-11-27 04:09:15', 1, 0, NULL),
	('SH201811GV02101X616K708', 0, 'Pfsh-2018X1102OJD100V4311217', 1, NULL, 0, NULL, NULL, NULL, NULL, NULL, NULL, NULL, NULL, NULL, '2018-11-02 10:16:16', 1, 0, NULL),
	('SH2018120EO7092SL62190T6', 0, 'Pfsh-2018120709Y2W5061439', 1, NULL, 0, NULL, NULL, NULL, NULL, NULL, NULL, NULL, NULL, NULL, '2018-12-07 09:26:21', 1, 0, NULL),
	('SH20181I0E291506471459', 0, 'Pfsh-20180730115738V514', 1, NULL, 0, NULL, NULL, NULL, NULL, NULL, NULL, NULL, NULL, NULL, '2018-10-29 15:06:47', 1, 0, NULL),
	('SH20181K03114BS3I03G110A93I', 0, 'Pfsh-201810311I42744D14I85', 1, NULL, 0, NULL, NULL, NULL, NULL, NULL, NULL, NULL, NULL, NULL, '2018-10-31 14:30:31', 1, 0, NULL),
	('SH20181KP1140443UGK1GS5A1V284', 0, 'Pfsh-20180730140417O497', 1, NULL, 0, NULL, NULL, NULL, NULL, NULL, NULL, NULL, NULL, NULL, '2018-11-14 04:43:15', 1, 0, NULL),
	('SH20181KZ1H2H1W10123XZ8758', 0, 'Pfsh-201P811L2110B1112944', 1, NULL, 0, NULL, NULL, NULL, NULL, NULL, NULL, NULL, NULL, NULL, '2018-11-21 10:12:38', 1, 0, NULL),
	('SH20181Q02914I45M349IB5A2', 0, 'Pfsh-20181XX0290908HZ341123', 1, NULL, 0, NULL, NULL, NULL, NULL, NULL, NULL, NULL, NULL, NULL, '2018-10-29 14:45:34', 1, 0, NULL),
	('SH20181YH2121800031254', 0, 'Pfsh-20180730141914P538', 1, NULL, 0, NULL, NULL, NULL, NULL, NULL, NULL, NULL, NULL, NULL, '2018-12-12 18:00:03', 1, 0, NULL),
	('SH20181Z101NX111O500732', 0, 'Pfsh-20180730140313C550', 1, NULL, 0, NULL, NULL, NULL, NULL, NULL, NULL, NULL, NULL, NULL, '2018-11-01 11:15:00', 1, 0, NULL),
	('SH2018E102D61G1Z14U2YXU2844', 0, 'Pfsh-20180730120319W505', 1, NULL, 0, NULL, NULL, NULL, NULL, NULL, NULL, NULL, NULL, NULL, '2018-10-26 11:14:22', 1, 0, NULL),
	('SH2018Q0924124R700690', 0, 'Pfsh-20180730112308Z482', 1, NULL, 0, NULL, NULL, NULL, NULL, NULL, NULL, NULL, NULL, NULL, '2018-09-24 12:47:00', 1, 0, NULL),
	('SH2018SIAY09G241Y55640C1WX454', 0, 'Pfsh-201P8092EA41553W44934E', 1, NULL, 0, NULL, NULL, NULL, NULL, NULL, NULL, NULL, NULL, NULL, '2018-09-24 15:56:40', 1, 0, NULL),
	('SH201901231E70026TM1427', 1, 'Pfsh-2018Y1102102412S7N15', 1, NULL, 0, NULL, NULL, NULL, NULL, NULL, NULL, NULL, NULL, NULL, '2019-01-23 17:00:26', 1, 0, NULL),
	('SH2019022012U204013Z9G1', 0, 'Pfsh-201V902HW20A12OX2006136I0', 1, NULL, 0, NULL, NULL, NULL, NULL, NULL, NULL, NULL, NULL, NULL, '2019-02-20 12:20:40', 1, 0, NULL),
	('SH2019022P0142614729I', 0, 'Pfsh-20190F2KT201LP343Y399E50', 1, NULL, 0, NULL, NULL, NULL, NULL, NULL, NULL, NULL, NULL, NULL, '2019-02-20 14:26:14', 1, 0, NULL),
	('SH201903041DD33812611', 0, 'Pfsh-2NH0190HS304IS133555T523', 1, NULL, 0, NULL, NULL, NULL, NULL, NULL, NULL, NULL, NULL, NULL, '2019-03-04 13:38:12', 1, 0, NULL),
	('SH20190404US150F722994', 0, 'Pfsh-20180730114050I504', 3, NULL, 0, NULL, NULL, NULL, NULL, NULL, NULL, NULL, NULL, NULL, '2019-04-04 15:07:22', 1, 0, NULL),
	('SH2019040811571V7I834', 0, 'Pfsh-20180730113141V469', 2, NULL, 0, NULL, NULL, NULL, NULL, NULL, NULL, NULL, NULL, NULL, '2019-04-08 11:57:17', 1, 0, NULL),
	('SH2019040U50KO95W0C5L8M477M', 0, 'Pfsh-20180730114847G542', 3, NULL, 0, NULL, NULL, NULL, NULL, NULL, NULL, NULL, NULL, NULL, '2019-04-05 09:50:58', 1, 0, NULL),
	('SH20190504115S138101X7', 0, 'Pfsh-D201905041Z15JP03Q913J3Q0', 1, NULL, 0, NULL, NULL, NULL, NULL, NULL, NULL, NULL, NULL, NULL, '2019-05-04 11:51:38', 1, 0, NULL),
	('SH20190BR4N08YJ115JJY54HH7711', 0, 'Pfsh-20180730111215O514', 2, NULL, 0, NULL, NULL, NULL, NULL, NULL, NULL, NULL, NULL, NULL, '2019-04-08 11:55:47', 1, 0, NULL),
	('SH20190D21K918L06008Z06', 0, 'Pfsh-20190L2191731H4T1T961', 3, NULL, 0, NULL, NULL, NULL, NULL, NULL, NULL, NULL, NULL, NULL, '2019-02-19 18:06:00', 1, 0, NULL),
	('SH20190EJ4WX04100436J654N', 0, 'Pfsh-20180730114545U548', 3, NULL, 0, NULL, NULL, NULL, NULL, NULL, NULL, NULL, NULL, NULL, '2019-04-04 10:04:36', 1, 0, NULL),
	('SH20190FJ214154240N100FCP9EQ', 0, 'Pfsh-2Z01B90EE1051BZ03I9R441209', 3, NULL, 1, 1, NULL, NULL, 3, 1000000, 65000, 1, 3, 1000000, '2019-02-14 15:42:40', 1, 0, NULL),
	('SH20190G402092H532318', 0, 'Pfsh-20180730114734Y457', 3, NULL, 0, NULL, NULL, NULL, NULL, NULL, NULL, NULL, NULL, NULL, '2019-04-02 09:25:32', 1, 0, NULL),
	('SH20190H10V510410112J43', 0, 'Pfsh-2Z01B90EE1051BZ03I9R441209', 1, NULL, 0, NULL, NULL, NULL, NULL, NULL, NULL, NULL, NULL, NULL, '2019-01-05 10:41:01', 1, 0, NULL),
	('SH20190S2201PY3460B311F2Y6C', 0, 'Pfsh-20190F2KT201LP343Y399E50', 1, NULL, 0, NULL, NULL, NULL, NULL, NULL, NULL, NULL, NULL, NULL, '2019-02-20 13:46:03', 1, 1, 1),
	('SH20190S40R8U1UNE1S58129N05ZR', 0, 'Pfsh-20180730113355O480', 2, NULL, 0, NULL, NULL, NULL, NULL, NULL, NULL, NULL, NULL, NULL, '2019-04-08 11:58:12', 1, 0, NULL),
	('SH20190T306C145641572', 0, 'Pfsh-T20G190Q3061Z05L85XU8959', 1, NULL, 0, NULL, NULL, NULL, NULL, NULL, NULL, NULL, NULL, NULL, '2019-03-06 14:56:41', 1, 0, NULL),
	('SH2019JK022012OK104915H01', 0, 'Pfsh-20190220121005O52QT9', 1, NULL, 0, NULL, NULL, NULL, NULL, NULL, NULL, NULL, NULL, NULL, '2019-02-20 12:10:49', 1, 0, NULL),
	('SH2019K0402092F4CX096QY18', 0, 'Pfsh-20180730113705U502', 3, NULL, 0, NULL, NULL, NULL, NULL, NULL, NULL, NULL, NULL, NULL, '2019-04-02 09:24:09', 1, 1, 1),
	('SH2019N01O1IG61MBT12I4527M26', 0, 'Pfsh-20L1Y9X01Q161123501281', 1, NULL, 0, NULL, NULL, NULL, NULL, NULL, NULL, NULL, NULL, NULL, '2019-01-16 11:24:52', 1, 0, NULL),
	('SH2019OV04Y0T20Q9D245B85D3R4F', 0, 'Pfsh-20180730114244H509', 3, NULL, 0, NULL, NULL, NULL, NULL, NULL, NULL, NULL, NULL, NULL, '2019-04-02 09:24:58', 1, 0, NULL),
	('SH201AE8J10G2914XV1349J618', 0, 'Pfsh-20181QB029140507V8H9V9', 1, NULL, 0, NULL, NULL, NULL, NULL, NULL, NULL, NULL, NULL, NULL, '2018-10-29 14:13:49', 1, 0, NULL),
	('SH201AS810301Y6A1837PLI6Y96', 0, 'Pfsh-2V0181A03V0161G0T4213DE54', 1, NULL, 0, NULL, NULL, NULL, NULL, NULL, NULL, NULL, NULL, NULL, '2018-10-30 16:18:37', 1, 1, 1),
	('SH201B8ET1101R09Z13C5O31T00VP5', 0, 'Pfsh-201OZX811010907U1O1127H9', 1, NULL, 0, NULL, NULL, NULL, NULL, NULL, NULL, NULL, NULL, NULL, '2018-11-01 09:13:53', 1, 0, NULL),
	('SH201EL80924150D622978X', 0, 'Pfsh-20180730113050Z526', 1, NULL, 0, NULL, NULL, NULL, NULL, NULL, NULL, NULL, NULL, NULL, '2018-09-24 15:06:22', 1, 0, NULL),
	('SH201G81H1W0J1091X547W15LZ91PB', 0, 'Pfsh-201811Q0109C09541533', 1, NULL, 0, NULL, NULL, NULL, NULL, NULL, NULL, NULL, NULL, NULL, '2018-11-01 09:15:47', 1, 0, NULL),
	('SH201H809ZY241K308211297', 0, 'Pfsh-20180730113218H499', 1, NULL, 0, NULL, NULL, NULL, NULL, NULL, NULL, NULL, NULL, NULL, '2018-09-24 13:08:21', 1, 0, NULL),
	('SH201H90L11Z2Y1608T31B12G72ZK', 0, 'Pfsh-20E1R90112U1PU605U44H107XMB6', 1, NULL, 0, NULL, NULL, NULL, NULL, NULL, NULL, NULL, NULL, NULL, '2019-01-12 16:08:31', 1, 0, NULL),
	('SH201I80924J1C5AX33OTO28V8M73', 0, 'Pfsh-20180730120007S538', 1, NULL, 0, NULL, NULL, NULL, NULL, NULL, NULL, NULL, NULL, NULL, '2018-09-24 15:33:28', 1, 0, NULL),
	('SH201I8H092RAM412I520486A5', 0, 'Pfsh-20180730112810B542', 1, NULL, 0, NULL, NULL, NULL, NULL, NULL, NULL, NULL, NULL, NULL, '2018-09-24 12:52:04', 1, 0, NULL),
	('SH201N90QE40E811543M6YCV1037', 0, 'Pfsh-20180730111840M460', 2, NULL, 0, NULL, NULL, NULL, NULL, NULL, NULL, NULL, NULL, NULL, '2019-04-08 11:54:36', 1, 0, NULL),
	('SH201O8102O6F1TS12J9M02IV8Z05', 0, 'Pfsh-20180730114734Y457', 1, NULL, 0, NULL, NULL, NULL, NULL, NULL, NULL, NULL, NULL, NULL, '2018-10-26 11:29:02', 1, 0, NULL),
	('SH201OB8C092415195E8H1068', 0, 'Pfsh-20180730120205W482', 1, NULL, 0, NULL, NULL, NULL, NULL, NULL, NULL, NULL, NULL, NULL, '2018-09-24 15:19:58', 1, 0, NULL),
	('SH201P90408Z11N59231E1XAE16', 0, 'Pfsh-20180730113450E484', 2, NULL, 0, NULL, NULL, NULL, NULL, NULL, NULL, NULL, NULL, NULL, '2019-04-08 11:59:23', 1, 0, NULL),
	('SH201Q81W128NE10UZ453S3P870TL', 0, 'Pfsh-20W181K12BU810Q443O11K35GM6', 1, NULL, 0, NULL, NULL, NULL, NULL, NULL, NULL, NULL, NULL, NULL, '2018-11-28 10:45:33', 1, 0, NULL),
	('SH201Q8I1AQ1H0Q2103F04F4674F', 0, 'Pfsh-HQ201811V02102957121C7', 3, NULL, 0, NULL, NULL, NULL, NULL, NULL, NULL, NULL, NULL, NULL, '2018-11-02 10:30:44', 1, 0, NULL),
	('SH201W8110R10W9B24307F73', 0, 'Pfsh-201I81IS10P109Q1GX2W511157', 1, NULL, 0, NULL, NULL, NULL, NULL, NULL, NULL, NULL, NULL, NULL, '2018-11-01 09:24:30', 1, 0, NULL),
	('SH201Y90CO51J01Q4070Z711S46', 0, 'Pfsh-20180730113846L493', 3, NULL, 0, NULL, NULL, NULL, NULL, NULL, NULL, NULL, NULL, NULL, '2019-05-10 14:07:07', 1, 0, NULL),
	('SH20A1P9A0220142IY801A675', 0, 'Pfsh-20E190M2H20134O430526', 1, NULL, 0, NULL, NULL, NULL, NULL, NULL, NULL, NULL, NULL, NULL, '2019-02-20 14:28:01', 1, 0, NULL),
	('SH20A1YF809241Z5275481W6', 0, 'Pfsh-20180730115932R455', 1, NULL, 0, NULL, NULL, NULL, NULL, NULL, NULL, NULL, NULL, NULL, '2018-09-24 15:27:54', 1, 0, NULL),
	('SH20B181121085W8ZS4ZJ04S6UG4', 0, 'Pfsh-2018O1K1140322M371Q08A2', 1, NULL, 0, NULL, NULL, NULL, NULL, NULL, NULL, NULL, NULL, NULL, '2018-11-21 08:58:40', 1, 0, NULL),
	('SH20C18103TU01N61304C8H4KJ0', 1, 'Pfsh-2U018K1R0301H61YS20AJ6455QY', 1, NULL, 0, NULL, NULL, NULL, NULL, NULL, NULL, NULL, NULL, NULL, '2018-10-30 16:13:04', 1, 0, NULL),
	('SH20E1903U0413C3N8N451351', 0, 'Pfsh-2NH0190HS304IS133555T523', 2, NULL, 0, NULL, NULL, NULL, NULL, NULL, NULL, NULL, NULL, NULL, '2019-03-04 13:38:45', 1, 0, NULL),
	('SH20H1U9E02141508F4L0R937S', 0, 'Pfsh-2018X1102OJD100V4311217', 2, NULL, 0, NULL, NULL, NULL, NULL, NULL, NULL, NULL, NULL, NULL, '2019-02-14 15:08:40', 1, 0, NULL),
	('SH20HT1OI8092LW41N250XO201407', 0, 'Pfsh-20180730112959L456', 1, NULL, 0, NULL, NULL, NULL, NULL, NULL, NULL, NULL, NULL, NULL, '2018-09-24 12:50:20', 1, 0, NULL),
	('SH20I1MM8S110109G14W4974L3A', 0, 'Pfsh-20HF181IX101090845741', 1, NULL, 0, NULL, NULL, NULL, NULL, NULL, NULL, NULL, NULL, NULL, '2018-11-01 09:14:49', 1, 0, NULL),
	('SH20K1811F1BQ9QS0R42W40012V93', 0, 'Pfsh-20180730120732Y454', 1, NULL, 0, NULL, NULL, NULL, NULL, NULL, NULL, NULL, NULL, NULL, '2018-11-19 04:24:00', 1, 0, NULL),
	('SH20LZ19G021RIBJ9K1804471092Y', 0, 'Pfsh-20W19X0S2E1A91O726386Z6PT0', 3, NULL, 0, NULL, NULL, NULL, NULL, NULL, NULL, NULL, NULL, NULL, '2019-02-19 18:04:47', 1, 0, NULL),
	('SH20M1809241JY5D35031M4PN46', 0, 'Pfsh-20180730113705U502', 1, NULL, 0, NULL, NULL, NULL, NULL, NULL, NULL, NULL, NULL, NULL, '2018-09-24 15:35:03', 1, 0, NULL),
	('SH20M18I110Q10928B441534', 0, 'Pfsh-20180731172345S463', 1, NULL, 0, NULL, NULL, NULL, NULL, NULL, NULL, NULL, NULL, NULL, '2018-11-01 09:28:44', 1, 0, NULL),
	('SH20N18I11V1PL5081Y5UG321CE536', 0, 'Pfsh-201K81115081447RWXD110H0', 1, NULL, 0, NULL, NULL, NULL, NULL, NULL, NULL, NULL, NULL, NULL, '2018-11-15 08:15:32', 1, 0, NULL),
	('SH20NZ19V0220P1W34738149O5T', 0, 'Pfsh-20E190M2H20134O430526', 1, NULL, 0, NULL, NULL, NULL, NULL, NULL, NULL, NULL, NULL, NULL, '2019-02-20 13:47:38', 1, 1, 1),
	('SH20O1D9U02VNLJJ2014A2K908696', 0, 'Pfsh-2E0Q19CO0Y22N013V450J51V044', 1, NULL, 0, NULL, NULL, NULL, NULL, NULL, NULL, NULL, NULL, NULL, '2019-02-20 14:29:08', 1, 0, NULL),
	('SH20S1905FQ26161V7301007', 0, 'Pfsh-FU2X0190Q526161U32R1TY11Y07', 1, NULL, 0, NULL, NULL, NULL, NULL, NULL, NULL, NULL, NULL, NULL, '2019-05-26 16:17:30', 1, 0, NULL),
	('SH20T1810O26E1B1GQZL16K391326', 0, 'Pfsh-20180730120047P496', 1, NULL, 0, NULL, NULL, NULL, NULL, NULL, NULL, NULL, NULL, NULL, '2018-10-26 11:16:39', 1, 0, NULL),
	('SH20YZ18J09241DA2GO4907127PT5', 0, 'Pfsh-20180730112902E529', 1, NULL, 0, NULL, NULL, NULL, NULL, NULL, NULL, NULL, NULL, NULL, '2018-09-24 12:49:07', 1, 0, NULL),
	('SH20Z1811150CQ4Y512E6R856', 1, 'Pfsh-20180730143518D464', 1, NULL, 0, NULL, NULL, NULL, NULL, NULL, NULL, NULL, NULL, NULL, '2018-11-15 04:51:26', 1, 0, NULL),
	('SH20Z19021T918031R4QI61B1ZJQ', 0, 'Pfsh-20180730141243X495', 3, NULL, 0, NULL, NULL, NULL, NULL, NULL, NULL, NULL, NULL, NULL, '2019-02-19 18:03:14', 1, 0, NULL),
	('SH20ZZ19D021415O410273C5', 0, 'Pfsh-20180730141423P477', 3, NULL, 1, 1, NULL, NULL, 8, 1, 375000, 1, 22, 500, '2019-02-14 15:41:02', 1, 1, 1),
	('SH2C018U1030161711K814', 0, 'Pfsh-20HNJY181X0301606311L56C1CA', 1, NULL, 0, NULL, NULL, NULL, NULL, NULL, NULL, NULL, NULL, NULL, '2018-10-30 16:17:11', 1, 1, 1),
	('SH2CC0181030114320489', 0, 'Pfsh-2018SU103011403G9NXW968', 1, NULL, 0, NULL, NULL, NULL, NULL, NULL, NULL, NULL, NULL, NULL, '2018-10-30 11:43:20', 1, 0, NULL),
	('SH2E0YA1KR81109T15222P754TR7', 0, 'Pfsh-2018110915K2117136K4', 1, NULL, 0, NULL, NULL, NULL, NULL, NULL, NULL, NULL, NULL, NULL, '2018-11-09 15:22:27', 1, 0, NULL),
	('SH2F019R04020O9VR473446F9', 0, 'Pfsh-2P018110B1091123X715B', 3, NULL, 0, NULL, NULL, NULL, NULL, NULL, NULL, NULL, NULL, NULL, '2019-04-02 09:47:34', 1, 1, 1),
	('SH2G0181UL03I01616326RKE17', 0, 'Pfsh-Z20181030F160S531642', 1, NULL, 0, NULL, NULL, NULL, NULL, NULL, NULL, NULL, NULL, NULL, '2018-10-30 16:16:32', 1, 1, 1),
	('SH2H0181E02611O3J556V1011', 0, 'Pfsh-20180730114847G542', 1, NULL, 0, NULL, NULL, NULL, NULL, NULL, NULL, NULL, NULL, NULL, '2018-10-26 11:35:56', 1, 0, NULL),
	('SH2I01811U03N14IJ1L235S1E434', 0, 'Pfsh-2U01Z8110IB31I411UAB4K71100', 1, NULL, 0, NULL, NULL, NULL, NULL, NULL, NULL, NULL, NULL, NULL, '2018-11-03 14:12:35', 1, 0, NULL),
	('SH2I0X1Q9050YU2X10241GL2771', 0, 'Pfsh-20180730113050Z526', 3, NULL, 0, NULL, NULL, NULL, NULL, NULL, NULL, NULL, NULL, NULL, '2019-05-02 10:24:12', 1, 1, 1),
	('SH2N01TVS8112IVD8104510649C', 0, 'Pfsh-201811281043KPY5A51E104', 1, NULL, 0, NULL, NULL, NULL, NULL, NULL, NULL, NULL, NULL, NULL, '2018-11-28 10:45:10', 1, 0, NULL),
	('SH2N0W1GC8GC092E4ZA151G5121350', 0, 'Pfsh-20180730115623J464', 1, NULL, 0, NULL, NULL, NULL, NULL, NULL, NULL, NULL, NULL, NULL, '2018-09-24 15:15:12', 1, 0, NULL),
	('SH2O01902A14Y1551D3L7Q1097', 0, 'Pfsh-20L1Y9X01Q161123501281', 3, NULL, 1, 1, NULL, NULL, 3, 1000000, 85000, 1, 3, 1000000, '2019-02-14 15:51:37', 1, 0, NULL),
	('SH2O0XO18F1Y029EO1501061M525', 0, 'Pfsh-20N18W0U9O241642455V70', 1, NULL, 0, NULL, NULL, NULL, NULL, NULL, NULL, NULL, NULL, NULL, '2018-10-29 15:01:06', 1, 0, NULL),
	('SH2P018110310YH2129111G6A', 0, 'Pfsh-20180731172422X468', 1, NULL, 0, NULL, NULL, NULL, NULL, NULL, NULL, NULL, NULL, NULL, '2018-11-03 10:21:29', 1, 0, NULL),
	('SH2P019021E910253J31W192J', 0, 'Pfsh-201TI9AP0D2Q1MP91V02009100D1', 3, NULL, 0, NULL, NULL, NULL, NULL, NULL, NULL, NULL, NULL, NULL, '2019-02-19 10:25:33', 1, 0, NULL),
	('SH2P01Y8I102I9WO085U8566R5U0', 0, 'Pfsh-20180730120612A483', 1, NULL, 0, NULL, NULL, NULL, NULL, NULL, NULL, NULL, NULL, NULL, '2018-10-29 08:58:56', 1, 1, 1),
	('SH2S019W04041519FLJS3357L5G', 0, 'Pfsh-20180730114635Z457', 3, NULL, 0, NULL, NULL, NULL, NULL, NULL, NULL, NULL, NULL, NULL, '2019-04-04 15:19:33', 1, 0, NULL),
	('SH2S01OG90219174547967GS', 0, 'Pfsh-K2W019021G917T2J41Z61313T', 3, NULL, 0, NULL, NULL, NULL, NULL, NULL, NULL, NULL, NULL, NULL, '2019-02-19 17:45:47', 1, 0, NULL),
	('SH2S0O1X902191YP80227724', 0, 'Pfsh-20180730141504U479', 3, NULL, 0, NULL, NULL, NULL, NULL, NULL, NULL, NULL, NULL, NULL, '2019-02-19 18:02:27', 1, 0, NULL),
	('SH2T01F90W4041GPRK4G334Q91329', 0, 'Pfsh-20180730113705U502', 3, NULL, 0, NULL, NULL, NULL, NULL, NULL, NULL, NULL, NULL, NULL, '2019-04-04 14:33:49', 1, 0, NULL),
	('SH2U018LU1029XYWK14501Y01K230', 0, 'Pfsh-D2018102T9D11J304394A8', 1, NULL, 0, NULL, NULL, NULL, NULL, NULL, NULL, NULL, NULL, NULL, '2018-10-29 14:50:10', 1, 0, NULL),
	('SH2U01C8110210KX15EL351H047M', 0, 'Pfsh-2A018F1102100O628C9P68', 1, NULL, 0, NULL, NULL, NULL, NULL, NULL, NULL, NULL, NULL, NULL, '2018-11-02 10:15:35', 1, 1, 28),
	('SH2U0TU190F4M0811563413L06', 0, 'Pfsh-20180730113050Z526', 2, NULL, 0, NULL, NULL, NULL, NULL, NULL, NULL, NULL, NULL, NULL, '2019-04-08 11:56:34', 1, 0, NULL),
	('SH2W01811E23O0440477O88', 0, 'Pfsh-20K18AZ1123DD0440HM2267E0', 1, NULL, 0, NULL, NULL, NULL, NULL, NULL, NULL, NULL, NULL, NULL, '2018-11-23 04:40:47', 1, 0, NULL),
	('SH2Z018S0924151111130O7', 0, 'Pfsh-20180730113355O480', 1, NULL, 0, NULL, NULL, NULL, NULL, NULL, NULL, NULL, NULL, NULL, '2018-09-24 15:11:11', 1, 0, NULL),
	('SH2ZG01R809O241QO52MV2021344', 0, 'Pfsh-20180730120240F527', 1, NULL, 0, NULL, NULL, NULL, NULL, NULL, NULL, NULL, NULL, NULL, '2018-09-24 15:22:02', 1, 0, NULL),
	('SHA201905R0O9UBY10C361N76O99', 0, 'Pfsh-20180730113141V469', 3, NULL, 0, NULL, NULL, NULL, NULL, NULL, NULL, NULL, NULL, NULL, '2019-05-09 10:36:17', 1, 1, 1),
	('SHA20I1L809G241242K2DH19Z13', 0, 'Pfsh-20180730111840M460', 1, NULL, 0, NULL, NULL, NULL, NULL, NULL, NULL, NULL, NULL, NULL, '2018-09-24 12:42:21', 1, 0, NULL),
	('SHA20Z181119H0421V37514MDOQ', 0, 'Pfsh-L2I01C8111VX9042023Z1251WV', 1, NULL, 0, NULL, NULL, NULL, NULL, NULL, NULL, NULL, NULL, NULL, '2018-11-19 04:21:37', 1, 0, NULL),
	('SHBN20FZZM190220134O8438V14', 0, 'Pfsh-2E0Q19CO0Y22N013V450J51V044', 1, NULL, 0, NULL, NULL, NULL, NULL, NULL, NULL, NULL, NULL, NULL, '2019-02-20 13:48:43', 1, 1, 1),
	('SHCJ2018102611183911A95W', 0, 'Pfsh-20180730120123I509', 1, NULL, 0, NULL, NULL, NULL, NULL, NULL, NULL, NULL, NULL, NULL, '2018-10-26 11:18:39', 1, 0, NULL),
	('SHCX2018L10301118001398', 0, 'Pfsh-20S18XR1R0301106381339', 1, NULL, 0, NULL, NULL, NULL, NULL, NULL, NULL, NULL, NULL, NULL, '2018-10-30 11:18:00', 1, 0, NULL),
	('SHE2019B01H1J2I1608TPM0599I9', 0, 'Pfsh-201Z9011VR21605018Z15', 1, NULL, 0, NULL, NULL, NULL, NULL, NULL, NULL, NULL, NULL, NULL, '2019-01-12 16:08:05', 1, 0, NULL),
	('SHE201A8JUP092AH413090012M90VB', 0, 'Pfsh-20180730113259F468', 1, NULL, 0, NULL, NULL, NULL, NULL, NULL, NULL, NULL, NULL, NULL, '2018-09-24 13:09:00', 1, 0, NULL),
	('SHF20180PO924151D22211XK13V', 0, 'Pfsh-20180730113450E484', 1, NULL, 0, NULL, NULL, NULL, NULL, NULL, NULL, NULL, NULL, NULL, '2018-09-24 15:12:22', 1, 0, NULL),
	('SHF20181X1AT01Y093212U1Z272O', 0, 'Pfsh-201P8092EA41553W44934E', 2, NULL, 0, NULL, NULL, NULL, NULL, NULL, NULL, NULL, NULL, NULL, '2018-11-01 09:32:12', 1, 0, NULL),
	('SHG2IH0B1G9K01161125176JE37', 0, 'Pfsh-20L1Y9X01Q161123501281', 3, NULL, 0, NULL, NULL, NULL, NULL, NULL, NULL, NULL, NULL, NULL, '2019-01-16 11:25:17', 1, 1, 1),
	('SHGC2O01E809F241540131196P', 0, 'Pfsh-20180730114545U548', 1, NULL, 0, NULL, NULL, NULL, NULL, NULL, NULL, NULL, NULL, NULL, '2018-09-24 15:40:13', 1, 0, NULL),
	('SHH201G8092A415H133910QKQY49H', 0, 'Pfsh-20180730115552M486', 1, NULL, 0, NULL, NULL, NULL, NULL, NULL, NULL, NULL, NULL, NULL, '2018-09-24 15:13:39', 1, 0, NULL),
	('SHH20M1903081424STK1I3FG5M76', 0, 'Pfsh-20180730141423P477', 3, NULL, 0, NULL, NULL, NULL, NULL, NULL, NULL, NULL, NULL, NULL, '2019-03-08 14:24:13', 1, 0, NULL),
	('SHI2018103114I5734T82Q5TIH', 0, 'Pfsh-2W0O1K81030102342B680', 1, NULL, 0, NULL, NULL, NULL, NULL, NULL, NULL, NULL, NULL, NULL, '2018-10-31 14:57:34', 1, 0, NULL),
	('SHI2018AC09241536181U15U7', 0, 'Pfsh-20180730114050I504', 1, NULL, 0, NULL, NULL, NULL, NULL, NULL, NULL, NULL, NULL, NULL, '2018-09-24 15:36:18', 1, 0, NULL),
	('SHI20AW181M1010916JZ38710', 0, 'Pfsh-2P018110B1091123X715B', 1, NULL, 0, NULL, NULL, NULL, NULL, NULL, NULL, NULL, NULL, NULL, '2018-11-01 09:16:38', 1, 0, NULL),
	('SHIN2FB0M1810U26113W3271539', 0, 'Pfsh-20180730113846L493', 1, NULL, 0, NULL, NULL, NULL, NULL, NULL, NULL, NULL, NULL, NULL, '2018-10-26 11:33:27', 1, 0, NULL),
	('SHJX2Y0J1K90219180Q4Z02W8WW29', 0, 'Pfsh-20180730141340K464', 3, NULL, 0, NULL, NULL, NULL, NULL, NULL, NULL, NULL, NULL, NULL, '2019-02-19 18:04:02', 1, 0, NULL),
	('SHLK2OA01R81101092757A9W54', 0, 'Pfsh-20180731172227S533', 1, NULL, 0, NULL, NULL, NULL, NULL, NULL, NULL, NULL, NULL, NULL, '2018-11-01 09:27:57', 1, 0, NULL),
	('SHM201810291EV5U05181140', 0, 'Pfsh-20180730115701Z509', 1, NULL, 0, NULL, NULL, NULL, NULL, NULL, NULL, NULL, NULL, NULL, '2018-10-29 15:05:18', 1, 0, NULL),
	('SHM201DDR8112J4070948932', 0, 'Pfsh-20QNO181124Q0709PC05Z1423', 1, NULL, 0, NULL, NULL, NULL, NULL, NULL, NULL, NULL, NULL, NULL, '2018-11-24 07:09:48', 1, 0, NULL),
	('SHN2G019W0T2201Q2L14326F97', 0, 'Pfsh-2019Q022R0GEU1213S5S8C958', 1, NULL, 0, NULL, NULL, NULL, NULL, NULL, NULL, NULL, NULL, NULL, '2019-02-20 12:14:32', 1, 0, NULL),
	('SHO20190O5091502R269HX22I', 0, 'Pfsh-20180730113050Z526', 3, NULL, 0, NULL, NULL, NULL, NULL, NULL, NULL, NULL, NULL, NULL, '2019-05-09 15:02:26', 1, 0, NULL),
	('SHPCJ201K9022W014271U7874', 0, 'Pfsh-E2TKR0B190R220M1H344W0K2748', 1, NULL, 0, NULL, NULL, NULL, NULL, NULL, NULL, NULL, NULL, NULL, '2019-02-20 14:27:17', 1, 0, NULL),
	('SHQX201JB811050ZLD9184512L6I3F', 0, 'Pfsh-TV201I81J1050917M50P66KA5', 1, NULL, 0, NULL, NULL, NULL, NULL, NULL, NULL, NULL, NULL, NULL, '2018-11-05 09:18:45', 1, 0, NULL),
	('SHR2018T1U0291T4CU59O201403Z', 0, 'Pfsh-20180730114202L487', 1, NULL, 0, NULL, NULL, NULL, NULL, NULL, NULL, NULL, NULL, NULL, '2018-10-29 14:59:20', 1, 0, NULL),
	('SHR201H9FA0220134645966', 0, 'Pfsh-E2TKR0B190R220M1H344W0K2748', 1, NULL, 0, NULL, NULL, NULL, NULL, NULL, NULL, NULL, NULL, NULL, '2019-02-20 13:46:45', 1, 1, 1),
	('SHS2O0190TH50F915H0I524596', 0, 'Pfsh-20180730113141V469', 3, NULL, 0, NULL, NULL, NULL, NULL, NULL, NULL, NULL, NULL, NULL, '2019-05-09 15:05:24', 1, 0, NULL),
	('SHUS2S0N181WW13H00M7G56431226', 0, 'Pfsh-S20H18113007NF561476G7', 1, NULL, 0, NULL, NULL, NULL, NULL, NULL, NULL, NULL, NULL, NULL, '2018-11-30 07:56:43', 1, 0, NULL),
	('SHV20J1810I30G113710Z103W4', 0, 'Pfsh-20G181M0301132171318', 1, NULL, 0, NULL, NULL, NULL, NULL, NULL, NULL, NULL, NULL, NULL, '2018-10-30 11:37:10', 1, 0, NULL),
	('SHV2NO0U190704R15F015067A2', 0, 'Pfsh-O2STZIA019070415004UXN93U13', 1, NULL, 1, 1, NULL, NULL, 8, 1, 100000, 1, 8, 1, '2019-07-04 15:01:50', 1, 0, NULL),
	('SHVDG2R0181K1M0211WS4822149S7', 0, 'Pfsh-HQ201811V02102957121C7', 1, NULL, 0, NULL, NULL, NULL, NULL, NULL, NULL, NULL, NULL, NULL, '2018-11-02 11:48:22', 1, 0, NULL),
	('SHWG2019021N6IS093H648V992', 0, 'Pfsh-20180730114545U548', 3, NULL, 0, NULL, NULL, NULL, NULL, NULL, NULL, NULL, NULL, NULL, '2019-02-16 09:36:48', 1, 1, 1),
	('SHX2Y01810301WTUP137B565KG9P3', 0, 'Pfsh-T201810301R134181150T', 1, NULL, 0, NULL, NULL, NULL, NULL, NULL, NULL, NULL, NULL, NULL, '2018-10-30 11:37:56', 1, 0, NULL),
	('SHY201903D131M534S081LL1LQ81V', 0, 'Pfsh-2019K0313C153308735', 1, NULL, 1, 1, NULL, NULL, 3, 1000000, 65000, 1, 3, 1000000, '2019-03-13 15:34:08', 1, 0, NULL),
	('SHY201U8092415160E51421', 0, 'Pfsh-20180730113532E473', 1, NULL, 0, NULL, NULL, NULL, NULL, NULL, NULL, NULL, NULL, NULL, '2018-09-24 15:16:05', 1, 0, NULL),
	('SHZ20D1PE8103D01139081145', 0, 'Pfsh-201NT8T1A0301TY1ZP3B53B1892', 1, NULL, 0, NULL, NULL, NULL, NULL, NULL, NULL, NULL, NULL, NULL, '2018-10-30 11:39:08', 1, 0, NULL),
	('SHZYJ2F0H190214154440889', 0, 'Pfsh-20L1Y9X01Q161123501281', 3, NULL, 1, 1, NULL, NULL, 3, 1000000, 85000, 1, 3, 1000000, '2019-02-14 15:44:40', 1, 1, 1);
/*!40000 ALTER TABLE `setting_harga` ENABLE KEYS */;

-- Dumping structure for table webapp_ci_printing.setting_harga_bb
CREATE TABLE IF NOT EXISTS `setting_harga_bb` (
  `idsetting_harga_bb` int(11) NOT NULL AUTO_INCREMENT,
  `idbarang_bb` varchar(50) DEFAULT NULL,
  `id_hpp` varchar(50) DEFAULT NULL COMMENT 'id stok barang yang dijadikan hpp',
  `hpp` double DEFAULT NULL,
  `tipe_margin` tinyint(1) DEFAULT NULL COMMENT '1 = Persentase\n2 = Nilai angka ',
  `margin_persen` float DEFAULT NULL,
  `margin_angka` double DEFAULT NULL,
  `margin` double DEFAULT NULL COMMENT 'margin value',
  `harga` double DEFAULT NULL,
  `created_on` datetime DEFAULT NULL,
  `created_by` int(11) DEFAULT NULL,
  `modified_on` timestamp NULL DEFAULT CURRENT_TIMESTAMP ON UPDATE CURRENT_TIMESTAMP,
  `modified_by` int(11) DEFAULT NULL,
  `deleted` tinyint(1) DEFAULT '0',
  `deleted_by` int(11) DEFAULT NULL,
  PRIMARY KEY (`idsetting_harga_bb`)
) ENGINE=InnoDB AUTO_INCREMENT=20 DEFAULT CHARSET=latin1;

-- Dumping data for table webapp_ci_printing.setting_harga_bb: ~19 rows (approximately)
/*!40000 ALTER TABLE `setting_harga_bb` DISABLE KEYS */;
INSERT INTO `setting_harga_bb` (`idsetting_harga_bb`, `idbarang_bb`, `id_hpp`, `hpp`, `tipe_margin`, `margin_persen`, `margin_angka`, `margin`, `harga`, `created_on`, `created_by`, `modified_on`, `modified_by`, `deleted`, `deleted_by`) VALUES
	(1, 'BBF2019B0220142D403CA5J07', NULL, 1, 1, 499900, NULL, 4999, 5000, '2019-02-21 09:33:38', 1, '2019-02-21 06:38:40', 1, 0, NULL),
	(2, 'BB2C019022014M234M710M33HHJ', NULL, 1, 1, 399900, NULL, 3999, 4000, '2019-02-22 11:57:02', 1, '2019-02-22 04:57:02', NULL, 0, NULL),
	(3, 'BB2019022014244T7101I4', NULL, 1, 1, 599900, NULL, 5999, 6000, '2019-02-22 11:59:47', 1, '2019-02-22 04:59:47', NULL, 0, NULL),
	(4, 'BB201902S20W142N4X29608', NULL, 1, 1, 499900, NULL, 4999, 5000, '2019-02-22 12:03:12', 1, '2019-02-22 05:03:12', NULL, 0, NULL),
	(5, 'BB20180730104654O523', NULL, 1, 1, 299900, NULL, 2999, 3000, '2019-02-22 18:14:01', 1, '2019-02-22 11:14:01', NULL, 0, NULL),
	(6, 'BB20180730104755X551', NULL, 1, 1, 3999900, NULL, 39999, 40000, '2019-02-22 18:15:59', 1, '2019-02-22 11:15:59', NULL, 0, NULL),
	(7, 'BB2E01UG90S2QKK1610112D0X1231T', NULL, 1, 1, 2199900, NULL, 21999, 22000, '2019-02-22 19:02:58', 1, '2019-02-22 12:34:03', 1, 0, NULL),
	(8, 'BB2019021Z6N1R009HR19M978', NULL, 1, 1, 1199900, NULL, 11999, 12000, '2019-02-22 19:16:07', 1, '2019-02-22 12:16:07', NULL, 0, NULL),
	(9, 'BBZ20D190NHV22D219103L912Q3P7', NULL, 1, 1, 1699900, NULL, 16999, 17000, '2019-02-22 19:17:36', 1, '2019-02-22 12:17:36', NULL, 0, NULL),
	(10, 'BBO201G90H2161E0104J01232X', NULL, 1, 1, 899900, NULL, 8999, 9000, '2019-02-22 19:19:50', 1, '2019-02-22 12:27:07', 1, 0, NULL),
	(11, 'BB2019X0222ZAJ19O11I21974M', NULL, 1, 1, 999900, NULL, 9999, 10000, '2019-02-22 19:29:10', 1, '2019-02-22 12:29:10', NULL, 0, NULL),
	(12, 'BB20O19D02221647RSA301Q009', NULL, 1, 1, 34999900, NULL, 349999, 350000, '2019-02-22 19:32:15', 1, '2019-02-22 12:32:33', 1, 0, NULL),
	(13, 'BBL2019022W21CW647071049C', NULL, 1, 1, 30999900, NULL, 309999, 310000, '2019-02-22 19:33:00', 1, '2019-02-22 12:33:00', NULL, 0, NULL),
	(14, 'BB201WA902161010021087', NULL, 1, 1, 1599900, NULL, 15999, 16000, '2019-02-25 15:29:18', 1, '2019-02-25 08:29:18', NULL, 0, NULL),
	(15, 'BB2019B02OAP251535TF4495R4', NULL, 1, 1, 2499900, NULL, 24999, 25000, '2019-02-25 15:44:18', 1, '2019-02-25 08:44:18', NULL, 0, NULL),
	(16, 'BB201OQ90225ZS1K53355609XD', NULL, 1, 1, 2499900, NULL, 24999, 25000, '2019-02-25 15:44:48', 1, '2019-02-25 08:44:48', NULL, 0, NULL),
	(17, 'BB2P01CC90P2H2E515343R41F3H88', NULL, 1, 1, 2499900, NULL, 24999, 25000, '2019-02-25 15:45:19', 1, '2019-02-25 08:45:19', NULL, 0, NULL),
	(18, 'BB2A019N0225153510986', NULL, 1, 1, 2499900, NULL, 24999, 25000, '2019-02-25 15:45:46', 1, '2019-02-25 08:46:00', 1, 0, NULL),
	(19, 'BB2UG0WD19030509HNG41H358W43', NULL, 1, 1, 1499900, NULL, 14999, 15000, '2019-03-05 09:43:43', 1, '2019-03-05 02:45:21', 1, 0, NULL);
/*!40000 ALTER TABLE `setting_harga_bb` ENABLE KEYS */;

-- Dumping structure for table webapp_ci_printing.setting_harga_bb_diskon
CREATE TABLE IF NOT EXISTS `setting_harga_bb_diskon` (
  `idsetting_harga_bb_diskon` int(11) NOT NULL AUTO_INCREMENT,
  `idsetting_harga_bb` int(11) DEFAULT NULL,
  `id_golongan_member` tinyint(1) DEFAULT NULL COMMENT '0 = konsumen biasa\n    1 = reseller\n    2 = instansi / perusahaan',
  `range1` int(11) DEFAULT NULL,
  `range2` int(11) DEFAULT NULL,
  `diskon` float DEFAULT NULL,
  `created_on` datetime DEFAULT NULL,
  `created_by` bigint(20) DEFAULT NULL,
  `deleted` tinyint(1) DEFAULT '0',
  `deleted_by` bigint(20) DEFAULT NULL,
  PRIMARY KEY (`idsetting_harga_bb_diskon`)
) ENGINE=InnoDB AUTO_INCREMENT=62 DEFAULT CHARSET=latin1 COMMENT='untuk menampung diskon per golongan member';

-- Dumping data for table webapp_ci_printing.setting_harga_bb_diskon: ~61 rows (approximately)
/*!40000 ALTER TABLE `setting_harga_bb_diskon` DISABLE KEYS */;
INSERT INTO `setting_harga_bb_diskon` (`idsetting_harga_bb_diskon`, `idsetting_harga_bb`, `id_golongan_member`, `range1`, `range2`, `diskon`, `created_on`, `created_by`, `deleted`, `deleted_by`) VALUES
	(1, 1, 0, 26, 50, 4, '2019-02-21 09:33:38', 1, 1, 1),
	(2, 1, 0, 51, 100, 8, '2019-02-21 09:33:38', 1, 1, 1),
	(3, 1, 0, 26, 50, 4, '2019-02-21 09:34:06', 1, 1, 1),
	(4, 1, 0, 51, 100, 8, '2019-02-21 09:34:06', 1, 1, 1),
	(5, 1, 0, 101, 500, 10, '2019-02-21 09:34:06', 1, 1, 1),
	(6, 1, 0, 26, 50, 4, '2019-02-21 09:39:41', 1, 1, 1),
	(7, 1, 0, 51, 100, 8, '2019-02-21 09:39:41', 1, 1, 1),
	(8, 1, 0, 101, 500, 10, '2019-02-21 09:39:41', 1, 1, 1),
	(9, 1, 0, 26, 50, 4, '2019-02-21 09:41:31', 1, 1, 1),
	(10, 1, 0, 51, 100, 8, '2019-02-21 09:41:31', 1, 1, 1),
	(11, 1, 0, 101, 500, 10, '2019-02-21 09:41:31', 1, 1, 1),
	(12, 1, 0, 26, 50, 4, '2019-02-21 09:41:34', 1, 1, 1),
	(13, 1, 0, 51, 100, 8, '2019-02-21 09:41:34', 1, 1, 1),
	(14, 1, 0, 101, 500, 10, '2019-02-21 09:41:34', 1, 1, 1),
	(15, 1, 0, 26, 50, 4, '2019-02-21 12:10:48', 1, 1, 1),
	(16, 1, 0, 51, 100, 8, '2019-02-21 12:10:48', 1, 1, 1),
	(17, 1, 0, 101, 500, 10, '2019-02-21 12:10:48', 1, 1, 1),
	(18, 1, 0, 26, 50, 4, '2019-02-21 12:16:28', 1, 1, 1),
	(19, 1, 0, 51, 100, 8, '2019-02-21 12:16:28', 1, 1, 1),
	(20, 1, 0, 101, 500, 10, '2019-02-21 12:16:28', 1, 1, 1),
	(21, 1, 0, 26, 50, 4, '2019-02-21 12:16:53', 1, 1, 1),
	(22, 1, 0, 51, 100, 8, '2019-02-21 12:16:53', 1, 1, 1),
	(23, 1, 0, 101, 500, 10, '2019-02-21 12:16:53', 1, 1, 1),
	(24, 1, 0, 26, 50, 4, '2019-02-21 12:27:42', 1, 1, 1),
	(25, 1, 0, 51, 100, 8, '2019-02-21 12:27:42', 1, 1, 1),
	(26, 1, 0, 101, 500, 10, '2019-02-21 12:27:42', 1, 1, 1),
	(27, 1, 0, 26, 50, 4, '2019-02-21 12:34:37', 1, 1, 1),
	(28, 1, 0, 51, 100, 8, '2019-02-21 12:34:37', 1, 1, 1),
	(29, 1, 0, 101, 500, 10, '2019-02-21 12:34:37', 1, 1, 1),
	(30, 1, 0, 26, 50, 4, '2019-02-21 12:39:19', 1, 1, 1),
	(31, 1, 0, 51, 100, 8, '2019-02-21 12:39:19', 1, 1, 1),
	(32, 1, 0, 101, 500, 10, '2019-02-21 12:39:19', 1, 1, 1),
	(33, 1, 0, 26, 50, 4, '2019-02-21 13:38:40', 1, 0, NULL),
	(34, 1, 0, 51, 100, 8, '2019-02-21 13:38:40', 1, 0, NULL),
	(35, 1, 0, 101, 500, 10, '2019-02-21 13:38:40', 1, 0, NULL),
	(36, 2, 0, 26, 50, 5, '2019-02-22 11:57:02', 1, 0, NULL),
	(37, 2, 0, 51, 100, 10, '2019-02-22 11:57:02', 1, 0, NULL),
	(38, 2, 0, 101, 500, 12.5, '2019-02-22 11:57:02', 1, 0, NULL),
	(39, 3, 0, 26, 50, 3.3, '2019-02-22 11:59:47', 1, 0, NULL),
	(40, 3, 0, 51, 100, 6.67, '2019-02-22 11:59:47', 1, 0, NULL),
	(41, 3, 0, 101, 500, 8.3, '2019-02-22 11:59:47', 1, 0, NULL),
	(42, 4, 0, 26, 50, 4, '2019-02-22 12:03:12', 1, 0, NULL),
	(43, 4, 0, 51, 100, 8, '2019-02-22 12:03:12', 1, 0, NULL),
	(44, 4, 0, 101, 500, 10, '2019-02-22 12:03:12', 1, 0, NULL),
	(45, 8, 0, 6, 99, 8.3, '2019-02-22 19:16:07', 1, 0, NULL),
	(46, 8, 0, 100, 500, 12.5, '2019-02-22 19:16:07', 1, 0, NULL),
	(47, 9, 0, 6, 99, 2.9, '2019-02-22 19:17:36', 1, 0, NULL),
	(48, 9, 0, 100, 500, 11.75, '2019-02-22 19:17:36', 1, 0, NULL),
	(49, 10, 0, 5, 15, 25, '2019-02-22 19:19:50', 1, 1, 1),
	(50, 10, 0, 16, 100, 45, '2019-02-22 19:19:50', 1, 1, 1),
	(51, 10, 0, 101, 500, 55, '2019-02-22 19:19:50', 1, 1, 1),
	(52, 10, 0, 5, 15, 33, '2019-02-22 19:27:07', 1, 0, NULL),
	(53, 10, 0, 16, 100, 44, '2019-02-22 19:27:07', 1, 0, NULL),
	(54, 10, 0, 101, 500, 55, '2019-02-22 19:27:07', 1, 0, NULL),
	(55, 11, 0, 5, 15, 25, '2019-02-22 19:29:10', 1, 0, NULL),
	(56, 11, 0, 16, 100, 45, '2019-02-22 19:29:10', 1, 0, NULL),
	(57, 11, 0, 101, 500, 55, '2019-02-22 19:29:10', 1, 0, NULL),
	(58, 7, 0, 51, 100, 18, '2019-02-22 19:34:03', 1, 0, NULL),
	(59, 14, 0, 10, 100, 6.25, '2019-02-25 15:29:18', 1, 0, NULL),
	(60, 19, 0, 10, 50, 6.67, '2019-03-05 09:43:43', 1, 1, 1),
	(61, 19, 0, 5, 100, 6.67, '2019-03-05 09:45:21', 1, 0, NULL);
/*!40000 ALTER TABLE `setting_harga_bb_diskon` ENABLE KEYS */;

-- Dumping structure for table webapp_ci_printing.setting_harga_bb_konsumen
CREATE TABLE IF NOT EXISTS `setting_harga_bb_konsumen` (
  `id_harga_bb_konsumen` int(11) NOT NULL AUTO_INCREMENT,
  `idbarang_bb` varchar(50) DEFAULT NULL,
  `idkonsumen` varchar(100) DEFAULT NULL,
  `id_hpp` varchar(50) DEFAULT NULL COMMENT 'id stok barang yang dijadikan hpp',
  `hpp` double DEFAULT NULL,
  `tipe_margin` tinyint(1) DEFAULT NULL COMMENT '1 = Persentase\n2 = Nilai angka ',
  `margin_persen` float DEFAULT NULL,
  `margin_angka` double DEFAULT NULL,
  `margin` double DEFAULT NULL COMMENT 'margin value',
  `harga` double DEFAULT NULL,
  `created_on` datetime DEFAULT NULL,
  `created_by` int(11) DEFAULT NULL,
  `modified_on` timestamp NULL DEFAULT CURRENT_TIMESTAMP ON UPDATE CURRENT_TIMESTAMP,
  `modified_by` int(11) DEFAULT NULL,
  `deleted` tinyint(1) DEFAULT '0',
  `deleted_by` int(11) DEFAULT NULL,
  PRIMARY KEY (`id_harga_bb_konsumen`)
) ENGINE=InnoDB DEFAULT CHARSET=latin1;

-- Dumping data for table webapp_ci_printing.setting_harga_bb_konsumen: ~0 rows (approximately)
/*!40000 ALTER TABLE `setting_harga_bb_konsumen` DISABLE KEYS */;
/*!40000 ALTER TABLE `setting_harga_bb_konsumen` ENABLE KEYS */;

-- Dumping structure for table webapp_ci_printing.setting_harga_detail
CREATE TABLE IF NOT EXISTS `setting_harga_detail` (
  `idsettingharga_detail` varchar(50) NOT NULL COMMENT 'ID Setting Harga',
  `idsettingharga` varchar(50) DEFAULT NULL COMMENT 'ID Setting Harga',
  `range_a` int(11) DEFAULT NULL COMMENT 'range panjang, dalam satuan terkecil\n',
  `range_b` int(11) DEFAULT NULL COMMENT 'range panjang, dalam satuan terkecil',
  `range_a_p` float DEFAULT NULL COMMENT 'pangjang range a, bukan dalam satuan terkecil',
  `range_a_l` float DEFAULT NULL COMMENT 'lebar range a, bukan dalam satuan terkecil',
  `range_b_p` float DEFAULT NULL COMMENT 'pangjang range b, bukan dalam satuan terkecil',
  `range_b_l` float DEFAULT NULL COMMENT 'lebar range b, bukan dalam satuan terkecil',
  `id_konversi` int(11) DEFAULT NULL,
  `range_a_qty` int(11) DEFAULT NULL COMMENT 'range berdasarkan qty yang diinputkan',
  `range_b_qty` int(11) DEFAULT NULL COMMENT 'range berdasarkan qty yang diinputkan',
  `harga` int(11) DEFAULT NULL,
  `harga_by` double DEFAULT NULL COMMENT 'harga yang tercantum adalah harga per berapa.',
  `id_konversi_harga_by` int(11) DEFAULT NULL COMMENT 'id_konversi yang digunakan untuk harga_by',
  `qty_harga_by` double DEFAULT NULL COMMENT 'harga_by dalam bentuk satuan terkecil.',
  `created_on` datetime DEFAULT NULL,
  `created_by` bigint(20) DEFAULT NULL,
  `deleted` tinyint(1) DEFAULT '0',
  `deleted_by` bigint(20) DEFAULT NULL,
  PRIMARY KEY (`idsettingharga_detail`)
) ENGINE=InnoDB DEFAULT CHARSET=latin1 COMMENT='Tabel Setting Harga - Detail';

-- Dumping data for table webapp_ci_printing.setting_harga_detail: ~432 rows (approximately)
/*!40000 ALTER TABLE `setting_harga_detail` DISABLE KEYS */;
INSERT INTO `setting_harga_detail` (`idsettingharga_detail`, `idsettingharga`, `range_a`, `range_b`, `range_a_p`, `range_a_l`, `range_b_p`, `range_b_l`, `id_konversi`, `range_a_qty`, `range_b_qty`, `harga`, `harga_by`, `id_konversi_harga_by`, `qty_harga_by`, `created_on`, `created_by`, `deleted`, `deleted_by`) VALUES
	('2018092412520VN41424', 'SH201I8H092RAM412I520486A5', 101, 500, NULL, NULL, NULL, NULL, 8, 101, 500, 4500, 1, 8, 1, '2018-09-24 12:52:04', 1, 0, NULL),
	('2018092412DN5204937', 'SH201I8H092RAM412I520486A5', 11, 50, NULL, NULL, NULL, NULL, 8, 11, 50, 5500, 1, 8, 1, '2018-09-24 12:52:04', 1, 0, NULL),
	('20180924130Y8Y21646', 'SH201H809ZY241K308211297', 51, 500, NULL, NULL, NULL, NULL, 8, 51, 500, 1100, 1, 8, 1, '2018-09-24 13:08:21', 1, 0, NULL),
	('2018092415062214L4V8', 'SH201EL80924150D622978X', 51, 100, NULL, NULL, NULL, NULL, 8, 51, 100, 1800, 1, 8, 1, '2018-09-24 15:06:22', 1, 0, NULL),
	('201809241511Y11116JR8', 'SH2Z018S0924151111130O7', 51, 100, NULL, NULL, NULL, NULL, 8, 51, 100, 2000, 1, 8, 1, '2018-09-24 15:11:11', 1, 0, NULL),
	('20180924151Y3VQ391164P', 'SHH201G8092A415H133910QKQY49H', 1, 5, NULL, NULL, NULL, NULL, 8, 1, 5, 4500, 1, 8, 1, '2018-09-24 15:13:39', 1, 0, NULL),
	('2018092415275L4119P5', 'SH20A1YF809241Z5275481W6', 21, 50, NULL, NULL, NULL, NULL, 8, 21, 50, 2000, 1, 8, 1, '2018-09-24 15:27:54', 1, 0, NULL),
	('2018092415RK0622609K', 'SH201EL80924150D622978X', 1, 5, NULL, NULL, NULL, NULL, 8, 1, 5, 3000, 1, 8, 1, '2018-09-24 15:06:22', 1, 0, NULL),
	('201809241A5195AVZD81135', 'SH201OB8C092415195E8H1068', 1, 5, NULL, NULL, NULL, NULL, 8, 1, 5, 2500, 1, 8, 1, '2018-09-24 15:19:58', 1, 0, NULL),
	('201809241C527545M75', 'SH20A1YF809241Z5275481W6', 1, 5, NULL, NULL, NULL, NULL, 8, 1, 5, 2500, 1, 8, 1, '2018-09-24 15:27:54', 1, 0, NULL),
	('201809241D24221L1401', 'SHA20I1L809G241242K2DH19Z13', 101, 500, NULL, NULL, NULL, NULL, 8, 101, 500, 4000, 1, 8, 1, '2018-09-24 12:42:21', 1, 0, NULL),
	('201809241F23U940115O6', 'SH20180924J1239E4013Z7CE2G', 6, 20, NULL, NULL, NULL, NULL, 8, 6, 20, 3000, 1, 8, 1, '2018-09-24 12:39:40', 1, 0, NULL),
	('201809241M527541D090', 'SH20A1YF809241Z5275481W6', 6, 20, NULL, NULL, NULL, NULL, 8, 6, 20, 2300, 1, 8, 1, '2018-09-24 15:27:54', 1, 0, NULL),
	('201809241PU25204UM143TRUF5RH', 'SH201I8H092RAM412I520486A5', 51, 100, NULL, NULL, NULL, NULL, 8, 51, 100, 5000, 1, 8, 1, '2018-09-24 12:52:04', 1, 0, NULL),
	('201809241Z55737152R5', 'SH2018SIAY09G241Y55640C1WX454', 100, 50000, NULL, NULL, NULL, NULL, 2, 1, 500, 14000, 1, 2, 100, '2018-09-24 15:57:37', 1, 1, 1),
	('20180924E1V52754905', 'SH20A1YF809241Z5275481W6', 51, 100, NULL, NULL, NULL, NULL, 8, 51, 100, 1500, 1, 8, 1, '2018-09-24 15:27:54', 1, 0, NULL),
	('20180924EJ1516M05111R4', 'SHY201U8092415160E51421', 1, 50, NULL, NULL, NULL, NULL, 8, 1, 50, 1300, 1, 8, 1, '2018-09-24 15:16:05', 1, 0, NULL),
	('201809M241535E0V314U65', 'SH20M1809241JY5D35031M4PN46', 6, 20, NULL, NULL, NULL, NULL, 8, 6, 20, 5500, 1, 8, 1, '2018-09-24 15:35:03', 1, 1, 1),
	('201809P241527BJH541DO027', 'SH20A1YF809241Z5275481W6', 101, 500, NULL, NULL, NULL, NULL, 8, 101, 500, 1500, 1, 8, 1, '2018-09-24 15:27:54', 1, 0, NULL),
	('201809V241309001183E', 'SHE201A8JUP092AH413090012M90VB', 1, 50, NULL, NULL, NULL, NULL, 8, 1, 50, 2100, 1, 8, 1, '2018-09-24 13:09:00', 1, 0, NULL),
	('201809YT241R53WXF32O8100L9', 'SH201I80924J1C5AX33OTO28V8M73', 1, 2, NULL, NULL, NULL, NULL, 8, 1, 2, 7000, 1, 8, 1, '2018-09-24 15:33:28', 1, 0, NULL),
	('20180A9241AY52202WGZC11PI4E9', 'SH2ZG01R809O241QO52MV2021344', 101, 500, NULL, NULL, NULL, NULL, 8, 101, 500, 2800, 1, 8, 1, '2018-09-24 15:22:02', 1, 1, 1),
	('20180B9241511111TS1G23', 'SH2Z018S0924151111130O7', 6, 20, NULL, NULL, NULL, NULL, 8, 6, 20, 2500, 1, 8, 1, '2018-09-24 15:11:11', 1, 0, NULL),
	('20180P92415Y1U2C22118CRS5', 'SHF20180PO924151D22211XK13V', 11, 50, NULL, NULL, NULL, NULL, 8, 11, 50, 4000, 1, 8, 1, '2018-09-24 15:12:22', 1, 0, NULL),
	('20180Q924151A5121303', 'SH2N0W1GC8GC092E4ZA151G5121350', 11, 100, NULL, NULL, NULL, NULL, 8, 11, 100, 7000, 1, 8, 1, '2018-09-24 15:15:12', 1, 0, NULL),
	('20180T9241250QC20H1187', 'SH20HT1OI8092LW41N250XO201407', 51, 500, NULL, NULL, NULL, NULL, 8, 51, 500, 2300, 1, 8, 1, '2018-09-24 12:50:20', 1, 0, NULL),
	('20180U924J15332814M51', 'SH201I80924J1C5AX33OTO28V8M73', 3, 10, NULL, NULL, NULL, NULL, 8, 3, 10, 4700, 1, 8, 1, '2018-09-24 15:33:28', 1, 0, NULL),
	('201810261F12H902136X1', 'SH201O8102O6F1TS12J9M02IV8Z05', 6, 20, NULL, NULL, NULL, NULL, 8, 6, 20, 8000, 1, 8, 1, '2018-10-26 11:29:02', 1, 0, NULL),
	('201810261N13C237787', 'SH20181026113237S8CS75', 1, 100, NULL, NULL, NULL, NULL, 8, 1, 100, 7000, 1, 8, 1, '2018-10-26 11:32:37', 1, 0, NULL),
	('201810291WD506471326', 'SH20181I0E291506471459', 51, 100, NULL, NULL, NULL, NULL, 8, 51, 100, 3300, 1, 8, 1, '2018-10-29 15:06:47', 1, 0, NULL),
	('2018102R915I0DNI5B18C1391', 'SHM201810291EV5U05181140', 6, 20, NULL, NULL, NULL, NULL, 8, 6, 20, 4300, 1, 8, 1, '2018-10-29 15:05:18', 1, 0, NULL),
	('2018102T91506G471102', 'SH20181I0E291506471459', 1, 5, NULL, NULL, NULL, NULL, 8, 1, 5, 4500, 1, 8, 1, '2018-10-29 15:06:47', 1, 0, NULL),
	('2018103011W3UJ710639', 'SHV20J1810I30G113710Z103W4', 21000000, 50000000, NULL, NULL, NULL, NULL, 3, 21, 50, 45, 1, 3, 1000000, '2018-10-30 11:37:10', 1, 1, 1),
	('201810301ES144421081', 'SH2CC0181030114320489', 1000000, 1540000, NULL, NULL, NULL, NULL, 3, 1, 2, 65000, 1, 3, 1000000, '2018-10-30 11:44:42', 1, 0, NULL),
	('20181030B1N1B16L18B7SOZ35', 'SH201810WE301C1161812Y0VF3MZ', 1000000, 20000000, NULL, NULL, NULL, NULL, 3, 1, 20, 65000, 1, 3, 1000000, '2018-10-30 11:16:18', 1, 0, NULL),
	('2018103H1101300888I', 'SHX2Y01810301WTUP137B565KG9P3', 21000000, 50000000, NULL, NULL, NULL, NULL, 3, 21, 50, 45000, 1, 3, 1000000, '2018-10-31 10:13:00', 1, 0, NULL),
	('2018103I1CQ14I57K3D411GQ38S', 'SHI2018103114I5734T82Q5TIH', 1000000, 3000000, NULL, NULL, NULL, NULL, 3, 1, 3, 25000, 1, 3, 1000000, '2018-10-31 14:57:34', 1, 1, 1),
	('201810B29C1YV459C20693Z', 'SHR2018T1U0291T4CU59O201403Z', 6, 10, NULL, NULL, NULL, NULL, 8, 6, 10, 5500, 1, 8, 1, '2018-10-29 14:59:20', 1, 0, NULL),
	('201810D3UA016B1F30410TP12', 'SH20C18103TU01N61304C8H4KJ0', 1, 100, NULL, NULL, NULL, NULL, 8, 1, 100, 2250, 1, 8, 1, '2018-10-30 16:13:04', 1, 1, 28),
	('201810F0410QA4345982EE', 'SH2018SIAY09G241Y55640C1WX454', 1000000, 3000000, NULL, NULL, NULL, NULL, 3, 1, 3, 15000, 1, 3, 1000000, '2018-10-04 10:43:45', 1, 0, NULL),
	('20181101092T206944PA', 'SHI20AW181M1010916JZ38710', 11, 100, NULL, NULL, NULL, NULL, 8, 11, 100, 12000, 1, 8, 1, '2018-11-01 09:22:06', 1, 1, 1),
	('201811011Z3195P51098K', 'SH201811011319557T83K', 1, 100, NULL, NULL, NULL, NULL, 8, 1, 100, 7000, 1, 8, 1, '2018-11-01 13:19:55', 1, 0, NULL),
	('20181115081T532142G2', 'SH20N18I11V1PL5081Y5UG321CE536', 1000000, 50000000, NULL, NULL, NULL, NULL, 3, 1, 50, 90000, 1, 3, 1000000, '2018-11-15 08:15:32', 1, 0, NULL),
	('20181121U03O0444721', 'SHIN2FB0M1810U26113W3271539', 11, 20, NULL, NULL, NULL, NULL, 8, 11, 20, 5000, 1, 8, 1, '2018-11-21 03:04:44', 1, 0, NULL),
	('201811F0EBO1091353K1191', 'SH201B8ET1101R09Z13C5O31T00VP5', 6, 100, NULL, NULL, NULL, NULL, 8, 6, 100, 15000, 1, 8, 1, '2018-11-01 09:13:53', 1, 0, NULL),
	('201811FU3Q00Q7564IK31A1C88', 'SHUS2S0N181WW13H00M7G56431226', 1, 500, NULL, NULL, NULL, NULL, 8, 1, 500, 5500, 1, 8, 1, '2018-11-30 07:56:43', 1, 0, NULL),
	('201811P051O24623Q647', 'SH2O0XO18F1Y029EO1501061M525', 1000000, 3000000, NULL, NULL, NULL, NULL, 3, 1, 3, 28, 1, 3, 1000000, '2018-11-05 12:46:23', 1, 1, 1),
	('201811QO031U412351105', 'SH2I01811U03N14IJ1L235S1E434', 1000000, 50000000, NULL, NULL, NULL, NULL, 3, 1, 50, 80000, 1, 3, 1000000, '2018-11-03 14:12:35', 1, 0, NULL),
	('201811V1904LONBAX240V0149R6', 'SH20K1811F1BQ9QS0R42W40012V93', 1, 100, NULL, NULL, NULL, NULL, 8, 1, 100, 3000, 1, 8, 1, '2018-11-19 04:24:00', 1, 0, NULL),
	('201811W07U1635136U69', 'SH201B8ET1101R09Z13C5O31T00VP5', 1, 5, NULL, NULL, NULL, NULL, 8, 1, 5, 20000, 1, 8, 1, '2018-11-07 16:35:13', 1, 0, NULL),
	('20181B03116193E3661OR', 'SHI2018103114I5734T82Q5TIH', 1000000, 3000000, NULL, NULL, NULL, NULL, 3, 1, 3, 22000, 1, 3, 1000000, '2018-10-31 16:19:33', 1, 0, NULL),
	('20181C1NQ010916QRM38846', 'SHI20AW181M1010916JZ38710', 6, 100, NULL, NULL, NULL, NULL, 8, 6, 100, 12000, 1, 8, 1, '2018-11-01 09:16:38', 1, 1, 1),
	('20181E0291Y4JW3O6391475', 'SH20M1809241JY5D35031M4PN46', 51, 100, NULL, NULL, NULL, NULL, 8, 51, 100, 3800, 1, 8, 1, '2018-10-29 14:36:39', 1, 0, NULL),
	('20181HA0F3B111401TF4L689', 'SH2018SIAY09G241Y55640C1WX454', 10100000, 200000000, NULL, NULL, NULL, NULL, 3, 10, 200, 13000, 1, 3, 1000000, '2018-10-31 11:40:14', 1, 0, NULL),
	('20181Z11403Y10451417', 'SH2ZG01R809O241QO52MV2021344', 3, 10, NULL, NULL, NULL, NULL, 8, 3, 10, 4700, 1, 8, 1, '2018-11-14 03:10:45', 1, 0, NULL),
	('20181ZI03G11620191338', 'SHI2018103114I5734T82Q5TIH', 4000000, 20000000, NULL, NULL, NULL, NULL, 3, 4, 20, 21000, 1, 3, 1000000, '2018-10-31 16:20:19', 1, 0, NULL),
	('2018A102FI611DI290215Z37', 'SH201O8102O6F1TS12J9M02IV8Z05', 21, 50, NULL, NULL, NULL, NULL, 8, 21, 50, 7000, 1, 8, 1, '2018-10-26 11:29:02', 1, 0, NULL),
	('2018A103O1V1E14014X9DS23', 'SH2018SIAY09G241Y55640C1WX454', 3100000, 10000000, NULL, NULL, NULL, NULL, 3, 3, 10, 14000, 1, 3, 1000000, '2018-10-31 11:40:14', 1, 1, 1),
	('2018B092N41YHT51222MQ1270', 'SHF20180PO924151D22211XK13V', 1, 2, NULL, NULL, NULL, NULL, 8, 1, 2, 7000, 1, 8, 1, '2018-09-24 15:12:22', 1, 0, NULL),
	('2018B10B30113A908885', 'SHZ20D1PE8103D01139081145', 21000000, 50000000, NULL, NULL, NULL, NULL, 3, 21, 50, 45000, 1, 3, 1000000, '2018-10-30 11:39:08', 1, 0, NULL),
	('2018B1V0RF29143Q6M396A7RO9', 'SH20M1809241JY5D35031M4PN46', 11, 20, NULL, NULL, NULL, NULL, 8, 11, 20, 5000, 1, 8, 1, '2018-10-29 14:36:39', 1, 0, NULL),
	('2018FGLI10L311011441114', 'SHV20J1810I30G113710Z103W4', 1000000, 20000000, NULL, NULL, NULL, NULL, 3, 1, 20, 55000, 1, 3, 1000000, '2018-10-31 10:11:44', 1, 0, NULL),
	('2018G09241JX53503714', 'SH20M1809241JY5D35031M4PN46', 21, 50, NULL, NULL, NULL, NULL, 8, 21, 50, 4000, 1, 8, 1, '2018-09-24 15:35:03', 1, 1, 1),
	('2018G09241OL53QS61811KQ47', 'SHI2018AC09241536181U15U7', 1, 5, NULL, NULL, NULL, NULL, 8, 1, 5, 6000, 1, 8, 1, '2018-09-24 15:36:18', 1, 0, NULL),
	('2018H1H004104O345880', 'SH2018SIAY09G241Y55640C1WX454', 3000000, 10000000, NULL, NULL, NULL, NULL, 3, 3, 10, 14000, 1, 3, 1000000, '2018-10-04 10:43:45', 1, 1, 1),
	('2018JOO0924151644666', 'SH20180KA9241516PNF4JLG486R6', 51, 500, NULL, NULL, NULL, NULL, 8, 51, 500, 1900, 1, 8, 1, '2018-09-24 15:16:44', 1, 0, NULL),
	('2018K110109220B61574', 'SHI20AW181M1010916JZ38710', 1, 10, NULL, NULL, NULL, NULL, 8, 1, 10, 15000, 1, 8, 1, '2018-11-01 09:22:06', 1, 1, 1),
	('2018KXH1114Q0K310451011', 'SH2ZG01R809O241QO52MV2021344', 51, 100, NULL, NULL, NULL, NULL, 8, 51, 100, 3000, 1, 8, 1, '2018-11-14 03:10:45', 1, 0, NULL),
	('2018L0R9241K53XAP50Z3689', 'SH20M1809241JY5D35031M4PN46', 101, 500, NULL, NULL, NULL, NULL, 8, 101, 500, 3500, 1, 8, 1, '2018-09-24 15:35:03', 1, 0, NULL),
	('2018L1E1051246231102', 'SH2O0XO18F1Y029EO1501061M525', 3100000, 50000000, NULL, NULL, NULL, NULL, 3, 3, 50, 27000, 1, 3, 1000000, '2018-11-05 12:46:23', 1, 0, NULL),
	('2018N0V9241K5332A81186', 'SH201I80924J1C5AX33OTO28V8M73', 51, 100, NULL, NULL, NULL, NULL, 8, 51, 100, 3000, 1, 8, 1, '2018-09-24 15:33:28', 1, 0, NULL),
	('2018OO0924Y1C5X15121EJ41G6QI', 'SH2N0W1GC8GC092E4ZA151G5121350', 1, 10, NULL, NULL, NULL, NULL, 8, 1, 10, 7500, 1, 8, 1, '2018-09-24 15:15:12', 1, 0, NULL),
	('2018P1Q02915C051W88E37N', 'SHM201810291EV5U05181140', 51, 100, NULL, NULL, NULL, NULL, 8, 51, 100, 3300, 1, 8, 1, '2018-10-29 15:05:18', 1, 0, NULL),
	('2018S10291M445341252', 'SH20181Q02914I45M349IB5A2', 1, 5, NULL, NULL, NULL, NULL, 8, 1, 5, 4500, 1, 8, 1, '2018-10-29 14:45:34', 1, 0, NULL),
	('2018T11140310458FK49', 'SH2ZG01R809O241QO52MV2021344', 101, 500, NULL, NULL, NULL, NULL, 8, 101, 500, 2800, 1, 8, 1, '2018-11-14 03:10:45', 1, 0, NULL),
	('2018U1A0301Y617549YA32', 'SH201810VSF3Q0L16Z1N754F790EP', 1, 100, NULL, NULL, NULL, NULL, 8, 1, 100, 2500, 1, 8, 1, '2018-10-30 16:17:54', 1, 0, NULL),
	('2018V092415361T8959', 'SHI2018AC09241536181U15U7', 101, 500, NULL, NULL, NULL, NULL, 8, 101, 500, 3500, 1, 8, 1, '2018-09-24 15:36:18', 1, 0, NULL),
	('2018V102914SX59201290EO', 'SHR2018T1U0291T4CU59O201403Z', 21, 50, NULL, NULL, NULL, NULL, 8, 21, 50, 4500, 1, 8, 1, '2018-10-29 14:59:20', 1, 0, NULL),
	('2018VW10301144D42E77MB4', 'SH2CC0181030114320489', 1550000, 50000000, NULL, NULL, NULL, NULL, 3, 2, 50, 55000, 1, 3, 1000000, '2018-10-30 11:44:42', 1, 0, NULL),
	('2018XMN1ELB1140H301436L16', 'SH2ZG01R809O241QO52MV2021344', 1, 2, NULL, NULL, NULL, NULL, 8, 1, 2, 7000, 1, 8, 1, '2018-11-14 03:01:43', 1, 1, 1),
	('201901051045101W264J', 'SH20190H10V510410112J43', 1000000, 50000000, NULL, NULL, NULL, NULL, 3, 1, 50, 120000, 0, 3, 0, '2019-01-05 10:45:10', 1, 1, 1),
	('20190112160E805P1A129', 'SHE2019B01H1J2I1608TPM0599I9', 1000000, 50000000, NULL, NULL, NULL, NULL, 3, 1, 50, 80000, 1, 3, 1000000, '2019-01-12 16:08:05', 1, 0, NULL),
	('20190123PR170U23W71294', 'SH20C18103TU01N61304C8H4KJ0', 1, 9, NULL, NULL, NULL, NULL, 8, 1, 9, 2250, 1, 8, 1, '2019-01-23 17:02:37', 1, 0, NULL),
	('201901S0E5Q104M101135L9', 'SH20190H10V510410112J43', 1000000, 50000000, NULL, NULL, NULL, NULL, 3, 1, 50, 120, 1, 3, 1000000, '2019-01-05 10:41:01', 1, 1, 1),
	('20190219W180600C1Z0Q60', 'SH20190D21K918L06008Z06', 1, 5, NULL, NULL, NULL, NULL, 8, 1, 5, 200000, 1, 8, 1, '2019-02-19 18:06:00', 1, 0, NULL),
	('2019021H9OBFV18031Q41R2SK00', 'SH20Z19021T918031R4QI61B1ZJQ', 1, 5, NULL, NULL, NULL, NULL, 8, 1, 5, 200000, 1, 8, 1, '2019-02-19 18:03:14', 1, 0, NULL),
	('2019021O415GD08401004', 'SH20H1U9E02141508F4L0R937S', 1000000, 100000000, NULL, NULL, NULL, NULL, 3, 1, 100, 14500, 1, 3, 1000000, '2019-02-14 15:08:40', 1, 0, NULL),
	('20190220134U84TW39P04W', 'SHBN20FZZM190220134O8438V14', 1, 25, NULL, NULL, NULL, NULL, 8, 1, 25, 6000, 1, 8, 1, '2019-02-20 13:48:43', 1, 0, NULL),
	('201902201AT4O271N7FUZ1026', 'SHPCJ201K9022W014271U7874', 1, 25, NULL, NULL, NULL, NULL, 8, 1, 25, 5000, 1, 8, 1, '2019-02-20 14:27:17', 1, 0, NULL),
	('201902201EJ21432518', 'SHN2G019W0T2201Q2L14326F97', 1000000, 50000000, NULL, NULL, NULL, NULL, 3, 1, 50, 90000, 1, 3, 1000000, '2019-02-20 12:14:32', 1, 0, NULL),
	('201902K1917454RS7115FHB1N', 'SH2S01OG90219174547967GS', 1, 5, NULL, NULL, NULL, NULL, 8, 1, 5, 250000, 1, 8, 1, '2019-02-19 17:45:47', 1, 0, NULL),
	('201902O2012P104H913B4K9CHR', 'SH2019JK022012OK104915H01', 1000000, 50000000, NULL, NULL, NULL, NULL, 3, 1, 50, 100000, 1, 3, 1000000, '2019-02-20 12:10:49', 1, 0, NULL),
	('201904020947A34A4W56', 'SH2F019R04020O9VR473446F9', 1, 9, NULL, NULL, NULL, NULL, 8, 1, 9, 15000, 1, 8, 1, '2019-04-02 09:47:34', 1, 0, NULL),
	('20190402G09P240A9316LJ', 'SH2019K0402092F4CX096QY18', 1, 9, NULL, NULL, NULL, NULL, 8, 1, 9, 6000, 1, 8, 1, '2019-04-02 09:24:09', 1, 0, NULL),
	('201904041L50U722691E', 'SH20190404US150F722994', 1, 9, NULL, NULL, NULL, NULL, 8, 1, 9, 6000, 1, 8, 1, '2019-04-04 15:07:22', 1, 0, NULL),
	('201904050T95058119K5', 'SH2019040U50KO95W0C5L8M477M', 1, 9, NULL, NULL, NULL, NULL, 8, 1, 9, 7000, 1, 8, 1, '2019-04-05 09:50:58', 1, 0, NULL),
	('2019040811592L31V212A', 'SH201P90408Z11N59231E1XAE16', 101, 500, NULL, NULL, NULL, NULL, 8, 101, 500, 3100, 1, 8, 1, '2019-04-08 11:59:23', 1, 0, NULL),
	('201904081X15923U621', 'SH201P90408Z11N59231E1XAE16', 11, 100, NULL, NULL, NULL, NULL, 8, 11, 100, 3500, 1, 8, 1, '2019-04-08 11:59:23', 1, 0, NULL),
	('20190408O1157171Y083', 'SH2019040811571V7I834', 101, 500, NULL, NULL, NULL, NULL, 8, 101, 500, 2900, 1, 8, 1, '2019-04-08 11:57:17', 1, 0, NULL),
	('2019040N4Z10T0436595', 'SH20190EJ4WX04100436J654N', 6, 9, NULL, NULL, NULL, NULL, 8, 6, 9, 8000, 1, 8, 1, '2019-04-04 10:04:36', 1, 0, NULL),
	('201904P0U20H92A532636D', 'SH20190G402092H532318', 1, 9, NULL, NULL, NULL, NULL, 8, 1, 9, 9000, 1, 8, 1, '2019-04-02 09:25:32', 1, 0, NULL),
	('201904TDK020E9C3N9F181T19H3', 'SHI20AW181M1010916JZ38710', 10, 100, NULL, NULL, NULL, NULL, 8, 10, 100, 12000, 1, 0, 0, '2019-04-02 09:39:18', 1, 0, NULL),
	('201905L1014HW07071379F', 'SH201Y90CO51J01Q4070Z711S46', 1, 5, NULL, NULL, NULL, NULL, 8, 1, 5, 6500, 1, 8, 1, '2019-05-10 14:07:07', 1, 1, 1),
	('20190705O0Y9P302K8632', 'SH2P019021E910253J31W192J', 11, 25, NULL, NULL, NULL, NULL, 8, 11, 25, 330000, 1, 8, 1, '2019-07-05 09:30:28', 1, 0, NULL),
	('20190JV4020C9L26141233G', 'SHWG2019021N6IS093H648V992', 10, 100, NULL, NULL, NULL, NULL, 8, 10, 100, 5500, 1, 0, 0, '2019-04-02 09:26:14', 1, 0, NULL),
	('20190L10718075XQ313Z42X', 'SH20B181121085W8ZS4ZJ04S6UG4', 1, 1000, NULL, NULL, NULL, NULL, 8, 1, 1000, 3000, 1, 8, 1, '2019-01-07 18:07:53', 1, 0, NULL),
	('20190L2N20142717S889', 'SHPCJ201K9022W014271U7874', 101, 500, NULL, NULL, NULL, NULL, 8, 101, 500, 4500, 1, 8, 1, '2019-02-20 14:27:17', 1, 0, NULL),
	('20190M526T16173Z0657', 'SH20S1905FQ26161V7301007', 1, 100, NULL, NULL, NULL, NULL, 8, 1, 100, 5000, 1, 8, 1, '2019-05-26 16:17:30', 1, 0, NULL),
	('20190N2OX191L6D2942D4B23', 'SH2P019021E910253J31W192J', 1, 5, NULL, NULL, NULL, NULL, 8, 1, 5, 150000, 1, 8, 1, '2019-02-19 16:29:42', 1, 1, 1),
	('20190TC4H081W15634EM1204S', 'SH2U0TU190F4M0811563413L06', 1, 10, NULL, NULL, NULL, NULL, 8, 1, 10, 2300, 1, 8, 1, '2019-04-08 11:56:34', 1, 0, NULL),
	('2019B02201QG426U14D10T96', 'SH2019022P0142614729I', 101, 500, NULL, NULL, NULL, NULL, 8, 101, 500, 3500, 1, 8, 1, '2019-02-20 14:26:14', 1, 0, NULL),
	('2019B05091502261M488', 'SHO20190O5091502R269HX22I', 1, 5, NULL, NULL, NULL, NULL, 8, 1, 5, 3000, 1, 8, 1, '2019-05-09 15:02:26', 1, 0, NULL),
	('2019C0G1X08T16J4W156589Z', 'SH20180Y92X415BYGYO0819P123A4E', 101, 500, NULL, NULL, NULL, NULL, 8, 101, 500, 3000, 1, 8, 1, '2019-01-08 16:41:56', 1, 0, NULL),
	('2019ET0X509JJ1454F5214F17', 'SH2I0X1Q9050YU2X10241GL2771', 1, 5, NULL, NULL, NULL, NULL, 8, 1, 5, 3000, 1, 0, 0, '2019-05-09 14:54:52', 1, 0, NULL),
	('2019H0SL22M014Y29E087L36', 'SH20O1D9U02VNLJJ2014A2K908696', 1, 25, NULL, NULL, NULL, NULL, 8, 1, 25, 6000, 1, 8, 1, '2019-02-20 14:29:08', 1, 0, NULL),
	('2019O04VQI08115G54O71ZU28V0', 'SH20190BR4N08YJ115JJY54HH7711', 11, 100, NULL, NULL, NULL, NULL, 8, 11, 100, 2500, 1, 8, 1, '2019-04-08 11:55:47', 1, 0, NULL),
	('2019U02B2YMY01FV427179N2E4', 'SHPCJ201K9022W014271U7874', 51, 100, NULL, NULL, NULL, NULL, 8, 51, 100, 4600, 1, 8, 1, '2019-02-20 14:27:17', 1, 0, NULL),
	('2019WID0R2201T34W7W389M9Q7', 'SH20NZ19V0220P1W34738149O5T', 1, 25, NULL, NULL, NULL, NULL, 8, 1, 25, 5000, 1, 8, 1, '2019-02-20 13:47:38', 1, 0, NULL),
	('2019X0408M11XJ5N71711BA9W3', 'SH2019040811571V7I834', 11, 100, NULL, NULL, NULL, NULL, 8, 11, 100, 3400, 1, 8, 1, '2019-04-08 11:57:17', 1, 0, NULL),
	('201A809Y24E1E247425BD82', 'SH20180924124UOJ742X1S092', 51, 500, NULL, NULL, NULL, NULL, 8, 51, 500, 2200, 1, 8, 1, '2018-09-24 12:47:42', 1, 0, NULL),
	('201B9040409J56A06757', 'SHWG2019021N6IS093H648V992', 1, 9, NULL, NULL, NULL, NULL, 8, 1, 9, 9000, 1, 8, 1, '2019-04-04 09:56:06', 1, 1, 1),
	('201BG9040L8E115634OYBQ9IL91', 'SH2U0TU190F4M0811563413L06', 11, 100, NULL, NULL, NULL, NULL, 8, 11, 100, 1900, 1, 8, 1, '2019-04-08 11:56:34', 1, 0, NULL),
	('201BN80O9241535DZ03L937', 'SH20M1809241JY5D35031M4PN46', 51, 100, NULL, NULL, NULL, NULL, 8, 51, 100, 3800, 1, 8, 1, '2018-09-24 15:35:03', 1, 1, 1),
	('201C9021918040211K34', 'SHJX2Y0J1K90219180Q4Z02W8WW29', 1, 5, NULL, NULL, NULL, NULL, 8, 1, 5, 375000, 1, 8, 1, '2019-02-19 18:04:02', 1, 0, NULL),
	('201CTL81WL122112V1P45JX1T299', 'SHVDG2R0181K1M0211WS4822149S7', 25000000, 50000000, NULL, NULL, NULL, NULL, 3, 25, 50, 55000, 1, 3, 1000000, '2018-11-22 11:21:45', 1, 0, NULL),
	('201D8092412G3940602', 'SH20180924J1239E4013Z7CE2G', 51, 100, NULL, NULL, NULL, NULL, 8, 51, 100, 2500, 1, 8, 1, '2018-09-24 12:39:40', 1, 0, NULL),
	('201DX8092412M42V21K1442', 'SHA20I1L809G241242K2DH19Z13', 1, 2, NULL, NULL, NULL, NULL, 8, 1, 2, 8000, 1, 8, 1, '2018-09-24 12:42:21', 1, 0, NULL),
	('201E8R0N9A2MES4150K819H1296X', 'SH20180Y92X415BYGYO0819P123A4E', 3, 10, NULL, NULL, NULL, NULL, 8, 3, 10, 4700, 1, 8, 1, '2018-09-24 15:08:19', 1, 0, NULL),
	('201EF8T0924152229784', 'SH2ZG01R809O241QO52MV2021344', 51, 100, NULL, NULL, NULL, NULL, 8, 51, 100, 3000, 0, 0, 0, '2018-09-24 15:22:29', 1, 0, NULL),
	('201EV8092415RA133ZR98L88T', 'SHH201G8092A415H133910QKQY49H', 6, 20, NULL, NULL, NULL, NULL, 8, 6, 20, 4300, 1, 8, 1, '2018-09-24 15:13:39', 1, 0, NULL),
	('201F9U0404183BRZH451G1O02N1P', 'SHI20AW181M1010916JZ38710', 1, 9, NULL, NULL, NULL, NULL, 8, 1, 9, 15000, 1, 8, 1, '2019-04-04 18:34:51', 1, 0, NULL),
	('201G811050Q9M1929Y11Q5WY2O', 'SHQX201JB811050ZLD9184512L6I3F', 1000000, 50000000, NULL, NULL, NULL, NULL, 3, 1, 50, 7000, 0, 3, 0, '2018-11-05 09:19:29', 1, 1, 1),
	('201G90Q1A1611H245FY2667', 'SH2019N01O1IG61MBT12I4527M26', 1000000, 50000000, NULL, NULL, NULL, NULL, 3, 1, 50, 135000, 1, 3, 1000000, '2019-01-16 11:24:52', 1, 0, NULL),
	('201I80QS9E2L4151958RP784A', 'SH201OB8C092415195E8H1068', 101, 500, NULL, NULL, NULL, NULL, 8, 101, 500, 1500, 1, 8, 1, '2018-09-24 15:19:58', 1, 0, NULL),
	('201I811F24070G948N1H306ZBX', 'SHM201DDR8112J4070948932', 1000000, 20000000, NULL, NULL, NULL, NULL, 3, 1, 20, 80000, 1, 3, 1000000, '2018-11-24 07:09:48', 1, 0, NULL),
	('201I904041N8345V1979', 'SHI20AW181M1010916JZ38710', 10, 100, NULL, NULL, NULL, NULL, 8, 10, 100, 12000, 1, 8, 1, '2019-04-04 18:34:51', 1, 0, NULL),
	('201J902N2FG014280U110S28', 'SH20A1P9A0220142IY801A675', 101, 500, NULL, NULL, NULL, NULL, 8, 101, 500, 4500, 1, 8, 1, '2019-02-20 14:28:01', 1, 0, NULL),
	('201K81114C0301O4311S3M8', 'SH2ZG01R809O241QO52MV2021344', 11, 50, NULL, NULL, NULL, NULL, 8, 11, 50, 3500, 1, 8, 1, '2018-11-14 03:01:43', 1, 1, 1),
	('201K811K061N72712114C6W', 'SHVDG2R0181K1M0211WS4822149S7', 1000000, 50000000, NULL, NULL, NULL, NULL, 3, 1, 50, 55000, 1, 3, 1000000, '2018-11-06 17:27:12', 1, 1, 1),
	('201L81I1S10V101845S973', 'SHI20AW181M1010916JZ38710', 10, 100, NULL, NULL, NULL, NULL, 8, 10, 100, 12000, 1, 8, 1, '2018-11-10 10:18:45', 1, 1, 1),
	('201L8UW1026O11290S2102O1', 'SH201O8102O6F1TS12J9M02IV8Z05', 51, 100, NULL, NULL, NULL, NULL, 8, 51, 100, 6500, 1, 8, 1, '2018-10-26 11:29:02', 1, 0, NULL),
	('201LB904G0M209441468ZLN3', 'SHI20AW181M1010916JZ38710', 1, 9, NULL, NULL, NULL, NULL, 8, 1, 9, 15000, 1, 0, 0, '2019-04-02 09:44:14', 1, 0, NULL),
	('201M80924152RZ2R0279W5', 'SH2ZG01R809O241QO52MV2021344', 1, 2, NULL, NULL, NULL, NULL, 8, 1, 2, 7000, 1, 8, 1, '2018-09-24 15:22:02', 1, 1, 1),
	('201MI8S1Y1O021Z03BN044159VD0', 'SH201Q8I1AQ1H0Q2103F04F4674F', 1000000, 50000000, NULL, NULL, NULL, NULL, 3, 1, 50, 65000, 1, 3, 1000000, '2018-11-02 10:30:44', 1, 1, 1),
	('201O8R0924124742P1382E', 'SH20180924124UOJ742X1S092', 1, 50, NULL, NULL, NULL, NULL, 8, 1, 50, 2300, 1, 8, 1, '2018-09-24 12:47:42', 1, 0, NULL),
	('201OM80HS924J15G5I64K01349', 'SH2018SIAY09G241Y55640C1WX454', 100, 50000, NULL, NULL, NULL, NULL, 2, 1, 500, 1400, 1, 2, 100, '2018-09-24 15:56:40', 1, 1, 1),
	('201Q9022014280W1753', 'SH20A1P9A0220142IY801A675', 26, 50, NULL, NULL, NULL, NULL, 8, 26, 50, 4800, 1, 8, 1, '2019-02-20 14:28:01', 1, 0, NULL),
	('201Q9051TV014D0707621', 'SH201Y90CO51J01Q4070Z711S46', 10, 500, NULL, NULL, NULL, NULL, 8, 10, 500, 3500, 1, 8, 1, '2019-05-10 14:07:07', 1, 0, NULL),
	('201R809241E2441411ZJAM50M', 'SH20180V92412HH44141047E', 1, 5, NULL, NULL, NULL, NULL, 8, 1, 5, 4500, 1, 8, 1, '2018-09-24 12:44:14', 1, 0, NULL),
	('201T8J12R12BN1I80R00T3797P', 'SH20181YH2121800031254', 1, 100, NULL, NULL, NULL, NULL, 8, 1, 100, 60000, 1, 8, 1, '2018-12-12 18:00:04', 1, 1, 1),
	('201T8U09241E5164412X84', 'SH20180KA9241516PNF4JLG486R6', 1, 50, NULL, NULL, NULL, NULL, 8, 1, 50, 2100, 1, 8, 1, '2018-09-24 15:16:44', 1, 0, NULL),
	('201T9K0220134U645G599', 'SHR201H9FA0220134645966', 26, 50, NULL, NULL, NULL, NULL, 8, 26, 50, 4800, 1, 8, 1, '2019-02-20 13:46:45', 1, 0, NULL),
	('201TUM8102915064LG7U1302', 'SH20181I0E291506471459', 101, 500, NULL, NULL, NULL, NULL, 8, 101, 500, 3000, 1, 8, 1, '2018-10-29 15:06:47', 1, 0, NULL),
	('201V809F24F1O5F35Y039E1KR6X', 'SH20M1809241JY5D35031M4PN46', 1, 5, NULL, NULL, NULL, NULL, 8, 1, 5, 6000, 1, 8, 1, '2018-09-24 15:35:03', 1, 0, NULL),
	('201V904041R000RNW33964', 'SHWG2019021N6IS093H648V992', 1, 5, NULL, NULL, NULL, NULL, 8, 1, 5, 9000, 1, 8, 1, '2019-04-04 10:00:33', 1, 0, NULL),
	('201VL80K92D4Q12470010K54', 'SH2018Q0924124R700690', 51, 500, NULL, NULL, NULL, NULL, 8, 51, 500, 1400, 1, 8, 1, '2018-09-24 12:47:00', 1, 0, NULL),
	('201X80924IO1YZJ5462575L6PV', 'SH201809S2415462K51298', 6, 20, NULL, NULL, NULL, NULL, 8, 6, 20, 8000, 1, 8, 1, '2018-09-24 15:46:25', 1, 0, NULL),
	('201Y8I1D1281U045U33K938', 'SH201Q81W128NE10UZ453S3P870TL', 1, 500, NULL, NULL, NULL, NULL, 8, 1, 500, 12000, 1, 8, 1, '2018-11-28 10:45:33', 1, 0, NULL),
	('201Y90UOJ40LEK2092458723', 'SH2019OV04Y0T20Q9D245B85D3R4F', 10, 100, NULL, NULL, NULL, NULL, 8, 10, 100, 5500, 1, 8, 1, '2019-04-02 09:24:58', 1, 0, NULL),
	('201YG905IJ021024121260', 'SH2I0X1Q9050YU2X10241GL2771', 10, 500, NULL, NULL, NULL, NULL, 8, 10, 500, 1400, 1, 8, 1, '2019-05-02 10:24:12', 1, 0, NULL),
	('201Z809241513P391518', 'SHH201G8092A415H133910QKQY49H', 51, 100, NULL, NULL, NULL, NULL, 8, 51, 100, 3300, 1, 8, 1, '2018-09-24 15:13:39', 1, 0, NULL),
	('201Z811G031O416Q16P1494', 'SHI20AW181M1010916JZ38710', 10, 100, NULL, NULL, NULL, NULL, 8, 10, 100, 12000, 1, 8, 1, '2018-11-03 14:16:16', 1, 1, 1),
	('201ZE9021609D36U4845GVR1', 'SHWG2019021N6IS093H648V992', 5, 100, NULL, NULL, NULL, NULL, 8, 5, 100, 5500, 1, 8, 1, '2019-02-16 09:36:48', 1, 1, 1),
	('201ZR8092ADS41Y5401N31233OD', 'SHGC2O01E809F241540131196P', 1, 5, NULL, NULL, NULL, NULL, 8, 1, 5, 9000, 1, 8, 1, '2018-09-24 15:40:13', 1, 0, NULL),
	('20A181105J12485NP1832', 'SH2O0XO18F1Y029EO1501061M525', 1000000, 3000000, NULL, NULL, NULL, NULL, 3, 1, 3, 28000, 1, 3, 1000000, '2018-11-05 12:48:51', 1, 0, NULL),
	('20AB181JF12A1V101CN2Q381411Y', 'SH20181KZ1H2H1W10123XZ8758', 1, 500, NULL, NULL, NULL, NULL, 8, 1, 500, 7000, 1, 8, 1, '2018-11-21 10:12:38', 1, 0, NULL),
	('20AV1B810301D11NP6498OYQ89', 'SH201810H30111649X1353', 21000000, 50000000, NULL, NULL, NULL, NULL, 3, 21, 50, 60000, 1, 3, 1000000, '2018-10-30 11:16:49', 1, 0, NULL),
	('20B18IP0924V123940HWV9T99', 'SH20180924J1239E4013Z7CE2G', 101, 500, NULL, NULL, NULL, NULL, 8, 101, 500, 2200, 1, 8, 1, '2018-09-24 12:39:40', 1, 0, NULL),
	('20B19BL0W4041P43349598', 'SH2T01F90W4041GPRK4G334Q91329', 1, 9, NULL, NULL, NULL, NULL, 8, 1, 9, 6000, 1, 8, 1, '2019-04-04 14:33:49', 1, 0, NULL),
	('20B19MT030FMXJ8142U4Y13U1085', 'SHH20M1903081424STK1I3FG5M76', 1, 5, NULL, NULL, NULL, NULL, 8, 1, 5, 375000, 1, 8, 1, '2019-03-08 14:24:13', 1, 0, NULL),
	('20D18092415111112M34NB', 'SH2Z018S0924151111130O7', 1, 5, NULL, NULL, NULL, NULL, 8, 1, 5, 3500, 1, 8, 1, '2018-09-24 15:11:11', 1, 0, NULL),
	('20D181119042137X879', 'SHA20Z181119H0421V37514MDOQ', 1, 100, NULL, NULL, NULL, NULL, 8, 1, 100, 1500, 1, 8, 1, '2018-11-19 04:21:37', 1, 0, NULL),
	('20DJ18W102915064G71J25PY0E', 'SH20181I0E291506471459', 6, 20, NULL, NULL, NULL, NULL, 8, 6, 20, 4300, 1, 8, 1, '2018-10-29 15:06:47', 1, 0, NULL),
	('20DU190EQ219180123409E', 'SH20ZZ19D021415O410273C5', 1, 5, NULL, NULL, NULL, NULL, 8, 1, 5, 375000, 1, 8, 1, '2019-02-19 18:01:23', 1, 0, NULL),
	('20E181102101ETU5D3I59JIN29J', 'SH2U01C8110210KX15EL351H047M', 1000000, 100000000, NULL, NULL, NULL, NULL, 3, 1, 100, 16000, 1, 3, 1000000, '2018-11-02 10:15:35', 1, 0, NULL),
	('20E181D02ST9D141YI349D8WU52', 'SH201AE8J10G2914XV1349J618', 1, 100, NULL, NULL, NULL, NULL, 8, 1, 100, 5000, 1, 8, 1, '2018-10-29 14:13:49', 1, 0, NULL),
	('20E1O8KV1029144653O63M5', 'SH20181Q02914I45M349IB5A2', 101, 500, NULL, NULL, NULL, NULL, 8, 101, 500, 3000, 1, 8, 1, '2018-10-29 14:46:53', 1, 0, NULL),
	('20EAI190408M1155K47U824', 'SH20190BR4N08YJ115JJY54HH7711', 101, 500, NULL, NULL, NULL, NULL, 8, 101, 500, 2150, 1, 8, 1, '2019-04-08 11:55:47', 1, 0, NULL),
	('20EE18AQ1P0291G4H46531QF374N', 'SH20181Q02914I45M349IB5A2', 6, 20, NULL, NULL, NULL, NULL, 8, 6, 20, 4300, 1, 8, 1, '2018-10-29 14:46:53', 1, 0, NULL),
	('20EU18V10UY2611F3327964', 'SHIN2FB0M1810U26113W3271539', 1, 100, NULL, NULL, NULL, NULL, 8, 1, 100, 7000, 1, 8, 1, '2018-10-26 11:33:27', 1, 1, 1),
	('20F180924K1511W1K114B6B2', 'SH2Z018S0924151111130O7', 101, 500, NULL, NULL, NULL, NULL, 8, 101, 500, 1600, 1, 8, 1, '2018-09-24 15:11:11', 1, 0, NULL),
	('20F180YOO924151H111734', 'SH2Z018S0924151111130O7', 21, 50, NULL, NULL, NULL, NULL, 8, 21, 50, 2300, 1, 8, 1, '2018-09-24 15:11:11', 1, 0, NULL),
	('20F190C5L0L91505P248D02Z', 'SHS2O0190TH50F915H0I524596', 3, 9, NULL, NULL, NULL, NULL, 8, 3, 9, 4700, 1, 8, 1, '2019-05-09 15:05:24', 1, 0, NULL),
	('20F190E40R8H1X155PZ4G7546', 'SH20190BR4N08YJ115JJY54HH7711', 1, 10, NULL, NULL, NULL, NULL, 8, 1, 10, 2700, 1, 8, 1, '2019-04-08 11:55:47', 1, 0, NULL),
	('20I1902M20Z1C34H8431236', 'SHBN20FZZM190220134O8438V14', 26, 50, NULL, NULL, NULL, NULL, 8, 26, 50, 5800, 1, 8, 1, '2019-02-20 13:48:43', 1, 0, NULL),
	('20I1E90G2X201O42908P95P8ZB', 'SH20O1D9U02VNLJJ2014A2K908696', 51, 100, NULL, NULL, NULL, NULL, 8, 51, 100, 5600, 1, 8, 1, '2019-02-20 14:29:08', 1, 0, NULL),
	('20I1J90F22L0134CJ60A310B7K4', 'SH20190S2201PY3460B311F2Y6C', 1, 25, NULL, NULL, NULL, NULL, 8, 1, 25, 4000, 1, 8, 1, '2019-02-20 13:46:03', 1, 0, NULL),
	('20J1810EH29X1506478B73', 'SH20181I0E291506471459', 21, 50, NULL, NULL, NULL, NULL, 8, 21, 50, 3800, 1, 8, 1, '2018-10-29 15:06:47', 1, 0, NULL),
	('20J1D9D02OU2013473877U4', 'SH20NZ19V0220P1W34738149O5T', 26, 50, NULL, NULL, NULL, NULL, 8, 26, 50, 4800, 1, 8, 1, '2019-02-20 13:47:38', 1, 0, NULL),
	('20K1902H2QM01346031HA262', 'SH20190S2201PY3460B311F2Y6C', 26, 50, NULL, NULL, NULL, NULL, 8, 26, 50, 3800, 1, 8, 1, '2019-02-20 13:46:03', 1, 0, NULL),
	('20L180T92415DY081OG91O402', 'SH20180Y92X415BYGYO0819P123A4E', 51, 100, NULL, NULL, NULL, NULL, 8, 51, 100, 3500, 1, 8, 1, '2018-09-24 15:08:19', 1, 0, NULL),
	('20LB19KB022G013FN48T4H31349O', 'SHBN20FZZM190220134O8438V14', 101, 500, NULL, NULL, NULL, NULL, 8, 101, 500, 5500, 1, 8, 1, '2019-02-20 13:48:43', 1, 0, NULL),
	('20LT18SJ110V3F102129XG121C6X', 'SH2P018110310YH2129111G6A', 1, 100, NULL, NULL, NULL, NULL, 8, 1, 100, 15000, 1, 8, 1, '2018-11-03 10:21:29', 1, 0, NULL),
	('20M1W9K0C402A092DEM45D8640', 'SH2019OV04Y0T20Q9D245B85D3R4F', 1, 9, NULL, NULL, NULL, NULL, 8, 1, 9, 9000, 1, 8, 1, '2019-04-02 09:24:58', 1, 0, NULL),
	('20MB18MRC102914NI3W63X91173V', 'SH20M1809241JY5D35031M4PN46', 6, 10, NULL, NULL, NULL, NULL, 8, 6, 10, 5500, 1, 8, 1, '2018-10-29 14:36:39', 1, 0, NULL),
	('20MY1E90I5R0915005F31U56E4A', 'SH2I0X1Q9050YU2X10241GL2771', 6, 9, NULL, NULL, NULL, NULL, 8, 6, 9, 2400, 1, 0, 0, '2019-05-09 15:00:53', 1, 0, NULL),
	('20N190XPH1241O02804F737TUR', 'SH20190H10V510410112J43', 1000000, 50000000, NULL, NULL, NULL, NULL, 3, 1, 50, 75000, 1, 3, 1000000, '2019-01-24 10:28:04', 1, 0, NULL),
	('20NNP1I8092JM415GH40J13124P4', 'SHGC2O01E809F241540131196P', 21, 50, NULL, NULL, NULL, NULL, 8, 21, 50, 7000, 1, 8, 1, '2018-09-24 15:40:13', 1, 0, NULL),
	('20O18092W412441HS4913', 'SH20180V92412HH44141047E', 6, 20, NULL, NULL, NULL, NULL, 8, 6, 20, 4000, 1, 8, 1, '2018-09-24 12:44:14', 1, 0, NULL),
	('20O1E904081156341L0M10KA', 'SH2U0TU190F4M0811563413L06', 101, 500, NULL, NULL, NULL, NULL, 8, 101, 500, 1450, 1, 8, 1, '2019-04-08 11:56:34', 1, 0, NULL),
	('20P180B9241VL5300912D27', 'SH20180924153Z00D96K01', 51, 100, NULL, NULL, NULL, NULL, 8, 51, 100, 3000, 1, 8, 1, '2018-09-24 15:30:09', 1, 1, 1),
	('20P190X30K61S456M4145YT4', 'SH20190T306C145641572', 1000000, 50000000, NULL, NULL, NULL, NULL, 3, 1, 50, 80000, 1, 3, 1000000, '2019-03-06 14:56:41', 1, 0, NULL),
	('20Q18Z1Y1L011115HG001FF237', 'SH20181Z101NX111O500732', 1, 10, NULL, NULL, NULL, NULL, 8, 1, 10, 35000, 1, 8, 1, '2018-11-01 11:15:00', 1, 0, NULL),
	('20Q1I8G09241KT508191R49ES1J', 'SH20180Y92X415BYGYO0819P123A4E', 11, 50, NULL, NULL, NULL, NULL, 8, 11, 50, 4000, 1, 8, 1, '2018-09-24 15:08:19', 1, 0, NULL),
	('20QD181ZQ029HW14465311Z99', 'SH20181Q02914I45M349IB5A2', 51, 100, NULL, NULL, NULL, NULL, 8, 51, 100, 3300, 1, 8, 1, '2018-10-29 14:46:53', 1, 0, NULL),
	('20QJ190504115138U10F54', 'SH20190504115S138101X7', 1, 5, NULL, NULL, NULL, NULL, 8, 1, 5, 250000, 1, 8, 1, '2019-05-04 11:51:38', 1, 0, NULL),
	('20R1MBF8092415N08191550', 'SH20180Y92X415BYGYO0819P123A4E', 1, 2, NULL, NULL, NULL, NULL, 8, 1, 2, 7000, 1, 8, 1, '2018-09-24 15:08:19', 1, 0, NULL),
	('20RB18102915H05181DU052T', 'SHM201810291EV5U05181140', 1, 5, NULL, NULL, NULL, NULL, 8, 1, 5, 4500, 1, 8, 1, '2018-10-29 15:05:18', 1, 0, NULL),
	('20RK18E092RD4J1HF24221125D3Z', 'SHA20I1L809G241242K2DH19Z13', 3, 10, NULL, NULL, NULL, NULL, 8, 3, 10, 5600, 1, 8, 1, '2018-09-24 12:42:21', 1, 0, NULL),
	('20T181W1G14031045977', 'SH2ZG01R809O241QO52MV2021344', 1, 2, NULL, NULL, NULL, NULL, 8, 1, 2, 7000, 1, 8, 1, '2018-11-14 03:10:45', 1, 0, NULL),
	('20U18103E011390WSI81QD36A0', 'SHZ20D1PE8103D01139081145', 10000000, 20000000, NULL, NULL, NULL, NULL, 3, 10, 20, 55000, 1, 3, 1000000, '2018-10-30 11:39:08', 1, 0, NULL),
	('20U19W05M09U150524Y1065AQ', 'SHS2O0190TH50F915H0I524596', 10, 500, NULL, NULL, NULL, NULL, 8, 10, 500, 2800, 1, 8, 1, '2019-05-09 15:05:24', 1, 0, NULL),
	('20UU190328P165C41B5945', 'SH20181YH2121800031254', 1, 100, NULL, NULL, NULL, NULL, 8, 1, 100, 55000, 1, 8, 1, '2019-03-28 16:54:15', 1, 0, NULL),
	('20V181105E0MW920038F95G', 'SHQX201JB811050ZLD9184512L6I3F', 1000000, 50000000, NULL, NULL, NULL, NULL, 3, 1, 50, 70000, 0, 3, 0, '2018-11-05 09:20:03', 1, 1, 1),
	('20V1K90J404O150722330NL', 'SH20190404US150F722994', 10, 100, NULL, NULL, NULL, NULL, 8, 10, 100, 3500, 1, 8, 1, '2019-04-04 15:07:22', 1, 0, NULL),
	('20W18092I41L53009624EACQG', 'SH20180924153Z00D96K01', 3, 10, NULL, NULL, NULL, NULL, 8, 3, 10, 4700, 1, 8, 1, '2018-09-24 15:30:09', 1, 1, 1),
	('20W18B11N010924301460H', 'SH201W8110R10W9B24307F73', 11, 100, NULL, NULL, NULL, NULL, 8, 11, 100, 12000, 1, 8, 1, '2018-11-01 09:24:30', 1, 0, NULL),
	('20W1E8Z0G9W24BS1P53009950', 'SH20180924153Z00D96K01', 101, 500, NULL, NULL, NULL, NULL, 8, 101, 500, 2800, 1, 8, 1, '2018-09-24 15:30:09', 1, 1, 1),
	('20X190R408115N436107M8', 'SH201N90QE40E811543M6YCV1037', 101, 500, NULL, NULL, NULL, NULL, 8, 101, 500, 3900, 1, 8, 1, '2019-04-08 11:54:36', 1, 0, NULL),
	('20X1G810261S1T14228GS08', 'SH2018E102D61G1Z14U2YXU2844', 1, 500, NULL, NULL, NULL, NULL, 8, 1, 500, 1300, 1, 8, 1, '2018-10-26 11:14:22', 1, 0, NULL),
	('20Y180924L1Y54013915', 'SHGC2O01E809F241540131196P', 51, 100, NULL, NULL, NULL, NULL, 8, 51, 100, 6500, 1, 8, 1, '2018-09-24 15:40:13', 1, 0, NULL),
	('20Z18110V50918459OU82', 'SHQX201JB811050ZLD9184512L6I3F', 1000000, 50000000, NULL, NULL, NULL, NULL, 3, 1, 50, 70, 1, 3, 1000000, '2018-11-05 09:18:45', 1, 1, 1),
	('20ZP19040209T253KQ2887', 'SH20190G402092H532318', 10, 100, NULL, NULL, NULL, NULL, 8, 10, 100, 5500, 1, 8, 1, '2019-04-02 09:25:32', 1, 0, NULL),
	('2A01810291O503A15UVVX1508', 'SHR2018T1U0291T4CU59O201403Z', 51, 100, NULL, NULL, NULL, NULL, 8, 51, 100, 3800, 1, 8, 1, '2018-10-29 15:03:15', 1, 0, NULL),
	('2AA01904020S9D4V255N1DV088', 'SHI20AW181M1010916JZ38710', 1, 9, NULL, NULL, NULL, NULL, 8, 1, 9, 15000, 1, 0, 0, '2019-04-02 09:42:55', 1, 0, NULL),
	('2ATW0190408Q1158K128C70', 'SH20190S40R8U1UNE1S58129N05ZR', 1, 10, NULL, NULL, NULL, NULL, 8, 1, 10, 2300, 1, 8, 1, '2019-04-08 11:58:12', 1, 0, NULL),
	('2C018100N41K0434512J03V', 'SH2018SIAY09G241Y55640C1WX454', 10000000, 200000000, NULL, NULL, NULL, NULL, 3, 10, 200, 13000, 1, 3, 1000000, '2018-10-04 10:43:45', 1, 1, 1),
	('2C01PH80O92X4I1NM530091014', 'SH20180924153Z00D96K01', 11, 50, NULL, NULL, NULL, NULL, 8, 11, 50, 3500, 1, 8, 1, '2018-09-24 15:30:09', 1, 1, 1),
	('2D01810291505186V20', 'SHM201810291EV5U05181140', 21, 50, NULL, NULL, NULL, NULL, 8, 21, 50, 3800, 1, 8, 1, '2018-10-29 15:05:18', 1, 0, NULL),
	('2D01811T091H52227II1Y18Z9', 'SH2E0YA1KR81109T15222P754TR7', 1000000, 3000000, NULL, NULL, NULL, NULL, 3, 1, 3, 35000, 1, 3, 1000000, '2018-11-09 15:22:27', 1, 0, NULL),
	('2D0190Y40209T3V918852', 'SHI20AW181M1010916JZ38710', 1, 9, NULL, NULL, NULL, NULL, 8, 1, 9, 15000, 1, 0, 0, '2019-04-02 09:39:18', 1, 0, NULL),
	('2D01V9040J41004361014F', 'SH20190EJ4WX04100436J654N', 1, 5, NULL, NULL, NULL, NULL, 8, 1, 5, 9000, 1, 8, 1, '2019-04-04 10:04:36', 1, 0, NULL),
	('2E018092415N4B625L586', 'SH201809S2415462K51298', 1, 5, NULL, NULL, NULL, NULL, 8, 1, 5, 9000, 1, 8, 1, '2018-09-24 15:46:25', 1, 0, NULL),
	('2ET01905X10140707A6MGWF31', 'SH201Y90CO51J01Q4070Z711S46', 6, 9, NULL, NULL, NULL, NULL, 8, 6, 9, 5500, 1, 8, 1, '2019-05-10 14:07:07', 1, 0, NULL),
	('2EXQE018TA1K026113U5561OK330', 'SH2H0181E02611O3J556V1011', 1, 100, NULL, NULL, NULL, NULL, 8, 1, 100, 7000, 1, 8, 1, '2018-10-26 11:35:56', 1, 0, NULL),
	('2F01810X29144653T1IBJMT071Z', 'SH20181Q02914I45M349IB5A2', 21, 50, NULL, NULL, NULL, NULL, 8, 21, 50, 3800, 1, 8, 1, '2018-10-29 14:46:53', 1, 0, NULL),
	('2F0181101091C449A1282X', 'SH20I1MM8S110109G14W4974L3A', 1, 5, NULL, NULL, NULL, NULL, 8, 1, 5, 20000, 1, 8, 1, '2018-11-01 09:14:49', 1, 0, NULL),
	('2G018WE11IZ0U1OR092430A7L76', 'SH201W8110R10W9B24307F73', 1, 10, NULL, NULL, NULL, NULL, 8, 1, 10, 15000, 1, 8, 1, '2018-11-01 09:24:30', 1, 0, NULL),
	('2G019JK0Y1H2X31WR7H0237959', 'SH20C18103TU01N61304C8H4KJ0', 10, 100, NULL, NULL, NULL, NULL, 8, 10, 100, 1125, 1, 8, 1, '2019-01-23 17:02:37', 1, 0, NULL),
	('2G019JU0D219D18Y0HF4T47G912', 'SH20LZ19G021RIBJ9K1804471092Y', 1, 5, NULL, NULL, NULL, NULL, 8, 1, 5, 125000, 1, 8, 1, '2019-02-19 18:04:47', 1, 0, NULL),
	('2H01809241D512XJR22150D0B', 'SHF20180PO924151D22211XK13V', 101, 500, NULL, NULL, NULL, NULL, 8, 101, 500, 3300, 1, 8, 1, '2018-09-24 15:12:22', 1, 1, 1),
	('2H0180G9241308K2TS11382', 'SH201H809ZY241K308211297', 1, 50, NULL, NULL, NULL, NULL, 8, 1, 50, 1300, 1, 8, 1, '2018-09-24 13:08:21', 1, 0, NULL),
	('2H0190OA509103617867', 'SHA201905R0O9UBY10C361N76O99', 10, 500, NULL, NULL, NULL, NULL, 8, 10, 500, 2800, 1, 8, 1, '2019-05-09 10:36:17', 1, 0, NULL),
	('2H0S1W81QBBI1140U3014384Q0N', 'SH2ZG01R809O241QO52MV2021344', 101, 500, NULL, NULL, NULL, NULL, 8, 101, 500, 2800, 1, 8, 1, '2018-11-14 03:01:43', 1, 1, 1),
	('2H0V181F030J11432I0NU764', 'SH2CC0181030114320489', 1000000, 1540000, NULL, NULL, NULL, NULL, 3, 1, 2, 65, 1, 3, 1000000, '2018-10-30 11:43:20', 1, 1, 1),
	('2HH0D180924124R41B4642', 'SH20180V92412HH44141047E', 21, 50, NULL, NULL, NULL, NULL, 8, 21, 50, 3500, 1, 8, 1, '2018-09-24 12:44:14', 1, 0, NULL),
	('2HY018O0Z92KT4BV1O244C14748', 'SH20180V92412HH44141047E', 51, 100, NULL, NULL, NULL, NULL, 8, 51, 100, 3000, 1, 8, 1, '2018-09-24 12:44:14', 1, 0, NULL),
	('2I0180B9241519581311', 'SH201OB8C092415195E8H1068', 51, 100, NULL, NULL, NULL, NULL, 8, 51, 100, 1500, 1, 8, 1, '2018-09-24 15:19:58', 1, 0, NULL),
	('2I01810P291436QD391LO197', 'SH20M1809241JY5D35031M4PN46', 21, 50, NULL, NULL, NULL, NULL, 8, 21, 50, 4500, 1, 8, 1, '2018-10-29 14:36:39', 1, 0, NULL),
	('2I01HC809O241519581C224', 'SH201OB8C092415195E8H1068', 21, 50, NULL, NULL, NULL, NULL, 8, 21, 50, 2000, 1, 8, 1, '2018-09-24 15:19:58', 1, 0, NULL),
	('2J01FS8111D40T4K4315708', 'SH20181KP1140443UGK1GS5A1V284', 1, 100, NULL, NULL, NULL, NULL, 8, 1, 100, 50000, 1, 8, 1, '2018-11-14 04:43:15', 1, 0, NULL),
	('2J01G9N04Q0209K2409823I', 'SH2019K0402092F4CX096QY18', 10, 100, NULL, NULL, NULL, NULL, 8, 10, 100, 3500, 1, 8, 1, '2019-04-02 09:24:09', 1, 0, NULL),
	('2JT0Z18092412B502PRP06Z48', 'SH20HT1OI8092LW41N250XO201407', 1, 50, NULL, NULL, NULL, NULL, 8, 1, 50, 2400, 1, 8, 1, '2018-09-24 12:50:20', 1, 0, NULL),
	('2K018A092B41KY23J940145H2E', 'SH20180924J1239E4013Z7CE2G', 1, 5, NULL, NULL, NULL, NULL, 8, 1, 5, 4000, 1, 8, 1, '2018-09-24 12:39:40', 1, 0, NULL),
	('2KX0181110101845586L', 'SHI20AW181M1010916JZ38710', 1, 9, NULL, NULL, NULL, NULL, 8, 1, 9, 15000, 1, 8, 1, '2018-11-10 10:18:45', 1, 1, 1),
	('2KYI018Q10O31145734W1259', 'SHI2018103114I5734T82Q5TIH', 4000000, 100000000, NULL, NULL, NULL, NULL, 3, 4, 100, 24000, 1, 3, 1000000, '2018-10-31 14:57:34', 1, 1, 1),
	('2L0190YUL2A2013Z46454ITVI36', 'SHR201H9FA0220134645966', 101, 500, NULL, NULL, NULL, NULL, 8, 101, 500, 4500, 1, 8, 1, '2019-02-20 13:46:45', 1, 0, NULL),
	('2L01R811140V819521504', 'SH2018111PC4T08LPU1952WU974LM', 1000000, 50000000, NULL, NULL, NULL, NULL, 3, 1, 50, 65000, 1, 3, 1000000, '2018-11-14 08:19:52', 1, 0, NULL),
	('2L0Q1IY811210858N40Y47K2', 'SH20B181121085W8ZS4ZJ04S6UG4', 1, 500, NULL, NULL, NULL, NULL, 8, 1, 500, 2000, 1, 8, 1, '2018-11-21 08:58:40', 1, 1, 1),
	('2M0180H924X15361I8SX1424', 'SHI2018AC09241536181U15U7', 6, 20, NULL, NULL, NULL, NULL, 8, 6, 20, 5500, 1, 8, 1, '2018-09-24 15:36:18', 1, 0, NULL),
	('2M01904020926ES1BFQ4P127Y7EF', 'SHWG2019021N6IS093H648V992', 1, 9, NULL, NULL, NULL, NULL, 8, 1, 9, 9000, 1, 0, 0, '2019-04-02 09:26:14', 1, 0, NULL),
	('2M0I18102G91450106V50', 'SH2U018LU1029XYWK14501Y01K230', 1, 10, NULL, NULL, NULL, NULL, 8, 1, 10, 7500, 1, 8, 1, '2018-10-29 14:50:10', 1, 0, NULL),
	('2M0PB19022014I280Z11040N', 'SH20A1P9A0220142IY801A675', 51, 100, NULL, NULL, NULL, NULL, 8, 51, 100, 4600, 1, 8, 1, '2019-02-20 14:28:01', 1, 0, NULL),
	('2N0190220U1QPD34V7381000', 'SH20NZ19V0220P1W34738149O5T', 51, 100, NULL, NULL, NULL, NULL, 8, 51, 100, 4600, 1, 8, 1, '2019-02-20 13:47:38', 1, 0, NULL),
	('2N01NL8B1101J0936356YN88', 'SHF20181X1AT01Y093212U1Z272O', 1000000, 3000000, NULL, NULL, NULL, NULL, 3, 1, 3, 13000, 1, 3, 1000000, '2018-11-01 09:36:35', 1, 0, NULL),
	('2N0OK1810T2914511712WJ38', 'SH2018102914K5117147A8', 1, 100, NULL, NULL, NULL, NULL, 8, 1, 100, 6000, 1, 8, 1, '2018-10-29 14:51:17', 1, 0, NULL),
	('2NA0190705F0930287BUY0W2', 'SH2P019021E910253J31W192J', 1, 10, NULL, NULL, NULL, NULL, 8, 1, 10, 300000, 1, 8, 1, '2019-07-05 09:30:28', 1, 0, NULL),
	('2O01809241242V2P1739', 'SHA20I1L809G241242K2DH19Z13', 51, 100, NULL, NULL, NULL, NULL, 8, 51, 100, 4500, 1, 8, 1, '2018-09-24 12:42:21', 1, 0, NULL),
	('2O019050P91454KTK52815', 'SH2I0X1Q9050YU2X10241GL2771', 6, 9, NULL, NULL, NULL, NULL, 8, 6, 9, 2400, 1, 0, 0, '2019-05-09 14:54:52', 1, 0, NULL),
	('2O01CW80924152202X1O262K', 'SH2ZG01R809O241QO52MV2021344', 3, 10, NULL, NULL, NULL, NULL, 8, 3, 10, 4700, 1, 8, 1, '2018-09-24 15:22:02', 1, 1, 1),
	('2P018092J41XVXD24NM9J071124', 'SH20YZ18J09241DA2GO4907127PT5', 51, 500, NULL, NULL, NULL, NULL, 8, 51, 500, 1500, 1, 8, 1, '2018-09-24 12:49:07', 1, 0, NULL),
	('2P0E1810301616K32745', 'SH2G0181UL03I01616326RKE17', 1, 100, NULL, NULL, NULL, NULL, 8, 1, 100, 2250, 1, 8, 1, '2018-10-30 16:16:32', 1, 0, NULL),
	('2Q01811N01RU09321W2W10TO09', 'SHF20181X1AT01Y093212U1Z272O', 1000000, 100000000, NULL, NULL, NULL, NULL, 3, 1, 100, 12500, 1, 3, 1000000, '2018-11-01 09:32:12', 1, 1, 1),
	('2QK018092RE41E5E462P5W9HX38', 'SH201809S2415462K51298', 21, 50, NULL, NULL, NULL, NULL, 8, 21, 50, 7000, 1, 8, 1, '2018-09-24 15:46:25', 1, 0, NULL),
	('2R018110109WKT13531086', 'SH201B8ET1101R09Z13C5O31T00VP5', 1, 5, NULL, NULL, NULL, NULL, 8, 1, 5, 2000, 1, 8, 1, '2018-11-01 09:13:53', 1, 1, 1),
	('2R019040F811K581B26E46', 'SH20190S40R8U1UNE1S58129N05ZR', 11, 100, NULL, NULL, NULL, NULL, 8, 11, 100, 2000, 1, 8, 1, '2019-04-08 11:58:12', 1, 0, NULL),
	('2R019A022TJ01426OA1RA4602', 'SH2019022P0142614729I', 1, 25, NULL, NULL, NULL, NULL, 8, 1, 25, 4000, 1, 8, 1, '2019-02-20 14:26:14', 1, 0, NULL),
	('2R0AV1810311GZ01144151U7Z', 'SHV20J1810I30G113710Z103W4', 21000000, 50000000, NULL, NULL, NULL, NULL, 3, 21, 50, 45000, 1, 3, 1000000, '2018-10-31 10:11:44', 1, 0, NULL),
	('2RM0180924A15P1M9ESET581047', 'SH201OB8C092415195E8H1068', 6, 20, NULL, NULL, NULL, NULL, 8, 6, 20, 2300, 1, 8, 1, '2018-09-24 15:19:58', 1, 0, NULL),
	('2S0180XLO92J41DT51222QB135F8', 'SHF20180PO924151D22211XK13V', 3, 10, NULL, NULL, NULL, NULL, 8, 3, 10, 4700, 1, 8, 1, '2018-09-24 15:12:22', 1, 0, NULL),
	('2S0DBS19NXYY0304133812605', 'SH201903041DD33812611', 100, 500, NULL, NULL, NULL, NULL, 8, 100, 500, 3500, 1, 8, 1, '2019-03-04 13:38:12', 1, 0, NULL),
	('2U018Q1026111DP83912J2Y8', 'SHCJ2018102611183911A95W', 1, 500, NULL, NULL, NULL, NULL, 8, 1, 500, 2400, 1, 8, 1, '2018-10-26 11:18:39', 1, 0, NULL),
	('2U01902201Q42614G4D3D7D', 'SH2019022P0142614729I', 51, 100, NULL, NULL, NULL, NULL, 8, 51, 100, 3600, 1, 8, 1, '2019-02-20 14:26:14', 1, 0, NULL),
	('2U01I901G2J31C700AG266J09', 'SH201901231E70026TM1427', 10, 101, NULL, NULL, NULL, NULL, 8, 10, 101, 1250, 1, 8, 1, '2019-01-23 17:00:26', 1, 0, NULL),
	('2UJ01809O241R540131185', 'SHGC2O01E809F241540131196P', 101, 500, NULL, NULL, NULL, NULL, 8, 101, 500, 6500, 1, 8, 1, '2018-09-24 15:40:13', 1, 0, NULL),
	('2V0190EAS40E2R09L4414R1155', 'SHI20AW181M1010916JZ38710', 10, 100, NULL, NULL, NULL, NULL, 8, 10, 100, 12000, 1, 0, 0, '2019-04-02 09:44:14', 1, 0, NULL),
	('2V0190XFD2201O34E645H5S36F', 'SHR201H9FA0220134645966', 51, 100, NULL, NULL, NULL, NULL, 8, 51, 100, 4600, 1, 8, 1, '2019-02-20 13:46:45', 1, 0, NULL),
	('2W019L0220AR1348C43117J7H', 'SHBN20FZZM190220134O8438V14', 51, 100, NULL, NULL, NULL, NULL, 8, 51, 100, 5600, 1, 8, 1, '2019-02-20 13:48:43', 1, 0, NULL),
	('2WO0180I924DE15462N51G425', 'SH201809S2415462K51298', 101, 500, NULL, NULL, NULL, NULL, 8, 101, 500, 6500, 1, 8, 1, '2018-09-24 15:46:25', 1, 0, NULL),
	('2X018092G415062S21419T', 'SH201EL80924150D622978X', 6, 20, NULL, NULL, NULL, NULL, 8, 6, 20, 2400, 1, 8, 1, '2018-09-24 15:06:22', 1, 0, NULL),
	('2X0181031A14303187AVL1', 'SH20181K03114BS3I03G110A93I', 1000000, 10000000, NULL, NULL, NULL, NULL, 3, 1, 10, 80000, 1, 3, 1000000, '2018-10-31 14:30:31', 1, 0, NULL),
	('2XL018110109YGC14491Y44P5', 'SH20I1MM8S110109G14W4974L3A', 6, 100, NULL, NULL, NULL, NULL, 8, 6, 100, 15000, 1, 8, 1, '2018-11-01 09:14:49', 1, 0, NULL),
	('2Y01811ML14G09174210X94', 'SH2018SIAY09G241Y55640C1WX454', 3100000, 9600000, NULL, NULL, NULL, NULL, 3, 3, 10, 14000, 1, 3, 1000000, '2018-11-14 09:17:42', 1, 0, NULL),
	('2Y01V809W24125H20Z4792', 'SH201I8H092RAM412I520486A5', 3, 10, NULL, NULL, NULL, NULL, 8, 3, 10, 6500, 1, 8, 1, '2018-09-24 12:52:04', 1, 0, NULL),
	('2Y0G1905U091V502R261503W', 'SHO20190O5091502R269HX22I', 6, 9, NULL, NULL, NULL, NULL, 8, 6, 9, 2400, 1, 8, 1, '2019-05-09 15:02:26', 1, 0, NULL),
	('2Y0G1F905I0F915052W414Z03', 'SHS2O0190TH50F915H0I524596', 1, 2, NULL, NULL, NULL, NULL, 8, 1, 2, 7000, 1, 8, 1, '2019-05-09 15:05:24', 1, 0, NULL),
	('2YE01811R1C403WY01R43W1075', 'SH2ZG01R809O241QO52MV2021344', 3, 10, NULL, NULL, NULL, NULL, 8, 3, 10, 4700, 1, 8, 1, '2018-11-14 03:01:43', 1, 1, 1),
	('2YX019022A01I4A2908K1S184', 'SH20O1D9U02VNLJJ2014A2K908696', 101, 500, NULL, NULL, NULL, NULL, 8, 101, 500, 5500, 1, 8, 1, '2019-02-20 14:29:08', 1, 0, NULL),
	('2Z018E103AY011371086G1ASP', 'SHV20J1810I30G113710Z103W4', 1000000, 20000000, NULL, NULL, NULL, NULL, 3, 1, 20, 55, 1, 3, 1000000, '2018-10-30 11:37:10', 1, 1, 1),
	('2Z0B1UWJ9010816G3858684', 'SHF20180PO924151D22211XK13V', 101, 500, NULL, NULL, NULL, NULL, 8, 101, 500, 3200, 1, 8, 1, '2019-01-08 16:38:58', 1, 0, NULL),
	('A201R8M1123044C047G118JS6Y', 'SH2W01811E23O0440477O88', 1, 100, NULL, NULL, NULL, NULL, 8, 1, 100, 2500, 1, 8, 1, '2018-11-23 04:40:47', 1, 0, NULL),
	('A2K0181I1E031416Q166T89', 'SHI20AW181M1010916JZ38710', 1, 9, NULL, NULL, NULL, NULL, 8, 1, 9, 15000, 0, 8, 0, '2018-11-03 14:16:16', 1, 1, 1),
	('A2ZU0US1Z8I09241L51K33M9860', 'SHH201G8092A415H133910QKQY49H', 21, 50, NULL, NULL, NULL, NULL, 8, 21, 50, 3800, 1, 8, 1, '2018-09-24 15:13:39', 1, 0, NULL),
	('AKZ2U01809L24164P3O411B017', 'SH2018SIAY09G241Y55640C1WX454', 50100, 100000, NULL, NULL, NULL, NULL, 2, 501, 1000, 13000, 1, 2, 100, '2018-09-24 16:43:41', 1, 1, 1),
	('B201810I30P1L137O56456', 'SHX2Y01810301WTUP137B565KG9P3', 21000000, 50000000, NULL, NULL, NULL, NULL, 3, 21, 50, 45, 1, 3, 1000000, '2018-10-30 11:37:56', 1, 1, 1),
	('C20180YA92F41H2L3940NUI14S29', 'SH20180924J1239E4013Z7CE2G', 21, 50, NULL, NULL, NULL, NULL, 8, 21, 50, 2700, 1, 8, 1, '2018-09-24 12:39:40', 1, 0, NULL),
	('C201K809241513G391087', 'SHH201G8092A415H133910QKQY49H', 101, 500, NULL, NULL, NULL, NULL, 8, 101, 500, 3000, 1, 8, 1, '2018-09-24 15:13:39', 1, 0, NULL),
	('C20Z18Y0ON924150819D1UB535', 'SH20180Y92X415BYGYO0819P123A4E', 101, 500, NULL, NULL, NULL, NULL, 8, 101, 500, 3200, 1, 8, 1, '2018-09-24 15:08:19', 1, 1, 1),
	('C2H01I80924153618B12UQK7OGT8', 'SHI2018AC09241536181U15U7', 21, 50, NULL, NULL, NULL, NULL, 8, 21, 50, 4000, 1, 8, 1, '2018-09-24 15:36:18', 1, 0, NULL),
	('cln0201908D1X8111Q70JJ1848', 'cln2ME0H19081811D17QHI0X12E46-1', 1000000, 3000000, NULL, NULL, NULL, NULL, 3, 1, 3, 35000, 1, 3, 1000000, '2019-08-18 11:17:01', 1, 0, NULL),
	('cln02019I0V8DD18F11F170Y1E30L9', 'cln20190B8181117I0183Q4-0', 100, 50000, NULL, NULL, NULL, NULL, 2, 1, 500, 14000, 1, 2, 100, '2019-08-18 11:17:01', 1, 0, NULL),
	('cln020X19081XBA81W0B4E1305BZ04', 'cln201908GNN18104C13QVXP023T9Z-0', 100, 50000, NULL, NULL, NULL, NULL, 2, 1, 500, 14000, 1, 2, 100, '2019-08-18 10:41:30', 1, 0, NULL),
	('cln0W20190AA8Q1P8I1A117D0B1723T', 'cln201B9W081I81A11701TZ68Y1-2', 1000000, 3000000, NULL, NULL, NULL, NULL, 3, 1, 3, 28, 1, 3, 1000000, '2019-08-18 11:17:01', 1, 0, NULL),
	('cln1201W9081L8CX111L7C012DN64', 'cln2ME0H19081811D17QHI0X12E46-1', 3100000, 50000000, NULL, NULL, NULL, NULL, 3, 3, 50, 34000, 1, 3, 1000000, '2019-08-18 11:17:01', 1, 0, NULL),
	('cln1201W908I1Z811SV17016VABCE93', 'cln20190B8181117I0183Q4-0', 1000000, 3000000, NULL, NULL, NULL, NULL, 3, 1, 3, 15000, 1, 3, 1000000, '2019-08-18 11:17:01', 1, 0, NULL),
	('cln12A01Q90818111G7G019TRQ12', 'cln201B9W081I81A11701TZ68Y1-2', 3100000, 50000000, NULL, NULL, NULL, NULL, 3, 3, 50, 27000, 1, 3, 1000000, '2019-08-18 11:17:01', 1, 0, NULL),
	('cln12E01N9Q0H8181041W30V1C0EI48', 'cln201908GNN18104C13QVXP023T9Z-0', 1000000, 3000000, NULL, NULL, NULL, NULL, 3, 1, 3, 15000, 1, 3, 1000000, '2019-08-18 10:41:30', 1, 0, NULL),
	('cln220190818VSO11BO17Y0O1925YIG', 'cln201B9W081I81A11701TZ68Y1-2', 1000000, 3000000, NULL, NULL, NULL, NULL, 3, 1, 3, 28000, 1, 3, 1000000, '2019-08-18 11:17:01', 1, 0, NULL),
	('cln22019HU08181117I01815', 'cln20190B8181117I0183Q4-0', 10100000, 200000000, NULL, NULL, NULL, NULL, 3, 10, 200, 13000, 1, 3, 1000000, '2019-08-18 11:17:01', 1, 0, NULL),
	('cln22019TJ0N818104FQ130609', 'cln201908GNN18104C13QVXP023T9Z-0', 10100000, 200000000, NULL, NULL, NULL, NULL, 3, 10, 200, 13000, 1, 3, 1000000, '2019-08-18 10:41:30', 1, 0, NULL),
	('cln3201908BK18V11PZH1L7Z0165R7', 'cln201B9W081I81A11701TZ68Y1-2', 1000000, 20000000, NULL, NULL, NULL, NULL, 3, 1, 20, 28000, 1, 3, 1000000, '2019-08-18 11:17:01', 1, 0, NULL),
	('cln3C20L19081810413L02O8KNS2', 'cln201908GNN18104C13QVXP023T9Z-0', 3100000, 10000000, NULL, NULL, NULL, NULL, 3, 3, 10, 14000, 1, 3, 1000000, '2019-08-18 10:41:30', 1, 0, NULL),
	('cln3M201908S18111A7011108', 'cln20190B8181117I0183Q4-0', 3100000, 10000000, NULL, NULL, NULL, NULL, 3, 3, 10, 14000, 1, 3, 1000000, '2019-08-18 11:17:01', 1, 0, NULL),
	('cln420IB1OG908UH1811L1701RWM182', 'cln20190B8181117I0183Q4-0', 3000000, 10000000, NULL, NULL, NULL, NULL, 3, 3, 10, 14000, 1, 3, 1000000, '2019-08-18 11:17:01', 1, 0, NULL),
	('cln42W01908181GX11A7XX0M16X64L', 'cln201B9W081I81A11701TZ68Y1-2', 10000, 32000, NULL, NULL, NULL, NULL, 2, 100, 320, 28000, 1, 2, 100, '2019-08-18 11:17:01', 1, 0, NULL),
	('cln4Z20TU190T818104A1X303TBGZ85', 'cln201908GNN18104C13QVXP023T9Z-0', 3000000, 10000000, NULL, NULL, NULL, NULL, 3, 3, 10, 14000, 1, 3, 1000000, '2019-08-18 10:41:30', 1, 0, NULL),
	('cln52Z01LY90ST8V1GMH8111701T959', 'cln20190B8181117I0183Q4-0', 100, 50000, NULL, NULL, NULL, NULL, 2, 1, 500, 1400, 1, 2, 100, '2019-08-18 11:17:01', 1, 0, NULL),
	('cln5Z20190818104V130545', 'cln201908GNN18104C13QVXP023T9Z-0', 100, 50000, NULL, NULL, NULL, NULL, 2, 1, 500, 1400, 1, 2, 100, '2019-08-18 10:41:30', 1, 0, NULL),
	('cln62019F081810413R02ARDF50A', 'cln201908GNN18104C13QVXP023T9Z-0', 10000000, 200000000, NULL, NULL, NULL, NULL, 3, 10, 200, 13000, 1, 3, 1000000, '2019-08-18 10:41:30', 1, 0, NULL),
	('cln6K2019081X81XD11701290', 'cln20190B8181117I0183Q4-0', 10000000, 200000000, NULL, NULL, NULL, NULL, 3, 10, 200, 13000, 1, 3, 1000000, '2019-08-18 11:17:01', 1, 0, NULL),
	('cln7UUW20QN1908A181117R01X3E11', 'cln20190B8181117I0183Q4-0', 3100000, 9600000, NULL, NULL, NULL, NULL, 3, 3, 10, 14000, 1, 3, 1000000, '2019-08-18 11:17:01', 1, 0, NULL),
	('cln7Y201N90ML8181A04130884', 'cln201908GNN18104C13QVXP023T9Z-0', 3100000, 9600000, NULL, NULL, NULL, NULL, 3, 3, 10, 14000, 1, 3, 1000000, '2019-08-18 10:41:30', 1, 0, NULL),
	('cln820I190M81JM8O1117K0T16TQ79', 'cln20190B8181117I0183Q4-0', 50100, 100000, NULL, NULL, NULL, NULL, 2, 501, 1000, 13000, 1, 2, 100, '2019-08-18 11:17:01', 1, 0, NULL),
	('cln8U2019D081A8104L13071H7', 'cln201908GNN18104C13QVXP023T9Z-0', 50100, 100000, NULL, NULL, NULL, NULL, 2, 501, 1000, 13000, 1, 2, 100, '2019-08-18 10:41:30', 1, 0, NULL),
	('CT20B181031101DP300O885', 'SHX2Y01810301WTUP137B565KG9P3', 1000000, 20000000, NULL, NULL, NULL, NULL, 3, 1, 20, 55000, 1, 3, 1000000, '2018-10-31 10:13:00', 1, 0, NULL),
	('D201809241T2470E0773', 'SH2018Q0924124R700690', 1, 50, NULL, NULL, NULL, NULL, 8, 1, 50, 1500, 1, 8, 1, '2018-09-24 12:47:00', 1, 0, NULL),
	('D2018Z103D016183I7B1H26B9', 'SH201AS810301Y6A1837PLI6Y96', 1, 100, NULL, NULL, NULL, NULL, 8, 1, 100, 5000, 1, 8, 1, '2018-10-30 16:18:37', 1, 0, NULL),
	('D201H81L1N02OE1HX14H82F2667', 'SHVDG2R0181K1M0211WS4822149S7', 1000000, 50000000, NULL, NULL, NULL, NULL, 3, 1, 50, 65000, 1, 3, 1000000, '2018-11-02 11:48:22', 1, 1, 1),
	('D2F01810291S5G0315122M1', 'SHR2018T1U0291T4CU59O201403Z', 101, 500, NULL, NULL, NULL, NULL, 8, 101, 500, 3500, 1, 8, 1, '2018-10-29 15:03:15', 1, 0, NULL),
	('DW20GB18JE10291GRBC45920994', 'SHR2018T1U0291T4CU59O201403Z', 1, 5, NULL, NULL, NULL, NULL, 8, 1, 5, 6000, 1, 8, 1, '2018-10-29 14:59:20', 1, 0, NULL),
	('E201US81Q030113G7561034', 'SHX2Y01810301WTUP137B565KG9P3', 1000000, 20000000, NULL, NULL, NULL, NULL, 3, 1, 20, 55, 1, 3, 1000000, '2018-10-30 11:37:56', 1, 1, 1),
	('E20L1R80RT92415JO2J202X1266', 'SH2ZG01R809O241QO52MV2021344', 11, 50, NULL, NULL, NULL, NULL, 8, 11, 50, 3500, 1, 8, 1, '2018-09-24 15:22:02', 1, 1, 1),
	('E2I01U90304CM1A3X38454N94F', 'SH20E1903U0413C3N8N451351', 50, 500, NULL, NULL, NULL, NULL, 8, 50, 500, 3500, 1, 8, 1, '2019-03-04 13:38:45', 1, 0, NULL),
	('E2J019040E8BM11543610H22VRS', 'SH201N90QE40E811543M6YCV1037', 1, 10, NULL, NULL, NULL, NULL, 8, 1, 10, 5000, 1, 8, 1, '2019-04-08 11:54:36', 1, 0, NULL),
	('F2018Q10K29150DI5A181KM356', 'SHM201810291EV5U05181140', 101, 500, NULL, NULL, NULL, NULL, 8, 101, 500, 3500, 1, 8, 1, '2018-10-29 15:05:18', 1, 0, NULL),
	('F201904081157E1753ZZN6', 'SH2019040811571V7I834', 1, 10, NULL, NULL, NULL, NULL, 8, 1, 10, 4000, 1, 8, 1, '2019-04-08 11:57:17', 1, 0, NULL),
	('F201G80X924130900JE1100I', 'SHE201A8JUP092AH413090012M90VB', 51, 500, NULL, NULL, NULL, NULL, 8, 51, 500, 1900, 1, 8, 1, '2018-09-24 13:09:00', 1, 0, NULL),
	('F20O1CA8K1G11403104592QR6Q', 'SH2ZG01R809O241QO52MV2021344', 11, 50, NULL, NULL, NULL, NULL, 8, 11, 50, 3500, 1, 8, 1, '2018-11-14 03:10:45', 1, 0, NULL),
	('F2FY019SX02201FT3460O3842', 'SH20190S2201PY3460B311F2Y6C', 101, 500, NULL, NULL, NULL, NULL, 8, 101, 500, 3500, 1, 8, 1, '2019-02-20 13:46:03', 1, 0, NULL),
	('G2018N1102F1016Z161356JO', 'SH201811GV02101X616K708', 1000000, 100000000, NULL, NULL, NULL, NULL, 3, 1, 100, 15000, 1, 3, 1000000, '2018-11-02 10:16:16', 1, 0, NULL),
	('G20J190G40811KH54361027', 'SH201N90QE40E811543M6YCV1037', 11, 100, NULL, NULL, NULL, NULL, 8, 11, 100, 4400, 1, 8, 1, '2019-04-08 11:54:36', 1, 0, NULL),
	('G20N1809241MNV53328I1HI2L56', 'SH201I80924J1C5AX33OTO28V8M73', 101, 500, NULL, NULL, NULL, NULL, 8, 101, 500, 2800, 1, 8, 1, '2018-09-24 15:33:28', 1, 0, NULL),
	('G2X018NO0Z9241N54625950', 'SH201809S2415462K51298', 51, 100, NULL, NULL, NULL, NULL, 8, 51, 100, 6500, 1, 8, 1, '2018-09-24 15:46:25', 1, 0, NULL),
	('H20W18D1029085L856DSW974G', 'SH2P01Y8I102I9WO085U8566R5U0', 1, 100, NULL, NULL, NULL, NULL, 8, 1, 100, 2500, 1, 8, 1, '2018-10-29 08:58:56', 1, 0, NULL),
	('HL20N1Q8U102J6I11290KM21289', 'SH201O8102O6F1TS12J9M02IV8Z05', 1, 5, NULL, NULL, NULL, NULL, 8, 1, 5, 9000, 1, 8, 1, '2018-10-26 11:29:02', 1, 0, NULL),
	('HM2V019021W9N1Z0N2U5N33545', 'SH2P019021E910253J31W192J', 500, 2500, NULL, NULL, NULL, NULL, 22, 1, 5, 150000, 1, 22, 500, '2019-02-19 10:25:33', 1, 1, 1),
	('I20181101G0WJ93635K14ES04', 'SHF20181X1AT01Y093212U1Z272O', 3100000, 100000000, NULL, NULL, NULL, NULL, 3, 3, 100, 12500, 1, 3, 1000000, '2018-11-01 09:36:35', 1, 1, 1),
	('I20181121WL0BO3Z04O4485C4', 'SHIN2FB0M1810U26113W3271539', 51, 100, NULL, NULL, NULL, NULL, 8, 51, 100, 3800, 1, 8, 1, '2018-11-21 03:04:44', 1, 0, NULL),
	('IM2018092E4124B41497XS0Y', 'SH20180V92412HH44141047E', 101, 500, NULL, NULL, NULL, NULL, 8, 101, 500, 2500, 1, 8, 1, '2018-09-24 12:44:14', 1, 0, NULL),
	('IVH201D9J04081158J1283TMT8', 'SH20190S40R8U1UNE1S58129N05ZR', 101, 500, NULL, NULL, NULL, NULL, 8, 101, 500, 1550, 1, 8, 1, '2019-04-08 11:58:12', 1, 0, NULL),
	('J20180924124J2211535', 'SHA20I1L809G241242K2DH19Z13', 11, 50, NULL, NULL, NULL, NULL, 8, 11, 50, 5000, 1, 8, 1, '2018-09-24 12:42:21', 1, 0, NULL),
	('J20180A92W4UA151W6J05874XP', 'SHY201U8092415160E51421', 51, 500, NULL, NULL, NULL, NULL, 8, 51, 500, 1100, 1, 8, 1, '2018-09-24 15:16:05', 1, 0, NULL),
	('J2019022014280137O8', 'SH20A1P9A0220142IY801A675', 1, 25, NULL, NULL, NULL, NULL, 8, 1, 25, 5000, 1, 8, 1, '2019-02-20 14:28:01', 1, 0, NULL),
	('JS201811L0512M3I92HM9G88N2', 'SH2O0XO18F1Y029EO1501061M525', 1000000, 20000000, NULL, NULL, NULL, NULL, 3, 1, 20, 28000, 1, 3, 1000000, '2018-11-05 12:39:29', 1, 1, 1),
	('K2019H0MUP402094Z255B1T017J', 'SHI20AW181M1010916JZ38710', 10, 100, NULL, NULL, NULL, NULL, 8, 10, 100, 12000, 1, 0, 0, '2019-04-02 09:42:55', 1, 0, NULL),
	('KF2018L10G2914T592C013R59U', 'SHR2018T1U0291T4CU59O201403Z', 11, 20, NULL, NULL, NULL, NULL, 8, 11, 20, 5000, 1, 8, 1, '2018-10-29 14:59:20', 1, 0, NULL),
	('KLA201E811091522E2M713SZ0I3', 'SH2E0YA1KR81109T15222P754TR7', 3100000, 50000000, NULL, NULL, NULL, NULL, 3, 3, 50, 34000, 1, 3, 1000000, '2018-11-09 15:22:27', 1, 0, NULL),
	('L201810301116A4T9718', 'SH201810H30111649X1353', 1000000, 20000000, NULL, NULL, NULL, NULL, 3, 1, 20, 65000, 1, 3, 1000000, '2018-10-30 11:16:49', 1, 0, NULL),
	('L201N8E10XN261B12N9021051X', 'SH201O8102O6F1TS12J9M02IV8Z05', 101, 500, NULL, NULL, NULL, NULL, 8, 101, 500, 6500, 1, 8, 1, '2018-10-26 11:29:02', 1, 0, NULL),
	('L201T81BM03L0EG11161Z8H1Z242', 'SH201810WE301C1161812Y0VF3MZ', 21000000, 50000000, NULL, NULL, NULL, NULL, 3, 21, 50, 60000, 1, 3, 1000000, '2018-10-30 11:16:18', 1, 0, NULL),
	('M2019TW0509DBZ1502261CE2S6N5', 'SHO20190O5091502R269HX22I', 10, 500, NULL, NULL, NULL, NULL, 8, 10, 500, 1400, 1, 8, 1, '2019-05-09 15:02:26', 1, 0, NULL),
	('M2019V0116CH1ZC12L517NQB879', 'SHG2IH0B1G9K01161125176JE37', 1000000, 10000000, NULL, NULL, NULL, NULL, 3, 1, 10, 85000, 1, 3, 1000000, '2019-01-16 11:25:17', 1, 1, 1),
	('M201F810G26E1114Y5G3SH8WE52', 'SH201810D2611U1453877S', 1, 500, NULL, NULL, NULL, NULL, 8, 1, 500, 2600, 1, 8, 1, '2018-10-26 11:14:53', 1, 0, NULL),
	('M20Z1Z8112UFR103044412E76', 'SHIN2FB0M1810U26113W3271539', 6, 10, NULL, NULL, NULL, NULL, 8, 6, 10, 5500, 1, 8, 1, '2018-11-21 03:04:44', 1, 0, NULL),
	('M2B0A18V103Z114O3ZD0K311491', 'SH20181K03114BS3I03G110A93I', 11000000, 50000000, NULL, NULL, NULL, NULL, 3, 11, 50, 70000, 1, 3, 1000000, '2018-10-31 14:30:31', 1, 0, NULL),
	('M2M0190404C15193340P9', 'SH2S019W04041519FLJS3357L5G', 1, 9, NULL, NULL, NULL, NULL, 8, 1, 9, 7000, 1, 8, 1, '2019-04-04 15:19:33', 1, 0, NULL),
	('N20QTLC1811011Z1195S31W03Y8O', 'SH20181101111F95313IU3J4L', 1000000, 50000000, NULL, NULL, NULL, NULL, 3, 1, 50, 55000, 1, 3, 1000000, '2018-11-01 11:19:53', 1, 0, NULL),
	('N20R18L1E101091VZI5DN47104H7', 'SH201G81H1W0J1091X547W15LZ91PB', 1, 5, NULL, NULL, NULL, NULL, 8, 1, 5, 20000, 1, 8, 1, '2018-11-01 09:15:47', 1, 0, NULL),
	('O201F811140301L4KWV311OM01Y', 'SH2ZG01R809O241QO52MV2021344', 51, 100, NULL, NULL, NULL, NULL, 8, 51, 100, 3000, 1, 8, 1, '2018-11-14 03:01:43', 1, 1, 1),
	('O20AA1ZI81DZA101092MV8441206', 'SH20M18I110Q10928B441534', 1, 100, NULL, NULL, NULL, NULL, 8, 1, 100, 15000, 1, 8, 1, '2018-11-01 09:28:44', 1, 0, NULL),
	('O20C1V902201429Y08131M0', 'SH20O1D9U02VNLJJ2014A2K908696', 26, 50, NULL, NULL, NULL, NULL, 8, 26, 50, 5800, 1, 8, 1, '2019-02-20 14:29:08', 1, 0, NULL),
	('O20VF1C8092C41GR24907UO10W65', 'SH20YZ18J09241DA2GO4907127PT5', 1, 50, NULL, NULL, NULL, NULL, 8, 1, 50, 1600, 1, 8, 1, '2018-09-24 12:49:07', 1, 0, NULL),
	('O2DQ018F11P0109DO2757610', 'SHLK2OA01R81101092757A9W54', 1, 100, NULL, NULL, NULL, NULL, 8, 1, 100, 15000, 1, 8, 1, '2018-11-01 09:27:57', 1, 0, NULL),
	('OAJ20V1T9R04G04100V033S382', 'SHWG2019021N6IS093H648V992', 6, 9, NULL, NULL, NULL, NULL, 8, 6, 9, 8000, 1, 8, 1, '2019-04-04 10:00:33', 1, 0, NULL),
	('OI20190A52BS2DC14392313Z00N', 'SH201Y90CO51J01Q4070Z711S46', 1, 5, NULL, NULL, NULL, NULL, 8, 1, 5, 6000, 1, 0, 0, '2019-05-22 14:39:23', 1, 0, NULL),
	('OU2Q0190F112YV1608311029', 'SH201H90L11Z2Y1608T31B12G72ZK', 1000000, 45000000, NULL, NULL, NULL, NULL, 3, 1, 45, 80000, 1, 3, 1000000, '2019-01-12 16:08:31', 1, 0, NULL),
	('P2018N1D121U03H04441V439S', 'SHIN2FB0M1810U26113W3271539', 101, 500, NULL, NULL, NULL, NULL, 8, 101, 500, 3500, 1, 8, 1, '2018-11-21 03:04:44', 1, 0, NULL),
	('P20190123170P0261185', 'SH201901231E70026TM1427', 1, 9, NULL, NULL, NULL, NULL, 8, 1, 9, 2500, 1, 8, 1, '2019-01-23 17:00:26', 1, 0, NULL),
	('PP2O01L902B19TOX1802271FS151', 'SH2S0O1X902191YP80227724', 1, 5, NULL, NULL, NULL, NULL, 8, 1, 5, 700000, 1, 8, 1, '2019-02-19 18:02:27', 1, 0, NULL),
	('Q20181B02I9150106T7K23', 'SH2O0XO18F1Y029EO1501061M525', 10000, 32000, NULL, NULL, NULL, NULL, 2, 100, 320, 28000, 1, 2, 100, '2018-10-29 15:01:06', 1, 1, 1),
	('Q20X190F22013O46HS0371YPU1', 'SH20190S2201PY3460B311F2Y6C', 51, 100, NULL, NULL, NULL, NULL, 8, 51, 100, 3600, 1, 8, 1, '2019-02-20 13:46:03', 1, 0, NULL),
	('QJ201HY9M022L013464ZQ5I36A3', 'SHR201H9FA0220134645966', 1, 25, NULL, NULL, NULL, NULL, 8, 1, 25, 5000, 1, 8, 1, '2019-02-20 13:46:45', 1, 0, NULL),
	('QZ2P0E1902Z2B013W473MT88N38', 'SH20NZ19V0220P1W34738149O5T', 101, 500, NULL, NULL, NULL, NULL, 8, 101, 500, 4500, 1, 8, 1, '2019-02-20 13:47:38', 1, 0, NULL),
	('R201L81W1F21030S4LN449KR43', 'SHIN2FB0M1810U26113W3271539', 21, 50, NULL, NULL, NULL, NULL, 8, 21, 50, 4500, 1, 8, 1, '2018-11-21 03:04:44', 1, 0, NULL),
	('R20Z1O811050927501335', 'SHQX201JB811050ZLD9184512L6I3F', 1000000, 50000000, NULL, NULL, NULL, NULL, 3, 1, 50, 70000, 1, 3, 1000000, '2018-11-05 09:27:50', 1, 0, NULL),
	('S201809241506221YE445', 'SH201EL80924150D622978X', 101, 500, NULL, NULL, NULL, NULL, 8, 101, 500, 1500, 1, 8, 1, '2018-09-24 15:06:22', 1, 0, NULL),
	('S20181A1T2103V04YA441357RN', 'SHIN2FB0M1810U26113W3271539', 1, 5, NULL, NULL, NULL, NULL, 8, 1, 5, 6000, 1, 8, 1, '2018-11-21 03:04:44', 1, 0, NULL),
	('S201901071807531W3W31', 'SH20B181121085W8ZS4ZJ04S6UG4', 1001, 5000, NULL, NULL, NULL, NULL, 8, 1001, 5000, 2500, 1, 8, 1, '2019-01-07 18:07:53', 1, 0, NULL),
	('S20190220E142614484', 'SH2019022P0142614729I', 26, 50, NULL, NULL, NULL, NULL, 8, 26, 50, 3800, 1, 8, 1, '2019-02-20 14:26:14', 1, 0, NULL),
	('S201IP90E402094734733', 'SH2F019R04020O9VR473446F9', 10, 100, NULL, NULL, NULL, NULL, 8, 10, 100, 12000, 1, 8, 1, '2019-04-02 09:47:34', 1, 0, NULL),
	('T2018Q1L1221K1AS214SNX544M6', 'SHVDG2R0181K1M0211WS4822149S7', 1000000, 24900000, NULL, NULL, NULL, NULL, 3, 1, 25, 60000, 1, 3, 1000000, '2018-11-22 11:21:45', 1, 0, NULL),
	('T201902201427HI1711I7H7', 'SHPCJ201K9022W014271U7874', 26, 50, NULL, NULL, NULL, NULL, 8, 26, 50, 4800, 1, 8, 1, '2019-02-20 14:27:17', 1, 0, NULL),
	('T20TZ1Q81101091T6JH3R8799', 'SHI20AW181M1010916JZ38710', 1, 5, NULL, NULL, NULL, NULL, 8, 1, 5, 15000, 1, 8, 1, '2018-11-01 09:16:38', 1, 1, 1),
	('T20VS181030Q1X118H00S9W71U', 'SHCX2018L10301118001398', 1000000, 20000000, NULL, NULL, NULL, NULL, 3, 1, 20, 65000, 1, 3, 1000000, '2018-10-30 11:18:00', 1, 0, NULL),
	('TE2Z019Y0221H1248C01901Q', 'SH20180924J1239E4013Z7CE2G', 600, 5000, NULL, NULL, NULL, NULL, 8, 600, 5000, 12000, 1, 8, 1, '2019-02-21 12:48:01', 1, 1, 1),
	('U201V8A09241K5D361812QJ92', 'SHI2018AC09241536181U15U7', 51, 100, NULL, NULL, NULL, NULL, 8, 51, 100, 3800, 1, 8, 1, '2018-09-24 15:36:18', 1, 0, NULL),
	('U20CZF1904040ZU9Z56V0662SR3', 'SHWG2019021N6IS093H648V992', 10, 100, NULL, NULL, NULL, NULL, 8, 10, 100, 5500, 1, 8, 1, '2019-04-04 09:56:06', 1, 0, NULL),
	('U20NR18092415300BC9SKY811', 'SH20180924153Z00D96K01', 1, 2, NULL, NULL, NULL, NULL, 8, 1, 2, 7000, 1, 8, 1, '2018-09-24 15:30:09', 1, 1, 1),
	('U2H0D190R40415QY19336N0U1', 'SH2S019W04041519FLJS3357L5G', 10, 100, NULL, NULL, NULL, NULL, 8, 10, 100, 5500, 1, 8, 1, '2019-04-04 15:19:33', 1, 0, NULL),
	('V20190405095I058EE1085MF', 'SH2019040U50KO95W0C5L8M477M', 10, 100, NULL, NULL, NULL, NULL, 8, 10, 100, 5500, 1, 8, 1, '2019-04-05 09:50:58', 1, 0, NULL),
	('V201GK80924125I204E820', 'SH201I8H092RAM412I520486A5', 1, 2, NULL, NULL, NULL, NULL, 8, 1, 2, 9000, 1, 8, 1, '2018-09-24 12:52:04', 1, 0, NULL),
	('V2BV01902L141443QCGA051K39Z9', 'SHF20181X1AT01Y093212U1Z272O', 3100000, 100000000, NULL, NULL, NULL, NULL, 3, 3, 100, 12500, 1, 3, 1000000, '2019-02-14 14:43:05', 1, 0, NULL),
	('V2F01905091500VY53E144H6', 'SH2I0X1Q9050YU2X10241GL2771', 1, 5, NULL, NULL, NULL, NULL, 8, 1, 5, 3000, 1, 0, 0, '2019-05-09 15:00:53', 1, 0, NULL),
	('V2Z01904T0414334P9I885FOF', 'SH2T01F90W4041GPRK4G334Q91329', 10, 100, NULL, NULL, NULL, NULL, 8, 10, 100, 3500, 1, 8, 1, '2019-04-04 14:33:49', 1, 0, NULL),
	('VE2018L112AK81VG04R510A11N57', 'SH2N01TVS8112IVD8104510649C', 1, 500, NULL, NULL, NULL, NULL, 8, 1, 500, 9000, 1, 8, 1, '2018-11-28 10:45:10', 1, 0, NULL),
	('VM20N1809D2P4150EMI62N2E710', 'SH201EL80924150D622978X', 21, 50, NULL, NULL, NULL, NULL, 8, 21, 50, 2200, 1, 8, 1, '2018-09-24 15:06:22', 1, 0, NULL),
	('W2019022V012D204010H9G8', 'SH2019022012U204013Z9G1', 1000000, 50000000, NULL, NULL, NULL, NULL, 3, 1, 50, 100000, 1, 3, 1000000, '2019-02-20 12:20:40', 1, 0, NULL),
	('W2U0DS18112704UL0L915X14G33F', 'SH20181127H04J09GGG15K1183MZ', 1000000, 50000000, NULL, NULL, NULL, NULL, 3, 1, 50, 220000, 1, 3, 1000000, '2018-11-27 04:09:15', 1, 0, NULL),
	('W2ZH0AWB180C924151Q2Z221029', 'SHF20180PO924151D22211XK13V', 51, 100, NULL, NULL, NULL, NULL, 8, 51, 100, 3500, 1, 8, 1, '2018-09-24 15:12:22', 1, 0, NULL),
	('WN2L018EO1115N0451M261579DXJ', 'SH20Z1811150CQ4Y512E6R856', 1, 100, NULL, NULL, NULL, NULL, 8, 1, 100, 1000, 1, 8, 1, '2018-11-15 04:51:26', 1, 0, NULL),
	('WRW201BAO81030111AQ8001415', 'SHCX2018L10301118001398', 21000000, 50000000, NULL, NULL, NULL, NULL, 3, 21, 50, 60000, 1, 3, 1000000, '2018-10-30 11:18:00', 1, 0, NULL),
	('X20A1AB811010X9O15471232LW', 'SH201G81H1W0J1091X547W15LZ91PB', 6, 100, NULL, NULL, NULL, NULL, 8, 6, 100, 15000, 1, 8, 1, '2018-11-01 09:15:47', 1, 0, NULL),
	('X20BWR1812X0Z709262K113E46', 'SH2018120EO7092SL62190T6', 100, 50000, NULL, NULL, NULL, NULL, 2, 1, 500, 100, 1, 2, 100, '2018-12-07 09:26:21', 1, 0, NULL),
	('X2E0181Y0291Z45DU01P01289', 'SH2U018LU1029XYWK14501Y01K230', 11, 100, NULL, NULL, NULL, NULL, 8, 11, 100, 7000, 1, 8, 1, '2018-10-29 14:50:10', 1, 0, NULL),
	('Y2018G11K061721327J09', 'SHVDG2R0181K1M0211WS4822149S7', 1000000, 50000000, NULL, NULL, NULL, NULL, 3, 1, 50, 55000, 0, 3, 0, '2018-11-06 17:21:32', 1, 1, 1),
	('YE20G19040RR8115C923J9J1CJ9', 'SH201P90408Z11N59231E1XAE16', 1, 10, NULL, NULL, NULL, NULL, 8, 1, 10, 4000, 1, 8, 1, '2019-04-08 11:59:23', 1, 0, NULL),
	('YJX20181D030R1617H11773TW', 'SH2C018U1030161711K814', 1, 100, NULL, NULL, NULL, NULL, 8, 1, 100, 4500, 1, 8, 1, '2018-10-30 16:17:11', 1, 0, NULL),
	('Z201902X1HB61444R161190O', 'SHWG2019021N6IS093H648V992', 1, 4, NULL, NULL, NULL, NULL, 8, 1, 4, 9000, 1, 8, 1, '2019-02-16 14:44:16', 1, 1, 1),
	('Z201904G0410I04B3667AN1SY', 'SH20190EJ4WX04100436J654N', 10, 100, NULL, NULL, NULL, NULL, 8, 10, 100, 5500, 1, 8, 1, '2019-04-04 10:04:36', 1, 0, NULL),
	('Z201RR81I02611163M9E1Z259', 'SH20T1810O26E1B1GQZL16K391326', 1, 500, NULL, NULL, NULL, NULL, 8, 1, 500, 1200, 1, 8, 1, '2018-10-26 11:16:39', 1, 0, NULL),
	('Z201Y809U241540136DAR53', 'SHGC2O01E809F241540131196P', 6, 20, NULL, NULL, NULL, NULL, 8, 6, 20, 8000, 1, 8, 1, '2018-09-24 15:40:13', 1, 0, NULL),
	('ZI2018T0O92X41533281D372', 'SH201I80924J1C5AX33OTO28V8M73', 11, 50, NULL, NULL, NULL, NULL, 8, 11, 50, 3500, 1, 8, 1, '2018-09-24 15:33:28', 1, 0, NULL);
/*!40000 ALTER TABLE `setting_harga_detail` ENABLE KEYS */;

-- Dumping structure for table webapp_ci_printing.setting_promo
CREATE TABLE IF NOT EXISTS `setting_promo` (
  `id_setting_promo` int(11) NOT NULL AUTO_INCREMENT,
  `id_produk` varchar(50) NOT NULL,
  `tgl_awal` date NOT NULL,
  `tgl_akhir` date NOT NULL,
  `created_on` datetime NOT NULL,
  `created_by` int(11) NOT NULL,
  `modified_on` timestamp NOT NULL DEFAULT CURRENT_TIMESTAMP ON UPDATE CURRENT_TIMESTAMP,
  `modified_by` int(11) NOT NULL,
  `deleted` tinyint(1) NOT NULL DEFAULT '0',
  `deleted_by` int(11) NOT NULL,
  PRIMARY KEY (`id_setting_promo`)
) ENGINE=InnoDB AUTO_INCREMENT=59 DEFAULT CHARSET=latin1;

-- Dumping data for table webapp_ci_printing.setting_promo: ~58 rows (approximately)
/*!40000 ALTER TABLE `setting_promo` DISABLE KEYS */;
INSERT INTO `setting_promo` (`id_setting_promo`, `id_produk`, `tgl_awal`, `tgl_akhir`, `created_on`, `created_by`, `modified_on`, `modified_by`, `deleted`, `deleted_by`) VALUES
	(1, 'Pfsh-HQ201811V02102957121C7', '2018-11-01', '0000-00-00', '2018-11-02 11:41:25', 1, '2018-11-02 04:41:25', 0, 0, 0),
	(2, 'Pfsh-HQ201811V02102957121C7', '2018-11-01', '2018-12-31', '2018-11-02 11:42:28', 1, '2018-11-02 04:42:28', 0, 0, 0),
	(3, 'Pfsh-HQ201811V02102957121C7', '2018-11-01', '2018-12-31', '2018-11-02 11:45:14', 1, '2018-11-02 04:45:14', 0, 0, 0),
	(4, 'Pfsh-20180730114244H509', '0000-00-00', '0000-00-00', '2019-02-14 14:55:18', 28, '2019-02-14 07:55:18', 0, 0, 0),
	(5, 'Pfsh-20180730113705U502', '2019-02-14', '2019-02-28', '2019-02-14 14:58:16', 28, '2019-02-14 07:58:58', 0, 1, 28),
	(6, 'Pfsh-20L1Y9X01Q161123501281', '2019-02-03', '0000-00-00', '2019-02-14 15:10:37', 1, '2019-02-14 08:10:37', 0, 0, 0),
	(7, 'Pfsh-2Z01B90EE1051BZ03I9R441209', '2019-02-01', '2035-09-09', '2019-02-14 15:12:32', 1, '2019-02-14 08:12:32', 0, 0, 0),
	(8, 'Pfsh-20L1Y9X01Q161123501281', '2019-02-01', '2019-03-31', '2019-02-14 15:34:50', 1, '2019-02-14 08:34:50', 0, 0, 0),
	(9, 'Pfsh-20L1Y9X01Q161123501281', '2019-02-01', '2019-03-31', '2019-02-14 15:34:51', 1, '2019-02-14 08:34:51', 0, 0, 0),
	(10, 'Pfsh-20L1Y9X01Q161123501281', '2019-02-14', '2019-03-31', '2019-02-14 15:36:34', 28, '2019-02-14 08:46:59', 0, 0, 0),
	(11, 'Pfsh-2Z01B90EE1051BZ03I9R441209', '2019-02-14', '2019-03-31', '2019-02-14 15:37:16', 1, '2019-02-14 08:37:16', 0, 0, 0),
	(12, 'Pfsh-20180730114545U548', '2019-02-01', '2019-03-31', '2019-02-16 09:36:12', 1, '2019-02-16 02:36:12', 0, 0, 0),
	(13, 'Pfsh-20180730114545U548', '2019-02-16', '2019-03-31', '2019-02-16 09:37:48', 1, '2019-02-16 02:37:48', 0, 0, 0),
	(14, 'Pfsh-20L1Y9X01Q161123501281', '2019-02-16', '2019-03-31', '2019-02-16 09:38:04', 1, '2019-02-16 02:38:04', 0, 0, 0),
	(15, 'Pfsh-2Z01B90EE1051BZ03I9R441209', '2019-02-16', '2019-03-31', '2019-02-16 09:38:23', 1, '2019-02-16 02:38:23', 0, 0, 0),
	(16, 'Pfsh-20180730141243X495', '2019-02-19', '2019-03-31', '2019-02-19 10:13:00', 1, '2019-02-19 03:13:00', 0, 0, 0),
	(17, 'Pfsh-20180730141340K464', '2019-02-19', '2019-03-31', '2019-02-19 10:13:16', 1, '2019-02-19 03:13:16', 0, 0, 0),
	(18, 'Pfsh-20180730141423P477', '2019-02-19', '2019-03-31', '2019-02-19 10:13:35', 1, '2019-02-19 03:13:35', 0, 0, 0),
	(19, 'Pfsh-20180730141504U479', '2019-02-19', '2019-03-31', '2019-02-19 10:13:55', 1, '2019-02-19 03:13:55', 0, 0, 0),
	(20, 'Pfsh-201TI9AP0D2Q1MP91V02009100D1', '2019-02-19', '2019-03-31', '2019-02-19 16:21:05', 1, '2019-02-19 09:21:05', 0, 0, 0),
	(21, 'Pfsh-K2W019021G917T2J41Z61313T', '2019-02-19', '2019-03-31', '2019-02-19 17:33:54', 1, '2019-02-19 10:33:54', 0, 0, 0),
	(22, 'Pfsh-20190L2191731H4T1T961', '2019-02-19', '2019-03-31', '2019-02-19 17:34:29', 1, '2019-02-19 10:34:29', 0, 0, 0),
	(23, 'Pfsh-20W19X0S2E1A91O726386Z6PT0', '2019-02-19', '2019-03-31', '2019-02-19 17:34:49', 1, '2019-02-19 10:34:49', 0, 0, 0),
	(24, 'Pfsh-20180730141504U479', '2019-04-01', '2019-04-30', '2019-04-01 10:16:38', 1, '2019-04-01 03:16:38', 0, 0, 0),
	(25, 'Pfsh-20180730141423P477', '2019-04-01', '2019-04-30', '2019-04-01 10:17:03', 1, '2019-04-01 03:17:03', 0, 0, 0),
	(26, 'Pfsh-2P018110B1091123X715B', '2019-04-02', '2019-04-30', '2019-04-02 09:21:13', 1, '2019-04-02 02:41:05', 0, 1, 1),
	(27, 'Pfsh-20180730114244H509', '2019-04-02', '2019-04-30', '2019-04-02 09:21:38', 1, '2019-04-02 02:21:38', 0, 0, 0),
	(28, 'Pfsh-20180730114545U548', '2019-04-02', '2019-04-30', '2019-04-02 09:21:50', 1, '2019-04-02 02:21:50', 0, 0, 0),
	(29, 'Pfsh-20180730114734Y457', '2019-04-02', '2019-04-30', '2019-04-02 09:22:05', 1, '2019-04-02 02:22:05', 0, 0, 0),
	(30, 'Pfsh-20180730113705U502', '2019-04-02', '2019-04-30', '2019-04-02 09:41:18', 1, '2019-04-02 02:41:18', 0, 0, 0),
	(31, 'Pfsh-2P018110B1091123X715B', '2019-04-02', '2019-04-30', '2019-04-02 09:48:42', 1, '2019-04-04 11:32:59', 0, 1, 1),
	(32, 'Pfsh-20180730141243X495', '2019-04-02', '2019-04-30', '2019-04-02 13:10:47', 1, '2019-04-02 06:10:47', 0, 0, 0),
	(33, 'Pfsh-20180730141340K464', '2019-04-02', '2019-04-30', '2019-04-02 13:10:58', 1, '2019-04-02 06:10:58', 0, 0, 0),
	(34, 'Pfsh-20180730141423P477', '2019-04-02', '2019-04-30', '2019-04-02 13:11:09', 1, '2019-04-02 06:11:09', 0, 0, 0),
	(35, 'Pfsh-20180730141504U479', '2019-04-02', '2019-04-30', '2019-04-02 13:11:19', 1, '2019-04-02 06:11:19', 0, 0, 0),
	(36, 'Pfsh-20190L2191731H4T1T961', '2019-04-02', '2019-04-30', '2019-04-02 13:11:32', 1, '2019-04-02 06:11:32', 0, 0, 0),
	(37, 'Pfsh-201TI9AP0D2Q1MP91V02009100D1', '2019-04-02', '2019-04-30', '2019-04-02 13:11:49', 1, '2019-04-02 06:11:49', 0, 0, 0),
	(38, 'Pfsh-20W19X0S2E1A91O726386Z6PT0', '2019-04-02', '2019-04-30', '2019-04-02 13:12:06', 1, '2019-04-02 06:12:32', 0, 1, 1),
	(39, 'Pfsh-20W19X0S2E1A91O726386Z6PT0', '2019-04-02', '2019-04-30', '2019-04-02 13:12:19', 1, '2019-04-02 06:12:19', 0, 0, 0),
	(40, 'Pfsh-K2W019021G917T2J41Z61313T', '2019-04-02', '2019-04-30', '2019-04-02 13:12:50', 1, '2019-04-02 06:12:50', 0, 0, 0),
	(41, 'Pfsh-20180730114545U548', '2019-04-04', '2019-04-30', '2019-04-04 10:02:16', 1, '2019-04-04 03:02:16', 0, 0, 0),
	(42, 'Pfsh-20180730114050I504', '2019-04-04', '2019-04-30', '2019-04-04 15:07:40', 1, '2019-04-04 08:07:40', 0, 0, 0),
	(43, 'Pfsh-20180730114635Z457', '2019-04-04', '2019-04-30', '2019-04-04 15:19:48', 1, '2019-04-04 08:19:48', 0, 0, 0),
	(44, 'Pfsh-20180730114847G542', '2019-04-05', '2019-04-30', '2019-04-05 09:51:19', 1, '2019-04-05 02:51:19', 0, 0, 0),
	(45, 'Pfsh-20180730113050Z526', '2019-05-02', '2019-05-31', '2019-05-02 10:22:43', 1, '2019-05-02 03:22:43', 0, 0, 0),
	(46, 'Pfsh-20180730113705U502', '2019-05-08', '2019-05-18', '2019-05-08 15:53:23', 1, '2019-05-08 08:53:23', 0, 0, 0),
	(47, 'Pfsh-20180730113141V469', '2019-05-09', '2019-05-18', '2019-05-09 10:35:40', 1, '2019-05-09 03:35:40', 0, 0, 0),
	(48, 'Pfsh-20180730113846L493', '2019-05-10', '2019-05-18', '2019-05-10 14:05:24', 1, '2019-05-10 07:05:24', 0, 0, 0),
	(49, 'Pfsh-20180730113050Z526', '2019-05-18', '2019-05-31', '2019-05-18 16:42:05', 1, '2019-05-18 09:42:05', 0, 0, 0),
	(50, 'Pfsh-20180730113259F468', '2019-05-18', '2019-05-31', '2019-05-18 16:42:18', 1, '2019-05-18 09:42:18', 0, 0, 0),
	(51, 'Pfsh-20180730113705U502', '2019-05-18', '2019-05-31', '2019-05-18 16:42:29', 1, '2019-05-18 09:42:29', 0, 0, 0),
	(52, 'Pfsh-20180730114050I504', '2019-05-18', '2019-05-31', '2019-05-18 16:42:38', 1, '2019-05-18 09:42:38', 0, 0, 0),
	(53, 'Pfsh-20180730113846L493', '2019-05-18', '2019-05-31', '2019-05-18 16:42:49', 1, '2019-05-18 09:42:49', 0, 0, 0),
	(54, 'Pfsh-20180730114202L487', '2019-05-18', '2019-05-31', '2019-05-18 16:42:58', 1, '2019-05-18 09:42:58', 0, 0, 0),
	(55, 'Pfsh-20180730113050Z526', '2019-05-23', '2019-05-31', '2019-05-23 14:46:45', 1, '2019-05-23 07:46:45', 0, 0, 0),
	(56, 'Pfsh-20180730113141V469', '2019-05-23', '2019-05-31', '2019-05-23 14:47:04', 1, '2019-05-23 07:47:04', 0, 0, 0),
	(57, 'Pfsh-20180730113218H499', '2019-05-23', '2019-05-31', '2019-05-23 14:47:17', 1, '2019-05-23 07:47:17', 0, 0, 0),
	(58, 'Pfsh-20180730113259F468', '2019-05-23', '2019-05-31', '2019-05-23 14:47:25', 1, '2019-05-23 07:47:25', 0, 0, 0);
/*!40000 ALTER TABLE `setting_promo` ENABLE KEYS */;

-- Dumping structure for table webapp_ci_printing.setting_upload_file
CREATE TABLE IF NOT EXISTS `setting_upload_file` (
  `idsetting_upload_file` tinyint(1) NOT NULL COMMENT 'Default 1',
  `st_target_server` tinyint(1) DEFAULT '1' COMMENT 'Server Offline / Server OnlineOffline = 0 Online = 1',
  `url` varchar(255) DEFAULT NULL,
  `host` varchar(225) DEFAULT NULL,
  `port` varchar(45) DEFAULT NULL,
  `username` varchar(50) DEFAULT NULL,
  `password` varchar(50) DEFAULT NULL,
  `target_path_upload` varchar(255) DEFAULT NULL,
  `created_on` datetime DEFAULT NULL,
  `created_by` bigint(20) DEFAULT NULL,
  `deleted` tinyint(1) DEFAULT '0',
  `deleted_by` bigint(20) DEFAULT NULL,
  PRIMARY KEY (`idsetting_upload_file`)
) ENGINE=InnoDB DEFAULT CHARSET=latin1 COMMENT='Table Setting Upload File';

-- Dumping data for table webapp_ci_printing.setting_upload_file: ~0 rows (approximately)
/*!40000 ALTER TABLE `setting_upload_file` DISABLE KEYS */;
INSERT INTO `setting_upload_file` (`idsetting_upload_file`, `st_target_server`, `url`, `host`, `port`, `username`, `password`, `target_path_upload`, `created_on`, `created_by`, `deleted`, `deleted_by`) VALUES
	(1, 0, 'http://localhost/dplocal_mass01', 'http://ec2-13-250-35-17.ap-southeast-1.compute.amazonaws.com', '1021', 'cokeshome', 'c0k35h0m3', '/digital-printing/upload', NULL, NULL, 0, NULL);
/*!40000 ALTER TABLE `setting_upload_file` ENABLE KEYS */;

-- Dumping structure for table webapp_ci_printing.setting_urgent
CREATE TABLE IF NOT EXISTS `setting_urgent` (
  `idsetting_urgent` int(11) NOT NULL AUTO_INCREMENT,
  `durasi_awal` float DEFAULT NULL,
  `durasi_akhir` float DEFAULT NULL,
  `persen_harga` float DEFAULT NULL,
  `created_on` datetime DEFAULT NULL,
  `created_by` int(11) DEFAULT NULL,
  `modified_on` datetime DEFAULT NULL,
  `modified_by` int(11) DEFAULT NULL,
  `deleted` tinyint(1) DEFAULT '0',
  `deleted_by` int(11) DEFAULT NULL,
  PRIMARY KEY (`idsetting_urgent`)
) ENGINE=InnoDB AUTO_INCREMENT=2 DEFAULT CHARSET=latin1;

-- Dumping data for table webapp_ci_printing.setting_urgent: ~0 rows (approximately)
/*!40000 ALTER TABLE `setting_urgent` DISABLE KEYS */;
INSERT INTO `setting_urgent` (`idsetting_urgent`, `durasi_awal`, `durasi_akhir`, `persen_harga`, `created_on`, `created_by`, `modified_on`, `modified_by`, `deleted`, `deleted_by`) VALUES
	(1, 1, 2, 100, '2019-07-05 09:33:23', 1, NULL, NULL, 0, NULL);
/*!40000 ALTER TABLE `setting_urgent` ENABLE KEYS */;

-- Dumping structure for table webapp_ci_printing.spk
CREATE TABLE IF NOT EXISTS `spk` (
  `idspk` varchar(100) NOT NULL,
  `id_worksheet` int(11) NOT NULL,
  `id_order` varchar(45) DEFAULT NULL,
  `id_detail_produk_order` varchar(50) NOT NULL,
  `jml_cetak` int(11) DEFAULT NULL,
  `id_konversi_jml_cetak` int(11) DEFAULT NULL,
  `st_ambil` tinyint(1) DEFAULT '0' COMMENT '0 = belum diambil\n1 = sudah diambil',
  `waktu_ambil` timestamp NULL DEFAULT NULL,
  `id_user` int(11) NOT NULL COMMENT 'id user yang mengambil pekerjaan',
  `st_produksi` tinyint(1) DEFAULT '0' COMMENT '0: belum diproduksi\n1: sudah ada yg diproduksi(1 atau lebih)',
  `st_selesai` tinyint(1) DEFAULT '0',
  `waktu_selesai` varchar(45) DEFAULT NULL,
  `st_ref` tinyint(1) DEFAULT NULL COMMENT 'tabel referensi SPK\n0: table m_order_produk_detail\n1: table validsai PO',
  `kode_universal` varchar(100) DEFAULT NULL COMMENT 'kode utama untuk reverensi saat ada pendeletan dan pengeditan SPK',
  `st_revisi` tinyint(1) DEFAULT NULL COMMENT '0: SPK Normal\n1: SPK Revisi',
  `created_on` datetime DEFAULT NULL,
  `created_by` int(11) DEFAULT NULL,
  `deleted` tinyint(4) DEFAULT '0',
  `deleted_by` int(11) DEFAULT NULL,
  PRIMARY KEY (`idspk`)
) ENGINE=InnoDB DEFAULT CHARSET=latin1 COMMENT='Untuk menampung data SPK yang sudah disetujui';

-- Dumping data for table webapp_ci_printing.spk: ~8 rows (approximately)
/*!40000 ALTER TABLE `spk` DISABLE KEYS */;
INSERT INTO `spk` (`idspk`, `id_worksheet`, `id_order`, `id_detail_produk_order`, `jml_cetak`, `id_konversi_jml_cetak`, `st_ambil`, `waktu_ambil`, `id_user`, `st_produksi`, `st_selesai`, `waktu_selesai`, `st_ref`, `kode_universal`, `st_revisi`, `created_on`, `created_by`, `deleted`, `deleted_by`) VALUES
	('spk2019070C209143145JP2', 1, 'S20190B7Z0O20M91F40753L4P', 'DETO2XW019070ZVZR2091S4A07Z237', 10, 8, 1, '2019-07-02 02:38:19', 1, 1, 1, NULL, 0, 'DETO2XW019070ZVZR2091S4A07Z237', 0, '2019-07-02 09:14:31', 1, 0, NULL),
	('spk2019121418O165D3C1002P', 1, 'B201O91214VTD18F155E0737', 'DETOE201T91214181550109P4B', 12, 8, 1, '2019-12-16 22:03:54', 1, 1, 1, NULL, 0, 'DETOE201T91214181550109P4B', 0, '2019-12-14 18:16:53', 1, 0, NULL),
	('spk201AYBZV907GI0109L2854499', 3, '2019070A1092JI30X9826', 'DETOX20CFU19070109ET28M545V1P9', 200, 8, 1, '2019-07-01 02:41:01', 1, 1, 1, NULL, 0, 'DETOESC20Y1D90J701092309584', 1, '2019-07-01 09:28:54', NULL, 0, NULL),
	('spk201F907B02093331238', 3, 'S20190B7Z0O20M91F40753L4P', 'DETOX201907Z02093B3XI311RU0B45', 12, 8, 1, '2019-09-16 03:47:39', 1, 1, 1, NULL, 0, 'DETOX201907Z02093B3XI311RU0B45', 0, '2019-07-02 09:33:31', NULL, 0, NULL),
	('spk2021011008F18271032H', 1, '2B021Z0A1100817425H18S', 'DETO20G2XZ1011W0S0B81742629', 20, 8, 1, '2021-01-10 08:18:36', 1, 1, 1, NULL, 0, 'DETO20G2XZ1011W0S0B81742629', 0, '2021-01-10 08:18:27', 1, 0, NULL),
	('spk20L190702093D443J6I3I6', 1, 'S20190B7Z0O20M91F40753L4P', 'DETOK20T190O702093443742', 12, 8, 1, '2019-07-02 02:38:19', 1, 1, 1, NULL, 0, 'DETOK20T190O702093443742', 0, '2019-07-02 09:34:43', NULL, 0, NULL),
	('spk2F0UP19A07V0109262373BH6', 3, '2019070A1092JI30X9826', 'DETOESC20Y1D90J701092309584', 120, 8, 0, NULL, 0, 0, 0, NULL, 0, 'DETOESC20Y1D90J701092309584', 0, '2019-07-01 09:26:23', 1, 1, NULL),
	('spkMI20210F10T80011321W004', 3, '2J020Z03HW031Q1WYK05381J507', 'DETOX202003B0U31F1WV1B2S3A998V6', 2, 8, 1, '2021-01-08 00:12:29', 1, 1, 1, NULL, 0, 'DETO20200303110D53AT81324', 0, '2021-01-08 00:11:32', 1, 0, NULL);
/*!40000 ALTER TABLE `spk` ENABLE KEYS */;

-- Dumping structure for table webapp_ci_printing.spk_detail_a3
CREATE TABLE IF NOT EXISTS `spk_detail_a3` (
  `id_spk_detail_a3` varchar(100) NOT NULL,
  `idspk` varchar(100) DEFAULT NULL,
  `page` int(11) DEFAULT NULL,
  `jml_print` int(11) DEFAULT NULL,
  `created_on` datetime DEFAULT NULL,
  `created_by` int(11) DEFAULT NULL,
  `deleted` tinyint(4) DEFAULT '0',
  `deleted_by` int(11) DEFAULT NULL,
  PRIMARY KEY (`id_spk_detail_a3`)
) ENGINE=InnoDB DEFAULT CHARSET=latin1;

-- Dumping data for table webapp_ci_printing.spk_detail_a3: ~0 rows (approximately)
/*!40000 ALTER TABLE `spk_detail_a3` DISABLE KEYS */;
/*!40000 ALTER TABLE `spk_detail_a3` ENABLE KEYS */;

-- Dumping structure for table webapp_ci_printing.stok
CREATE TABLE IF NOT EXISTS `stok` (
  `id_stok` varchar(50) NOT NULL,
  `id_gudang` int(11) NOT NULL,
  `no_faktur` varchar(50) DEFAULT NULL,
  `id_barang` varchar(50) DEFAULT NULL,
  `stok_datang` double DEFAULT NULL,
  `luas_datang` double DEFAULT NULL COMMENT 'luas bahan baku, untuk gudang Produksi.\n\nSatuan otomatis , menggunakan satuan panjang mm.\n\nLuas awal ketika datang.',
  `stok_update` double DEFAULT NULL,
  `luas_update` double DEFAULT NULL COMMENT 'luas bahan baku, untuk gudang Produksi.\n\nSatuan otomatis , menggunakan satuan panjang mm.\n\nLuas yang diupdate ketika terjadi pengurangan',
  `id_satuan_terkecil` int(11) DEFAULT NULL,
  `hpp` double DEFAULT NULL,
  `st_bonus` tinyint(1) DEFAULT '0' COMMENT '0 = Bukan Bonus\n1 = Bonus',
  `created_on` datetime DEFAULT NULL,
  `created_by` bigint(20) DEFAULT NULL,
  `modified_on` datetime DEFAULT NULL,
  `modified_by` bigint(20) DEFAULT NULL,
  `deleted` tinyint(1) DEFAULT '0',
  `deleted_by` bigint(20) DEFAULT NULL,
  PRIMARY KEY (`id_stok`)
) ENGINE=InnoDB DEFAULT CHARSET=utf8;

-- Dumping data for table webapp_ci_printing.stok: ~0 rows (approximately)
/*!40000 ALTER TABLE `stok` DISABLE KEYS */;
INSERT INTO `stok` (`id_stok`, `id_gudang`, `no_faktur`, `id_barang`, `stok_datang`, `luas_datang`, `stok_update`, `luas_update`, `id_satuan_terkecil`, `hpp`, `st_bonus`, `created_on`, `created_by`, `modified_on`, `modified_by`, `deleted`, `deleted_by`) VALUES
	('STKE20H21A0J11R6B21592YEF91282N', 1, 'FKB20N2101162F1562TDAOZU7820', 'BB20180730104901A482', 10, NULL, 6, NULL, 5, 0, 0, '2021-01-16 21:59:29', 1, '2021-11-10 06:36:06', 1, 0, NULL);
/*!40000 ALTER TABLE `stok` ENABLE KEYS */;

-- Dumping structure for table webapp_ci_printing.stok_opname
CREATE TABLE IF NOT EXISTS `stok_opname` (
  `id_stok_opname` varchar(50) NOT NULL,
  `id_gudang` int(11) NOT NULL,
  `pelaksanaan` date DEFAULT NULL,
  `ket` varchar(255) DEFAULT NULL,
  `is_draft` tinyint(1) DEFAULT '1',
  `created_on` datetime DEFAULT NULL,
  `created_by` bigint(20) DEFAULT NULL,
  `deleted` tinyint(1) DEFAULT '0',
  `deleted_by` bigint(20) DEFAULT NULL,
  PRIMARY KEY (`id_stok_opname`)
) ENGINE=InnoDB DEFAULT CHARSET=utf8;

-- Dumping data for table webapp_ci_printing.stok_opname: ~0 rows (approximately)
/*!40000 ALTER TABLE `stok_opname` DISABLE KEYS */;
INSERT INTO `stok_opname` (`id_stok_opname`, `id_gudang`, `pelaksanaan`, `ket`, `is_draft`, `created_on`, `created_by`, `deleted`, `deleted_by`) VALUES
	('RS2021111Q00635477M09', 1, '2021-11-11', '', 0, '2021-11-10 06:36:06', 1, 0, NULL);
/*!40000 ALTER TABLE `stok_opname` ENABLE KEYS */;

-- Dumping structure for table webapp_ci_printing.stok_opname_detail
CREATE TABLE IF NOT EXISTS `stok_opname_detail` (
  `id_detail_stok_opname` varchar(50) NOT NULL,
  `id_stok_opname` varchar(50) DEFAULT NULL,
  `id_barang` varchar(50) DEFAULT NULL,
  `stok_sistem` double NOT NULL,
  `stok_saat_ini` double DEFAULT NULL,
  `selisih` double DEFAULT NULL,
  `st_selisih` tinyint(1) DEFAULT NULL COMMENT '0 = Berkurang\n1 = Bertambah',
  `ket` text,
  PRIMARY KEY (`id_detail_stok_opname`)
) ENGINE=InnoDB DEFAULT CHARSET=utf8;

-- Dumping data for table webapp_ci_printing.stok_opname_detail: ~0 rows (approximately)
/*!40000 ALTER TABLE `stok_opname_detail` DISABLE KEYS */;
INSERT INTO `stok_opname_detail` (`id_detail_stok_opname`, `id_stok_opname`, `id_barang`, `stok_sistem`, `stok_saat_ini`, `selisih`, `st_selisih`, `ket`) VALUES
	('20211B110YH063606144', 'RS2021111Q00635477M09', 'BB20180730104901A482', 10, 6, 4, 0, '');
/*!40000 ALTER TABLE `stok_opname_detail` ENABLE KEYS */;

-- Dumping structure for table webapp_ci_printing.stok_opname_detail_hpp
CREATE TABLE IF NOT EXISTS `stok_opname_detail_hpp` (
  `id_detail_stok_opname_hpp` varchar(50) NOT NULL,
  `id_stok_opname` varchar(50) DEFAULT NULL,
  `id_barang` varchar(50) DEFAULT NULL,
  `id_stok` varchar(50) DEFAULT NULL,
  `jml` double DEFAULT NULL COMMENT 'jumlah barang yang dikenai efek update pada stok',
  `hpp` double DEFAULT NULL,
  `st_stok` tinyint(1) DEFAULT NULL COMMENT '0  = Berkurang\n1  = Bertambah ',
  PRIMARY KEY (`id_detail_stok_opname_hpp`)
) ENGINE=InnoDB DEFAULT CHARSET=utf8;

-- Dumping data for table webapp_ci_printing.stok_opname_detail_hpp: ~0 rows (approximately)
/*!40000 ALTER TABLE `stok_opname_detail_hpp` DISABLE KEYS */;
INSERT INTO `stok_opname_detail_hpp` (`id_detail_stok_opname_hpp`, `id_stok_opname`, `id_barang`, `id_stok`, `jml`, `hpp`, `st_stok`) VALUES
	('2N02111100636061U043', 'RS2021111Q00635477M09', 'BB20180730104901A482', 'STKE20H21A0J11R6B21592YEF91282N', 4, 0, 0);
/*!40000 ALTER TABLE `stok_opname_detail_hpp` ENABLE KEYS */;

-- Dumping structure for table webapp_ci_printing.sub_transaksi
CREATE TABLE IF NOT EXISTS `sub_transaksi` (
  `idsub_transaksi` varchar(100) NOT NULL,
  `id_transaksi` varchar(100) NOT NULL,
  `no_faktur` varchar(100) DEFAULT NULL,
  `id_order` varchar(45) DEFAULT NULL,
  `lama_tempo` int(11) DEFAULT NULL COMMENT 'dalam hitungan hari',
  `tgl_tempo` date DEFAULT NULL COMMENT 'tanggal jatuh tempo',
  `total` double DEFAULT NULL,
  `diskon` float DEFAULT NULL,
  `potongan` double DEFAULT NULL,
  `pajak` float DEFAULT NULL,
  `grand_total` double DEFAULT NULL,
  `st_metode_bayar` tinyint(1) DEFAULT NULL COMMENT '0 = dibayar dimuka, cash\n1 = DP sisanya dibayar setelah jadi\n2 = Tempo Dengan DP\n3 = Tempo Tanpa DP\n4 = Dibayar setelah jadi',
  `bayar` double DEFAULT NULL,
  `st_lunas` tinyint(1) DEFAULT '0' COMMENT '0 = belum lunas\n1 = lunas',
  `created_on` datetime NOT NULL,
  `created_by` int(11) NOT NULL,
  `deleted` tinyint(4) NOT NULL DEFAULT '0',
  `deleted_by` int(11) NOT NULL,
  PRIMARY KEY (`idsub_transaksi`)
) ENGINE=InnoDB DEFAULT CHARSET=latin1;

-- Dumping data for table webapp_ci_printing.sub_transaksi: ~0 rows (approximately)
/*!40000 ALTER TABLE `sub_transaksi` DISABLE KEYS */;
/*!40000 ALTER TABLE `sub_transaksi` ENABLE KEYS */;

-- Dumping structure for table webapp_ci_printing.sub_transaksi_detail
CREATE TABLE IF NOT EXISTS `sub_transaksi_detail` (
  `idsub_transaksi_detail` varchar(100) NOT NULL,
  `idsub_transaksi` varchar(100) NOT NULL,
  `id_detail_produk_order` varchar(50) NOT NULL,
  `biaya_cetak` double DEFAULT NULL COMMENT 'total dari order\n',
  `biaya_finishing` double DEFAULT NULL COMMENT 'total dari order\n',
  `diskon` float DEFAULT NULL,
  `potongan` double DEFAULT NULL,
  `subtotal` double DEFAULT NULL,
  `created_on` datetime DEFAULT NULL,
  `created_by` int(11) DEFAULT NULL,
  `deleted` tinyint(4) DEFAULT '0',
  `deleted_by` int(11) DEFAULT NULL,
  PRIMARY KEY (`idsub_transaksi_detail`)
) ENGINE=InnoDB DEFAULT CHARSET=latin1;

-- Dumping data for table webapp_ci_printing.sub_transaksi_detail: ~0 rows (approximately)
/*!40000 ALTER TABLE `sub_transaksi_detail` DISABLE KEYS */;
/*!40000 ALTER TABLE `sub_transaksi_detail` ENABLE KEYS */;

-- Dumping structure for table webapp_ci_printing.supplier
CREATE TABLE IF NOT EXISTS `supplier` (
  `idsupplier` varchar(50) NOT NULL COMMENT 'Primary Key',
  `nm_supplier` varchar(255) DEFAULT NULL COMMENT 'Nama Supplier',
  `ket` varchar(255) DEFAULT NULL COMMENT 'Keterangan',
  `alamat` varchar(255) DEFAULT NULL COMMENT 'Alamat Supplier',
  `kota` varchar(45) DEFAULT NULL COMMENT 'Kota Supplier',
  `telp` varchar(45) DEFAULT NULL COMMENT 'Nomor Telepon Supplier',
  `fax` varchar(45) DEFAULT NULL COMMENT 'Faximile Supplier',
  `wa` varchar(45) DEFAULT NULL COMMENT 'WhatsApp Supplier',
  `email` varchar(100) DEFAULT NULL COMMENT 'Email Supplier',
  `npwp_badan` varchar(100) DEFAULT NULL COMMENT 'NPWP Badan',
  `nm_npwp` varchar(255) DEFAULT NULL COMMENT 'Nama badan usaha sesuai npwp badan',
  `alamat_npwp` varchar(255) DEFAULT NULL COMMENT 'Alamat usaha sesuai npwp badan',
  `created_on` datetime DEFAULT NULL,
  `created_by` bigint(20) DEFAULT NULL,
  `deleted` tinyint(1) DEFAULT '0',
  `deleted_by` bigint(20) DEFAULT NULL,
  PRIMARY KEY (`idsupplier`)
) ENGINE=InnoDB DEFAULT CHARSET=latin1 COMMENT='Table Data Supplier';

-- Dumping data for table webapp_ci_printing.supplier: ~0 rows (approximately)
/*!40000 ALTER TABLE `supplier` DISABLE KEYS */;
INSERT INTO `supplier` (`idsupplier`, `nm_supplier`, `ket`, `alamat`, `kota`, `telp`, `fax`, `wa`, `email`, `npwp_badan`, `nm_npwp`, `alamat_npwp`, `created_on`, `created_by`, `deleted`, `deleted_by`) VALUES
	('spl20210116L2158N041017', 'Afrizal', '', 'Malang', 'Malang', '081335616375', '-', '081335616375', 'afrizalwibisono681@gmail.com', '787878', 'dekky', 'semarang', '2021-01-16 21:58:04', 1, 0, NULL);
/*!40000 ALTER TABLE `supplier` ENABLE KEYS */;

-- Dumping structure for table webapp_ci_printing.tmp_produksi
CREATE TABLE IF NOT EXISTS `tmp_produksi` (
  `idtmp_produksi` varchar(100) NOT NULL,
  `idspk` varchar(100) DEFAULT NULL,
  `id_transaksi` varchar(100) DEFAULT NULL,
  `id_order` varchar(100) DEFAULT NULL,
  `id_detail_order` varchar(100) DEFAULT NULL,
  `created_on` datetime DEFAULT NULL,
  `created_by` int(11) DEFAULT NULL,
  `deleted` tinyint(1) DEFAULT '0',
  `deleted_by` int(11) DEFAULT NULL,
  PRIMARY KEY (`idtmp_produksi`)
) ENGINE=InnoDB DEFAULT CHARSET=latin1;

-- Dumping data for table webapp_ci_printing.tmp_produksi: ~7 rows (approximately)
/*!40000 ALTER TABLE `tmp_produksi` DISABLE KEYS */;
INSERT INTO `tmp_produksi` (`idtmp_produksi`, `idspk`, `id_transaksi`, `id_order`, `id_detail_order`, `created_on`, `created_by`, `deleted`, `deleted_by`) VALUES
	('TMPP2019B070X2D09381959U4', 'spk2019070C209143145JP2', '2019V0G702091430812', 'S20190B7Z0O20M91F40753L4P', 'DETO2XW019070ZVZR2091S4A07Z237', '2019-07-02 09:38:19', 1, 0, NULL),
	('TMPP20E1MJ907020938K19540E', 'spk20L190702093D443J6I3I6', '2019V0G702091430812', 'S20190B7Z0O20M91F40753L4P', 'DETOK20T190O702093443742', '2019-07-02 09:38:19', 1, 0, NULL),
	('TMPP20G210110W08N18361Y335', 'spk2021011008F18271032H', '202I101D1ZAF00818C2U7894BL', '2B021Z0A1100817425H18S', 'DETO20G2XZ1011W0S0B81742629', '2021-01-10 08:18:36', 1, 0, NULL),
	('TMPP2I0190YH9Y1603Q4739126QJ5', 'spk201F907B02093331238', '2019V0G702091430812', 'S20190B7Z0O20M91F40753L4P', 'DETOX201907Z02093B3XI311RU0B45', '2019-09-16 03:47:39', 1, 0, NULL),
	('TMPP2KVQ01907CC0109G410U13R69', 'spk201AYBZV907GI0109L2854499', '20190HK7E010934144J77B', '2019070A1092JI30X9826', 'DETOX20CFU19070109ET28M545V1P9', '2019-07-01 09:41:01', 1, 0, NULL),
	('TMPP2S0210IKA108001P2PI291286T', 'spkMI20210F10T80011321W004', 'R2XZ0H210N1080H01132QI116Q0', '2J020Z03HW031Q1WYK05381J507', 'DETOX202003B0U31F1WV1B2S3A998V6', '2021-01-08 00:12:29', 1, 0, NULL),
	('TMPPP2N01I9IP1H2X1IG6220354402', 'spk2019121418O165D3C1002P', '2O01U9BS1214181653871', 'B201O91214VTD18F155E0737', 'DETOE201T91214181550109P4B', '2019-12-16 22:03:54', 1, 0, NULL);
/*!40000 ALTER TABLE `tmp_produksi` ENABLE KEYS */;

-- Dumping structure for table webapp_ci_printing.tmp_produksi_detail
CREATE TABLE IF NOT EXISTS `tmp_produksi_detail` (
  `idtmp_produksi_detail` varchar(100) NOT NULL,
  `idtmp_produksi` varchar(100) DEFAULT NULL,
  `idbarang_bb` varchar(50) DEFAULT NULL,
  `qty` double DEFAULT NULL,
  `id_konversi` int(11) DEFAULT NULL,
  `tipe` tinyint(1) DEFAULT '0' COMMENT '0: bahan baku penyusuk produk\n1: bahan baku penyusun finishing',
  `created_on` datetime DEFAULT NULL,
  `created_by` int(11) DEFAULT NULL,
  PRIMARY KEY (`idtmp_produksi_detail`)
) ENGINE=InnoDB DEFAULT CHARSET=latin1;

-- Dumping data for table webapp_ci_printing.tmp_produksi_detail: ~12 rows (approximately)
/*!40000 ALTER TABLE `tmp_produksi_detail` DISABLE KEYS */;
INSERT INTO `tmp_produksi_detail` (`idtmp_produksi_detail`, `idtmp_produksi`, `idbarang_bb`, `qty`, `id_konversi`, `tipe`, `created_on`, `created_by`) VALUES
	('DTMP20190702Z0938M197J9WY0', 'TMPP20E1MJ907020938K19540E', '1', 12, 1, 0, '2019-07-02 09:38:19', 1),
	('DTMP201907T0209R3WYR819AS9P02', 'TMPP2019B070X2D09381959U4', 'BB20180730100759G547', 10, 1, 0, '2019-07-02 09:38:19', 1),
	('DTMP201912WX162NF20E354H5YS6MD5', 'TMPPP2N01I9IP1H2X1IG6220354402', '1', 24, 1, 0, '2019-12-16 22:03:54', 1),
	('DTMP2019W07D010T94102821', 'TMPP2KVQ01907CC0109G410U13R69', 'BB20180730103406B508', 685052224, 5, 0, '2019-07-01 09:41:02', 1),
	('DTMP201A909160347P3993B1J', 'TMPP2I0190YH9Y1603Q4739126QJ5', 'BB20180730103024J483', 12000, 5, 0, '2019-09-16 03:47:39', 1),
	('DTMP20210A10D8JI0012Y29554RX', 'TMPP2S0210IKA108001P2PI291286T', 'BB20180730103406B508', 4000000, 5, 0, '2021-01-08 00:12:29', 1),
	('DTMP2021E01100818361087E', 'TMPP20G210110W08N18361Y335', '2', 20, 1, 0, '2021-01-10 08:18:36', 1),
	('DTMP20R1909B16034739882', 'TMPP2I0190YH9Y1603Q4739126QJ5', 'BB20180730103024J483', 41103133.44, 5, 0, '2019-09-16 03:47:39', 1),
	('DTMP20UFA210VC11008J18NYOI361111', 'TMPP20G210110W08N18361Y335', 'BB20180730100759G547', 20, 1, 0, '2021-01-10 08:18:36', 1),
	('DTMP2OI01LO9DX1216V220O3541G107N', 'TMPPP2N01I9IP1H2X1IG6220354402', 'BB20180730100759G547', 12, 1, 0, '2019-12-16 22:03:54', 1),
	('DTMPB201V9L07020GF938VT19X9X07', 'TMPP20E1MJ907020938K19540E', 'BB20180730100845V507', 12, 1, 0, '2019-07-02 09:38:19', 1),
	('DTMPC20J1907P020QL9X3KE8192N12', 'TMPP2019B070X2D09381959U4', '2', 20, 1, 0, '2019-07-02 09:38:19', 1);
/*!40000 ALTER TABLE `tmp_produksi_detail` ENABLE KEYS */;

-- Dumping structure for table webapp_ci_printing.transaksi
CREATE TABLE IF NOT EXISTS `transaksi` (
  `id_transaksi` varchar(100) NOT NULL,
  `waktu` datetime DEFAULT NULL,
  `no_faktur` varchar(100) DEFAULT NULL,
  `st_kasir` tinyint(1) DEFAULT '1' COMMENT 'lokasi transaksi.\n1 = transaksi di kasir\n0 = accounting',
  `st_trans_master` tinyint(1) DEFAULT '1' COMMENT '0 = transaksi revisi\n1 = transaksi master, sebagai sumber referensi',
  `st_ref` tinyint(1) DEFAULT '0' COMMENT '0 = Transaksi tidak / belum direferensi transaksi lain\n1 = Transaksi direferensi oleh transaksi lain. Hanya berlaku untuk Transaksi Master\n\nJika 1, maka transaksi tidak dijadikan laporan / rekap Transaksi.',
  `id_trans_ref_by` varchar(100) DEFAULT NULL COMMENT 'idtransaksi yang mereferensi',
  `id_trans_ref_asli` varchar(100) DEFAULT NULL COMMENT 'idtransaksi master yang direferensi / transaksi masternya',
  `id_order` varchar(45) DEFAULT NULL,
  `lama_tempo` int(11) DEFAULT NULL COMMENT 'dalam hitungan hari',
  `tgl_tempo` date DEFAULT NULL COMMENT 'tanggal jatuh tempo',
  `total` double DEFAULT NULL,
  `diskon` float DEFAULT NULL,
  `potongan` double DEFAULT NULL,
  `pajak` float DEFAULT NULL,
  `grand_total` double DEFAULT NULL,
  `st_metode_bayar` tinyint(1) DEFAULT NULL COMMENT '0 = dibayar dimuka, cash\n1 = DP sisanya dibayar setelah jadi\n2 = Tempo Dengan DP\n3 = Tempo Tanpa DP\n4 = Dibayar setelah jadi',
  `nilai_dp` double DEFAULT NULL COMMENT 'nilai DP yang akan dibayarkan.\nagar bisa muncul kembalian.\n\nBerlaku hanya untuk Kasir',
  `bayar` double DEFAULT NULL COMMENT 'nilai yang dibayarkan saat itu',
  `bayar2` double DEFAULT '0' COMMENT 'untuk bayar yang ke2, atau pelunasan.\nBerlaku untuk kasir biasa.',
  `kurang_bayar` double DEFAULT NULL COMMENT 'kekurangan yang harus dibayarkan.\n\nGrandtotal - nilai_dp',
  `lebih_bayar` double DEFAULT NULL COMMENT 'kembalian\n\nsifatnya temporary',
  `st_produksi` tinyint(1) DEFAULT '0' COMMENT '0 = tunda\n1 = masuk produksi',
  `st_lunas` tinyint(1) DEFAULT '0' COMMENT '0 = belum lunas\n1 = lunas',
  `st_sub_nota` tinyint(1) DEFAULT '0' COMMENT '0 = nota utama\n1 = sub nota',
  `ket` text COMMENT 'keterangan ',
  `st_history` tinyint(1) DEFAULT '0' COMMENT 'Hanya berlaku untuk Nota yang ordernya direvisi / bukan nota master\n\n0 = tampil\n1 = dihistorykan.\n\njika 1 maka data seperti didelete, sebagai history pelunasan untuk Nota yang ordernya direverensi.',
  `created_on` datetime NOT NULL,
  `created_by` int(11) NOT NULL,
  `deleted` tinyint(4) NOT NULL DEFAULT '0',
  `deleted_by` int(11) NOT NULL,
  PRIMARY KEY (`id_transaksi`)
) ENGINE=InnoDB DEFAULT CHARSET=latin1;

-- Dumping data for table webapp_ci_printing.transaksi: ~10 rows (approximately)
/*!40000 ALTER TABLE `transaksi` DISABLE KEYS */;
INSERT INTO `transaksi` (`id_transaksi`, `waktu`, `no_faktur`, `st_kasir`, `st_trans_master`, `st_ref`, `id_trans_ref_by`, `id_trans_ref_asli`, `id_order`, `lama_tempo`, `tgl_tempo`, `total`, `diskon`, `potongan`, `pajak`, `grand_total`, `st_metode_bayar`, `nilai_dp`, `bayar`, `bayar2`, `kurang_bayar`, `lebih_bayar`, `st_produksi`, `st_lunas`, `st_sub_nota`, `ket`, `st_history`, `created_on`, `created_by`, `deleted`, `deleted_by`) VALUES
	('20190HK7E010934144J77B', '2019-07-01 09:34:14', 'VLB/2019/07/01-00002', 1, 0, 0, NULL, '2019FZ07B01092623X605', '2019070A1092JI30X9826', 1, '2019-07-01', 5405507, 0, 0, NULL, 5405600, 4, 0, 0, 0, 0, 0, 1, 0, 0, NULL, 1, '2019-07-01 09:34:14', 1, 0, 0),
	('2019FZ07B01092623X605', '2019-07-01 09:26:23', 'VLB/2019/07/01-00001', 1, 1, 1, NULL, '2019FZ07B01092623X605', '2019070A1092JI30X9826', 1, '2019-07-01', 5343407, 0, 0, NULL, 5343500, 4, 0, 0, 0, 5343500, 0, 1, 0, 0, NULL, 1, '2019-07-01 09:26:23', 1, 0, 0),
	('2019V0G702091430812', '2019-07-02 09:14:30', 'VLB/2019/07/02-00001', 1, 1, 1, NULL, '2019V0G702091430812', 'S20190B7Z0O20M91F40753L4P', 1, '2019-07-02', 23000, 0, 0, NULL, 23000, 4, 0, 0, 0, 23000, 0, 1, 0, 0, NULL, 1, '2019-07-02 09:14:30', 1, 0, 0),
	('201C908190V639J3795X8', '2019-08-19 06:39:37', 'VLB/2019/08/19-00001', 1, 0, 0, NULL, '2019V0G702091430812', 'S20190B7Z0O20M91F40753L4P', 1, '2019-07-02', 3244144, 0, 0, NULL, 3244200, 4, 0, 0, 0, 0, 0, 1, 0, 0, NULL, 0, '2019-08-19 06:39:37', 1, 0, 0),
	('202I101D1ZAF00818C2U7894BL', '2021-01-10 08:18:27', 'VLB/2021/01/10-00001', 1, 1, 0, NULL, '202I101D1ZAF00818C2U7894BL', '2B021Z0A1100817425H18S', 1, '2021-01-10', 30000, 0, 0, NULL, 30000, 0, 0, 0, 0, 0, 0, 1, 1, 0, NULL, 0, '2021-01-10 08:18:27', 1, 0, 0),
	('20Q19E0P7M011642X34469', '2019-07-01 16:42:34', 'VLB/2019/07/01-00003', 1, 0, 0, NULL, '2019FZ07B01092623X605', '2019070A1092JI30X9826', 1, '2019-07-01', 5405507, 0, 0, NULL, 5405600, 4, 0, 0, 0, 0, 0, 1, 0, 0, NULL, 1, '2019-07-01 16:42:34', 1, 0, 0),
	('20Q19KX070209C34K0Z57H4NH0', '2019-07-02 09:34:05', 'VLB/2019/07/02-00002', 1, 0, 0, NULL, '2019V0G702091430812', 'S20190B7Z0O20M91F40753L4P', 1, '2019-07-02', 3215344, 0, 0, NULL, 3215400, 4, 0, 0, 0, 0, 0, 1, 0, 0, NULL, 1, '2019-07-02 09:34:05', 1, 0, 0),
	('2D019070BP20IQ93N6C599L65', '2019-07-02 09:36:59', 'VLB/2019/07/02-00003', 1, 0, 0, NULL, '2019FZ07B01092623X605', '2019070A1092JI30X9826', 1, '2019-07-01', 5545507, 0, 0, NULL, 5545600, 4, 0, 0, 5545600, 0, 0, 1, 1, 0, NULL, 0, '2019-07-02 09:36:59', 1, 0, 0),
	('2O01U9BS1214181653871', '2019-12-14 18:16:53', 'VLB/2019/12/14-00001', 1, 1, 0, NULL, '2O01U9BS1214181653871', 'B201O91214VTD18F155E0737', 0, NULL, 60000, 0, 0, NULL, 60000, 0, 0, 100000, 0, 0, 40000, 1, 1, 0, NULL, 0, '2019-12-14 18:16:53', 1, 0, 0),
	('R2XZ0H210N1080H01132QI116Q0', '2021-01-08 00:11:32', 'VLB/2021/01/08-00001', 1, 1, 0, NULL, 'R2XZ0H210N1080H01132QI116Q0', '2J020Z03HW031Q1WYK05381J507', 0, NULL, 127000, 0, 0, NULL, 127000, 0, 0, 127000, 0, 0, 0, 1, 1, 0, NULL, 0, '2021-01-08 00:11:32', 1, 0, 0);
/*!40000 ALTER TABLE `transaksi` ENABLE KEYS */;

-- Dumping structure for table webapp_ci_printing.transaksi_detail
CREATE TABLE IF NOT EXISTS `transaksi_detail` (
  `id_transaksi_detail` varchar(100) NOT NULL,
  `id_transaksi` varchar(100) NOT NULL,
  `id_detail_produk_order` varchar(50) NOT NULL,
  `harga_by_satuan` double DEFAULT NULL COMMENT 'harga sudah dibagi berdasarkan qty_by. dan ditambahkan kenaikan %',
  `satuan_harga_by` int(11) DEFAULT NULL COMMENT 'satuan yang dipakai untuk acuan harga\n',
  `pot_kecil` double DEFAULT NULL COMMENT 'potongan untuk harga terkecil\n satuan disesuaikan dengan satuan harga',
  `potongan` double DEFAULT NULL COMMENT 'total potongan untuk biaya cetak',
  `diskon` float DEFAULT NULL,
  `biaya_cetak` double DEFAULT NULL COMMENT 'total dari order\n\nBiaya yang tampil sudah termasuk potongan.\n\nJadi yang dikenakan potongan adalah biaya cetaknya.',
  `biaya_design` double DEFAULT '0',
  `biaya_finishing` double DEFAULT NULL COMMENT 'total dari order\n',
  `subtotal` double DEFAULT NULL,
  `st_ubahan` tinyint(1) DEFAULT '0' COMMENT 'status apakah detail ini terjadi ubahan / tidak sama dengan yang sudah dibuat saat order',
  `created_on` datetime DEFAULT NULL,
  `created_by` int(11) DEFAULT NULL,
  `deleted` tinyint(4) DEFAULT '0',
  `deleted_by` int(11) DEFAULT NULL,
  PRIMARY KEY (`id_transaksi_detail`)
) ENGINE=InnoDB DEFAULT CHARSET=latin1;

-- Dumping data for table webapp_ci_printing.transaksi_detail: ~20 rows (approximately)
/*!40000 ALTER TABLE `transaksi_detail` DISABLE KEYS */;
INSERT INTO `transaksi_detail` (`id_transaksi_detail`, `id_transaksi`, `id_detail_produk_order`, `harga_by_satuan`, `satuan_harga_by`, `pot_kecil`, `potongan`, `diskon`, `biaya_cetak`, `biaya_design`, `biaya_finishing`, `subtotal`, `st_ubahan`, `created_on`, `created_by`, `deleted`, `deleted_by`) VALUES
	('2019070209RQ3V659A8E59', '2D019070BP20IQ93N6C599L65', 'DETOFP20KT190J7X01K2E00919Q65T0', 2700, 8, 0, 0, 0, 62100, 0, 0, 62100, 0, '2019-07-02 09:36:59', 1, 0, NULL),
	('201907P01164234511V', '20Q19E0P7M011642X34469', 'DETO2019070EN1093P8I31790', 2700, 8, 0, 0, 0, 62100, 0, 0, 62100, 0, '2019-07-01 16:42:34', 1, 0, NULL),
	('2019081906I39373MTO87LV', '201C908190V639J3795X8', 'DETOK20T190O702093443742', 2400, 8, 0, 0, 0, 28800, 0, 0, 28800, 0, '2019-08-19 06:39:37', 1, 0, NULL),
	('20190M70O209S34GO053G1T3P', '20Q19KX070209C34K0Z57H4NH0', 'DETO2XW019070ZVZR2091S4A07Z237', 2300, 8, 0, 0, 0, 23000, 0, 0, 23000, 0, '2019-07-02 09:34:05', 1, 0, NULL),
	('20190O701164F234388', '20Q19E0P7M011642X34469', 'DETOX20CFU19070109ET28M545V1P9', 13000, 3, 0, 0, 0, 5343407.347200001, 0, 0, 5343407.3472, 0, '2019-07-01 16:42:34', 1, 0, NULL),
	('20190SE702093659R5S2U9', '2D019070BP20IQ93N6C599L65', 'DETO201907HT0116443110Q50', 5000, 8, 0, 0, 0, 105000, 0, 0, 105000, 0, '2019-07-02 09:36:59', 1, 0, NULL),
	('2019EA0V70W2091430662', '2019V0G702091430812', 'DETO2XW019070ZVZR2091S4A07Z237', 2300, 8, 0, 0, 0, 23000, 0, 0, 23000, 0, '2019-07-02 09:14:31', 1, 0, NULL),
	('201LL90R70O2093T40Q5234', '20Q19KX070209C34K0Z57H4NH0', 'DETO201907X0NE2ZW09UGJ18296H51E', 34000, 3, 0, 0, 0, 2329177.5616, 0, 0, 2329177.5616, 0, '2019-07-02 09:34:05', 1, 0, NULL),
	('20R1907020I93Y659810', '2D019070BP20IQ93N6C599L65', 'DETOX20CFU19070109ET28M545V1P9', 13000, 3, 0, 0, 0, 5343407.347200001, 0, 0, 5343407.3472, 0, '2019-07-02 09:36:59', 1, 0, NULL),
	('20U21J011008G182753R3', '202I101D1ZAF00818C2U7894BL', 'DETO20G2XZ1011W0S0B81742629', 1500, 8, 0, 0, 0, 30000, 0, 0, 30000, 0, '2021-01-10 08:18:27', 1, 0, NULL),
	('2W01A90KC70QZ1PM09341J41114', '20190HK7E010934144J77B', 'DETO20FHCRL19Q0701Q0930T2667B2', 2700, 8, 0, 0, 0, 62100, 0, 0, 62100, 0, '2019-07-01 09:34:15', 1, 0, NULL),
	('2XY0YO190819U063XI93792WY8Z', '201C908190V639J3795X8', 'DETOX201907Z02093B3XI311RU0B45', 21000, 3, 0, 0, 0, 863165.80224, 0, 0, 863165.80224, 0, '2019-08-19 06:39:37', 1, 0, NULL),
	('2Y019121418165P3947', '2O01U9BS1214181653871', 'DETOE201T91214181550109P4B', 5000, 8, 0, 0, 0, 60000, 0, 0, 60000, 0, '2019-12-14 18:16:53', 1, 0, NULL),
	('G2V0XJ19M070109U26235YDK57', '2019FZ07B01092623X605', 'DETOESC20Y1D90J701092309584', 13000, 3, 0, 0, 0, 5343407.347200001, 0, 0, 5343407.3472, 0, '2019-07-01 09:26:23', 1, 0, NULL),
	('GP20190JH702Q0F93405410', '20Q19KX070209C34K0Z57H4NH0', 'DETOX201907Z02093B3XI311RU0B45', 21000, 3, 0, 0, 0, 863165.80224, 0, 0, 863165.80224, 0, '2019-07-02 09:34:05', 1, 0, NULL),
	('T20210H1H08001132872', 'R2XZ0H210N1080H01132QI116Q0', 'DETOX202003B0U31F1WV1B2S3A998V6', 28000, 3, 0, 0, 0, 112000, 15000, 0, 127000, 0, '2021-01-08 00:11:32', 1, 0, NULL),
	('TX2019L0H7010934158N79', '20190HK7E010934144J77B', 'DETOX20CFU19070109ET28M545V1P9', 13000, 3, 0, 0, 0, 5343407.347200001, 0, 0, 5343407.3472, 0, '2019-07-01 09:34:15', 1, 0, NULL),
	('U20190819063937B674', '201C908190V639J3795X8', 'DETO201907X0NE2ZW09UGJ18296H51E', 34000, 3, 0, 0, 0, 2329177.5616, 0, 0, 2329177.5616, 0, '2019-08-19 06:39:37', 1, 0, NULL),
	('V2019081A906KP39375RW11', '201C908190V639J3795X8', 'DETO2XW019070ZVZR2091S4A07Z237', 2300, 8, 0, 0, 0, 23000, 0, 0, 23000, 0, '2019-08-19 06:39:37', 1, 0, NULL),
	('V201U90V702A0R93S659363', '2D019070BP20IQ93N6C599L65', 'DETO2O0190701165O5T55148', 35000, 3, 0, 0, 0, 35000, 0, 0, 35000, 0, '2019-07-02 09:36:59', 1, 0, NULL);
/*!40000 ALTER TABLE `transaksi_detail` ENABLE KEYS */;

-- Dumping structure for table webapp_ci_printing.users
CREATE TABLE IF NOT EXISTS `users` (
  `id_user` int(11) NOT NULL AUTO_INCREMENT,
  `username` varchar(45) DEFAULT NULL,
  `password` varchar(100) DEFAULT NULL,
  `email` varchar(100) DEFAULT NULL,
  `nm_lengkap` varchar(100) DEFAULT NULL,
  `alamat` varchar(255) DEFAULT NULL,
  `kota` varchar(45) DEFAULT NULL,
  `hp` varchar(20) DEFAULT NULL,
  `ip` varchar(45) DEFAULT NULL,
  `login_terakhir` datetime DEFAULT NULL,
  `st_aktif` tinyint(1) DEFAULT '1' COMMENT '0 = Tidak Aktif\n1 = Aktif',
  `photo` varchar(255) DEFAULT NULL,
  `reset_password_token` varchar(50) DEFAULT NULL,
  `valid_reset` datetime DEFAULT NULL,
  `oauth_provider` varchar(255) DEFAULT NULL,
  `oauth_uid` varchar(255) DEFAULT NULL,
  `picture_url` varchar(255) DEFAULT NULL,
  `profile_url` varchar(255) DEFAULT NULL,
  `gender` varchar(10) DEFAULT NULL,
  `locale` varchar(10) DEFAULT NULL,
  `created_on` datetime DEFAULT NULL,
  `modified_on` datetime DEFAULT NULL,
  `deleted` tinyint(1) DEFAULT '0',
  PRIMARY KEY (`id_user`)
) ENGINE=InnoDB AUTO_INCREMENT=38 DEFAULT CHARSET=latin1;

-- Dumping data for table webapp_ci_printing.users: ~26 rows (approximately)
/*!40000 ALTER TABLE `users` DISABLE KEYS */;
INSERT INTO `users` (`id_user`, `username`, `password`, `email`, `nm_lengkap`, `alamat`, `kota`, `hp`, `ip`, `login_terakhir`, `st_aktif`, `photo`, `reset_password_token`, `valid_reset`, `oauth_provider`, `oauth_uid`, `picture_url`, `profile_url`, `gender`, `locale`, `created_on`, `modified_on`, `deleted`) VALUES
	(1, 'admin', '$2y$09$S8jeJkF.7jnSFVyoRRnqtOWBCUXGcdNqjWBGMxuALTNnycJDbJEYW', 'suwito.lt+1@gmail.com', 'Administrator', 'Jl. Ngesrep Barat III', 'Semarang', '085726815115', '127.0.0.1', '2021-11-12 10:54:15', 1, 'avatar.jpg', NULL, NULL, NULL, NULL, NULL, NULL, NULL, NULL, '2016-09-28 05:47:57', '2021-11-12 10:54:15', 0),
	(12, 'inafitriana', '$2y$10$JnQNIeYLaefrlN//MaK3huiVyGdC6lxLCGaj0Rmw/X1bCaiclDYae', 'inavano88@gmail.com', 'Ina ', NULL, NULL, '085641679016', '182.253.8.64', '2018-11-15 10:25:04', 1, NULL, NULL, NULL, NULL, NULL, NULL, NULL, NULL, NULL, '2018-07-30 16:31:57', '2018-11-21 01:59:06', 1),
	(13, 'naim', '$2y$10$1uHM4wfGeO.JYa3.WMipzu0Zp5DsANVyVjYsoC6xaiHZQ7bdduuyS', 'naimastro25@gmail.com', 'Muhammad Yusuf Abunaim', NULL, NULL, '081228408689', '182.253.62.101', '2019-05-30 12:22:59', 1, NULL, NULL, NULL, NULL, NULL, NULL, NULL, NULL, NULL, '2018-07-31 10:18:48', '2019-05-30 12:22:59', 1),
	(14, 'wahyu', '$2y$10$VtG5CidAokSqnQWWsJLPTeP1/EcsggnIjd70yZpCIrY0qufMcLb5e', 'utomow754@gmail.com', 'Tri Wahyu Utomo', NULL, NULL, '089666932727', '182.253.62.101', '2019-05-30 08:26:14', 1, NULL, NULL, NULL, NULL, NULL, NULL, NULL, NULL, NULL, '2018-07-31 10:59:37', '2019-05-30 08:26:14', 1),
	(15, 'finishing', '$2y$10$GP8L5CzYJ04g3mEQ8NKtP.R/Y7qzKmdMAS1lagB4DSoP9gZ4Ir3hC', 'dikarobi@gmail.com', 'Dika Robiyantoro', NULL, NULL, '089655581089', '182.253.62.72', '2019-03-25 17:36:59', 1, NULL, NULL, NULL, NULL, NULL, NULL, NULL, NULL, NULL, '2018-07-31 11:03:48', '2019-03-25 17:36:59', 1),
	(16, 'operator', '$2y$10$do.NpQrWFPhhAMFPI4qTO.8XueAQtzNyrJZY1sZHn0TL9QmB/GvIO', 'anisa.ms30@yahoo.com', 'Anisa MS', NULL, NULL, '085786413831', '182.253.90.32', '2020-03-03 11:23:00', 1, NULL, NULL, NULL, NULL, NULL, NULL, NULL, NULL, NULL, '2018-07-31 16:23:23', '2020-03-03 11:23:00', 1),
	(17, 'dita', '$2y$10$13g9CTm7QRITJu9rTlJovODgPnSh2OyR4rJ.r.EXs/lNlP32qtrVG', 'ditaojolali@gmail.com', 'Dwita Larasati', NULL, NULL, '0895411677422', '182.253.62.101', '2019-05-27 12:38:42', 1, NULL, NULL, NULL, NULL, NULL, NULL, NULL, NULL, NULL, '2018-07-31 16:48:00', '2019-05-27 12:38:42', 1),
	(18, 'nunung', '$2y$10$eQ34wd2aeMJugH7TvhPwC.IdI2gOh0R3sQaf30HWS.u82XZn/dcfK', 'noor121onk@gmail.com', 'Noor Khasanah', NULL, NULL, '087708557346', '114.125.100.16', '2020-09-05 18:25:08', 1, NULL, NULL, NULL, NULL, NULL, NULL, NULL, NULL, NULL, '2018-07-31 16:52:19', '2020-09-05 18:25:08', 1),
	(19, 'kris', '$2y$10$zWkS4P6qyPJm4txNWhUdIe1WiCfNoZD10si27vd/nw9.RdFnOOCP.', 'nananini645@gmail.com', 'Krisna Aprilia', NULL, NULL, '085640891942', '182.253.62.101', '2019-05-30 08:39:21', 1, NULL, NULL, NULL, NULL, NULL, NULL, NULL, NULL, NULL, '2018-07-31 16:54:30', '2019-05-30 08:39:21', 1),
	(20, 'tika', '$2y$10$0p7WJLPnuF9r1qTWCVGAhOkKfuyPBMH7H7Xjndvkf2bN3ic2s7Xoe', 'artnotonlytoday@icloud.com', 'Kartika Noor Wahyu N.', NULL, NULL, '081935155340', '182.253.62.101', '2019-05-30 08:19:56', 1, NULL, NULL, NULL, NULL, NULL, NULL, NULL, NULL, NULL, '2018-07-31 16:56:46', '2019-05-30 08:19:56', 1),
	(21, 'design', '$2y$10$wefYW0gV1o/KwJE5fUPHmevumMukx6Ip7d6jzvWn3h72TS8noxAuy', 'anggasetyadg@icloud.com', 'Angga Setya N.', NULL, NULL, '085800554664', '182.253.90.32', '2020-03-03 11:16:11', 1, NULL, NULL, NULL, NULL, NULL, NULL, NULL, NULL, NULL, '2018-07-31 16:58:28', '2020-03-03 11:16:11', 1),
	(22, 'kholiq', '$2y$10$syrQxJ94W8Ho4ZGki5YPL.PltodUSvs/soq42BVW7Zp074I5Fe4W2', 'muhammadabdulkholiq28@gmail.com', 'Muhammad Abdul Kholiq', NULL, NULL, '085740224351', '182.253.8.9', NULL, 1, NULL, NULL, NULL, NULL, NULL, NULL, NULL, NULL, NULL, '2018-07-31 17:04:16', '2018-07-31 17:07:27', 1),
	(23, 'ali', '$2y$10$TEmwD7QjuS88ZfVGlXvD2.IYf.XHSymk.x5oNPrr2QnTT7wrAl.Em', 'aly.mahmud123@gmail.com', 'Ali Mahmudi', NULL, NULL, '085801794505', '182.253.8.9', NULL, 1, NULL, NULL, NULL, NULL, NULL, NULL, NULL, NULL, NULL, '2018-07-31 17:06:10', '2018-07-31 17:06:31', 1),
	(24, 'iwan', '$2y$10$GtgEpLle4cbVoTzycpOXPuYTCjXuwuAMNaRybdel1z4442mT7U96e', 'nurulihwan38@gmail.com', 'Nurul Ihwan', NULL, NULL, '089668816217', '182.253.8.168', '2018-10-29 12:10:51', 1, NULL, NULL, NULL, NULL, NULL, NULL, NULL, NULL, NULL, '2018-10-29 11:33:13', '2018-10-29 12:10:51', 1),
	(25, 'dini', '$2y$10$MUbwOjZpJn2hBoS22dt6/OyX8x28JSq0xi9D/hJoFMt.xIUwrIZAC', 'nalitahandini@gmail.com', 'Nalita Handini', NULL, NULL, '058728769649', '182.253.62.101', '2019-05-30 08:34:22', 1, NULL, NULL, NULL, NULL, NULL, NULL, NULL, NULL, NULL, '2018-10-29 11:39:56', '2019-05-30 08:34:22', 1),
	(26, 'nanung', '$2y$10$nVfoGe/nMrBgmgYRhBBqYuVWT5F3sw5MaSuYaCqn6DERG18sWePcm', 'nanungarif96@gmail.com', 'Nanung Arif', NULL, NULL, '0895391197699', '182.253.62.101', '2019-05-30 11:49:14', 1, NULL, NULL, NULL, NULL, NULL, NULL, NULL, NULL, NULL, '2018-10-29 11:46:59', '2019-05-30 11:49:14', 1),
	(27, 'pakiwan', '$2y$10$yvT4Z0msy6suy5zswkXxfO2hB558O/jjq8Cn8Fp7cSQSRcsQrpJWC', 'martosukerto01@gmail.com', 'Nurul Ihwan', NULL, NULL, '089668816217', '182.253.62.101', '2019-05-30 13:19:25', 1, NULL, NULL, NULL, NULL, NULL, NULL, NULL, NULL, NULL, '2018-10-29 12:13:57', '2019-05-30 13:19:25', 1),
	(28, 'Yonatan', '$2y$10$qutd..y4UOzqxSWahqlOEuWZ.VNfcKWyXZqvUWEB4KzM6472cELN6', 'yonatansusanto@gmail.com', 'Yonatan', NULL, NULL, '081283286007', '36.65.216.93', '2019-05-28 20:18:08', 1, NULL, NULL, NULL, NULL, NULL, NULL, NULL, NULL, NULL, '2018-11-12 04:49:03', '2019-05-28 20:18:08', 1),
	(29, 'Lia', '$2y$10$CTFZmCTHsKo8cjKhj220TOGOjD3Ir3E2o9DzOn60zOgpiKE06oMre', 'liasuruji@gmail.com', 'Lia', NULL, NULL, '081283286007', '182.0.230.186', '2019-01-10 14:47:37', 1, NULL, NULL, NULL, NULL, NULL, NULL, NULL, NULL, NULL, '2019-01-10 14:41:10', '2019-01-10 14:47:37', 1),
	(30, 'administrator', '$2y$09$qPUvxDTf95l9/9pNlIpgy.E3rCGUfKEMx6RGsdQh/PCFqyEYmWQhm', 'dekky_prasetyo@yahoo.co.id', NULL, NULL, NULL, NULL, '::1', '2021-11-11 06:08:37', 1, NULL, NULL, NULL, NULL, NULL, NULL, NULL, NULL, NULL, '2019-01-10 15:50:00', '2021-11-11 06:09:38', 0),
	(31, 'silfi', '$2y$10$hYzERG228iv0M6RTM3iyuur7l5vuVrp24RfwPb1kgHWpoMePjvjl2', 'silfi@gmail.com', 'Silfi', NULL, NULL, '081315769575', '36.65.153.49', '2019-04-01 08:55:59', 1, NULL, NULL, NULL, NULL, NULL, NULL, NULL, NULL, NULL, '2019-01-11 10:31:50', '2019-04-01 08:55:59', 1),
	(32, 'Outdoor', '$2y$10$jqcOlCuHvvBkofQvIvRFhulTBdJDynGwJcnEstDJXI4ZJkn2dwxUa', 'valibriprint@gmail.com', 'Outdoor', NULL, NULL, '082220588501', '182.253.62.101', '2019-05-24 11:02:04', 1, NULL, NULL, NULL, NULL, NULL, NULL, NULL, NULL, NULL, '2019-02-06 19:22:38', '2019-05-24 11:02:04', 1),
	(33, 'Filia', '$2y$10$2tYbOcmhB/.ue16LuR4rf.KTLfd8.HLDkLL8z6cYcUwMoewLiTU7y', 'filia96.kudus@gmail.com', 'Filia', NULL, NULL, '085740543506', '182.253.62.101', '2019-05-30 11:14:30', 1, NULL, NULL, NULL, NULL, NULL, NULL, NULL, NULL, NULL, '2019-02-09 13:05:39', '2019-05-30 11:14:30', 1),
	(34, 'users', '$2y$10$GKqQd0t2Ess/yXm3isk9Tu6m9F9x2bedPoemZ5TWdMQP8RBeuxhbO', 'nurdinalifadis@gmail.com', 'Adi', NULL, NULL, '085875639509', '182.253.90.38', '2020-01-18 14:50:09', 1, NULL, NULL, NULL, NULL, NULL, NULL, NULL, NULL, NULL, '2019-02-18 11:01:11', '2020-01-18 14:50:09', 1),
	(35, 'kasir', '$2y$10$S6ZkvdqOT8mewIakfgQW4ujHV7gk0qxSWfucUMRuS0wvNe5uob0C2', 'valibri45@gmail.com', NULL, NULL, NULL, NULL, '127.0.0.1', '2021-11-11 00:44:21', 1, NULL, NULL, NULL, NULL, NULL, NULL, NULL, NULL, NULL, '2019-05-21 18:49:34', '2021-11-11 00:44:21', 0),
	(36, 'desainer', '$2y$10$oEzIFLP2mZZ7vldBz8f2uOr66cUdYRunwela52/euEN16y/pZvBoy', 'asd@a.com', NULL, NULL, NULL, NULL, '127.0.0.1', '2021-11-11 00:37:53', 1, NULL, NULL, NULL, NULL, NULL, NULL, NULL, NULL, NULL, '2021-01-08 00:20:45', '2021-11-11 00:37:53', 0),
	(37, 'operator1', '$2y$09$Yiu1b71yX5Cy4icgbPtHCeIrijcXfqOTpgXA7yguWRKuSwd5TJlcO', 'operator@gmail.com', NULL, NULL, NULL, NULL, '127.0.0.1', '2021-11-11 06:11:22', 1, NULL, NULL, NULL, NULL, NULL, NULL, NULL, NULL, NULL, '2021-11-11 06:10:54', '2021-11-11 06:11:22', 0);
/*!40000 ALTER TABLE `users` ENABLE KEYS */;

-- Dumping structure for table webapp_ci_printing.user_cookies
CREATE TABLE IF NOT EXISTS `user_cookies` (
  `user_id` bigint(20) unsigned NOT NULL,
  `token` varchar(128) NOT NULL,
  `created_on` datetime NOT NULL,
  KEY `token` (`token`)
) ENGINE=InnoDB DEFAULT CHARSET=utf8;

-- Dumping data for table webapp_ci_printing.user_cookies: ~0 rows (approximately)
/*!40000 ALTER TABLE `user_cookies` DISABLE KEYS */;
/*!40000 ALTER TABLE `user_cookies` ENABLE KEYS */;

-- Dumping structure for table webapp_ci_printing.user_groups
CREATE TABLE IF NOT EXISTS `user_groups` (
  `id_user` int(11) NOT NULL,
  `id_group` int(11) NOT NULL,
  PRIMARY KEY (`id_user`,`id_group`)
) ENGINE=InnoDB DEFAULT CHARSET=latin1;

-- Dumping data for table webapp_ci_printing.user_groups: ~26 rows (approximately)
/*!40000 ALTER TABLE `user_groups` DISABLE KEYS */;
INSERT INTO `user_groups` (`id_user`, `id_group`) VALUES
	(1, 1),
	(12, 2),
	(13, 8),
	(14, 9),
	(15, 8),
	(16, 8),
	(17, 8),
	(18, 5),
	(19, 6),
	(20, 9),
	(21, 9),
	(22, 8),
	(23, 9),
	(24, 8),
	(25, 9),
	(26, 9),
	(27, 8),
	(28, 1),
	(29, 1),
	(30, 5),
	(31, 8),
	(32, 2),
	(33, 8),
	(34, 2),
	(35, 6),
	(36, 9),
	(37, 3);
/*!40000 ALTER TABLE `user_groups` ENABLE KEYS */;

-- Dumping structure for table webapp_ci_printing.user_permissions
CREATE TABLE IF NOT EXISTS `user_permissions` (
  `id_user` int(11) NOT NULL,
  `id_permission` int(11) NOT NULL,
  PRIMARY KEY (`id_user`,`id_permission`)
) ENGINE=InnoDB DEFAULT CHARSET=latin1;

-- Dumping data for table webapp_ci_printing.user_permissions: ~398 rows (approximately)
/*!40000 ALTER TABLE `user_permissions` DISABLE KEYS */;
INSERT INTO `user_permissions` (`id_user`, `id_permission`) VALUES
	(12, 129),
	(12, 130),
	(12, 174),
	(12, 175),
	(12, 176),
	(12, 177),
	(12, 178),
	(12, 179),
	(12, 181),
	(12, 182),
	(12, 183),
	(12, 184),
	(14, 129),
	(14, 130),
	(14, 174),
	(14, 179),
	(15, 147),
	(15, 148),
	(15, 149),
	(15, 150),
	(16, 49),
	(16, 50),
	(16, 51),
	(16, 52),
	(16, 57),
	(16, 58),
	(16, 59),
	(16, 60),
	(16, 61),
	(16, 62),
	(16, 63),
	(16, 64),
	(16, 69),
	(16, 70),
	(16, 71),
	(16, 72),
	(16, 99),
	(16, 100),
	(16, 103),
	(16, 104),
	(16, 105),
	(16, 106),
	(16, 107),
	(16, 108),
	(16, 109),
	(16, 110),
	(16, 111),
	(16, 112),
	(16, 113),
	(16, 114),
	(16, 115),
	(16, 116),
	(16, 117),
	(16, 118),
	(16, 119),
	(16, 120),
	(16, 121),
	(16, 122),
	(16, 123),
	(16, 124),
	(16, 125),
	(16, 126),
	(16, 127),
	(16, 128),
	(16, 134),
	(16, 135),
	(16, 136),
	(16, 137),
	(16, 138),
	(16, 139),
	(16, 140),
	(16, 141),
	(16, 142),
	(16, 143),
	(16, 144),
	(16, 145),
	(16, 146),
	(16, 147),
	(16, 148),
	(16, 149),
	(16, 150),
	(16, 151),
	(16, 152),
	(16, 153),
	(16, 154),
	(16, 155),
	(16, 156),
	(16, 157),
	(16, 158),
	(16, 160),
	(16, 161),
	(16, 162),
	(16, 163),
	(16, 164),
	(16, 165),
	(16, 166),
	(16, 167),
	(16, 168),
	(16, 170),
	(16, 171),
	(16, 172),
	(16, 173),
	(16, 180),
	(16, 196),
	(16, 197),
	(16, 198),
	(16, 199),
	(16, 200),
	(16, 201),
	(16, 202),
	(16, 207),
	(16, 210),
	(16, 211),
	(16, 212),
	(16, 213),
	(16, 214),
	(16, 215),
	(17, 147),
	(17, 148),
	(17, 149),
	(17, 150),
	(18, 113),
	(18, 114),
	(18, 115),
	(18, 116),
	(18, 125),
	(18, 126),
	(18, 127),
	(18, 128),
	(18, 147),
	(18, 148),
	(18, 149),
	(18, 150),
	(18, 189),
	(18, 196),
	(18, 197),
	(18, 198),
	(18, 199),
	(18, 207),
	(19, 113),
	(19, 114),
	(19, 115),
	(19, 116),
	(19, 125),
	(19, 126),
	(19, 127),
	(19, 128),
	(19, 147),
	(19, 148),
	(19, 149),
	(19, 150),
	(19, 196),
	(19, 197),
	(19, 198),
	(19, 199),
	(19, 200),
	(19, 201),
	(19, 202),
	(19, 207),
	(21, 129),
	(21, 130),
	(21, 174),
	(21, 179),
	(28, 5),
	(28, 6),
	(28, 7),
	(28, 8),
	(28, 9),
	(28, 10),
	(28, 11),
	(28, 12),
	(28, 13),
	(28, 14),
	(28, 15),
	(28, 16),
	(28, 17),
	(28, 18),
	(28, 19),
	(28, 20),
	(28, 21),
	(28, 22),
	(28, 23),
	(28, 24),
	(28, 25),
	(28, 26),
	(28, 27),
	(28, 28),
	(28, 29),
	(28, 30),
	(28, 31),
	(28, 33),
	(28, 34),
	(28, 35),
	(28, 36),
	(28, 37),
	(28, 38),
	(28, 39),
	(28, 40),
	(28, 41),
	(28, 42),
	(28, 43),
	(28, 44),
	(28, 45),
	(28, 46),
	(28, 47),
	(28, 48),
	(28, 49),
	(28, 50),
	(28, 51),
	(28, 52),
	(28, 53),
	(28, 54),
	(28, 55),
	(28, 56),
	(28, 57),
	(28, 58),
	(28, 59),
	(28, 60),
	(28, 61),
	(28, 62),
	(28, 63),
	(28, 64),
	(28, 65),
	(28, 66),
	(28, 67),
	(28, 68),
	(28, 69),
	(28, 70),
	(28, 71),
	(28, 72),
	(28, 73),
	(28, 74),
	(28, 75),
	(28, 76),
	(28, 77),
	(28, 78),
	(28, 79),
	(28, 80),
	(28, 81),
	(28, 82),
	(28, 83),
	(28, 84),
	(28, 85),
	(28, 86),
	(28, 87),
	(28, 88),
	(28, 89),
	(28, 90),
	(28, 91),
	(28, 92),
	(28, 93),
	(28, 94),
	(28, 95),
	(28, 96),
	(28, 99),
	(28, 100),
	(28, 101),
	(28, 102),
	(28, 103),
	(28, 104),
	(28, 105),
	(28, 106),
	(28, 107),
	(28, 108),
	(28, 109),
	(28, 110),
	(28, 111),
	(28, 112),
	(28, 113),
	(28, 114),
	(28, 115),
	(28, 116),
	(28, 117),
	(28, 118),
	(28, 119),
	(28, 120),
	(28, 121),
	(28, 122),
	(28, 123),
	(28, 124),
	(28, 125),
	(28, 126),
	(28, 127),
	(28, 128),
	(28, 129),
	(28, 130),
	(28, 134),
	(28, 135),
	(28, 136),
	(28, 137),
	(28, 138),
	(28, 139),
	(28, 140),
	(28, 141),
	(28, 142),
	(28, 143),
	(28, 144),
	(28, 145),
	(28, 146),
	(28, 147),
	(28, 148),
	(28, 149),
	(28, 150),
	(28, 151),
	(28, 152),
	(28, 153),
	(28, 154),
	(28, 155),
	(28, 156),
	(28, 157),
	(28, 158),
	(28, 159),
	(28, 160),
	(28, 161),
	(28, 162),
	(28, 163),
	(28, 164),
	(28, 165),
	(28, 166),
	(28, 167),
	(28, 168),
	(28, 169),
	(28, 170),
	(28, 171),
	(28, 172),
	(28, 173),
	(28, 174),
	(28, 175),
	(28, 176),
	(28, 177),
	(28, 178),
	(28, 179),
	(28, 180),
	(28, 181),
	(28, 182),
	(28, 183),
	(28, 184),
	(28, 185),
	(28, 186),
	(28, 187),
	(28, 188),
	(28, 189),
	(28, 190),
	(28, 191),
	(28, 192),
	(28, 193),
	(28, 194),
	(28, 195),
	(28, 196),
	(28, 197),
	(28, 198),
	(28, 199),
	(28, 200),
	(28, 201),
	(28, 202),
	(28, 203),
	(28, 204),
	(28, 205),
	(28, 206),
	(31, 147),
	(31, 148),
	(31, 149),
	(31, 150),
	(32, 129),
	(32, 130),
	(32, 167),
	(32, 168),
	(32, 174),
	(32, 175),
	(32, 176),
	(32, 177),
	(32, 178),
	(32, 179),
	(32, 180),
	(33, 57),
	(33, 58),
	(33, 59),
	(33, 60),
	(33, 113),
	(33, 114),
	(33, 115),
	(33, 116),
	(33, 147),
	(33, 148),
	(33, 149),
	(33, 150),
	(33, 187),
	(33, 189),
	(33, 216),
	(33, 217),
	(34, 69),
	(34, 70),
	(34, 71),
	(34, 72),
	(34, 147),
	(34, 148),
	(34, 149),
	(34, 150);
/*!40000 ALTER TABLE `user_permissions` ENABLE KEYS */;

-- Dumping structure for table webapp_ci_printing.worksheet
CREATE TABLE IF NOT EXISTS `worksheet` (
  `id_worksheet` int(11) NOT NULL AUTO_INCREMENT,
  `nm_worksheet` varchar(255) DEFAULT NULL,
  `lokasi` text,
  `ket` text,
  `st_fix` tinyint(1) DEFAULT '0' COMMENT '0 = bebas\n1 = tidak boleh dihapus',
  `created_on` datetime DEFAULT NULL,
  `created_by` bigint(20) DEFAULT NULL,
  `deleted` tinyint(1) DEFAULT '0',
  `deleted_by` bigint(20) DEFAULT NULL,
  PRIMARY KEY (`id_worksheet`)
) ENGINE=InnoDB AUTO_INCREMENT=7 DEFAULT CHARSET=latin1;

-- Dumping data for table webapp_ci_printing.worksheet: ~6 rows (approximately)
/*!40000 ALTER TABLE `worksheet` DISABLE KEYS */;
INSERT INTO `worksheet` (`id_worksheet`, `nm_worksheet`, `lokasi`, `ket`, `st_fix`, `created_on`, `created_by`, `deleted`, `deleted_by`) VALUES
	(1, 'A3', '', '', 1, NULL, NULL, 0, NULL),
	(2, 'INDOOR', '', '', 1, NULL, NULL, 0, NULL),
	(3, 'OUTDOOR', '', '', 1, NULL, NULL, 0, NULL),
	(4, 'CUTTING', '', '', 1, NULL, NULL, 0, NULL),
	(5, 'FINISHING', '', '', 1, NULL, NULL, 0, NULL),
	(6, 'Lain - lain', 'toko', '-', 0, '2019-02-18 12:04:54', 1, 0, NULL);
/*!40000 ALTER TABLE `worksheet` ENABLE KEYS */;

/*!40101 SET SQL_MODE=IFNULL(@OLD_SQL_MODE, '') */;
/*!40014 SET FOREIGN_KEY_CHECKS=IF(@OLD_FOREIGN_KEY_CHECKS IS NULL, 1, @OLD_FOREIGN_KEY_CHECKS) */;
/*!40101 SET CHARACTER_SET_CLIENT=@OLD_CHARACTER_SET_CLIENT */;
